tree
version=v4
num_class=1
num_tree_per_iteration=1
label_index=0
max_feature_idx=18
objective=lambdarank
feature_names=pagerank bc combined file_rank in_deg out_deg ppr complexity max_cc avg_cc max_depth avg_depth logical_loc bm25 bm25_rank def_match str_match nbr_bm25_max nbr_bm25_mean
feature_infos=[0:1] [0:1] [0:1] [0:1] [0:1] [0:1] [0:1] [0:1] [0:1] [0:1] [0:1] [0:1] [0:1] [0:1] [0:1] [0:1] [0:1] [0:1] [0:1]
tree_sizes=1757 1760 1759 1753 1748 1756 1747 1747 1748 1751 1756 1747 1750 1749 1744 1753 1757 1743 1752 1742 1756 1757 1751 1744 1750 1747 1763 1758 1744 1753 1759 1751 1746 1761 1759 1753 1756 1749 1753 1753 1751 1757 1752 1762 1744 1758 1754 1754 1764 1763 1752 1750 1750 1756 1762 1759 1756 1763 1760 1752 1747 1756 1763 1753 1760 1766 1758 1759 1741 1758 1752 1756 1755 1763 1749 1749 1760 1757 1760 1770 1756 1764 1766 1762 1769 1758 1760 1757 1760 1750 1755 1754 1764 1763 1762 1762 1760 1756 1754 1756 1774 1742 1764 1759 1766 1759 1753 1762 1762 1754 1757 1755 1750 1756 1768 1771 1764 1760 1766 1765 1767 1771 1746 1753 1745 1761 1754 1763 1764 1772 1769 1759 1765 1782 1762 1747 1767 1764 1758 1756 1761 1765 1761 1772 1777 1758 1768 1764 1762 1779 1749 1765 1766 1764 1759 1753 1762 1768 1769 1777 1748 1770 1771 1764 1772 1791 1765 1764 1767 1754 1768 1769 1763 1755 1749 1768 1762 1760 1763 1776 1759 1780 1763 1748 1766 1768 1747 1752 1758 1772 1746 1758 1753 1769 1758 1764 1769 1753 1756 1765 1756 1769 1762 1779 1760 1775 1763 1771 1765 1775 1770 1779 1778 1791 1763 1775 1782 1785 1767 1763 1787 1787 1769 1775 1796 1778 1771 1751 1764 1777 1751 1772 1766 1758 1765 1778 1801 1776 1788 1775 1785 1782 1770 1768 1782 1757 1754 1785 1789 1782 1785 1793 1777 1778 1778 1782 1785 1781 1800 1788 1788 1778 1798 1795 1778 1778 1765 1778 1751 1772 1782 1774 1796 1776 1767 1789 1780 1787 1778 1795 1770 1778 1756 1776 1765 1796 1769 1769 1781 1773 1776 1777 1772 1765 1759 1771 1791 1785 1791 1769

Tree=0
num_leaves=15
num_cat=0
split_feature=0 13 14 3 16 3 3 16 3 7 2 13 12 18
split_gain=792.983 87.8391 13.2028 7.1707 4.1847 3.44784 3.29004 1.99429 1.75208 1.27752 1.16439 1.06957 0.901037 0.732967
threshold=0.00026708752344280874 0.59424095043285907 0.42729023714939213 0.87191100435614555 0.30595848658409713 0.13877217553688145 0.48161665314949992 0.32040359867760443 0.64093535572408833 0.64091765473738127 0.52827795298234881 0.54566137722973085 0.087086350536840315 0.35811546620843898
decision_type=2 2 2 2 2 2 2 2 2 2 2 2 2 2
left_child=1 4 6 8 11 9 13 -6 -3 -4 -7 -1 -11 -2
right_child=2 3 5 -5 7 10 -8 -9 -10 12 -12 -13 -14 -15
leaf_value=-0.097278734209084783 0.039043965342460317 0.023492835245008802 0.05458029079226176 0.077093862563302973 0.037597964299740605 0.016227841756564752 -0.021529125699129018 -0.040441398872502081 -0.050758251817774595 -0.032425487132432686 -0.050372458143599065 -0.013693490935619307 0.02429308568932825 0.095546737740221294
leaf_weight=119.99240251728042 2.4595772132306584 0.55603733280440604 1.6854199890512966 7.6847497812705114 0.60251182317733654 0.3519183438620529 0.27435817290097375 0.67901861539576203 1.0307971120346335 0.47984788578469295 1.5180768797581548 0.73994514858350058 0.37484088528435677 116.38446567664505
leaf_count=22436 727 25 751 560 11 530 246 306 228 423 2629 243 104 7405
internal_value=0.000594094 -0.0846537 0.0911472 0.0587073 -0.095936 0.00500588 0.0942682 -0.00335331 -0.0257164 0.0372828 -0.0365516 -0.0968832 -0.00786421 0.0947129
internal_weight=254.814 131.285 123.529 9.27158 122.014 4.4101 119.118 1.28153 1.58683 2.54011 1.87 120.732 0.854689 118.844
internal_count=36624 23809 12815 813 22996 4437 8378 317 253 1278 3159 22679 527 8132
is_linear=0
shrinkage=0.05


Tree=1
num_leaves=15
num_cat=0
split_feature=14 15 12 15 5 14 11 0 17 3 6 14 0 3
split_gain=973.824 257.008 145.952 118.877 118.776 70.9478 60.6544 44.9294 41.5708 50.8928 40.503 36.1871 26.7039 39.1609
threshold=0.1267136150234742 0.38639622229716158 0.17483375076684024 0.11084761358403449 0.54692082111436957 0.052077911404542099 0.5614504174875693 0.0074639800532785095 0.84223045556927434 0.059563229265216025 3.3455769249356806e-08 0.0064309346567411095 0.018044453637778787 0.19142369319674288
decision_type=2 2 2 2 2 2 2 2 2 2 2 2 2 2
left_child=1 2 5 12 11 -1 8 -6 -5 -10 -11 -4 -2 -14
right_child=3 -3 4 6 7 -7 -8 -9 9 10 -12 -13 13 -15
leaf_value=0.068669147496465119 -0.089901890854672192 0.084745570947673626 0.022023085576234048 -0.08149998017959896 -0.086268358617008864 -0.0016204234505666161 0.076122275987915086 0.048014502052562788 -0.091263769364772818 -0.085118875839655828 0.046846045184421523 -0.087648537604122057 -0.072682400738676767 -0.0068559319598974159
leaf_weight=101.21343821194023 157.87009903069702 229.32961224985775 8.2330059844534826 24.132345074962359 6.3493079431354991 55.265851902950089 15.79361184092704 41.914788247202523 11.382485773996448 6.065186637628357 32.969523434876464 57.070186345546972 102.32905165280681 29.20145676471293
leaf_count=736 24626 874 51 2249 181 1360 82 416 135 424 314 1210 3116 772
internal_value=8.77421e-05 0.0459399 0.0127942 -0.0601717 -0.0301998 0.0439914 -0.00996279 0.0289566 -0.0289664 -0.00272507 0.0247275 -0.0736982 -0.0757574 -0.0582301
internal_weight=879.12 499.376 270.047 379.744 113.567 156.479 90.3432 48.2641 74.5495 50.4172 39.0347 65.3032 289.401 131.531
internal_count=36546 4828 3954 31718 1858 2096 3204 597 3122 873 738 1261 28514 3888
is_linear=0
shrinkage=0.05


Tree=2
num_leaves=15
num_cat=0
split_feature=14 14 3 6 0 12 15 6 0 12 12 14 13 12
split_gain=808.95 203.472 84.9084 43.4305 37.3771 33.4741 37.57 30.0871 27.6735 27.3382 25.5167 23.9818 22.1914 25.4287
threshold=0.20440038684719539 0.018127053669222345 0.35815853166599437 3.5625186534102634e-07 0.0075743111135830321 0.094660743781648155 0.67087281944312205 0.00075611325789924882 0.090349509890929783 0.25353447376590349 0.022387402645632347 0.38274558449997048 0.91855527524659863 0.23131944972857973
decision_type=2 2 2 2 2 2 2 2 2 2 2 2 2 2
left_child=1 12 3 -3 -2 -5 8 11 -7 -10 -4 -6 13 -1
right_child=4 2 10 5 7 6 -8 -9 9 -11 -12 -13 -14 -15
leaf_value=0.061422100964260012 -0.085080996391754246 0.043474155694569527 0.028458124970320055 0.034664627944843561 0.022149147605208874 -0.057647196058618379 0.025481564518234717 -0.066541226685280383 0.024998728350761223 -0.050350135610403059 -0.069657620695780187 -0.066668048850318948 0.077751137020537292 -0.0033373534573565042
leaf_weight=55.486611855681986 179.1840394444298 106.50618186919019 7.3580110976472488 61.304330943967216 22.840382329653949 41.796394131961279 49.485059924889356 56.106594143202528 31.743576261447743 18.04014891339466 39.296387498266995 10.167827574070541 168.15754577633925 20.582626309711486
leaf_count=213 23820 899 268 717 528 1125 159 3760 390 309 3213 783 335 217
internal_value=0.000168729 0.0324479 0.0082563 0.0177901 -0.0718409 0.00412538 -0.009297 -0.0445702 -0.0281618 -0.00275928 -0.053911 -0.00636591 0.0674873 0.0440837
internal_weight=868.056 599.757 355.53 308.876 268.299 202.37 141.065 89.1148 91.5801 49.7837 46.6544 33.0082 244.227 76.0692
internal_count=36736 7845 7080 3599 28891 2700 1983 5071 1824 699 3481 1311 765 430
is_linear=0
shrinkage=0.05


Tree=3
num_leaves=15
num_cat=0
split_feature=14 13 9 5 0 3 0 11 15 15 13 15 16 5
split_gain=823.602 138.058 74.7242 59.7578 56.1803 49.9886 35.7548 33.9006 28.9773 25.7703 21.0017 19.4487 21.5967 17.9632
threshold=0.20440038684719539 0.60549799009541205 0.21365948337376914 0.04083333333333334 0.0056665728118274038 0.24009803921568632 0.018625363508328212 0.52653238033354999 0.097344539316078726 0.24003271757016417 0.40446566160035902 0.46083448330304327 0.56264227582289161 0.35147058823529415
decision_type=2 2 2 2 2 2 2 2 2 2 2 2 2 2
left_child=1 5 4 -4 -3 9 -2 -7 13 10 -1 12 -8 -5
right_child=6 2 3 8 -6 7 11 -9 -10 -11 -12 -13 -14 -15
leaf_value=-0.050325268979419024 -0.079329614391136949 -0.086691555457386285 -0.087256343630389782 0.05296680207596214 0.034929689401551875 -0.063773564133588131 -0.052676117314999098 0.030503687729173164 0.071543882056042452 0.037288540762527432 0.010807323989235484 0.044383440979468544 0.063481256167249922 0.0010128764718594474
leaf_weight=18.187502572196536 218.36675136513077 14.721193274948744 5.8844883721321812 46.669043830595911 23.052913594990969 39.066278758691624 57.981311231851578 11.845512686297296 249.27480741078034 68.777758854208514 51.577386822551489 5.9119031261652699 3.4649478811770669 25.618369531817734
leaf_count=721 25263 712 59 282 170 3118 3656 264 531 547 1020 97 14 359
internal_value=-0.000646268 0.0348679 0.0527933 0.0604565 -0.0134815 0.000216228 -0.0694707 -0.0416733 0.0634218 0.0157981 -0.00561571 -0.0368163 -0.0452143 0.0348196
internal_weight=840.4 554.675 365.221 327.447 37.7741 189.454 285.725 50.9118 321.562 138.543 69.7649 67.3582 61.4463 72.2874
internal_count=36813 7783 2113 1231 882 5670 29030 3382 1172 2288 1741 3767 3670 641
is_linear=0
shrinkage=0.05


Tree=4
num_leaves=15
num_cat=0
split_feature=14 14 4 15 11 15 12 13 10 4 8 12 11 18
split_gain=780.078 137.823 92.0003 36.3725 31.8461 30.2652 35.6453 30.1213 28.0694 22.7045 31.4721 15.0953 14.9297 14.0517
threshold=0.20440038684719539 0.0099256194276144041 0.011050061050061052 0.46083448330304327 0.25257841573631051 0.18500087579526694 0.090330882788793518 0.49253669584893339 0.59821428571428581 0.1623310810810811 0.3600427350427351 0.045635749590403653 0.28586561743341415 0.49884965715934376
decision_type=2 2 2 2 2 2 2 2 2 2 2 2 2 2
left_child=1 -1 4 8 -3 6 -4 -8 -2 -7 -11 -5 -6 -12
right_child=3 2 5 11 12 9 7 -9 -10 10 13 -13 -14 -15
leaf_value=0.066431120417608444 -0.074420791465883707 -0.080000387863186209 0.03510290896551644 0.068081832918873583 0.055030287368397504 0.056422896607756373 -0.069543880504616698 0.003126168894094668 -0.012784781784072847 -0.054361534890386198 0.0044318622019935729 -0.054065676691137037 -0.0325938073866388 0.048402399716378747
leaf_weight=209.85170409269631 257.54380857991055 29.441987400176004 58.295092684449628 6.3746378594078106 7.2516154409386244 88.902469534659758 18.959054152714089 49.655842567794025 20.389751824084669 11.307696589268742 29.367330920882523 2.9607486529275775 10.840622096322475 47.59841838805005
leaf_count=490 27738 2811 799 51 93 502 968 1024 943 192 168 206 544 228
internal_value=0.000182947 0.0344586 0.0152428 -0.0666966 -0.0487741 0.0253768 0.00665905 -0.0176639 -0.0699611 0.0386716 0.0203621 0.0278595 0.00356992 0.0318969
internal_weight=848.741 561.472 351.62 287.269 47.5342 304.086 126.91 68.6149 277.934 177.176 88.2734 9.33539 18.0922 76.9657
internal_count=36757 7819 7329 28938 3448 3881 2791 1992 28681 1090 588 257 637 396
is_linear=0
shrinkage=0.05


Tree=5
num_leaves=15
num_cat=0
split_feature=14 14 3 15 15 12 10 7 12 12 1 4 12 6
split_gain=714.093 122.047 78.5439 41.8156 32.2351 38.079 26.6161 21.7825 29.0602 14.4775 14.1586 14.085 12.6276 11.8449
threshold=0.20440038684719539 0.028943620675211532 0.35815853166599437 0.46083448330304327 0.18500087579526694 0.094660743781648155 0.53571428571428581 0.70521332534611303 0.10572806766402222 0.015343837124251853 0.51938691533828918 0.038218111002921142 0.045635749590403653 4.3298055344375885e-08
decision_type=2 2 2 2 2 2 2 2 2 2 2 2 2 2
left_child=1 7 4 6 5 -3 -2 8 -1 -4 -6 -8 -5 -13
right_child=3 2 9 12 10 -7 11 -9 -10 -11 -12 13 -14 -15
leaf_value=0.037973146062553587 -0.07274185678927407 0.028390569998560412 0.029068679518691284 0.063094748349987337 0.043239380746833284 -0.034682016450052443 -0.071299084591228773 0.059773972216468921 -0.077494151193820388 -0.065076956083017209 -0.0080939526635376065 0.040807140579430766 -0.047790580060010933 -0.029317358256636478
leaf_weight=27.493180992547423 245.07624026038684 48.693684802390635 4.0138451894745222 7.718306568451224 106.79180475277826 45.160836831200868 9.7965693450532836 266.76248349621892 5.7670623655430964 36.277069612871855 15.017230921424924 8.8536027250811475 2.7953959968872368 14.491794517496599
leaf_count=203 26697 693 113 54 773 1707 963 703 286 3204 116 148 204 802
internal_value=0.000319895 0.0334372 0.00802071 -0.0633455 0.0200361 -0.00200432 -0.0670512 0.0550217 0.0162745 -0.0552212 0.0368964 -0.024072 0.0320223 -0.00213926
internal_weight=844.709 555.977 255.954 288.732 215.664 93.8545 278.218 300.023 33.2602 40.2909 121.809 33.142 10.5137 23.3454
internal_count=36666 7798 6606 28868 3289 2400 28610 1192 489 3317 889 1913 258 950
is_linear=0
shrinkage=0.05


Tree=6
num_leaves=15
num_cat=0
split_feature=14 13 3 15 9 0 5 16 15 13 9 15 14 17
split_gain=662.919 101.689 57.1913 38.56 30.7081 40.4194 25.1159 21.9471 18.401 18.5679 16.9897 14.9227 13.3392 13.0189
threshold=0.20440038684719539 0.60549799009541205 0.26126082616954832 0.46083448330304327 0.21576766555678881 0.010225344781281795 0.046536796536796543 0.56264227582289161 0.24346934146120061 0.40446566160035902 0.26629784098833009 0.097344539316078726 0.048331479421579539 0.96597904655220845
decision_type=2 2 2 2 2 2 2 2 2 2 2 2 2 2
left_child=1 2 8 7 5 -3 -6 -2 9 -1 -4 12 -8 -11
right_child=3 4 10 -5 6 -7 11 -9 -10 13 -12 -13 -14 -15
leaf_value=-0.042548281017665987 -0.066111957500337701 -0.062021209728234716 -0.069586937459832715 0.030822016220639181 -0.073834734331204105 0.044332142135267323 0.041032561670274414 0.046146518352528115 0.035696797958391389 0.03060962199692532 -0.0069627805634485847 0.060606131997005402 -0.029689447907535905 -0.021586790022005902
leaf_weight=17.697137283161283 267.95087840978522 13.305136144161223 26.900487075559795 10.504587956005706 3.0262777484022072 22.804011410102248 71.140891887713224 3.7646743007935575 75.929534976836294 38.589820293243974 18.0992389426101 250.86100089875981 6.6360930167138568 16.276242317166179
leaf_count=784 28611 810 2606 257 64 108 409 59 560 625 661 544 232 476
internal_value=0.00163072 0.0330511 0.00367626 -0.0607527 0.0484539 0.00452883 0.0532082 -0.0643931 0.0186598 0.000589422 -0.0450979 0.0545985 0.0346981 0.0150161
internal_weight=843.486 561.266 193.492 282.22 367.773 36.1091 331.664 271.716 148.493 72.5632 44.9997 328.638 77.777 54.8661
internal_count=36806 7879 5712 28927 2167 918 1249 28670 2445 1885 3267 1185 641 1101
is_linear=0
shrinkage=0.05


Tree=7
num_leaves=15
num_cat=0
split_feature=14 14 0 15 15 9 3 2 2 12 8 15 18 1
split_gain=612.772 87.7354 58.2213 26.9856 24.384 23.0857 39.5419 18.0604 28.4786 17.4194 15.7461 13.9025 23.47 15.547
threshold=0.20440038684719539 0.052077911404542099 0.0032377056314586562 0.48465206258943277 0.097344539316078726 0.21718855364925119 0.17659736308316434 0.76150384496359125 0.81310734462726952 0.022387402645632347 0.12793235133660666 0.78023116688291816 0.59249057101606584 0.46780333895370624
decision_type=2 2 2 2 2 2 2 2 2 2 2 2 2 2
left_child=1 5 9 -2 7 6 -1 -4 -9 -3 -10 12 13 -7
right_child=3 2 4 -5 -6 11 -8 8 10 -11 -12 -13 -14 -15
leaf_value=0.043904159136516109 -0.06367314929053039 0.015572372501887203 -0.063699697655630647 0.024177532740981229 0.032474235840197346 0.031643670968354479 -0.067115976395923718 0.052816160199822416 0.041033169637165086 -0.07116239738960313 -0.042171788345311274 0.063899376169795949 0.05668146178033015 -0.022008683890628523
leaf_weight=22.286729208193719 263.27656366676092 6.8368979701772323 10.815468292683361 8.5523523329757136 93.307128422427922 78.750303820706904 11.240176951512693 18.353155883029103 6.4550457065925029 27.967563148122281 24.473733395338058 113.94084845110774 114.60466198017821 15.511144986376165
leaf_count=118 28689 251 564 214 844 564 759 171 93 2804 1022 144 328 125
internal_value=0.000350313 0.0309466 0.00329973 -0.0608307 0.0166038 0.0454991 0.00581786 -0.00816485 0.00504735 -0.0541654 -0.0240651 0.0495897 0.0415162 0.0226766
internal_weight=816.372 544.543 188.209 271.829 153.405 356.334 33.5269 60.0974 49.2819 34.8045 30.9288 322.807 208.866 94.2614
internal_count=36690 7787 5749 28903 2694 2038 877 1850 1286 3055 1115 1161 1017 689
is_linear=0
shrinkage=0.05


Tree=8
num_leaves=15
num_cat=0
split_feature=13 15 9 13 16 11 4 4 15 1 8 10 7 16
split_gain=548.716 109.603 43.5959 34.7714 27.2697 24.2312 23.1907 18.6223 17.6364 17.2026 16.0422 13.1044 12.5252 12.3466
threshold=0.53802688382324815 0.33341186831223329 0.21576766555678881 0.31366048369013105 0.30595848658409713 0.56070175438596503 0.10380747126436783 0.013606071825249909 0.39746122651398824 0.3523916380863672 0.027402402402402406 0.40178571428571436 0.77768232662825365 0.98726013601026474
decision_type=2 2 2 2 2 2 2 2 2 2 2 2 2 2
left_child=1 3 6 4 -1 10 13 -3 9 11 -5 12 -4 -2
right_child=2 7 8 5 -6 -7 -8 -9 -10 -11 -12 -13 -14 -15
leaf_value=-0.06461051522377538 -0.062484071197253611 -0.059297808930378872 0.023221381508892538 0.032015485779461131 0.035874521578119392 0.022363894744359902 0.032644526631656776 0.028296048421752575 0.056425528018438066 -0.020228242245669461 -0.045583603163296682 0.044510353238346054 -0.061914672618101935 0.04009291231707128
leaf_weight=237.95670510199852 16.768932370003316 5.8278234628960481 16.126911714673046 6.6353147416375569 6.3485112795606247 19.796887540258467 15.836172481067477 57.696600647177547 205.73950842767954 12.864470548462121 71.21136404084973 131.43614173959941 4.7782415030524126 2.7993792835623017
leaf_count=26597 1208 567 210 200 166 548 73 578 412 207 4950 873 115 30
internal_value=0.000504089 -0.040597 0.0415155 -0.0517792 -0.0618637 -0.0261761 -0.0112167 0.0194656 0.0465651 0.0340197 -0.0386472 0.0387028 0.00182389 -0.0465739
internal_weight=811.823 405.473 406.35 341.949 244.305 97.6436 35.4045 63.5244 370.945 165.206 77.8467 152.341 20.9052 19.5683
internal_count=36734 33606 3128 32461 26763 5698 1311 1145 1817 1405 5150 1198 325 1238
is_linear=0
shrinkage=0.05


Tree=9
num_leaves=15
num_cat=0
split_feature=13 15 10 14 8 12 6 6 14 12 3 16 3 4
split_gain=506.723 91.2865 48.6905 38.1314 20.8693 20.8865 15.5132 20.8311 14.5183 25.3733 12.4314 11.841 10.4961 8.44708
threshold=0.52884782865134039 0.43711311266549979 0.59821428571428581 0.0099256194276144041 0.20431354359925794 0.027373631493499091 4.6458171343946458e-07 9.930011253580252e-10 0.21132485972747053 0.06755416292070017 0.23646984422846493 0.33868940048183721 0.71902794175521467 0.16447026183457605
decision_type=2 2 2 2 2 2 2 2 2 2 2 2 2 2
left_child=1 2 8 -2 5 -5 7 -4 9 12 13 -6 -1 -3
right_child=3 10 6 4 11 -7 -8 -9 -10 -11 -12 -13 -14 -15
leaf_value=0.016172276125255382 0.055038271982094648 0.045547876666903381 -0.05970865367484355 0.044822538799378198 0.023160147384141017 -0.048643768057543751 -0.031562593973293841 0.054891128206216139 -0.063723790974894307 -0.061695918524804029 -0.0576238481354178 0.05598092665346871 -0.058576245093804817 0.0007548461369415732
leaf_weight=22.251404565293345 190.07959489570931 28.50209756474942 4.215320474002513 7.9949180302210179 144.06393099948764 17.149778081104159 17.919926852919161 16.766428609378636 231.59960393980145 38.342139350716025 3.5654866285622111 34.153996719513088 4.885406907182186 16.415655575226992
leaf_count=584 464 169 357 93 1422 1142 910 173 27384 2872 327 120 480 180
internal_value=-0.000889667 -0.0416579 -0.0508975 0.0389528 0.0237223 -0.0183478 0.00167055 0.0301987 -0.0577636 -0.036041 0.0221049 0.0297272 0.00111182 0.0295507
internal_weight=777.906 384.463 335.98 393.442 203.363 25.1447 38.9017 20.9817 297.079 65.479 48.4832 178.218 27.1368 44.9178
internal_count=36677 33436 32760 3241 2777 1235 1440 530 31320 3936 676 1542 1064 349
is_linear=0
shrinkage=0.05


Tree=10
num_leaves=15
num_cat=0
split_feature=14 13 4 0 16 12 8 17 15 15 14 15 11 5
split_gain=463.582 74.8243 39.1173 28.2239 27.0578 21.3658 20.1188 19.7328 20.2273 19.3004 19.3744 14.7968 18.3817 14.0064
threshold=0.20440038684719539 0.69377914912243088 0.011050061050061052 0.064377551022189464 0.30595848658409713 0.044658538658785829 0.20431354359925794 0.99967881633045186 0.11084761358403449 0.097344539316078726 0.024885943725356623 0.39746122651398824 0.2139587261680285 0.051315789473684217
decision_type=2 2 2 2 2 2 2 2 2 2 2 2 2 2
left_child=1 2 4 7 -1 -4 -7 -2 -9 -8 -11 12 -3 -14
right_child=3 11 5 -5 -6 6 9 8 -10 10 -12 -13 13 -15
leaf_value=-0.061361185108242157 -0.064204794936796303 -0.03064396938411422 0.048956972018231522 -0.008048146134308834 0.036436343129854436 -0.052863557058422418 -0.012097033499961107 -0.05333807084852013 0.049973101539068997 -0.068571975904178767 0.030842294246266763 0.053467045445481622 -0.066703172701349039 0.039746208543859754
leaf_weight=29.468637343030423 211.51331028109416 10.69850416574627 37.844110371079296 29.842250048648566 8.4771805764175934 11.738091168925164 50.802052637562156 9.7252438128925878 7.5055754003114989 4.2488679951056829 91.627449555788189 182.04149726848118 2.3217684514820567 90.96730325743556
leaf_count=2939 26068 402 313 1691 209 602 1672 1033 142 41 705 362 59 477
internal_value=0.000508663 0.0276963 0.00669326 -0.0540845 -0.0391384 0.015708 0.00750792 -0.0600293 -0.00806403 0.0126645 0.0257743 0.0448107 0.0292919 0.0364176
internal_weight=778.822 520.235 234.206 258.586 37.9458 196.261 158.416 228.744 17.2308 146.678 95.8763 286.029 103.988 93.2891
internal_count=36715 7781 6481 28934 3148 3333 3020 27243 1175 2418 746 1300 938 536
is_linear=0
shrinkage=0.05


Tree=11
num_leaves=15
num_cat=0
split_feature=14 14 4 17 15 15 2 1 17 5 6 8 9 9
split_gain=418.423 75.0601 53.5737 22.2965 21.2118 14.9648 16.762 18.5929 13.0994 12.5397 11.4364 10.8312 10.5848 10.2717
threshold=0.20440038684719539 0.013873295910184444 0.011050061050061052 0.9136794085686134 0.11084761358403449 0.097344539316078726 0.76150384496359125 0.15927641521554692 0.564874314197929 0.048809523809523817 0.029088864660584374 0.34738243123336293 0.39425641025641028 0.52185705755362644
decision_type=2 2 2 2 2 2 2 2 2 2 2 2 2 2
left_child=1 9 11 -2 -5 6 10 12 -7 -1 -4 -3 -8 -14
right_child=3 2 5 4 -6 8 7 -9 -10 -11 -12 -13 13 -15
leaf_value=-0.038074155097048604 -0.060000439401822973 -0.056827168418316955 -0.052944941272603754 -0.045271666462657081 0.02812183499301308 -0.046794436897616476 0.042415615257066649 -0.034694638583141937 0.029614126767830318 0.050264182463973399 0.039341735209537133 0.010428517765298561 -0.040614833063146449 0.024048195221696704
leaf_weight=3.411893254145979 208.89696121658199 31.699793308740482 17.274148284923289 26.237930794712156 14.578244201373307 4.9508900190703562 35.845217846566811 15.289501441176979 155.75086498726159 203.9258726220578 3.3435293175280085 6.9847833733074358 8.8061752063222247 15.433454314479603
leaf_count=54 25894 3182 870 2555 417 122 431 567 1153 560 32 202 331 266
internal_value=-0.000623734 0.0256474 0.00940195 -0.0534034 -0.0190122 0.0177013 0.0020407 0.0130223 0.0269853 0.0486347 -0.0368514 -0.0447269 0.0255339 -0.00012208
internal_weight=752.429 502.716 295.378 249.713 40.8162 256.694 95.992 75.3743 160.702 207.338 20.6177 38.6846 60.0848 24.2396
internal_count=36636 7770 7156 28866 2972 3772 2497 1595 1275 614 902 3384 1028 597
is_linear=0
shrinkage=0.05


Tree=12
num_leaves=15
num_cat=0
split_feature=13 0 15 9 16 0 14 13 1 11 1 12 5 12
split_gain=376.995 86.8521 36.3573 33.0498 21.8195 20.4434 15.9859 15.2076 16.4811 15.5432 14.1247 12.0344 16.2729 9.31433
threshold=0.54566137722973085 0.002590887479441127 0.23506355524273806 0.21576766555678881 0.32338046620063976 0.010225344781281795 0.0099256194276144041 0.30022945930477352 0.0084891797008149594 0.68658810325476993 0.46780333895370624 0.045635749590403653 0.36515151515151517 0.56666308353808359
decision_type=2 2 2 2 2 2 2 2 2 2 2 2 2 2
left_child=1 -1 4 5 7 -2 -5 -3 -9 -10 -8 -4 -13 -7
right_child=3 2 11 6 -6 13 10 8 9 -11 -12 12 -14 -15
leaf_value=-0.059308595533924605 -0.05740295134470666 -0.05177398352068039 0.055954002498644018 0.050450490720280294 0.046765109269913868 0.040213395610609902 0.033957337678982472 0.020782538975866932 -0.04787784990859615 0.037594716402734187 -0.0098721535448683187 -0.059043786956812422 0.017948145178413033 -0.043773492705159699
leaf_weight=189.65623718756251 13.620766894659029 55.583242659224197 15.161887090653179 176.57282117847353 8.3249531486071628 13.758884954266252 140.26086022309028 20.226832799846306 31.4834046124015 5.5867809779010704 20.680872831493616 7.1105434214696279 43.896543128881603 3.3629307807423165
leaf_count=24989 1114 5189 108 312 96 65 1206 615 1884 94 184 317 458 58
internal_value=-0.000444233 -0.0355427 -0.0113002 0.0354893 -0.0274941 -0.0137592 0.0400025 -0.0333333 -0.0148629 -0.0343473 0.0282991 0.0183307 0.00628631 0.0222121
internal_weight=745.288 377.03 187.374 368.257 121.205 30.7426 337.515 112.88 57.297 37.0702 160.942 66.169 51.0071 17.1218
internal_count=36689 33750 8761 2939 7878 1237 1702 7782 2593 1978 1390 883 775 123
is_linear=0
shrinkage=0.05


Tree=13
num_leaves=15
num_cat=0
split_feature=14 13 0 4 13 12 15 15 16 15 12 6 7 8
split_gain=345.891 59.4732 26.3042 25.3038 22.5959 28.2241 17.6929 14.3841 14.1287 11.9438 11.1629 15.4736 18.6859 10.3385
threshold=0.20440038684719539 0.54566137722973085 0.0075743111135830321 0.011050061050061052 0.91855527524659863 0.25353447376590349 0.52689527905334999 0.11084761358403449 0.56264227582289161 0.14108090504136431 0.033831757545586413 0.0012768543318192481 0.84772918000142272 0.34891304347826091
decision_type=2 2 2 2 2 2 2 2 2 2 2 2 2 2
left_child=1 3 -2 -1 5 9 -7 8 -4 13 -5 12 -12 -3
right_child=2 4 7 10 -6 6 -8 -9 -10 -11 11 -13 -14 -15
leaf_value=-0.052007781872243523 -0.060238294883612375 0.029454627291695686 -0.043476902240376994 0.044613581826631721 0.048902804994719967 -0.048074631787889857 0.012372363902150834 0.014214992390845494 0.055322860933859769 0.045348134704649774 -0.043730926704898587 -0.021924421635602265 0.03387522164535902 -0.012599950906303489
leaf_weight=22.873676773393527 169.18797266366892 50.647753654047847 48.36251710425131 14.200745672918854 148.9564164490439 17.564736099448055 33.965035824105144 18.298086161725223 3.062460863031446 92.102037859614938 8.7933914527529833 45.996156829409301 37.623408203944564 19.720695213414729
leaf_count=2465 23772 763 4483 134 354 802 225 596 13 421 478 1365 443 385
internal_value=-0.000350958 0.0235931 -0.0495971 -0.00546964 0.033948 0.0233595 -0.0087549 -0.0232889 -0.0366501 0.0335363 0.0049055 -0.00160857 0.018561 0.0176575
internal_weight=731.355 492.444 238.911 129.487 362.957 214 51.5298 69.7231 51.425 162.47 106.614 92.413 46.4168 70.3684
internal_count=36699 7835 28864 4885 2950 2596 1027 5092 4496 1569 2420 2286 921 1148
is_linear=0
shrinkage=0.05


Tree=14
num_leaves=15
num_cat=0
split_feature=14 14 3 15 15 11 5 8 13 10 12 0 18 12
split_gain=331.074 61.0295 35.7383 20.1442 18.747 17.2008 20.5899 14.9532 13.2111 13.1242 11.4802 11.1517 10.9138 10.3386
threshold=0.20440038684719539 0.052077911404542099 0.24009803921568632 0.46083448330304327 0.39746122651398824 0.22265600793208157 0.057189542483660136 0.65933268858800786 0.91855527524659863 0.59821428571428581 0.25353447376590349 0.85442222528679979 0.45450157372045552 0.045635749590403653
decision_type=2 2 2 2 2 2 2 2 2 2 2 2 2 2
left_child=1 4 11 9 5 6 -1 -7 10 -2 -6 -3 -12 -5
right_child=3 2 -4 13 8 7 -8 -9 -10 -11 12 -13 -14 -15
leaf_value=0.050687641079870373 -0.057058870497406725 0.014158651004591752 -0.0414789914524731 0.049849074047770406 0.047262744970449563 0.031948002148856999 -0.062013699132124581 -0.038755306958107902 0.056992701599896438 -0.010376387394314217 0.037799209305544312 -0.064394864808801591 -0.015324609505385226 -0.047632032325481834
leaf_weight=5.1427408009767559 203.16126244701445 120.15334199229255 42.150717331329361 6.8659264454618079 40.629412400536239 110.89745719358325 11.355800415622069 7.1844482459127894 106.23774501495063 16.792407935252413 16.592907735612243 3.7152350447140625 20.593139567412436 3.2248040216509253
leaf_count=26 27738 2129 3457 52 93 743 675 115 122 942 69 157 197 213
internal_value=-0.00112457 0.0223166 -0.00226391 -0.0503927 0.0350909 0.0206729 -0.0259946 0.0273569 0.0454647 -0.053558 0.0292025 0.0113057 0.00874905 0.0172102
internal_weight=714.697 484.653 166.019 230.044 318.634 134.58 16.4985 118.082 184.053 219.954 77.8155 123.869 37.186 10.0907
internal_count=36728 7783 5743 28945 2040 1559 701 858 481 28680 359 2286 266 265
is_linear=0
shrinkage=0.05


Tree=15
num_leaves=15
num_cat=0
split_feature=14 14 3 15 15 12 16 16 10 12 17 15 17 18
split_gain=325.672 59.6044 34.8752 19.5466 17.5786 24.969 13.6859 10.3403 9.14105 10.2549 9.13801 10.4441 10.1555 10.6271
threshold=0.20440038684719539 0.052077911404542099 0.26126082616954832 0.46083448330304327 0.43024942019246371 0.25353447376590349 0.56264227582289161 0.33868940048183721 0.93750000000000011 0.022387402645632347 0.56222554391321089 0.6825183623234391 0.99967881633045186 0.47874028228456117
decision_type=2 2 2 2 2 2 2 2 2 2 2 2 2 2
left_child=1 4 10 6 5 7 -2 -1 9 -4 11 -3 -12 -14
right_child=3 2 8 -5 -6 -7 -8 -9 -10 -11 12 -13 13 -15
leaf_value=0.019681773223084648 -0.054183244284985034 -0.055715468422466378 0.0092417596547978275 0.017829685007702059 0.047042514944874304 -0.033763256341629952 0.037957972672708784 0.048995859337366388 0.035151692516397 -0.061064631096828748 0.02623474065545095 0.040628509471431255 -0.068058953904979416 0.0054961627409703603
leaf_weight=85.414343193173409 208.91677709529176 8.6107369626406562 5.9760540449060491 9.8930616709403676 171.92707637324929 16.215580163523555 3.4455376588739446 47.722158388467506 2.8262434285134068 29.060862307669595 79.269110591616482 3.1444088281132272 4.6415545605123034 37.076332838507369
leaf_count=861 28569 418 246 259 423 619 59 150 29 3069 1140 13 189 668
internal_value=0.000780291 0.0234721 -0.000423159 -0.0493202 0.0361229 0.0233234 -0.0525174 0.0304762 -0.0421141 -0.0491492 0.0116947 -0.0287794 0.0158308 -0.00408926
internal_weight=714.14 491.884 170.605 222.255 321.279 149.352 212.362 133.137 37.8632 35.0369 132.742 11.7551 120.987 41.7179
internal_count=36712 7825 5772 28887 2053 1630 28628 1011 3344 3315 2428 431 1997 857
is_linear=0
shrinkage=0.05


Tree=16
num_leaves=15
num_cat=0
split_feature=14 14 0 0 12 15 3 9 15 16 13 12 7 11
split_gain=277.577 58.0145 33.684 22.4344 14.8034 14.2155 13.9614 13.3636 12.4563 11.8068 11.2603 10.9246 10.5845 12.1043
threshold=0.20440038684719539 0.0099256194276144041 0.0023915734762147995 0.0075743111135830321 0.023721235488353302 0.097344539316078726 0.028630934457492725 0.59864640387896217 0.11084761358403449 0.56264227582289161 0.32956891564115792 0.23131944972857973 0.99988972209969129 0.48697857792726978
decision_type=2 2 2 2 2 2 2 2 2 2 2 2 2 2
left_child=1 6 4 -2 -3 7 -1 10 9 -5 -4 -12 -7 -14
right_child=3 2 5 8 -6 12 -8 -9 -10 -11 11 -13 13 -15
leaf_value=-0.046403557363468372 -0.057572106516443899 0.019407408504385673 -0.057352353241739429 -0.041877527720246936 -0.049812818144767852 0.027185435935997704 0.045492364697992026 -0.050301499600861665 0.013808301160456643 0.050037807466646579 0.017977543401929683 -0.037201647267229999 0.016999515988822093 -0.073453207548843366
leaf_weight=3.4651314299553624 151.19977860758081 9.5054538464173657 5.513871479779481 43.365015615010634 31.797399744391441 148.80812211055309 176.77695576567203 11.041845586849375 17.362904893700033 2.9609911339357486 69.473076578462496 9.3303864281624538 9.1885414198040944 4.8904704172164193
leaf_count=38 23815 296 329 4488 3316 1189 450 466 591 15 1256 409 54 56
internal_value=-2.45554e-06 0.0211462 0.00760806 -0.0471011 -0.0338003 0.0143356 0.0434794 -0.00100336 -0.0217369 -0.0350695 0.00596643 0.01106 0.0232668 -0.0172076
internal_weight=694.68 479.791 299.549 214.889 41.3029 258.246 180.242 95.3592 63.6889 46.326 84.3173 78.8035 162.887 14.079
internal_count=36768 7859 7371 28909 3612 3759 488 2460 5094 4503 1994 1665 1299 110
is_linear=0
shrinkage=0.05


Tree=17
num_leaves=15
num_cat=0
split_feature=14 15 16 18 0 13 5 12 12 14 10 15 4 17
split_gain=266.279 53.849 32.1132 19.825 18.2578 15.276 13.8572 14.4143 12.3287 12.2256 15.6759 11.3218 11.2348 13.5522
threshold=0.20094575861914774 0.43024942019246371 0.26177394542560595 0.47874028228456117 0.0075743111135830321 0.91855527524659863 0.046536796536796543 0.25353447376590349 0.040244726051726042 0.044444625832571506 0.59821428571428581 0.46083448330304327 0.16744548286604363 0.84062944033223486
decision_type=2 2 2 2 2 2 2 2 2 2 2 2 2 2
left_child=1 2 3 8 -2 12 -4 -8 -1 -5 -11 -6 -3 -14
right_child=4 5 6 9 11 -7 7 -9 -10 10 -12 -13 13 -15
leaf_value=0.010273051132577397 -0.056225020073655589 0.041112185979587296 -0.061517026408943465 0.019776266810971076 -0.031750996234205027 0.053472665077779605 0.050056128917941048 -0.04552492773090186 -0.046586679512709651 -0.023317332246394082 0.023102496998657948 0.02820254851167377 -0.065488113333040956 0.017701445790711048
leaf_weight=12.52394530107267 145.31857706885785 62.10134563385509 2.4781854641623786 71.876251976704225 54.611600902862847 101.84519914444536 52.3225077833049 3.4965173758100709 35.103425527224317 55.192133601056412 25.960888281930238 8.3788000792264921 4.4180118935182682 51.376467848196626
leaf_count=346 23792 476 71 766 5017 125 238 230 1987 2680 448 118 71 299
internal_value=0.000580311 0.0211118 0.00562128 -0.00391345 -0.0464767 0.0392585 0.037952 0.0433731 -0.0317312 0.00489409 -0.00836715 -0.02346 0.026633 0.0100771
internal_weight=687.004 478.695 258.954 200.657 208.309 219.741 58.2972 55.819 47.6274 153.029 81.153 62.9904 117.896 55.7945
internal_count=36664 7737 6766 6227 28927 971 539 468 2333 3894 3128 5135 846 370
is_linear=0
shrinkage=0.05


Tree=18
num_leaves=15
num_cat=0
split_feature=13 0 15 12 9 6 18 16 16 14 15 7 12 0
split_gain=261.453 54.8078 25.0538 20.8772 18.8568 17.9569 13.6559 13.6451 11.808 10.5949 9.48277 9.15384 8.66309 10.8955
threshold=0.52884782865134039 0.017112464273272704 0.44999327083834223 0.25353447376590349 0.95762253296499888 4.6458171343946458e-07 0.74297900490782565 0.33868940048183721 0.32338046620063976 0.38274558449997048 0.62753119865571516 0.98551375106549943 0.27297732457628149 0.080118741443447591
decision_type=2 2 2 2 2 2 2 2 2 2 2 2 2 2
left_child=1 4 3 7 10 9 8 -2 -7 -3 -1 -5 -4 -14
right_child=2 5 12 11 -6 6 -8 -9 -10 -11 -12 -13 13 -15
leaf_value=-0.053443226548928573 0.013007430080196419 0.028776342992585954 0.051727665416661253 -0.056215860295864985 0.036890773676269271 -0.034263736771498791 0.034695224868480833 0.045132237976652945 0.040415201049601363 -0.040193438730298833 0.016481985259696071 0.0099762365921897307 -0.047989732770313383 0.033079152821614936
leaf_weight=184.32967463624664 112.70754297659732 38.150921295396984 111.25272064749151 12.089737736154349 5.5308631788939229 62.583281610161066 8.980030083563177 46.588073564926162 4.9425788507796815 5.5953531244304022 4.5534345696214578 8.25404044985771 3.5714764161966732 61.987771946936846
leaf_count=27893 1621 516 203 799 129 3976 194 175 57 518 147 100 114 229
internal_value=0.00052259 -0.0326383 0.0298056 0.0165151 -0.048984 -0.00602579 -0.0205426 0.0226257 -0.0282876 0.0192537 -0.0516796 -0.0301507 0.0431398 0.0280081
internal_weight=671.118 314.666 356.451 179.639 194.414 120.252 76.5059 159.296 67.5259 43.7463 188.883 20.3438 176.812 65.5592
internal_count=36671 33430 3241 2695 28169 5261 4227 1796 4033 1034 28040 899 546 343
is_linear=0
shrinkage=0.05


Tree=19
num_leaves=15
num_cat=0
split_feature=14 14 4 15 15 8 10 17 2 8 9 3 7 0
split_gain=235.773 52.1747 34.9644 15.1395 14.6819 13.1007 11.987 10.7014 12.0436 10.6841 10.0619 9.95314 9.67332 8.70138
threshold=0.20094575861914774 0.013873295910184444 0.011050061050061052 0.9011343297999489 0.097344539316078726 0.34738243123336293 0.59821428571428581 0.45028998456627994 0.030651433024155711 0.33687943262411352 0.27272582084281932 0.15777619724988148 0.92258484342795921 0.90690023945087794
decision_type=2 2 2 2 2 2 2 2 2 2 2 2 2 2
left_child=1 7 5 6 9 -3 -2 8 -1 10 -4 -12 -11 -6
right_child=3 2 4 -5 13 -7 -8 -9 -10 12 11 -13 -14 -15
leaf_value=0.038364901889424735 -0.051844196623725462 -0.058375730522579231 -0.027984730169202568 0.045120202708054502 0.023660626234209909 0.016253345899671211 -0.0065735896024012516 0.042133283846056351 -0.074604459848205421 -0.053879681460774764 -0.011420027162865304 0.038964512784412292 -0.001693091744740672 -0.057364981088100724
leaf_weight=4.033543503843247 175.737703316845 25.774458749685436 12.430355717195196 3.71488666627556 141.46030138572678 7.0565374214202157 16.283127008238807 178.96464899647981 3.5111327823251486 15.062931498279793 14.407836209982632 27.357574412133545 20.006978802382946 2.4683614657260469
leaf_count=11 28041 3123 533 30 1159 203 962 545 80 655 435 315 557 91
internal_value=-0.000358601 0.0194712 0.00521227 -0.0460704 0.0120577 -0.042329 -0.0480593 0.039673 -0.016787 -0.00385413 0.0100214 0.0217227 -0.0249802 0.0218848
internal_weight=648.27 452.535 266.025 195.736 233.194 32.831 192.021 186.509 7.54468 89.2657 54.1958 41.7654 35.0699 143.929
internal_count=36740 7707 7071 29033 3745 3326 29003 636 91 2495 1283 750 1212 1250
is_linear=0
shrinkage=0.05


Tree=20
num_leaves=15
num_cat=0
split_feature=14 15 0 13 12 9 13 10 15 12 8 16 14 13
split_gain=215.692 52.2212 19.8776 19.599 17.0163 19.8339 16.2007 11.0934 10.882 10.5634 16.5287 10.4033 8.38601 9.46073
threshold=0.20440038684719539 0.31855339562648671 0.0075743111135830321 0.73707072163581122 0.02537485821067911 0.24935910294684058 0.91855527524659863 0.73214285714285732 0.11084761358403449 0.25353447376590349 0.34150717703349287 0.56264227582289161 0.18937152590998749 0.42252551757204032
decision_type=2 2 2 2 2 2 2 2 2 2 2 2 2 2
left_child=1 3 -2 4 -1 -6 9 12 11 -3 -11 -4 13 -7
right_child=2 6 8 -5 5 7 -8 -9 -10 10 -12 -13 -14 -15
leaf_value=0.031834011824146087 -0.055167157560908675 0.035919275681502216 -0.040136291632195439 0.022016348728739518 -0.053673291894177778 -0.059563006627997309 0.051268370141642178 0.0264548345443569 0.012717843203663119 -0.058910530263216576 0.018100228548934318 0.047959725845626827 0.03113632675032273 -0.011126678195319055
leaf_weight=20.375786982709542 128.52198093337938 80.499058138811961 39.753275841008872 75.555924858199432 26.810424190247431 11.653297479264436 97.555252918973565 20.224666974507272 17.547808612696826 7.0795338007155797 50.149039894342422 2.8182617723941794 7.9913181392475954 53.232407046947628
leaf_count=405 23796 497 4495 684 2835 725 146 314 604 399 302 14 185 1322
internal_value=0.000664201 0.0194362 -0.0440939 0.00164929 -0.00939814 -0.0166098 0.0356775 -0.00547964 -0.0199065 0.0243443 0.00772541 -0.0333374 -0.0145802 -0.0205977
internal_weight=639.768 451.127 188.641 215.844 140.288 119.912 235.283 93.1017 60.1193 137.728 57.2286 42.5715 72.877 64.8857
internal_count=36723 7814 28909 6470 5786 5381 1344 2546 5113 1198 701 4509 2232 2047
is_linear=0
shrinkage=0.05


Tree=21
num_leaves=15
num_cat=0
split_feature=14 15 16 0 4 12 13 18 3 11 2 15 16 15
split_gain=201.047 42.5287 22.677 19.6808 19.1477 15.2357 14.1334 13.5044 12.6085 11.2165 9.70365 9.55245 9.97733 9.29642
threshold=0.20440038684719539 0.43024942019246371 0.26177394542560595 0.0075743111135830321 0.011050061050061052 0.16147878942065885 0.91855527524659863 0.64754591254512228 0.068709763948497871 0.5864882146715763 0.78859645520092492 0.11084761358403449 0.56264227582289161 0.19723293203501277
decision_type=2 2 2 2 2 2 2 2 2 2 2 2 2 2
left_child=1 2 4 -2 -1 8 -3 9 -4 10 -6 12 -5 -11
right_child=3 6 5 11 7 -7 -8 -9 -10 13 -12 -13 -14 -15
leaf_value=-0.037661426048486907 -0.054835688305179278 0.023593428940252265 -0.045258716340327562 -0.038969039822932601 -0.044474910008346837 -0.049474866583001355 0.050659463541505717 0.025359408373087172 0.048040617927326099 -0.0070292820549273209 -0.0046550846282213364 0.011470995253216447 0.046918972964186657 0.060441310812922699
leaf_weight=32.319537541479804 122.71079537330661 110.99154351418838 3.1486199102364472 38.470535967033356 18.390956029994413 4.250328973401337 89.255602890625596 49.711085102986544 46.179836271563545 9.4862362309359032 73.932691211346537 17.341988672269508 2.8615427613258353 9.6029761526733619
leaf_count=3010 23850 836 56 4491 928 275 121 547 216 224 1612 606 14 13
internal_value=0.000778741 0.0187848 0.00486282 -0.0434812 -0.00315228 0.0333285 0.0358493 0.00395945 0.0413044 -0.00572961 -0.0129788 -0.0192135 -0.0320549 0.0282314
internal_weight=628.654 447.269 247.022 181.385 193.443 53.5788 200.247 161.124 49.3285 111.413 92.3236 58.6741 41.3321 19.0892
internal_count=36799 7838 6881 28961 6334 547 957 3324 272 2777 2540 5111 4505 237
is_linear=0
shrinkage=0.05


Tree=22
num_leaves=15
num_cat=0
split_feature=13 3 8 15 16 13 12 18 12 8 17 7 15 0
split_gain=189.023 43.7458 19.5408 15.8493 15.5352 15.2646 15.1965 13.6731 11.6398 18.1851 10.6402 10.2286 8.60456 8.03336
threshold=0.52884782865134039 0.30309886192239138 0.20431354359925794 0.23506355524273806 0.32338046620063976 0.91855527524659863 0.11535411141680309 0.58580010687051542 0.045635749590403653 0.43534002229654406 0.50969456841324134 0.86503430118579316 0.9011343297999489 0.0027143441654048279
decision_type=2 2 2 2 2 2 2 2 2 2 2 2 2 2
left_child=1 3 6 4 7 11 10 -1 -5 13 -2 -4 -11 -10
right_child=2 -3 5 8 -6 -7 -8 -9 9 12 -12 -13 -14 -15
leaf_value=-0.044335348311000854 -0.047849249783813143 -0.050720903525075571 0.037581562261299488 0.048560053970312773 0.040619145437280652 0.046192680953146006 -0.056698038305590871 -0.0016136514296746349 0.031704595233185182 0.028209205823479161 0.024716458074439021 0.012492738222572601 -0.048793771718488893 -0.066695721506803793
leaf_weight=55.864576898282394 5.2578360559418824 134.92682629602496 63.401127454359084 13.379994163289664 7.646158159011974 100.01358093321323 10.035893502994439 28.042444338672794 1.8870377056300629 26.009611852467064 25.857824399252422 114.61548056988977 3.2638751538470379 10.92159822816029
leaf_count=5609 190 25141 536 113 86 193 865 1762 37 236 368 1072 36 419
internal_value=-0.000486795 -0.0302625 0.0258273 -0.0112705 -0.0239514 0.0305728 -0.00619944 -0.0302446 0.00971581 -0.00347518 0.0113464 0.0215882 0.0182955 -0.0509527
internal_weight=601.124 281.942 319.182 147.015 91.5532 278.03 41.1516 83.907 55.4621 42.0821 31.1157 178.017 29.2735 12.8086
internal_count=36663 33439 3224 8298 7457 1801 1423 7371 841 728 558 1608 272 456
is_linear=0
shrinkage=0.05


Tree=23
num_leaves=15
num_cat=0
split_feature=14 15 9 0 16 3 3 0 12 17 7 15 16 4
split_gain=170.061 35.4048 22.893 19.4224 17.9463 16.4111 16.2283 12.9341 12.4529 11.2832 10.7439 9.09952 8.65281 7.51454
threshold=0.20440038684719539 0.45476961743594962 0.21576766555678881 0.0075743111135830321 0.26177394542560595 0.2066711697393516 0.18035431927458132 0.16079303830493549 0.25353447376590349 0.54280607349157928 0.91593377606181747 0.069300102098245928 0.56264227582289161 0.098833265499932169
decision_type=2 2 2 2 2 2 2 2 2 2 2 2 2 2
left_child=1 2 6 -2 9 7 -1 -6 -3 -4 -10 12 -5 -13
right_child=3 8 4 11 5 -7 -8 -9 10 -11 -12 13 -14 -15
leaf_value=0.01389968850870953 -0.053740053433631023 0.044543096563892631 -0.037074722993959648 -0.037449526824060331 -0.059435131306551238 0.05331808329704716 -0.052707654226563296 0.044908430167228099 -0.058063661356574127 0.0078512569656969747 0.022126768885076989 0.035697714899090405 0.043911445449746782 -0.027620598821002085
leaf_weight=13.504034749697892 111.52255464938935 111.18677233764902 14.431717028142883 36.230656589148566 6.0552641921676678 37.470978523604572 25.223719112691469 4.1979896416887641 3.4998984641861162 147.87170616700314 67.77789088524878 11.132006445433946 2.7505003940314046 6.7203904453199348
leaf_count=246 23702 335 663 4428 118 134 3001 15 229 2746 337 281 13 362
internal_value=0.000803243 0.0174428 0.00513068 -0.0416679 0.0116667 0.0382828 -0.029717 -0.0165194 0.0341085 0.00365396 0.0174404 -0.0174594 -0.030754 0.0116613
internal_weight=599.576 431.22 248.755 168.356 210.028 47.7242 38.7278 10.2533 182.465 162.303 71.2778 56.8336 38.9812 17.8524
internal_count=36610 7824 6923 28786 3676 267 3247 133 901 3409 566 5084 4441 643
is_linear=0
shrinkage=0.05


Tree=24
num_leaves=15
num_cat=0
split_feature=14 15 12 17 16 18 2 7 17 15 3 14 9 11
split_gain=162.599 32.2334 18.0064 17.5851 14.6401 20.3219 15.3283 13.3888 12.5328 10.2838 10.24 8.86298 8.79684 8.57142
threshold=0.20440038684719539 0.19723293203501277 0.25353447376590349 0.9136794085686134 0.30595848658409713 0.64754591254512228 0.78859645520092492 0.91593377606181747 0.45028998456627994 0.069300102098245928 0.18035431927458132 0.13393125262757505 0.26629784098833009 0.26637102734663715
decision_type=2 2 2 2 2 2 2 2 2 2 2 2 2 2
left_child=1 4 8 -2 5 6 -1 -4 -3 -5 -6 13 -12 -8
right_child=3 2 7 9 10 -7 11 -9 -10 -11 12 -13 -14 -15
leaf_value=-0.046214173573660762 -0.051321145414175096 -0.055373463301123749 -0.058045569546572667 -0.033534496725796184 -0.045512172742883675 0.019245720243697709 0.033282180471107689 0.01429908474563716 0.039124810533634494 0.023041271326673225 -0.039353861719857698 -0.047724583688987111 0.048217192469125023 -0.010132011083026703
leaf_weight=35.449894389254041 129.24707613547798 2.7485726003069422 5.9771594566991544 17.31753648235463 3.1861587096937027 46.872997758211568 15.442583818919955 77.719838869292289 158.59340311028063 13.381472862325607 2.4608801185386282 9.1716701928526145 25.751705805771053 35.906870624050498
leaf_count=2978 25944 130 563 2485 95 989 178 480 821 453 207 509 105 803
internal_value=-0.000555517 0.0158108 0.0274636 -0.0432898 -0.000639764 -0.00747536 -0.02059 0.00850831 0.0371838 -0.00892463 0.0297287 -0.00507362 0.039493 0.00331053
internal_weight=579.228 419.282 245.039 159.946 174.243 142.844 95.971 83.697 161.342 30.699 31.3987 60.5211 28.2126 51.3495
internal_count=36740 7858 1994 28882 5864 5457 4468 1043 951 2938 407 1490 312 981
is_linear=0
shrinkage=0.05


Tree=25
num_leaves=15
num_cat=0
split_feature=14 14 4 0 8 12 12 4 1 1 8 12 14 9
split_gain=150.457 33.2099 20.7204 15.9617 12.1764 11.2588 11.1766 17.2074 11.8976 9.4773 10.2033 9.13237 8.9172 8.61506
threshold=0.20440038684719539 0.0099256194276144041 0.011050061050061052 0.0075743111135830321 0.22902097902097904 0.023721235488353302 0.09210694790621754 0.20554346434515428 0.094114505432550968 0.46780333895370624 0.57321428571428579 0.1215292467166099 0.1267136150234742 0.44901809780515983
decision_type=2 2 2 2 2 2 2 2 2 2 2 2 2 2
left_child=1 4 5 -2 13 -3 7 -4 12 11 -11 -10 -8 -1
right_child=3 2 6 -5 -6 -7 8 -9 9 10 -12 -13 -14 -15
leaf_value=0.01463543279072187 -0.052879162741710978 0.018987841717511861 0.033309960422933917 -0.018668717387538041 0.042488481350114085 -0.046809009148628115 -0.0052409538981430248 -0.059629436019485595 -0.034843141801864812 -0.050101992156188893 0.0080796776711641819 0.026362731857029028 -0.056460080824667892 -0.069413688914412602
leaf_weight=22.160986577626321 101.59376758988947 8.0712099375668895 70.72779812826775 53.384519889950752 116.87625465728343 24.797367797465995 45.39880652539432 4.448921682778745 5.7437350531108669 9.5838548340834659 25.431966859381646 79.199319270439446 9.5292069322895241 2.5134726762771598
leaf_count=198 23739 283 838 5088 245 3157 916 159 172 196 171 864 610 47
internal_value=0.000718519 0.0161168 0.0061774 -0.0412901 0.0358011 -0.0305683 0.0111098 0.0270993 0.0041216 0.0129184 -0.00879365 0.0218668 -0.0149774 0.0037036
internal_weight=579.461 424.483 282.932 154.978 141.551 32.8686 250.064 75.1767 174.887 119.959 35.0158 84.9431 54.928 24.6745
internal_count=36683 7856 7366 28827 490 3440 3926 997 2929 1403 367 1036 1526 245
is_linear=0
shrinkage=0.05


Tree=26
num_leaves=15
num_cat=0
split_feature=13 0 14 0 17 5 2 6 3 13 14 12 12 16
split_gain=141.163 26.0131 21.2043 12.4335 10.9877 10.752 9.52777 10.5268 22.2474 14.2962 9.08923 8.99014 8.73951 7.86378
threshold=0.42252551757204032 0.0022898137351880531 0.0099256194276144041 0.0010684167717376375 0.84416197892125411 0.048809523809523817 0.81675308578515071 3.5625186534102634e-07 0.081681711145996871 0.76240804275914786 0.38274558449997048 0.27297732457628149 0.026713100935572217 0.32338046620063976
decision_type=2 2 2 2 2 2 2 2 2 2 2 2 2 2
left_child=1 -1 5 12 13 -2 11 -8 -9 -10 -6 -5 -4 -3
right_child=2 4 3 6 10 -7 7 8 9 -11 -12 -13 -14 -15
leaf_value=-0.051458831852531209 -0.03667699717753034 -0.037323561294599926 0.022255760256662434 0.030604795601367557 0.011858572583382559 0.03688894840092314 0.027531932776613761 0.020950014871857173 -0.045137592731407702 0.011859200907533122 -0.03798304263909557 -0.049233715408913109 -0.048431691342317576 0.036466461519864081
leaf_weight=99.47152275161352 4.3917819713242343 45.774641524883918 5.5171457321848747 72.277223827550188 40.720400724792853 132.40100402012467 35.349314491963014 45.267553531564772 33.513278090627864 15.633023069705812 10.716319259023292 2.8289328562095752 13.787607906037008 3.1295503980945787
leaf_count=23472 52 4529 183 997 1561 435 263 501 858 116 1414 228 1975 40
internal_value=0.000178177 -0.0334423 0.0188297 0.00929262 -0.0152503 0.0342781 0.0129383 0.00466095 -0.00410093 -0.0271324 0.000948247 0.0269902 -0.0281286 -0.0319654
internal_weight=560.779 199.812 360.967 224.174 100.341 136.793 204.869 129.763 94.4139 49.1463 51.4367 75.1062 19.3048 48.9042
internal_count=36624 31016 5608 5121 7544 487 2963 1738 1475 974 2975 1225 2158 4569
is_linear=0
shrinkage=0.05


Tree=27
num_leaves=15
num_cat=0
split_feature=13 0 15 12 13 10 11 6 6 16 7 12 0 9
split_gain=127.392 44.1982 21.3403 13.4532 12.1038 12.1081 11.9214 12.48 11.3491 11.2399 10.5172 9.23104 6.80097 6.75115
threshold=0.53802688382324815 0.0038864499199975605 0.44999327083834223 0.25353447376590349 0.17867662918627755 0.13392857142857145 0.2310308738880168 0.0012768543318192481 0.020613178813057183 0.23772684556983661 0.8101715713288512 0.27297732457628149 0.081894195465403483 0.40026583961010193
decision_type=2 2 2 2 2 2 2 2 2 2 2 2 2 2
left_child=1 -1 3 9 -3 -6 -7 -8 -9 -2 -10 -4 -13 -12
right_child=2 4 11 -5 5 6 7 8 10 -11 13 12 -14 -15
leaf_value=-0.049563669561359762 0.0054622588776475599 -0.043640460803691918 0.046230588591961358 -0.029557254155627162 0.044198915456042008 -0.044982449622368227 0.017705793892724048 -0.056539331481866878 0.038064980887598528 0.037651018551643795 -0.05771986317919954 -0.041718085707236147 0.024330787300525403 -0.0039413096658511247
leaf_weight=108.15289490891155 91.66498886840418 19.057606067159213 89.990213602781296 18.453133102506399 11.87071675644256 16.480254272697493 48.717681790003553 12.622900220332665 10.159637221833689 37.778094827197492 7.1339429887011674 3.3129829587414852 51.290258932858706 21.244558454025537
leaf_count=25452 1497 2706 194 879 239 1103 1417 1200 280 201 455 120 211 729
internal_value=0.000300575 -0.0254449 0.0227949 0.00934351 -0.00751963 -0.00185517 -0.0068901 -0.000221157 -0.0173041 0.0150732 -0.00334794 0.0363949 0.0196451 -0.018965
internal_weight=547.93 255.44 292.49 147.896 147.287 128.23 116.359 99.8787 51.161 129.443 38.5381 144.593 54.6032 28.3785
internal_count=36683 33581 3102 2577 8129 5423 5184 4081 2664 1698 1464 525 331 1184
is_linear=0
shrinkage=0.05


Tree=28
num_leaves=15
num_cat=0
split_feature=14 15 13 0 16 2 1 11 2 4 5 15 18 11
split_gain=117.34 30.3141 17.5336 16.6211 15.5765 13.9779 12.9892 10.5271 14.5952 12.1584 9.57825 14.3151 9.90296 9.48455
threshold=0.20094575861914774 0.12823700750355713 0.91855527524659863 0.0075743111135830321 0.32338046620063976 0.49542652393088765 0.33265167343636992 0.51224528713087081 0.45925457123535229 0.16744548286604363 0.41042780748663105 0.33341186831223329 0.45637732753668786 0.5614504174875693
decision_type=2 2 2 2 2 2 2 2 2 2 2 2 2 2
left_child=1 4 7 -2 5 -1 -7 8 -3 -9 -10 -12 -13 -6
right_child=3 2 -4 -5 13 6 -8 9 10 -11 11 12 -14 -15
leaf_value=-0.049152921055904568 -0.051297962171940173 -0.056481128227393464 0.042657626034235639 -0.015738728604902465 0.040166651359708067 0.0022001531914597641 -0.059652889396857582 0.052344247760207942 0.03061315879859022 -0.028380293657057 -0.059731941905152221 0.028877863644176879 -0.0071246953117414099 -0.056387945279148512
leaf_weight=20.098668175167404 89.857036836561747 7.1067746098851776 87.336134505458176 53.36033021856565 22.845155200921003 84.21953517338261 8.4319272949360293 28.182722996920347 46.581555961165577 4.8918343139812341 7.3579172282479695 33.843878363724798 41.589251612313092 1.9689042721875001
leaf_count=2281 23862 1011 197 5176 245 2209 302 94 463 71 242 145 350 69
internal_value=0.000357646 0.0144366 0.0245486 -0.0382502 -0.00448772 -0.012415 -0.00400576 0.0150253 0.00874523 0.0399223 0.012734 0.00242922 0.00919472 0.0306178
internal_weight=537.672 394.454 256.89 143.217 137.564 112.75 92.6515 169.554 136.479 33.0746 129.373 82.791 75.4331 24.8141
internal_count=36717 7679 2573 29038 5106 4792 2511 2376 2211 165 1200 737 495 314
is_linear=0
shrinkage=0.05


Tree=29
num_leaves=15
num_cat=0
split_feature=14 13 17 9 2 12 2 17 5 18 2 0 15 17
split_gain=101.105 28.5546 17.955 17.576 11.8703 14.6334 14.0552 16.2567 11.4614 11.1261 10.7541 9.66949 7.94054 7.66869
threshold=0.20440038684719539 0.69377914912243088 0.9136794085686134 0.25450779727095524 0.92013670046671092 0.083139004815178594 0.77666296931513601 0.9219610393770995 0.11651583710407241 0.44093835054951974 0.81310734462726952 0.1087491434284084 0.069300102098245928 0.77938608740047799
decision_type=2 2 2 2 2 2 2 2 2 2 2 2 2 2
left_child=1 4 -2 -3 5 9 -7 10 -5 -1 -8 -9 -4 -12
right_child=2 3 12 8 -6 6 7 11 -10 -11 13 -13 -14 -15
leaf_value=-0.045164485410933763 -0.047872552861335391 -0.010705237768481327 -0.026066247391873822 -0.033724323471394889 0.020644999743446177 -0.054828075285964777 0.047835503519732751 -0.060912817793312979 0.033997202589425839 0.020943066993573206 -0.034048048941558488 -0.0015721950311287408 0.024774946307929167 0.015725789336909879
leaf_weight=6.4254373779986045 106.58605804457329 28.600016687065363 16.20768298429903 5.7353965681977561 42.506931708427146 22.151265410822816 12.136970339808611 17.056233903858814 158.16881982330233 45.193252922734246 12.851365800946953 11.163519409019498 12.885223294841124 16.617194664664567
leaf_count=593 25887 621 2497 98 559 2808 98 474 589 1071 452 189 469 223
internal_value=-0.00157561 0.0117044 -0.0384474 0.0251533 -0.00226726 -0.0091456 -0.0210211 -0.00967357 0.0314373 0.0120121 0.0101829 -0.0382953 -0.00347371 -0.00638585
internal_weight=514.285 378.606 135.679 192.504 186.102 143.595 91.9765 69.8253 163.904 51.6187 41.6055 28.2198 29.0929 29.4686
internal_count=36628 7775 28853 1308 6467 5908 4244 1436 687 1664 773 663 2966 675
is_linear=0
shrinkage=0.05


Tree=30
num_leaves=15
num_cat=0
split_feature=14 14 16 4 0 12 8 6 17 8 12 17 10 1
split_gain=110.258 24.9243 14.774 15.0117 13.5938 11.8382 12.0985 11.7873 9.4496 8.21129 8.70792 7.60924 10.4711 7.54034
threshold=0.20440038684719539 0.0099256194276144041 0.25644795311341567 0.011050061050061052 0.0075743111135830321 0.041594467926420763 0.20942982456140355 0.0014535007435025813 0.66496502521872491 0.22902097902097904 0.10572806766402222 0.99967881633045186 0.86607142857142871 0.17884888211227465
decision_type=2 2 2 2 2 2 2 2 2 2 2 2 2 2
left_child=1 9 3 -3 -2 -5 -7 11 -9 10 -1 -8 -13 -11
right_child=4 2 -4 5 -6 6 7 8 -10 13 -12 12 -14 -15
leaf_value=0.019647483725470809 -0.051374684653625657 -0.037405785971027943 0.033358305055515035 0.035853241786665373 -0.017651422976727234 -0.044152456573105917 0.028576711590431916 -0.059249898709968545 -0.0028967834227209299 0.046833054117250188 -0.052570965875964652 -0.033518117303505533 0.053531972935783614 0.017020627877700641
leaf_weight=19.699416267685596 81.41912422562018 22.886632696026936 38.194674232858233 25.213348397053778 49.213983958936296 13.372268685139714 51.75964393815957 7.1679396396502844 84.854772492079064 72.590870985761285 4.2363917357288292 11.846941757481543 3.7515001352876416 32.065786180086434
leaf_count=121 23798 3155 515 249 5106 730 643 355 1423 122 123 244 13 120
internal_value=0.000651139 0.0140457 0.00506841 4.76036e-05 -0.0389006 0.00454378 -0.000205891 0.00373359 -0.00787606 0.0319517 0.0052699 0.0194776 -0.0106184 0.0379464
internal_weight=518.273 387.64 259.048 220.853 130.633 197.966 172.753 159.381 92.0227 128.592 23.9358 67.3581 15.5984 104.657
internal_count=36717 7813 7327 6812 28904 3657 3408 2678 1778 486 244 900 257 242
is_linear=0
shrinkage=0.05


Tree=31
num_leaves=15
num_cat=0
split_feature=14 15 13 12 8 15 17 16 16 15 3 1 11 7
split_gain=97.0158 27.672 13.9156 14.3893 14.2025 13.5969 13.0682 14.1479 12.4818 12.2876 10.9944 9.00554 8.83961 8.70711
threshold=0.1930863776032776 0.12823700750355713 0.60549799009541205 0.27297732457628149 0.45889639639639646 0.52689527905334999 0.9136794085686134 0.30595848658409713 0.35389979080954209 0.069300102098245928 0.21443030653556971 0.3523916380863672 0.5614504174875693 0.99988972209969129
decision_type=2 2 2 2 2 2 2 2 2 2 2 2 2 2
left_child=1 8 4 -4 -3 -5 7 -2 10 -8 11 -1 -10 -6
right_child=6 2 3 5 13 -7 9 -9 12 -11 -12 -13 -14 -15
leaf_value=0.0072281255296986289 -0.048865833533406178 -0.022052468332534051 0.040686115656952168 -0.051668668603122893 0.032055195862124214 0.019257103079194555 -0.038004207178868279 0.034948917270323655 0.039143799135903871 0.024093052360387293 -0.031928264783481979 -0.045682195297514938 -0.055233626273532413 -0.036124201498762804
leaf_weight=61.2223677248694 98.331587010296062 28.589742255629972 117.75332418270409 6.9996719838818526 34.974542375188321 43.104182650800794 14.887692111544313 4.6187828921247265 19.901491278200414 15.028313665301537 41.322474393527955 8.2358684395439905 1.9302190029993642 4.5377692859619847
leaf_count=1378 26102 1303 431 239 236 231 2533 198 219 481 2984 266 70 43
internal_value=5.15214e-05 0.0132615 0.0234985 0.0311956 0.00435004 0.00853138 -0.0364182 -0.0448055 -0.00499302 -0.00703934 -0.0118397 0.000395076 0.0287459 0.0235268
internal_weight=501.438 368.572 235.959 167.857 68.1021 50.1039 132.866 102.95 132.612 29.916 110.781 69.4582 21.8317 39.5123
internal_count=36714 7400 2483 901 1582 470 29314 26300 4917 3014 4628 1644 289 279
is_linear=0
shrinkage=0.05


Tree=32
num_leaves=15
num_cat=0
split_feature=14 15 0 16 4 12 11 8 15 18 1 3 8 17
split_gain=83.4386 22.3315 16.8907 16.0295 12.9195 11.0185 10.6698 10.6432 9.63377 12.6981 10.8623 9.45883 8.05966 7.67785
threshold=0.20440038684719539 0.6825183623234391 0.0075743111135830321 0.26177394542560595 0.011050061050061052 0.041594467926420763 0.61620294599018011 0.24744897959183676 0.097344539316078726 0.64754591254512228 0.51938691533828918 0.99797570850202433 0.74456521739130443 0.77938608740047799
decision_type=2 2 2 2 2 2 2 2 2 2 2 2 2 2
left_child=1 3 -2 4 11 -6 -5 -7 9 -9 13 -1 -12 -10
right_child=2 -3 -4 6 5 7 -8 8 10 -11 12 -13 -14 -15
leaf_value=-0.046265118639233285 -0.050819283395657257 0.031140952441182493 -0.012667319355451838 0.0361075381924474 0.033339671105129191 -0.035886191330200656 -0.035258777761413583 -0.029284377916413019 -0.018053501904236886 0.017970720761116412 -0.06456841245655788 0.030222018788000651 0.033332137654909409 0.026986390224071628
leaf_weight=22.89504295017105 73.463898247573525 104.56418271898292 48.915860494831577 46.613524685846642 24.100154892541468 19.5580424729269 5.0836573792621484 38.548999375896528 10.436163786333053 21.359895839821547 6.06553031131625 4.1421966304769731 2.2646079286932945 61.276916644768789
leaf_count=3041 23817 444 5092 516 250 923 75 1440 178 266 110 132 8 423
internal_value=-0.000214197 0.0117189 -0.035796 0.00388887 -0.00227071 0.00254325 0.0285538 -0.00228846 0.00262804 -0.0124176 0.0139034 -0.0338871 -0.0372335 0.0202737
internal_weight=489.289 366.909 122.38 262.345 210.648 183.61 51.6972 159.51 139.952 59.9089 80.0432 27.0372 8.33014 71.7131
internal_count=36715 7806 28909 7362 6771 3598 591 3348 2425 1706 719 3173 118 601
is_linear=0
shrinkage=0.05


Tree=33
num_leaves=15
num_cat=0
split_feature=13 13 16 15 18 13 12 13 4 3 18 2 12 0
split_gain=92.8038 13.8571 13.4001 13.0992 13.9171 11.4428 10.8864 9.4808 8.65127 7.81981 7.33299 8.40421 7.15725 7.12663
threshold=0.42252551757204032 0.20973718103907643 0.33868940048183721 0.097344539316078726 0.64754591254512228 0.91855527524659863 0.085992790051939175 0.49253669584893339 0.011237373737373739 0.051151229722658301 0.52775592254928272 0.78859645520092492 0.25353447376590349 0.0083661735287925785
decision_type=2 2 2 2 2 2 2 2 2 2 2 2 2 2
left_child=1 -1 3 4 10 6 -5 -8 -3 -4 11 -2 -11 -9
right_child=2 8 9 5 -6 -7 7 13 -10 12 -12 -13 -14 -15
leaf_value=-0.047734291496707347 -0.040975843363402396 -0.0486829137790947 -0.039374254031660963 0.03575567551621419 0.018725914887755355 0.037778593362322893 -0.050212211091722539 -0.044656228985390567 -0.0091832694490264315 0.045360483172895052 -0.044587893881486242 0.010851643537649202 -0.0020291440699006583 0.009584434645102391
leaf_weight=75.94450444157701 10.87112814321881 16.876476828649174 2.6310149566270402 27.316282289451919 32.899273961200379 47.712558385683224 7.475775863393209 5.5890788907418019 64.931360310525633 52.528540872037411 20.804393098922446 22.082883852533996 9.2627076723147166 75.317207765299827
leaf_count=21887 1128 4914 54 300 669 130 379 522 4297 215 1001 460 204 550
internal_value=-0.00125373 -0.0324319 0.0144388 0.0091251 -0.00654089 0.0174221 0.00877557 0.000130076 -0.0178213 0.0346104 -0.0220634 -0.00694888 0.0383374 0.00533798
internal_weight=472.243 157.752 314.491 250.069 86.6577 163.411 115.698 88.3821 81.8078 64.4223 53.7584 32.954 61.7912 80.9063
internal_count=36710 31098 5612 5139 3258 1881 1751 1451 9211 473 2589 1588 419 1072
is_linear=0
shrinkage=0.05


Tree=34
num_leaves=15
num_cat=0
split_feature=14 14 6 2 16 6 18 6 14 8 10 2 7 1
split_gain=74.6186 24.7123 14.5255 10.2791 9.62563 9.36224 14.6999 7.78707 7.79175 7.40905 7.3625 7.95708 7.29405 9.68566
threshold=0.20440038684719539 0.0099256194276144041 9.930011253580252e-10 0.056707568385981531 0.25644795311341567 4.6458171343946458e-07 0.66153829291675781 6.4530645615691421e-08 0.38274558449997048 0.34738243123336293 0.3303571428571429 0.52827795298234881 0.85684458733221358 0.081417959134725493
decision_type=2 2 2 2 2 2 2 2 2 2 2 2 2 2
left_child=1 10 -2 9 5 -5 -7 8 -4 -3 11 -1 -6 -14
right_child=2 3 7 4 12 6 -8 -9 -10 -11 -12 -13 13 -15
leaf_value=-0.062473578000467503 -0.051699020655504468 -0.051902798576117716 0.039732101897468453 0.014596133955702398 0.049422128139351672 -0.01901816970124497 0.017799036495369527 -0.026830897873918458 -0.036842944571818997 0.026412954930035051 0.033865464269841633 0.021012419999488097 -0.06741923638286268 0.023976907298094253
leaf_weight=3.4293543552048487 61.883133538474794 12.837546243099498 9.5237316379789245 72.701066891662776 18.272844784660268 87.727604348096065 38.133295393548906 38.500138805015013 3.9454746675910419 3.1898001573281354 104.00120654329658 7.1141465785913169 2.8520757406949988 10.717071963474153
leaf_count=125 22191 2513 274 1641 113 2374 472 5851 593 112 340 35 50 81
internal_value=-0.000366004 0.0107762 -0.0354794 0.00182292 0.00457464 0.000425176 -0.00781093 -0.0155543 0.0163053 -0.0356804 0.0298559 -0.00920169 0.0296492 0.00145754
internal_weight=474.828 360.976 113.852 246.431 230.404 198.562 125.861 51.9693 13.4692 16.0273 114.545 10.5435 31.842 13.5691
internal_count=36765 7856 28909 7356 4731 4487 2846 6718 867 2625 500 160 244 131
is_linear=0
shrinkage=0.05


Tree=35
num_leaves=15
num_cat=0
split_feature=13 14 0 3 11 12 4 8 6 6 12 1 5 1
split_gain=76.1535 17.2978 14.2708 14.2088 10.7157 9.765 16.4777 8.82859 8.03514 8.09017 6.05421 5.77266 5.45853 5.0167
threshold=0.29436992675964307 0.0099256194276144041 0.064377551022189464 0.35815853166599437 0.17965587044534417 0.084715511399399479 0.20554346434515428 0.27386363636363642 0.0012768543318192481 0.015729368792027149 0.023721235488353302 0.16879782773119487 0.085144927536231887 0.14392815725462296
decision_type=2 2 2 2 2 2 2 2 2 2 2 2 2 2
left_child=2 4 -1 5 -2 6 -3 11 -9 -10 -5 -7 -6 -14
right_child=1 3 -4 10 12 7 -8 8 9 -11 -12 -13 13 -15
leaf_value=-0.04824861584313437 -0.019227080204185884 0.031475153738397293 -0.0002627506811796129 0.009581173935883109 -0.020246053483205708 -0.045752517659492557 -0.058949500109150614 0.019799994080901998 -0.053991657247269391 0.00048151720702403246 -0.039972044172578769 0.005867573293795998 0.042812329732660942 0.017839709228770404
leaf_weight=79.375410919252317 10.71574751799926 58.440212191722821 19.20762553170789 7.7688637366518405 4.1614792477339497 14.196900597889909 4.5880412642145521 56.961688171722926 6.5682173252571365 68.411650076042861 23.670741405745503 8.0938831134699267 62.096234211698174 32.766908805817366
leaf_count=25044 150 1087 1472 600 57 840 245 778 334 1201 4447 225 146 135
internal_value=-0.000304619 0.0104156 -0.0389957 0.00308314 0.026855 0.00766049 0.024075 0.000840714 0.0058104 -0.00493812 -0.0278093 -0.0275619 0.031984 0.0344626
internal_weight=457.024 358.441 98.583 248.7 109.74 217.261 63.0283 154.232 131.942 74.9799 31.4396 22.2908 99.0246 94.8631
internal_count=36761 10245 26516 9757 488 4710 1332 3378 2313 1535 5047 1065 338 281
is_linear=0
shrinkage=0.05


Tree=36
num_leaves=15
num_cat=0
split_feature=13 15 15 16 18 16 18 10 1 14 9 2 6 1
split_gain=67.5228 19.4083 13.3304 14.4138 12.9596 9.5518 10.203 9.11771 9.58513 9.72691 10.0859 8.19051 10.8445 10.6856
threshold=0.26908256348016102 0.097344539316078726 0.50465057161991267 0.30595848658409713 0.4971687699526629 0.32338046620063976 0.64754591254512228 0.40178571428571436 0.46780333895370624 0.0064309346567411095 0.20278856825749172 0.78859645520092492 1.8093561950885133e-07 0.022999302876562076
decision_type=2 2 2 2 2 2 2 2 2 2 2 2 2 2
left_child=2 5 3 -1 7 6 11 -3 -9 -10 -11 -2 -13 -14
right_child=1 4 -4 -5 -6 -7 -8 8 9 10 -12 12 13 -15
leaf_value=-0.048240505331707401 -0.04080458573546749 -0.056889756481702185 0.032323054165640894 0.040058685247054436 0.026364317759304014 0.023513341289445402 0.010848261203498355 0.022490347256347253 0.032612608458064969 0.025533839240763842 -0.059899269526203995 0.024550799177873901 0.015036590383668958 -0.043691596023423145
leaf_weight=78.184651140414644 29.548324296833016 5.4365935151581644 5.5521695456700391 4.1774955553701139 167.88382097892463 24.472470846842043 37.946980432083365 33.539285871083848 5.808449704200032 4.0330527164042023 12.233349667862056 16.45011026551947 11.106843522749839 21.800248292507604
leaf_count=24864 4418 697 138 155 2162 339 1392 437 17 18 124 336 327 1212
internal_value=0.000891859 0.010263 -0.0382471 -0.0433351 0.0192273 -0.00429146 -0.0102647 -0.000507475 0.00591172 -0.01916 -0.0384652 -0.020427 -0.00765967 -0.0240107
internal_weight=458.174 370.26 87.9143 82.3621 228.935 141.325 116.853 61.0507 55.6141 22.0749 16.2664 78.9055 49.3572 32.9071
internal_count=36636 11479 25157 25019 3455 8024 7685 1293 596 159 142 6293 1875 1539
is_linear=0
shrinkage=0.05


Tree=37
num_leaves=15
num_cat=0
split_feature=13 3 15 11 9 1 5 14 5 15 4 18 10 13
split_gain=74.5621 26.209 12.8831 13.5416 11.6552 9.13104 8.93354 8.88507 8.35069 7.27734 11.2802 6.21539 7.93919 6.67253
threshold=0.49253669584893339 0.22170878511056094 0.9683600246133518 0.21060023654642226 0.95762253296499888 0.46780333895370624 0.046536796536796543 0.052077911404542099 0.051315789473684217 0.43711311266549979 0.10495716034271728 0.51234946169245077 0.46428571428571436 0.56436388696869921
decision_type=2 2 2 2 2 2 2 2 2 2 2 2 2 2
left_child=1 9 3 8 -3 6 -5 -8 -2 -1 -11 13 -13 -9
right_child=2 4 -4 5 -6 -7 7 11 -10 10 -12 12 -14 -15
leaf_value=-0.014894517494863103 0.032968675075763995 -0.048466703601048669 0.037529969525668505 -0.059912480833759489 0.031660628551390346 -0.017491214805400161 0.028100784910708179 0.042116331570186051 -0.035420104606354121 0.046281853703697272 -0.015548971416244254 -0.051356534907012252 0.0050357439637699359 -0.022771143346539159
leaf_weight=63.799404270481318 4.7595028462819782 80.440533629152924 60.21453138103243 2.5296039090026161 4.1450859834440044 17.590420642169192 122.78769249166362 13.115150285186248 20.977114855777472 13.623098466778176 14.129697209224103 8.0035297858994472 19.847915598656982 4.7734566462459034
leaf_count=5620 50 26707 186 67 135 205 768 199 1578 109 193 311 403 162
internal_value=0.000992725 -0.0243194 0.0172582 0.0114166 -0.044216 0.0160693 0.019602 0.0211419 -0.0220128 -0.0056576 0.0153562 0.00225941 -0.0123878 0.0245127
internal_weight=450.737 176.138 274.599 214.384 84.5856 188.648 171.057 168.528 25.7366 91.5522 27.7528 45.7401 27.8514 17.8886
internal_count=36693 32764 3929 3743 26842 2115 1910 1843 1628 5922 302 1075 714 361
is_linear=0
shrinkage=0.05


Tree=38
num_leaves=15
num_cat=0
split_feature=13 15 12 12 6 7 15 0 8 9 2 11 17 6
split_gain=59.5659 21.2875 12.5902 10.6435 9.71954 8.70814 8.36844 8.34466 14.185 8.15539 9.04301 7.80652 7.63222 7.70427
threshold=0.27481608878116842 0.19723293203501277 0.25353447376590349 0.094660743781648155 0.99978480517996682 0.97089614740368513 0.50465057161991267 0.012896365192845469 0.34738243123336293 0.49827817300752658 0.90509320492887912 0.65643274853801181 0.45028998456627994 0.33885968560148494
decision_type=2 2 2 2 2 2 2 2 2 2 2 2 2 2
left_child=6 3 12 7 5 11 -1 -2 -9 10 -4 -5 -3 -14
right_child=1 2 9 4 -6 -7 -8 8 -10 -11 -12 -13 13 -15
leaf_value=-0.041137464616552738 -0.0083462773111232982 -0.049557179993425432 -0.060176203494968709 -0.039181805920163938 0.025851161311138883 0.011447296347223301 0.022795124888056711 0.032922274129252235 -0.05980761514225949 0.027203461286320976 0.00018012048344863538 0.022457596592529439 0.021594108229440884 0.047539032508470941
leaf_weight=78.525258836394642 38.060639630421065 2.1512973855715236 6.3788956188363946 48.848008251574356 10.426651459652929 13.19112922484055 4.8542882641777387 38.440399194834754 3.6848869224777436 21.625932682771236 39.003309115301818 5.0804395433515301 84.684111254580785 45.216325069544837
leaf_count=25399 3304 141 617 4159 42 306 142 809 214 121 325 114 978 117
internal_value=0.000601496 0.00951218 0.0203432 -0.00419875 -0.0172986 -0.0242828 -0.0371893 0.00852691 0.023612 0.00262726 -0.00941802 -0.0330718 0.0292456 0.0309193
internal_weight=440.172 356.792 199.06 157.732 77.5462 67.1196 83.3795 80.1859 42.1253 67.0081 45.3822 53.9284 132.052 129.9
internal_count=36788 11247 2299 8948 4621 4579 25541 4327 1023 1063 942 4273 1236 1095
is_linear=0
shrinkage=0.05


Tree=39
num_leaves=15
num_cat=0
split_feature=2 15 9 13 13 16 5 2 2 0 14 8 6 17
split_gain=53.7991 20.8303 15.1386 9.8498 9.68486 9.2485 9.19848 8.41396 8.89247 7.83669 6.66315 6.64721 6.99426 6.39202
threshold=0.55025067066573541 0.097344539316078726 0.21966374852447587 0.42252551757204032 0.91855527524659863 0.32338046620063976 0.36939571150097467 0.81675308578515071 0.82988504422543163 0.0040760619017373417 0.20440038684719539 0.63995726495726502 0.00092054496776850729 0.8237710437335769
decision_type=2 2 2 2 2 2 2 2 2 2 2 2 2 2
left_child=2 3 -1 5 7 -2 13 -3 -9 10 -4 12 -8 -5
right_child=1 4 9 6 -6 -7 11 8 -10 -11 -12 -13 -14 -15
leaf_value=-0.050708263476978543 -0.031352437299110157 0.032931983196219511 0.012052954904449568 0.040542015725038523 0.038680872394053718 0.040792017999723457 0.022305694116710486 -0.067526232403329139 0.0089148829517022507 -0.053194143006007458 -0.036920386382674961 -0.063814680566976006 -0.026531543886525538 0.0036958128829994519
leaf_weight=51.42820098408265 41.72060575830983 39.729794901097193 27.221981616923586 18.459420191124082 50.428275078069419 4.0950869370717546 12.10663150274195 2.9464387244079253 110.42469439085107 7.6049860513885497 8.2126899266731908 4.9206207664683452 15.69480122218374 30.363103698240593
leaf_count=20319 6662 725 868 277 125 53 299 85 1327 800 3610 162 502 604
internal_value=0.000436415 0.00995007 -0.0326419 -0.00588289 0.019838 -0.0241704 0.00456029 0.0134208 0.00635519 -0.0103932 6.0931e-07 -0.0156695 -0.00522843 0.0181612
internal_weight=425.357 330.889 94.4679 127.36 203.529 45.8157 81.5446 153.101 113.371 43.0397 35.4347 32.7221 27.8014 48.8225
internal_count=36418 10821 25597 8559 2262 6715 1844 2137 1412 5278 4478 963 801 881
is_linear=0
shrinkage=0.05


Tree=40
num_leaves=15
num_cat=0
split_feature=14 15 13 17 16 14 11 13 12 11 8 12 2 9
split_gain=50.2209 18.1739 11.0303 9.20815 9.02661 9.55324 8.43346 8.0122 8.18002 7.81605 7.66812 7.17163 8.89071 6.55848
threshold=0.40118019774404684 0.097344539316078726 0.91855527524659863 0.8237710437335769 0.30595848658409713 0.1267136150234742 0.5614504174875693 0.44777305932054051 0.33022453670849888 0.53387314439946032 0.22902097902097904 0.041594467926420763 0.73173640802850859 0.26629784098833009
decision_type=2 2 2 2 2 2 2 2 2 2 2 2 2 2
left_child=1 4 3 7 5 11 13 -3 -9 -5 -4 -1 -13 -6
right_child=-2 2 10 9 6 -7 -8 8 -10 -11 -12 12 -14 -15
leaf_value=0.025071570476873518 -0.044240247174308772 -0.044341980250992938 -0.016340985669495791 0.0098693619234020077 -0.037920308428388005 -0.029586724095499485 -0.056706337425755343 0.015691177898443844 -0.058528318970309426 0.041921990909550261 0.040825699827244835 -0.048287209642718189 -0.00015157683192274548 0.040654257393152343
leaf_weight=18.831113591790199 53.37632755652885 11.823770978313403 6.0519334692507973 103.08817123848712 2.252118065604015 45.832260167604545 2.1722775949165216 22.183796306781009 3.4240995312575242 22.639693047618493 52.37508918531239 10.9147528600879 49.255305109079927 19.49891871237196
leaf_count=377 21453 1480 83 1640 189 8115 83 460 203 109 121 1212 1115 127
internal_value=0.000639326 0.00720938 0.016256 0.00946958 -0.00628489 -0.0116929 0.0212716 -0.0120678 0.00394041 0.0159263 0.034729 -0.00107187 -0.00952995 0.0312094
internal_weight=423.72 370.343 221.587 163.16 148.757 124.833 23.9233 37.4317 25.6079 125.728 58.427 79.0012 60.1701 21.751
internal_count=36767 15314 4096 3892 11218 10819 399 2143 663 1749 204 2704 2327 316
is_linear=0
shrinkage=0.05


Tree=41
num_leaves=15
num_cat=0
split_feature=13 4 15 12 10 12 16 13 12 8 13 9 12 11
split_gain=48.4131 20.8317 11.8749 13.7769 12.8542 9.59767 8.80764 6.47422 9.09406 5.91827 9.36258 7.99447 7.63003 5.91414
threshold=0.49253669584893339 0.011050061050061052 0.9683600246133518 0.41056170751653215 0.40178571428571436 0.024281171891367553 0.25644795311341567 0.1509381631274844 0.094660743781648155 0.46546310832025123 0.40001610292384265 0.61375695732838598 0.15447250059180939 0.61620294599018011
decision_type=2 2 2 2 2 2 2 2 2 2 2 2 2 2
left_child=1 -1 3 4 5 -2 -6 -3 -9 11 12 -10 -11 -8
right_child=2 7 -4 -5 6 -7 13 8 9 10 -12 -13 -14 -15
leaf_value=-0.047662417331110901 0.029060467120947515 -0.043824530138714943 0.034112950408147456 -0.040747062512227643 0.0098652813823110596 -0.03044301119279352 0.042656349082420893 0.010024611417395721 -0.050104216487824496 -0.044429551907207383 -0.051871826097655171 0.028945458889084775 0.029125103306237944 -0.016107404219841661
leaf_weight=50.577173097466584 8.1466800045454857 10.917495299072469 54.335946307284757 12.635929554817265 108.7041939017945 26.222309826058336 38.597224075638223 50.367408689227886 19.244177887332629 3.5191077673807802 6.288047641166485 3.120399681502021 15.801199110806918 4.2815800523385397
leaf_count=23208 120 2859 188 438 1526 1425 172 3924 1696 380 272 101 311 60
internal_value=1.26033e-05 -0.0214516 0.013608 0.00785477 0.0113577 -0.0159157 0.0176053 -0.00899602 -0.00472721 -0.0201038 -0.00336321 -0.0383081 0.0142003 0.0365552
internal_weight=412.759 159.835 252.924 198.588 185.952 34.369 151.583 109.258 98.3403 47.9729 25.6084 22.3646 19.3203 42.8788
internal_count=36680 32751 3929 3741 3303 1545 1758 9543 6684 2760 963 1797 691 232
is_linear=0
shrinkage=0.05


Tree=42
num_leaves=15
num_cat=0
split_feature=14 15 9 16 5 9 1 13 15 8 14 9 2 4
split_gain=39.6128 19.3326 16.8424 13.5631 12.2654 11.5152 8.28909 8.1344 7.05084 6.08419 6.26354 5.55402 5.45958 5.35214
threshold=0.40118019774404684 0.67087281944312205 0.20960061443932418 0.30595848658409713 0.061669829222011391 0.57722122838401924 0.42627636816495079 0.91855527524659863 0.097344539316078726 0.60990338164251223 0.1267136150234742 0.27779098014364179 0.056707568385981531 0.16744548286604363
decision_type=2 2 2 2 2 2 2 2 2 2 2 2 2 2
left_child=1 2 4 6 -1 -5 8 13 9 10 12 -8 -4 -3
right_child=-2 7 3 5 -6 -7 11 -9 -10 -11 -12 -13 -14 -15
leaf_value=0.017941831555396564 -0.044026998011952645 0.028861584554272426 -0.047471470227515966 0.037343564770907049 -0.049188029946492934 -0.041115204047578249 0.018788368632965666 0.042673078874003144 0.010220056913068182 -0.043447042259568219 -0.023633725235784032 -0.058408688801426613 0.01025003100033074 -0.0015959370432114936
leaf_weight=8.2390268394956347 49.140998419781681 24.319333558669314 3.4939368350896975 35.55224273155909 28.889366660499945 4.5233244505943722 2.4606824372895053 33.015554920770228 74.007321062148549 11.160317380214108 28.45703781285556 9.636968754231928 46.437806207686663 33.289606872946024
leaf_count=683 21361 233 291 224 6074 111 39 83 1418 766 4014 269 894 232
internal_value=-0.00250953 0.00354082 -0.00357614 0.00182994 -0.0342116 0.0277026 -0.00419631 0.0232207 -0.00112439 -0.0105093 -0.00533166 -0.042471 0.00535825 0.0115346
internal_weight=392.624 343.483 252.858 215.73 37.1284 40.0756 175.654 90.6245 163.556 89.5491 78.3888 12.0977 49.9317 57.6089
internal_count=36692 15331 14783 8026 6757 335 7691 548 7383 5965 5199 308 1185 465
is_linear=0
shrinkage=0.05


Tree=43
num_leaves=15
num_cat=0
split_feature=14 14 4 16 11 8 3 5 1 2 3 17 10 1
split_gain=41.477 15.0871 11.9099 8.0342 7.89323 8.46283 7.20354 6.82784 6.77923 13.0188 10.6139 7.92474 6.76452 9.97286
threshold=0.40118019774404684 0.018127053669222345 0.011050061050061052 0.12842765431332967 0.63727013727013737 0.12931995540691196 0.033222958057395148 0.048809523809523817 0.083804918593766639 0.81675308578515071 0.23247625286603343 0.99967881633045186 0.3303571428571429 0.15927641521554692
decision_type=2 2 2 2 2 2 2 2 2 2 2 2 2 2
left_child=1 6 -3 4 5 -4 -1 -7 9 10 -9 -10 -8 -14
right_child=-2 2 3 -5 -6 7 12 8 11 -11 -12 -13 13 -15
leaf_value=-0.055968816238183818 -0.043442372097834546 -0.031123811797199905 0.025283826783652485 0.027405803044107741 0.032587440317994279 0.037526825643088457 -0.011684435511498647 0.021891521618075636 0.010196774700577511 -0.054733357158553375 -0.031890651169846441 -0.020416526780244838 0.03939049654846765 0.0060686502394264328
leaf_weight=2.0240148343145838 46.763964431942441 27.664951597747859 20.822428187704645 28.539599955780432 15.289827406057155 6.8371368895750484 11.827121605514547 17.464250114164315 53.358331540948711 20.397085446398705 17.264479612815194 33.601816181675531 62.426139838993549 35.405150513164699
leaf_count=48 21406 7544 846 259 346 167 236 463 1124 1325 1529 883 270 211
internal_value=0.000293858 0.0061955 -0.000856441 0.00319095 -0.000671152 -0.00384023 0.0213005 -0.00805384 -0.0104941 -0.0240422 -0.00498914 -0.00172998 0.0232196 0.0275147
internal_weight=399.686 352.922 241.24 213.575 185.035 169.746 111.682 148.923 142.086 55.1258 34.7287 86.9601 109.658 97.8313
internal_count=36657 15251 14486 6942 6683 6337 765 5491 5324 3317 1992 2007 717 481
is_linear=0
shrinkage=0.05


Tree=44
num_leaves=15
num_cat=0
split_feature=14 6 12 0 4 9 0 3 15 0 9 9 10 12
split_gain=40.094 14.405 11.9497 13.1649 11.0642 8.61366 8.90753 8.44365 7.69057 7.23984 6.46078 6.1608 7.7171 6.15508
threshold=0.40118019774404684 0.36764247357636948 0.094660743781648155 0.004183925474358652 0.15978723404255321 0.20960061443932418 0.017112464273272704 0.077337819185645293 0.2024011413686089 0.39336496019939821 0.71506770900542815 0.37864543161493408 0.40178571428571436 0.25353447376590349
decision_type=2 2 2 2 2 2 2 2 2 2 2 2 2 2
left_child=1 2 4 -4 5 6 -1 9 -5 -3 -10 -7 -13 -11
right_child=-2 7 3 8 -6 11 -8 -9 10 13 -12 12 -14 -15
leaf_value=-0.042425917680061938 -0.043247391427666516 -0.04981552108470455 -0.053637566181905363 -0.018383899752423317 -0.04208440582095082 0.037827494417629025 0.024795252126695019 0.037999679067853447 0.0074063940903092004 0.033180523333453081 -0.063322711975682344 -0.033758064413407 0.019935412217869885 -0.026635347641552277
leaf_weight=10.141877997957637 45.19665159995202 4.4521321286447373 13.11742631474044 52.585181560367346 7.3851654025493181 42.002113514987286 7.9539580546552306 47.936020709574223 96.377098415396176 13.080826823832469 2.3449579048901787 7.0810810565017155 39.421977788035292 5.3233895159792146
leaf_count=2983 21442 59 3780 2686 463 1436 150 181 969 200 31 740 1406 192
internal_value=0.000536266 0.0063104 0.00115668 -0.00745311 0.0135331 0.0177415 -0.0131279 0.0262805 -0.00312331 0.00113943 0.00510821 0.0241292 0.0112209 0.0153979
internal_weight=394.4 349.203 278.411 164.425 113.986 106.601 18.0958 70.7924 151.307 22.8563 98.7221 88.5052 46.5031 18.4042
internal_count=36718 15276 14644 7466 7178 6715 3133 632 3686 451 1000 3582 2146 392
is_linear=0
shrinkage=0.05


Tree=45
num_leaves=15
num_cat=0
split_feature=14 15 12 14 11 6 10 12 14 5 17 6 2 2
split_gain=39.9474 14.4323 9.45664 8.21741 8.93437 7.68722 7.32848 8.67487 9.33201 6.61195 6.58871 6.01825 5.52758 6.92627
threshold=0.35991631799163187 0.31855339562648671 0.25353447376590349 0.0099256194276144041 0.16674942072161539 0.071907485513521316 0.59821428571428581 0.02537485821067911 0.1154812524159258 0.044466403162055343 0.83363857211957904 0.0027592275703413713 0.81675308578515071 0.89391329000647934
decision_type=2 2 2 2 2 2 2 2 2 2 2 2 2 2
left_child=1 2 6 4 -3 -2 7 9 -9 -1 -5 -8 -12 -14
right_child=5 3 -4 10 -6 -7 11 8 -10 -11 12 -13 13 -15
leaf_value=-0.045982699283577268 -0.048445105585568922 -0.020773629078170291 -0.037585901730662209 -0.016351244303436947 0.03964607435255172 0.01506197870037273 0.032570657376237176 -0.0014145814024616307 -0.033818971622604291 0.029412515942689517 0.042436705936052657 -0.005775369846847859 -0.022341490098024507 0.017131561931320982
leaf_weight=2.4260407977271852 44.04852686994127 6.3399436874315134 17.323286327649839 20.368566052115057 49.147310522384942 4.8693152593914411 25.855483106046449 64.65144189709099 32.925830909400247 21.760931560682366 13.968634542368816 16.103837419766933 13.409839970059691 48.4296406195499
leaf_count=331 22362 67 2371 763 142 598 550 1760 5504 1031 209 556 171 354
internal_value=-0.000231791 0.00600906 -0.00352143 0.0173345 0.032497 -0.0419485 0.00028916 -0.00593241 -0.0125811 0.0203247 0.0083424 0.0180617 0.0151037 0.00835255
internal_weight=381.629 332.711 181.047 151.664 55.4873 48.9178 163.724 121.764 97.5773 24.187 96.1767 41.9593 75.8081 61.8395
internal_count=36769 13809 12103 1706 209 22960 9732 8626 7264 1362 1497 1106 734 525
is_linear=0
shrinkage=0.05


Tree=46
num_leaves=15
num_cat=0
split_feature=13 16 11 13 12 2 15 5 8 16 14 15 17 14
split_gain=36.427 12.4656 11.0705 10.369 10.1124 7.47675 5.13533 6.21159 9.35041 5.00807 4.82529 6.32189 6.39013 7.13468
threshold=0.26643667426351419 0.30595848658409713 0.21060023654642226 0.60549799009541205 0.03781401943297108 0.59363279277483538 0.38639622229716158 0.42020373514431247 0.63995726495726502 0.33868940048183721 0.0968564845292956 0.11084761358403449 0.9277222553887613 0.1267136150234742
decision_type=2 2 2 2 2 2 2 2 2 2 2 2 2 2
left_child=1 -1 4 10 -2 -6 7 9 -9 -5 -4 12 13 -12
right_child=2 -3 3 6 5 -7 -8 8 -10 -11 11 -13 -14 -15
leaf_value=-0.040726726209917741 0.024090419385495346 0.043482215531661553 -0.015435930816794155 0.0094149999783700745 -0.054308512497063283 -0.0098951568964220447 0.030599343978486182 0.0060019677459604223 -0.068290930851611129 0.041742512070607425 0.040280516014667228 0.021798114025718976 -0.034850734594744061 -0.011486142348738603
leaf_weight=55.72402705514105 14.821695983002426 3.958709691418334 32.092931334627792 31.984560831449926 12.162519522127694 36.101540947216563 70.342762366170064 23.469272397691388 4.1346994074992827 18.960722125601023 9.3559394751209783 37.473502926644869 12.395360352413261 17.775446361978538
leaf_count=25004 849 150 852 394 3560 1019 271 340 92 100 217 760 1156 2086
internal_value=0.00102189 -0.0345167 0.00771469 0.0122999 -0.0109355 -0.0219625 0.0208351 0.0118162 -0.00712452 0.0220186 0.000567488 0.00734994 -0.0065476 0.00716229
internal_weight=380.754 59.6827 321.071 257.985 63.0858 48.2641 148.892 78.5493 27.604 50.9453 109.093 77.0002 39.5267 27.1314
internal_count=36850 25154 11696 6268 5428 4579 1197 926 432 494 5071 4219 3459 2303
is_linear=0
shrinkage=0.05


Tree=47
num_leaves=15
num_cat=0
split_feature=13 15 10 12 4 3 8 17 8 5 13 8 12 16
split_gain=37.2768 12.9303 10.184 14.1999 8.86741 7.0355 6.86509 6.80464 6.75415 6.42485 7.59255 5.84266 10.9243 5.16172
threshold=0.21863254206555385 0.31689068807714915 0.40178571428571436 0.03781401943297108 0.16744548286604363 0.064183447123556031 0.65261756876663723 0.77938608740047799 0.20431354359925794 0.42020373514431247 0.67622171069250037 0.2247448979591837 0.073135487042950351 0.32338046620063976
decision_type=2 2 2 2 2 2 2 2 2 2 2 2 2 2
left_child=5 2 3 -2 11 -1 8 -6 -4 10 -8 12 -3 -10
right_child=1 4 6 -5 7 -7 9 -9 13 -11 -12 -13 -14 -15
leaf_value=0.0072477464735203863 0.0086271420784236521 0.03128099343433792 -0.031244911512877574 -0.042783474215650596 -0.053761335909966818 -0.049250254677062649 -0.042479258744886339 0.0089064381750230022 0.0076732821929862104 -0.057696269207515319 0.038131145901656019 0.035888277756759283 -0.056079459777781504 0.035108380288827394
leaf_weight=6.1314561734325244 23.342920570314163 8.8991150253568758 8.120526962913571 29.747961035260232 3.6189724723808459 38.360575524158776 4.2164953931933287 70.418822922976688 78.309905793343205 6.7219225635053581 5.644663012586534 62.202385159849655 4.6045960820047176 21.283581859664991
leaf_count=1018 2265 141 1080 5304 81 21430 358 499 3125 265 34 366 546 159
internal_value=0.000942512 0.00682053 -0.0023169 -0.0204377 0.0175884 -0.0414761 0.00552437 0.0051676 0.0101729 -0.0235312 0.00292563 0.0295097 -0.000320509 0.013827
internal_weight=371.624 327.132 177.388 53.0909 149.744 44.492 124.297 74.0378 107.714 16.5831 9.86116 75.7061 13.5037 99.5935
internal_count=36671 14223 12590 7569 1633 22448 5021 580 4364 657 392 1053 687 3284
is_linear=0
shrinkage=0.05


Tree=48
num_leaves=15
num_cat=0
split_feature=14 13 11 12 15 17 15 16 7 12 11 2 7 1
split_gain=29.9109 13.0001 9.50711 8.67748 8.20484 6.79228 5.40295 5.34008 5.50891 9.12457 15.6272 9.1285 8.19483 7.51675
threshold=0.42729023714939213 0.91855527524659863 0.21060023654642226 0.033831757545586413 0.39746122651398824 0.92542118574360122 0.82080523395525951 0.25644795311341567 0.7945789949748745 0.1508765564128027 0.63727013727013737 0.81675308578515071 0.67410632905031276 0.51938691533828918
decision_type=2 2 2 2 2 2 2 2 2 2 2 2 2 2
left_child=1 2 3 5 -3 -1 -5 8 12 10 11 -10 -4 -11
right_child=-2 4 7 6 -6 -7 -8 -9 9 13 -12 -13 -14 -15
leaf_value=-0.022033177215622986 -0.04388324568214403 -0.00038259284220688199 -0.011462064603738083 -0.042892998266653964 0.037977847774642096 0.041473786075149163 -0.0048167679081386923 0.022406376237120534 -0.0084977658982828535 0.013348323767462903 0.026250991314852024 -0.052905231983961798 0.035939886290079673 -0.029637178422120714
leaf_weight=6.79494452025392 34.362221942894394 20.991117193130776 14.124423862958791 26.856450810388196 40.377417016774416 8.3557625781977531 14.416134388302451 34.096584215993062 22.542329626856372 71.760494848946109 14.415894146135541 23.807694483315572 22.871770983096212 10.862344158580525
leaf_count=1294 20398 223 2234 6138 124 149 150 353 1149 1425 435 1437 1027 214
internal_value=-0.000159987 0.00447978 -0.000257515 -0.0183346 0.0250609 0.0133908 -0.0300219 0.004561 0.00108291 -0.00338092 -0.017936 -0.0319433 0.0180174 0.00741023
internal_weight=366.636 332.273 270.905 56.4233 61.3685 15.1507 41.2726 214.482 180.385 143.389 60.7659 46.35 36.9962 82.6228
internal_count=36750 16352 16005 7731 347 1443 6288 8274 7921 4660 3021 2586 3261 1639
is_linear=0
shrinkage=0.05


Tree=49
num_leaves=15
num_cat=0
split_feature=13 13 3 12 5 4 6 3 13 14 18 14 13 1
split_gain=27.1539 11.137 8.65172 9.31193 8.60668 8.0493 7.57358 8.55916 8.23065 7.74715 6.90186 6.65443 6.69341 6.50881
threshold=0.1509381631274844 0.73707072163581122 0.35815853166599437 0.071656913967332134 0.54919354838709689 0.11922530206112296 0.00028896900133289384 0.081681711145996871 0.49881041069493409 0.044444625832571506 0.57955225868988347 0.11171991639295313 0.65637018655493751 0.0078710330224626441
decision_type=2 2 2 2 2 2 2 2 2 2 2 2 2 2
left_child=-1 2 3 5 -4 -2 13 8 -8 -9 -3 12 -10 -5
right_child=1 10 4 6 -6 -7 7 9 11 -11 -12 -13 -14 -15
leaf_value=-0.046956000434448052 0.028612566657114525 0.0036467322013570991 -0.03551720612655429 -0.043155858722225104 0.040663434444174744 -0.021276272657282245 -0.039650606881919716 -0.068045757039921592 -0.038855600003714331 -0.017891827190392059 0.028357297620743929 0.053915876748209079 0.026795101156781565 0.013725972447372429
leaf_weight=28.066471806552727 41.010188869142439 56.427630596561357 29.034808477532351 4.5972023955546311 3.3842588618281289 9.2360092339804378 6.4809327991679337 8.8284354358911497 5.7111323208082494 42.001522780803498 56.293535604258068 8.1371028274297696 8.2124450947158021 50.668160572997294
leaf_count=18084 1862 609 10152 422 137 718 463 199 135 2352 416 41 58 1102
internal_value=-0.000622104 0.00344826 -0.00317294 0.00105343 -0.0265858 0.019206 -0.00581273 -0.0156282 0.00616401 -0.0277476 0.0161282 0.0207591 -0.000932529 0.0083114
internal_weight=358.09 330.023 217.302 184.883 32.4191 50.2462 134.637 79.3716 28.5416 50.83 112.721 22.0607 13.9236 55.2654
internal_count=36750 18666 17641 7352 10289 2580 4772 3248 697 2551 1025 234 193 1524
is_linear=0
shrinkage=0.05


Tree=50
num_leaves=15
num_cat=0
split_feature=2 9 15 4 17 17 10 15 5 6 9 13 5 1
split_gain=27.2404 11.4542 11.4347 11.3189 8.62765 8.89528 6.26539 6.41251 5.87608 5.80846 10.7115 5.45748 6.07887 5.24122
threshold=0.49542652393088765 0.21966374852447587 0.097344539316078726 0.15203632361034677 0.84062944033223486 0.9219610393770995 0.86607142857142871 0.31855339562648671 0.42020373514431247 0.038954308777680829 0.18001925545571248 0.55541567377748391 0.051315789473684217 0.14887265774208727
decision_type=2 2 2 2 2 2 2 2 2 2 2 2 2 2
left_child=1 -1 -2 6 -5 -6 7 8 -4 10 -7 -3 -13 -9
right_child=2 11 3 4 5 9 -8 13 -10 -11 -12 12 -14 -15
leaf_value=-0.050596266414879847 -0.0069539711064059428 -0.033077742946468883 0.012663962208735053 -0.048901772277045501 0.031261373939537922 0.031285252006909556 0.057941830515449703 0.032620514691772733 -0.041965372506141047 0.0044697973154100984 -0.056590275121638889 -0.054956625234986324 0.018027302130665206 -0.022105173594430497
leaf_weight=31.957019071036484 107.2660870339314 12.740840044338254 16.76431618118659 7.0696432302938765 22.370406309375539 4.1968808094970873 12.145634496584533 55.086897893343121 5.8132879540789864 40.421341027365997 10.574191698804496 2.3687411532737341 18.064195173792541 4.0620112158358088
leaf_count=20158 9166 4698 555 215 127 15 33 444 213 471 163 74 277 42
internal_value=-0.000765065 -0.0296908 0.00590803 0.0136327 0.000335331 0.00538849 0.0254913 0.0200266 -0.00258532 -0.00546793 -0.0312218 -0.00866087 0.00739709 0.0285572
internal_weight=350.901 65.1308 285.771 178.505 84.6325 77.5628 93.8721 81.7265 22.5776 55.1924 14.7711 33.1738 20.4329 59.1489
internal_count=36651 25207 11444 2278 991 776 1287 1254 768 649 178 5049 351 486
is_linear=0
shrinkage=0.05


Tree=51
num_leaves=15
num_cat=0
split_feature=13 15 0 9 9 5 1 13 12 1 18 16 3 2
split_gain=23.6592 11.7629 8.03744 13.3019 7.68298 8.36659 8.02584 7.34762 7.70348 11.6595 6.27247 5.5342 9.05851 6.37954
threshold=0.1509381631274844 0.31855339562648671 0.028302538651694822 0.21718855364925119 0.20960061443932418 0.051315789473684217 0.3523916380863672 0.91855527524659863 0.040901842830602789 0.076341733489768249 0.82764858938128005 0.30595848658409713 0.17659736308316434 0.046639894374467659
decision_type=2 2 2 2 2 2 2 2 2 2 2 2 2 2
left_child=-1 4 3 -3 5 -2 11 8 -4 10 -10 13 -13 -6
right_child=1 2 7 -5 6 -7 -8 -9 9 -11 -12 12 -14 -15
leaf_value=-0.046321813531636225 0.018695251055087122 -0.039746628311620569 0.055844983331243228 0.043111924826860708 -0.053088669104948243 -0.043342786224438164 -0.044995809183630844 0.029252236293644492 -0.061177604493433624 0.0035115132236029829 0.027305125171495026 -0.04330291536219695 0.035572986469172334 -1.2055974819264852e-05
leaf_weight=25.57448226903216 6.4819536202994668 4.8016284171026191 4.4138128729537121 34.787679587549064 4.9660760565020601 22.029174303868786 8.7593770981766266 24.384318800643086 10.916228897403924 59.888795149512589 1.8071365505456913 3.4843730218708542 20.898116981144994 110.86590811124188
leaf_count=18041 997 675 17 250 1604 7031 386 83 183 570 7 109 194 6642
internal_value=-0.000994172 0.00277926 0.0135114 0.0323307 -0.00577464 -0.029083 -0.00114964 0.00592067 -0.00174571 -0.00595751 -0.0475362 0.00188872 0.0230393 -0.00272254
internal_weight=344.059 318.485 141 39.5893 177.485 28.5111 148.974 101.41 77.026 72.6122 12.7234 140.214 24.3825 115.832
internal_count=36789 18748 1785 925 16963 8028 8935 860 777 760 190 8549 303 8246
is_linear=0
shrinkage=0.05


Tree=52
num_leaves=15
num_cat=0
split_feature=13 15 0 2 12 17 11 13 1 6 9 0 1 7
split_gain=26.1389 11.3369 11.4318 10.9495 8.84023 8.13092 7.4549 7.22591 6.72575 6.0168 8.0798 5.85242 7.85917 5.99295
threshold=0.19860109808774401 0.31689068807714915 0.0074639800532785095 0.81675308578515071 0.039386191834576693 0.55980441264693404 0.5614504174875693 0.50564129477965736 0.16333982217938023 0.36764247357636948 0.21718855364925119 0.029035476220165755 0.083804918593766639 0.79876372234166271
decision_type=2 2 2 2 2 2 2 2 2 2 2 2 2 2
left_child=-1 2 4 -4 7 -3 -5 -2 9 10 -7 -12 13 -13
right_child=1 5 3 6 -6 8 -8 -9 -10 -11 11 12 -14 -15
leaf_value=-0.042714286126807596 -0.038880036524061197 -0.039081634100256703 0.020836306061610167 -0.017365249321600815 -0.043146349697580764 -0.044880890198661899 0.020984222690799116 0.02144709407402522 0.005258520359589478 0.049571819575848136 0.041095923714655543 0.027664082054138651 0.033955768111200928 -0.044306554695457183
leaf_weight=31.842618669732474 6.6259766749572035 5.7663637647638089 52.071911724458914 56.636400375748053 27.158467543806182 3.8094301911769426 15.333877822500652 13.218820059904827 62.061564421281219 21.379525314550847 22.710392910114024 3.4211994158104089 11.052456793840973 8.1751504119019938
leaf_count=21206 2620 307 1758 2674 6169 444 347 262 511 63 164 22 55 138
internal_value=-0.000296472 0.00419229 -0.00441032 0.00358044 -0.0251333 0.0147812 -0.00901897 0.000405575 0.0173984 0.0278551 0.0176124 0.0237157 0.00528735 -0.022563
internal_weight=341.264 309.422 171.045 124.042 47.0033 138.376 71.9703 19.8448 132.61 70.5482 49.1686 45.3592 22.6488 11.5963
internal_count=36740 15534 13830 4779 9051 1704 3021 2882 1397 886 823 379 215 160
is_linear=0
shrinkage=0.05


Tree=53
num_leaves=15
num_cat=0
split_feature=13 15 17 4 13 17 16 9 18 0 4 14 8 17
split_gain=21.9585 11.4565 8.72749 10.0275 6.76338 6.72161 6.56912 8.95815 7.02889 4.55206 4.29324 7.03433 6.15476 4.29133
threshold=0.1509381631274844 0.10699878087387608 0.8237710437335769 0.16744548286604363 0.44777305932054051 0.96943593019796803 0.30595848658409713 0.49323830409356734 0.64754591254512228 0.081894195465403483 0.053693693693693707 0.11927343089962665 0.22902097902097904 0.69945469206873201
decision_type=2 2 2 2 2 2 2 2 2 2 2 2 2 2
left_child=-1 6 4 -4 -3 -5 8 -8 -2 -7 12 -12 -6 -10
right_child=1 2 3 5 10 9 7 -9 13 -11 11 -13 -14 -15
leaf_value=-0.045879265342360101 -0.020912558969699298 -0.045084605369112733 0.030424954835745251 0.021233491492425875 -0.027845274715127828 -0.051097427237910831 0.031251147722888339 -0.058476178017953906 0.03424822766538102 -0.0027751686809154722 -0.04990050413071305 0.034891364904289804 0.028951460977779571 -0.0046048633200093687
leaf_weight=23.567297463072464 77.758375083998544 8.8753172119613719 70.162373162136646 30.422995912842453 5.6340335123823087 4.6613773908466092 17.137963480781767 2.3400948819471514 8.7969236749340762 36.030785266775638 6.750400248449294 2.7381431958638132 16.744227816874627 25.20788621698739
leaf_count=18058 11712 1602 1241 205 484 62 325 106 597 456 95 15 111 1657
internal_value=-0.000355434 0.00320452 0.0112979 0.0171516 -0.00892504 0.00381572 -0.00802079 0.0181422 -0.0127009 -0.00940341 0.00221119 -0.0244381 0.0140727 0.00613754
internal_weight=336.828 313.261 182.02 141.278 40.7421 71.1152 131.241 19.4781 111.763 40.6922 31.8668 9.48854 22.3783 34.0048
internal_count=36726 18668 4271 1964 2307 723 14397 431 13966 518 705 110 595 2254
is_linear=0
shrinkage=0.05


Tree=54
num_leaves=15
num_cat=0
split_feature=13 2 9 13 12 12 0 8 11 12 0 8 0 13
split_gain=21.73 9.23933 9.16074 6.77914 6.5221 10.5673 6.45687 6.42616 7.87465 6.09897 9.91657 6.86141 6.10809 6.5036
threshold=0.1509381631274844 0.49542652393088765 0.21966374852447587 0.91855527524659863 0.090330882788793518 0.1215292467166099 0.0053507373686081739 0.31174089068825916 0.53387314439946032 0.25353447376590349 0.34180415210755483 0.35067567567567576 0.35574350125417403 0.53802688382324815
decision_type=2 2 2 2 2 2 2 2 2 2 2 2 2 2
left_child=-1 2 -2 4 7 -6 -4 -3 -9 12 11 -11 13 -7
right_child=1 3 6 -5 5 9 -8 8 -10 10 -12 -13 -14 -15
leaf_value=-0.045614104691518283 -0.048560527877414605 0.024006517669604072 0.0078637273944619744 0.025834282212669354 -0.033933933453718736 -0.019319142571852854 -0.055586084439022458 -0.034544460917557571 0.028824794664815759 -0.049502144144734292 -0.064457316413526214 0.0063275021559891639 0.036965417481344347 0.015816791265922999
leaf_weight=22.517273638484767 14.005820785794638 58.43513275438454 27.713935492589375 42.467016908107325 20.93544423423009 18.617950500396546 3.6607161799911401 11.17116818460636 7.2674415223300448 5.3290736030321559 6.094523074803873 41.197256655083038 18.275409050052986 39.212416235357523
leaf_count=18028 7094 2959 2557 201 1265 1222 267 914 193 544 265 494 251 454
internal_value=0.000753334 0.00420844 -0.0164285 0.00773782 0.00424678 -0.00184782 -0.00102773 0.0159835 -0.00936997 0.00359186 -0.00939175 -0.000974186 0.0125743 0.00436899
internal_weight=336.901 314.383 45.3805 269.003 226.536 149.662 31.3747 76.8737 18.4386 128.727 52.6209 46.5263 76.1058 57.8304
internal_count=36708 18680 9918 8762 8561 4495 2824 4066 1107 3230 1303 1038 1927 1676
is_linear=0
shrinkage=0.05


Tree=55
num_leaves=15
num_cat=0
split_feature=2 13 9 16 18 8 13 8 6 13 13 13 13 11
split_gain=22.6839 12.5942 10.0382 9.53068 7.30518 5.48318 5.05462 4.88664 4.91482 7.21661 5.71144 4.49608 6.07274 4.43599
threshold=0.49542652393088765 0.91855527524659863 0.21966374852447587 0.12842765431332967 0.64754591254512228 0.63995726495726502 0.3865297877418879 0.5913729128014843 3.5625186534102634e-07 0.67622171069250037 0.27481608878116842 0.47288740359329712 0.55541567377748391 0.57814508723599645
decision_type=2 2 2 2 2 2 2 2 2 2 2 2 2 2
left_child=2 3 -1 4 5 7 -6 8 9 10 -2 -8 -13 -7
right_child=1 -3 -4 -5 6 13 11 -9 -10 -11 -12 12 -14 -15
leaf_value=-0.049445335337898133 -0.025890762539060471 0.031008271154614686 -0.0077466179451766565 0.028643703843986734 -0.025258975440136062 -0.047872793473092957 0.046428325739286035 0.023822899489454211 -0.014582776070732573 -0.056109603898237853 0.021550459950104683 -0.04722309851171097 0.018473592544085916 0.0099459896099992062
leaf_weight=26.078955047036288 6.9292944931949014 45.082723757484928 31.863848792039789 28.772152064775582 5.8577166417671824 12.16998721851269 11.706197725608943 13.442218686919658 75.571868571743835 3.2029647007584563 32.596253176918253 3.0651143882423666 26.495247166836634 4.0290901123080394
leaf_count=20213 1520 201 5011 276 884 748 194 160 5925 64 902 133 273 136
internal_value=0.0010698 0.00720308 -0.0270349 0.00229194 -0.00172121 -0.00718501 0.0152247 -0.00368896 -0.00698856 0.00646929 0.0127998 0.0214329 0.0103392 -0.0337498
internal_weight=326.864 268.921 57.9428 223.838 195.066 147.942 47.1243 131.743 118.3 42.7285 39.5255 41.2666 29.5604 16.1991
internal_count=36640 11416 25224 11215 10939 9455 1484 8571 8411 2486 2422 600 406 884
is_linear=0
shrinkage=0.05


Tree=56
num_leaves=15
num_cat=0
split_feature=3 15 1 14 18 6 8 2 17 16 17 16 17 0
split_gain=20.656 9.67841 7.19482 6.77631 6.56033 6.66021 6.49618 5.80297 5.07095 4.78397 4.64614 4.09926 4.30195 4.08794
threshold=0.37528280542986431 0.31855339562648671 0.16333982217938023 0.013873295910184444 0.47874028228456117 6.4530645615691421e-08 0.17724358974358975 0.75593437511664863 0.90895136076866756 0.88841992257794711 0.77938608740047799 0.30595848658409713 0.31266776742888996 0.35574350125417403
decision_type=2 2 2 2 2 2 2 2 2 2 2 2 2 2
left_child=1 4 -3 6 5 7 -2 -1 -9 13 -4 -5 -13 -6
right_child=3 2 10 11 9 -7 -8 8 -10 -11 -12 12 -14 -15
leaf_value=-0.042498480600742489 -0.043293683489561086 0.027185483079585002 -0.048033276842128839 -0.044596232136404484 -0.0045230463358497831 -0.042252279818010913 0.030228107661464849 0.036645047350952802 -0.042145035352201987 0.039451342032997806 0.0068139279890713977 0.038023803663791329 -0.043766919064834292 0.021487445189791086
leaf_weight=4.0381856305757529 3.6289799823425692 65.239958714926615 3.1437184270471326 34.037791497918079 89.424800368549768 17.775329778291052 7.5938401825260371 8.9997445509652589 1.677694608690216 7.2001805775798848 56.349804683122784 2.8578556567663318 1.764105321257375 17.135635618527886
leaf_count=2481 158 663 79 23368 5120 2792 50 399 135 52 469 84 339 557
internal_value=0.000203225 0.00567267 0.0158471 -0.0290368 -0.00305345 -0.0225084 0.0048573 0.00251179 0.0217162 0.00265074 0.00316961 -0.0387506 0.00457384 -0.0001795
internal_weight=320.868 270.985 124.733 49.8826 146.252 32.491 11.2228 14.7156 10.6774 113.761 59.4935 38.6598 4.62196 106.56
internal_count=36746 12747 1211 23999 11536 5807 208 3015 534 5729 548 23791 423 5677
is_linear=0
shrinkage=0.05


Tree=57
num_leaves=15
num_cat=0
split_feature=13 6 18 4 12 6 16 13 2 5 6 6 18 2
split_gain=20.0317 8.28198 7.3526 7.86828 9.26148 6.27745 7.39857 6.60543 5.90744 5.30229 5.15522 4.8334 6.66898 5.67219
threshold=0.37422306344416784 8.348062092572949e-10 0.66153829291675781 0.018350168350168353 0.024996844231254738 2.8534146882250346e-12 0.4440841350244002 0.91855527524659863 1.0000000180025095e-35 0.057189542483660136 0.0022418192597816254 0.025663569050948094 0.73242328179312299 0.81310734462726952
decision_type=2 2 2 2 2 2 2 2 2 2 2 2 2 2
left_child=1 -1 3 4 9 -5 7 -7 -6 -2 -3 12 13 -4
right_child=2 10 11 5 8 6 -8 -9 -10 -11 -12 -13 -14 -15
leaf_value=-0.04313277578154015 -0.04164172121296638 0.0073628214070404416 0.037860275356765824 0.040318859552397522 0.022312249529276167 -0.006476385861710527 0.033197700769395169 0.021577508376063367 -0.054524933196851713 0.042446313134776786 -0.025119830170317221 0.033253053998714727 -0.028200388420240242 -0.034304555382917441
leaf_weight=27.650581331734429 1.6880551717476944 23.97326815201086 12.476268994389104 11.692315220192539 2.4097203738638227 101.01196930842707 17.424886191263795 25.416745246388018 14.605553449393481 5.8461918357061222 23.185734947241144 37.681383035029285 8.8248451676336099 2.5793933453969649
leaf_count=22556 143 2851 400 127 116 2540 91 131 2606 150 4063 305 477 55
internal_value=0.000547389 -0.0218897 0.00755479 0.00241082 -0.0233332 0.00659706 0.00359675 -0.000711467 -0.0430087 0.0209345 -0.00879727 0.0223241 0.00443565 0.0241302
internal_weight=316.467 74.8096 241.657 180.095 24.5495 155.546 143.854 126.429 17.0153 7.53425 47.159 61.5619 23.8805 15.0557
internal_count=36611 29470 7141 5904 3015 2889 2762 2671 2722 293 6914 1237 932 455
is_linear=0
shrinkage=0.05


Tree=58
num_leaves=15
num_cat=0
split_feature=2 9 15 12 1 13 4 8 14 4 11 12 16 7
split_gain=18.2102 9.04092 7.56001 6.89129 5.93605 5.85743 5.60971 5.45193 5.10947 6.75411 4.6567 6.42213 4.97027 4.5478
threshold=0.49542652393088765 0.21966374852447587 0.097344539316078726 0.25353447376590349 0.36432065220452875 0.78957288011169935 0.41578014184397166 0.3600427350427351 0.1267136150234742 0.062781531531531543 0.5614504174875693 0.041594467926420763 0.23772684556983661 0.47290679044201483
decision_type=2 2 2 2 2 2 2 2 2 2 2 2 2 2
left_child=1 -1 4 5 8 10 7 -5 -2 -10 11 -4 -13 -3
right_child=2 13 3 6 -6 -7 -8 -9 9 -11 -12 12 -14 -15
leaf_value=-0.048875590901624875 0.0085881469646896177 0.029475208167890551 0.041548883415102572 -0.046470340309110458 -0.053364396882266352 0.038961483921397047 -0.042534090485335879 0.010099407639435785 -0.038366869878834975 0.0022201894617139097 0.037610003290579105 -0.0091302901419094851 0.032163388788518717 -0.016600389918301411
leaf_weight=22.481327581364894 54.918494647252373 5.7154962577769792 9.4359849336906318 3.7096350446809074 4.8173848487786008 30.320124113932252 6.1506692143157116 44.334020983893424 16.377579683146905 24.742906914456398 13.878587489249183 39.545961967553012 7.8862606890033922 26.115413553488906
leaf_count=20217 1336 1383 231 198 340 103 149 355 4531 2977 98 1118 46 3597
internal_value=0.000720223 -0.0253081 0.00631675 0.0132082 -0.00431759 0.0208597 -0.00118053 0.00487297 -0.00133279 -0.014472 0.0126668 0.00603474 -0.00174231 -0.00768135
internal_weight=310.43 54.3122 256.118 155.261 100.856 101.067 54.1943 48.0437 96.039 41.1205 70.7468 56.8682 47.4322 31.8309
internal_count=36679 25197 11482 2298 9184 1596 702 553 8844 7508 1493 1395 1164 4980
is_linear=0
shrinkage=0.05


Tree=59
num_leaves=15
num_cat=0
split_feature=14 15 18 12 10 4 2 12 8 3 12 1 9 12
split_gain=17.1174 8.25415 7.11962 6.38933 9.43235 8.9673 5.80003 7.92021 7.14612 5.3719 8.54424 5.12465 6.5123 5.23094
threshold=0.42729023714939213 0.31689068807714915 0.43676966877287077 0.02537485821067911 0.40178571428571436 0.021164613661814113 0.82069886153299454 0.12599530550974156 0.63762626262626265 0.18035431927458132 0.14170176135143456 0.16333982217938023 0.59055695589638446 0.32038380675888661
decision_type=2 2 2 2 2 2 2 2 2 2 2 2 2 2
left_child=1 2 -1 -4 -5 -6 9 -8 -9 -7 -11 13 -13 -3
right_child=-2 11 3 4 5 6 7 8 -10 10 -12 12 -14 -15
leaf_value=-0.026807796898282554 -0.038860710282418033 0.026156439325611937 0.03040132517106622 -0.028126146331839488 -0.039475551927243467 0.053053137830832188 -0.034080229326073345 0.020120921295939329 -0.041609819967731915 0.023631099746409784 -0.04590049720163971 0.0076921814387198228 -0.060920494448903677 -0.042423904885080452
leaf_weight=24.114820370079542 22.856827716736007 68.136884938750882 16.468365203792928 25.866938548424514 9.0523546154436172 10.609798501827752 12.551937261072451 29.615822349092923 4.5783211567904791 25.409345081163341 4.3497224683524101 56.289939090842381 2.6835765331052235 2.0240919824573202
leaf_count=4793 20490 923 973 4615 1277 126 823 605 185 684 299 500 37 331
internal_value=0.00187284 0.00518589 -0.00231138 0.00211531 -0.00191792 0.00534844 0.0104014 -0.00163254 0.0109082 0.0240389 0.0123062 0.0145723 0.00360625 0.0236096
internal_weight=314.609 291.752 162.617 138.503 122.034 96.1673 87.1149 46.7461 34.1941 40.3689 29.7591 129.134 58.9735 70.161
internal_count=36661 16171 14380 9587 8614 3999 2722 1613 790 1109 983 1791 537 1254
is_linear=0
shrinkage=0.05


Tree=60
num_leaves=15
num_cat=0
split_feature=14 17 18 0 12 15 4 15 17 1 3 11 10 5
split_gain=13.4941 8.42487 8.58168 6.50409 6.30345 8.02448 5.06211 5.01198 7.43012 6.2142 5.3447 7.02739 5.25507 4.53291
threshold=0.20094575861914774 0.99967881633045186 0.5484010231235551 0.064377551022189464 0.25353447376590349 0.46083448330304327 0.31096096096096099 0.097344539316078726 0.8237710437335769 0.27164594370502848 0.21063505872118313 0.32489316239316246 0.40178571428571436 0.4919354838709678
decision_type=2 2 2 2 2 2 2 2 2 2 2 2 2 2
left_child=4 3 -3 -2 7 -6 -7 9 10 -1 11 -9 -12 -8
right_child=1 2 -4 -5 5 6 13 8 -10 -11 12 -13 -14 -15
leaf_value=0.0028649618575620449 -0.044161247855332382 -0.048605704228063734 0.032134361310286332 0.005078960848336464 -0.039224579590935851 0.011389307974305631 0.012894689612439182 0.012800896744596175 0.024312732671382994 -0.05394587924694038 -0.034649196573589287 -0.054874124802457624 0.032864097195954727 -0.0492459026820906
leaf_weight=81.894036833691644 32.909399956552079 3.6363461942819404 10.49858974633389 8.1193545542191696 16.070564617926721 31.884399966336787 4.1512817619368416 6.1447493806481379 72.185221340332646 4.1103303111158302 2.9796170202898784 7.9868854423984885 10.200431634671984 6.8089478225447237
leaf_count=3526 26115 747 1097 1093 1992 400 41 88 712 218 344 141 122 101
internal_value=-0.00116626 -0.0232716 0.00952412 -0.0345279 0.00389731 -0.0102343 0.00128627 0.00841631 0.015999 -0.000438978 -0.0060571 -0.0265463 0.0162342 -0.0265994
internal_weight=299.58 55.1637 14.1349 41.0288 244.416 58.9152 42.8446 185.501 99.4969 86.0044 27.3117 14.1316 13.18 10.9602
internal_count=36737 29052 1844 27208 7685 2534 542 5151 1407 3744 695 229 466 142
is_linear=0
shrinkage=0.05


Tree=61
num_leaves=15
num_cat=0
split_feature=14 15 12 16 2 1 12 11 8 0 3 8 8 4
split_gain=18.5524 6.6594 6.16861 6.30769 4.90924 5.82312 9.03645 8.91401 7.4714 5.35326 4.75734 4.69803 4.65396 4.44316
threshold=0.40118019774404684 0.9683600246133518 0.56666308353808359 0.25644795311341567 0.49542652393088765 0.0039897506072190114 0.15447250059180939 0.6069415081042987 0.31174089068825916 0.90690023945087794 0.051151229722658301 0.63995726495726502 0.74456521739130443 0.13724315068493154
decision_type=2 2 2 2 2 2 2 2 2 2 2 2 2 2
left_child=1 2 3 4 -1 -6 7 8 13 11 -5 -8 -4 -7
right_child=-2 -3 12 10 5 6 9 -9 -10 -11 -12 -13 -14 -15
leaf_value=-0.022686874495639102 -0.042789850887776856 0.022803742522080409 -0.048547245812713573 -0.039396309677643702 0.023240178260028947 0.006489095673363721 0.020904995020885234 0.021335110809983109 -0.042101292542446052 -0.036808096354857052 0.025478584886507269 -0.015506134010393018 0.025177888104500407 -0.031055716834175313
leaf_weight=22.784996967704501 22.361056341527728 37.85727954225149 9.1635898389504273 2.1824449002742758 25.193761931732297 22.095427654101513 51.566933299880475 13.316184767754747 26.363322808698285 4.4954576001036903 35.279634522361448 9.8936451579211262 2.0383603684604159 11.029640289838424
leaf_count=7240 21435 246 596 63 1177 1157 939 325 1640 246 623 354 11 642
internal_value=-1.65888e-05 0.00362683 0.000459402 0.00233355 -0.00145658 0.00161347 -0.00245133 -0.014502 -0.0227441 0.0108686 0.0207731 0.0148893 -0.0341679 -0.0065559
internal_weight=295.622 273.261 235.403 224.201 186.739 163.954 138.761 72.8046 59.4884 65.956 37.4621 61.4606 11.202 33.1251
internal_count=36694 15259 15013 14406 13720 6480 5303 3764 3439 1539 686 1293 607 1799
is_linear=0
shrinkage=0.05


Tree=62
num_leaves=15
num_cat=0
split_feature=13 0 9 15 17 12 13 5 12 9 4 6 6 1
split_gain=13.1683 6.34349 9.23456 6.16424 7.61755 5.6169 5.42631 7.36385 8.97523 6.44871 6.09042 5.93503 5.30174 5.27496
threshold=0.1509381631274844 0.0074639800532785095 0.21966374852447587 0.60200577751604079 0.72037653030204674 0.021874595521615327 0.53802688382324815 0.42020373514431247 0.12599530550974156 0.59864640387896217 0.14839839839839844 0.00075611325789924882 0.0020690905150592327 0.04814175033252726
decision_type=2 2 2 2 2 2 2 2 2 2 2 2 2 2
left_child=-1 2 -2 4 12 -3 11 -8 -9 10 13 -7 -4 -10
right_child=1 5 3 -5 -6 6 7 8 9 -11 -12 -13 -14 -15
leaf_value=-0.042795442726181854 -0.041762688308469055 0.043826003686591765 0.020145277227165165 0.038695011865083347 -0.036644434999536707 0.0096298801099805875 0.024314835351511424 -0.053863983884079737 -0.024077293209904174 -0.044036428037526901 -0.00044626755950076145 -0.018099892319341691 -0.043911845666777596 0.040861497332848953
leaf_weight=15.842217653334954 16.90232112488593 8.7282477019471099 18.831705714401327 7.7186481838580212 13.256511244137071 34.118055866740178 57.394842172972858 5.8645455592777571 3.0269939308054772 4.9631552021019152 44.850066370796412 42.036256017658161 2.8924034807714625 18.884046714752913
leaf_count=18022 8179 351 2130 41 1708 1298 543 107 77 94 455 3420 112 137
internal_value=0.000146082 0.00272422 -0.0116187 0.000996332 -0.00816632 0.00664731 0.00491103 0.0109027 0.000798124 0.00594678 0.0102577 -0.00571282 0.0100595 0.0312309
internal_weight=295.31 279.468 59.6016 42.6993 34.9806 219.866 211.138 134.984 77.5888 71.7243 66.7611 76.1543 21.7241 21.911
internal_count=36674 18652 12170 3991 3950 6482 6131 1413 870 763 669 4718 2242 214
is_linear=0
shrinkage=0.05


Tree=63
num_leaves=15
num_cat=0
split_feature=13 8 3 8 2 13 2 13 2 6 7 5 3 9
split_gain=12.5462 5.98888 5.44333 4.64883 8.94977 7.83587 5.87679 4.73471 6.45199 4.6285 4.48393 4.40909 4.21242 3.94806
threshold=0.37422306344416784 0.76136363636363646 0.19142369319674288 0.2247448979591837 0.81310734462726952 0.49253669584893339 0.97146425015705984 0.91855527524659863 0.83718113507575442 1.7630435645926539e-11 0.4837048011039492 0.69782608695652182 0.064183447123556031 0.21718855364925119
decision_type=2 2 2 2 2 2 2 2 2 2 2 2 2 2
left_child=2 3 -1 6 -5 12 10 8 -7 -10 -2 -3 -6 -12
right_child=1 11 -4 4 5 7 -8 -9 9 -11 13 -13 -14 -15
leaf_value=-0.0043130036945463919 0.016019377664671354 -0.059035602612056072 -0.033363884486451764 0.026925935629087613 0.011540285202205189 -0.04203590262200875 0.043430406956706975 0.025411785765364649 0.055406573905711964 0.0022715608681318829 -0.050695756365100389 0.0026895313333255505 -0.050003940417299088 -0.010930272142353051
leaf_weight=30.705707737477496 9.4136305304709804 5.1486957861925458 33.763995090062963 55.844227055378724 3.4068890775088212 6.8883328316733232 4.1750455512665203 25.54184228181839 3.3892726302146903 63.578159076045267 7.8256111063819835 5.3067828291095793 8.9617888372158614 24.193085014645476
leaf_count=4036 943 226 25535 1249 124 163 29 120 5 876 1999 84 485 842
internal_value=-0.000545648 0.00506886 -0.0198047 0.00693158 0.0107709 0.00253177 -0.00710647 0.00729868 0.000778759 0.00573639 -0.0131025 -0.0302065 -0.0334567 -0.0218903
internal_weight=288.143 223.673 64.4697 213.218 167.611 111.766 45.6074 99.3976 73.8558 66.9674 41.4323 10.4555 12.3687 32.0187
internal_count=36716 7145 29571 6835 3022 1773 3813 1164 1044 881 3784 310 609 2841
is_linear=0
shrinkage=0.05


Tree=64
num_leaves=15
num_cat=0
split_feature=13 2 1 13 9 7 5 8 13 6 18 6 4 15
split_gain=12.9286 6.18827 6.74221 5.85951 5.46861 5.89727 6.85164 5.0714 4.91451 4.88845 4.79826 4.00695 3.4145 3.35782
threshold=0.1509381631274844 0.55025067066573541 0.0018067637923362796 0.52884782865134039 0.21966374852447587 0.47290679044201483 0.29814814814814822 0.63995726495726502 0.67622171069250037 3.5625186534102634e-07 0.58580010687051542 8.348062092572949e-10 0.25131578947368427 0.097344539316078726
decision_type=2 2 2 2 2 2 2 2 2 2 2 2 2 2
left_child=-1 4 -3 9 -2 -6 -7 12 -9 11 -8 -4 13 -5
right_child=1 2 3 7 5 6 10 8 -10 -11 -12 -13 -14 -15
leaf_value=-0.044007461367116779 -0.045735032202624051 0.033612180957606951 -0.027158648950053668 0.0060943227131846564 0.041865310720186025 -0.039187364770696849 -0.032285823418527877 -0.05100030925929934 0.0016787992716132639 -0.018893511864599991 0.031495536310410001 0.015141596868424579 0.00088770614403857755 0.027149018557331702
leaf_weight=14.746568785878479 9.9648851037927653 18.774537976627471 6.0928268854331682 31.974111655377783 4.7257016141375088 12.270480666513324 3.3510629825177594 5.1796672302298274 15.401587310247121 43.21560944482917 8.492026949010322 26.10672228859039 38.925595784792677 48.151100862538442
leaf_count=17994 7210 928 827 638 504 1795 485 155 136 4287 163 779 416 352
internal_value=4.84165e-05 0.00258356 0.00566496 0.00308076 -0.0156599 -0.00408348 -0.0143969 0.00912432 -0.0133278 -0.00808191 0.0123396 0.00656055 0.0130845 0.0189258
internal_weight=287.372 272.626 233.822 215.047 38.8042 28.8393 24.1136 139.632 20.5813 75.4152 11.8431 32.1995 119.051 80.1252
internal_count=36669 18675 8518 7590 10157 2947 2443 1697 291 5893 648 1606 1406 990
is_linear=0
shrinkage=0.05


Tree=65
num_leaves=15
num_cat=0
split_feature=13 16 15 12 18 12 7 18 9 9 0 7 13 1
split_gain=11.788 5.59833 6.48891 5.53851 7.45419 5.753 5.96956 5.51656 6.23396 7.89212 6.44504 5.78156 5.3713 5.30451
threshold=0.1509381631274844 0.49325429242338276 0.097344539316078726 0.083139004815178594 0.54655900259435997 0.1215292467166099 0.73663818481659937 0.64754591254512228 0.35563128283371886 0.24935910294684058 0.069468828327368046 0.91593377606181747 0.2285122269547577 0.018808931373080508
decision_type=2 2 2 2 2 2 2 2 2 2 2 2 2 2
left_child=-1 2 7 4 12 -5 -7 8 9 -2 -10 -9 -4 -12
right_child=1 -3 3 5 -6 6 -8 11 10 -11 13 -13 -14 -15
leaf_value=-0.042102376503712839 -0.028504652587031235 0.023586550435650794 0.031890868464313202 -0.028707747740253503 0.037146918448937971 -0.049476479211294909 0.0087585442878211073 -0.0055363123160386517 -0.049245692687497622 0.018491511038125685 0.033364759351544246 0.040590188324495909 -0.050209250651895201 -0.026525822159402523
leaf_weight=14.196972823483518 14.688705972686874 28.831056989729404 2.3854899201978688 12.428762175521113 25.761141175113153 3.6233893586468175 95.338359378423775 22.325954267711499 20.113390355050797 19.753880499774823 4.8134555551223448 8.6459933189325948 4.1635842265095562 9.2078233143547532
leaf_count=18045 6246 445 284 504 481 1293 1155 2117 2989 1696 147 125 542 647
internal_value=0.000760661 0.00314321 0.000633524 0.00741064 0.0253016 0.00204221 0.0061527 -0.00912576 -0.0169593 -0.00178967 -0.0317791 0.00820697 -0.0200413 -0.00511317
internal_weight=286.278 272.081 243.25 143.701 32.3102 111.391 98.9617 99.5492 68.5773 34.4426 34.1347 30.9719 6.54907 14.0213
internal_count=36716 18671 18226 4259 1307 2952 2448 13967 11725 7942 3783 2242 826 794
is_linear=0
shrinkage=0.05


Tree=66
num_leaves=15
num_cat=0
split_feature=13 11 3 1 8 6 8 18 13 5 4 6 6 6
split_gain=10.5551 4.78849 6.84775 5.4496 4.99095 5.05562 4.8147 4.32505 4.30863 4.3797 4.09629 4.15187 4.00082 7.62775
threshold=0.15296176787420732 0.20668131255012728 0.18813474107591757 0.0039897506072190114 0.63995726495726502 0.30218275940770406 0.72613636363636369 0.49884965715934376 0.60549799009541205 0.046536796536796543 0.20087719298245618 1.3384618717930893e-11 0.0012768543318192481 0.02326141691478836
decision_type=2 2 2 2 2 2 2 2 2 2 2 2 2 2
left_child=-1 2 3 -2 8 6 -6 -5 12 -10 11 -8 -3 -14
right_child=1 4 -4 7 5 -7 10 -9 9 -11 -12 -13 13 -15
leaf_value=-0.041771904939291005 0.034898941558431061 0.010425992333264916 -0.039132062316272913 -0.037628107564843971 -0.056416728613352563 0.021899996941472957 0.022692472384141196 0.003932419016383696 -0.047424260921091012 0.017181796144571156 0.024233011371562328 -0.041953183299974738 -0.047763598864418347 0.00057609247604747287
leaf_weight=14.005125112438689 7.6249676716397508 45.763593549374491 15.349327595307839 8.6413098524208198 7.0843123442609857 6.7658096100203684 2.6745327052194652 17.383489103696775 1.762127986177801 88.656449082540348 5.4138373702298841 8.2194360724824929 9.5096414308645745 36.409382389509119
leaf_count=18232 255 4536 7728 387 374 57 84 466 66 938 74 508 1427 1630
internal_value=-0.000989861 0.00134726 -0.0125857 0.000303309 0.00460756 -0.0139288 -0.0247647 -0.0107491 0.00773669 0.0154177 -0.00854954 -0.0255088 7.69274e-05 -0.0102395
internal_weight=275.263 261.258 48.9991 33.6498 212.259 30.1579 23.3921 26.0248 182.101 90.4186 16.3078 10.894 91.6826 45.919
internal_count=36762 18530 8836 1108 9694 1097 1040 853 8597 1004 666 592 7593 3057
is_linear=0
shrinkage=0.05


Tree=67
num_leaves=15
num_cat=0
split_feature=2 2 9 3 17 6 6 6 5 17 6 15 1 7
split_gain=10.3753 7.9317 6.86435 6.78501 8.95898 5.64759 10.0182 5.61218 4.90124 5.10187 5.4575 4.73338 5.36842 4.65527
threshold=0.49542652393088765 0.81310734462726952 0.21966374852447587 0.24009803921568632 0.99967881633045186 0.17602596244514307 3.5625186534102634e-07 0.015729368792027149 0.048809523809523817 0.9123885533706132 0.069213178580328064 0.58217013661468486 0.3523916380863672 0.47290679044201483
decision_type=2 2 2 2 2 2 2 2 2 2 2 2 2 2
left_child=2 3 -1 -2 -5 6 -3 -8 -9 -10 -11 12 -7 -4
right_child=1 5 13 4 -6 11 7 8 9 10 -12 -13 -14 -15
leaf_value=-0.046956283180979767 0.031635046962957623 0.0096584065882131306 0.032471964969861461 -0.021279231352385696 0.02773777543256355 0.0074801113821246759 -0.054079522885685551 0.041080838985740192 -0.042111598293468319 0.010827366666414553 -0.029183254941825484 0.02733151677437036 -0.046186034253103116 -0.016324656468806736
leaf_weight=15.780536554811986 40.401879509692662 43.32996573051787 5.2656512239773319 18.86290711289621 16.570283124019625 25.489425868523544 10.062361791351575 2.8189303798135361 14.310204616689587 18.551205392403062 14.199555793718899 24.017465200973675 4.6568177218432529 21.52064923159196
leaf_count=20279 1849 982 1409 3378 665 853 1181 100 1092 443 451 152 266 3627
internal_value=0.000553118 0.00471787 -0.0218546 0.0178882 0.00177567 -0.00169901 -0.00853369 -0.0216268 -0.0141458 -0.0182398 -0.0068705 0.0112509 -0.00202664 -0.00590881
internal_weight=275.838 233.271 42.5668 75.8351 35.4332 157.436 103.272 59.9423 49.8799 47.061 32.7508 54.1637 30.1462 26.7863
internal_count=36727 11412 25315 5892 4043 5520 4249 3267 2086 1986 894 1271 1119 5036
is_linear=0
shrinkage=0.05


Tree=68
num_leaves=15
num_cat=0
split_feature=13 16 15 12 8 13 1 9 5 18 12 12 9 15
split_gain=11.712 5.43593 5.56144 4.99178 8.09001 6.02308 5.78663 5.89625 4.97373 4.57072 3.72813 3.66161 3.59471 4.62447
threshold=0.26908256348016102 0.56264227582289161 0.50465057161991267 0.024281171891367553 0.2247448979591837 0.91855527524659863 0.3523916380863672 0.18001925545571248 0.04083333333333334 0.6209063901557349 0.1508765564128027 0.039386191834576693 0.24691358024691359 0.39746122651398824
decision_type=2 2 2 2 2 2 2 2 2 2 2 2 2 2
left_child=1 2 -1 8 10 6 11 -8 -2 -9 -5 -6 -7 -14
right_child=3 -3 -4 4 5 12 7 9 -10 -11 -12 -13 13 -15
leaf_value=-0.041420204732668442 -0.041315774769443446 0.035102124758884322 0.023853712869723112 -0.010831856768080458 -0.04580378728099975 -0.018260271363532379 0.029832611225366769 -0.034947878787590252 0.034928694039383 0.023130111289383758 -0.050372542216626494 0.0079810324254573541 0.00054322476490369705 0.043692665310081424
leaf_weight=25.925254292727921 1.5570930468384201 2.3415358174825078 3.0564486671646582 27.841513324412517 2.2635223584948099 3.5541143538430324 4.6695153301116106 22.173040771624077 18.598922341276193 3.2546862412709734 6.9096065685298518 122.61284828241332 8.8190074595622736 20.19095553830266
leaf_count=25039 201 45 131 3219 206 30 42 529 876 39 2342 3883 67 80
internal_value=0.00039935 -0.0278807 -0.0339703 0.00415257 0.00193474 0.0060616 0.00188991 -0.0174389 0.0273642 -0.0269201 -0.0198828 0.00664999 0.025267 0.0310305
internal_weight=273.768 31.3232 28.9817 242.445 222.289 187.538 154.974 30.0972 20.156 25.4277 34.7511 124.876 32.5641 29.01
internal_count=36729 25215 25170 11514 10437 4876 4699 610 1077 568 5561 4089 177 147
is_linear=0
shrinkage=0.05


Tree=69
num_leaves=15
num_cat=0
split_feature=13 16 9 11 15 18 0 18 11 5 10 13 5 8
split_gain=8.40493 4.78374 4.95499 4.28082 5.90445 4.3091 9.8178 4.34776 4.40995 4.82926 4.76253 3.60463 3.63741 3.20282
threshold=0.1509381631274844 0.88841992257794711 0.58379120879120883 0.6069415081042987 0.9683600246133518 0.73788112676091211 0.013266091761491417 0.70995468671352102 0.20668131255012728 0.18350168350168353 0.13392857142857145 0.69377914912243088 0.057189542483660136 0.29356060606060613
decision_type=2 2 2 2 2 2 2 2 2 2 2 2 2 2
left_child=-1 3 11 4 5 7 -7 8 10 -10 -2 12 -3 -5
right_child=1 2 -4 13 -6 6 -8 -9 9 -11 -12 -13 -14 -15
leaf_value=-0.040513448527785732 0.0059257955247462284 0.039035214738413378 -0.028034017945141532 -0.029803007632169493 0.01642654082364366 -0.043710937108384709 0.032451642431466622 -0.052823174116046291 0.018850100910214173 -0.0082911405889436896 -0.041203688876389796 0.04534310652181324 -0.05172885203155491 0.024928106714733052
leaf_weight=12.021655343283781 7.3203866032708929 1.024330072919841 2.9923080863663918 2.1918740794644718 30.597154232906178 4.6870080485605312 16.034488759294618 4.6912552961002794 18.152613072568784 113.88810861810634 16.931018751281954 13.192650938115547 1.5267366526531985 20.854584765256732
leaf_count=18028 1940 11 78 463 230 935 222 391 2144 5526 5990 73 66 567
internal_value=-0.00133423 0.000671032 0.0243176 -0.00130639 -0.00355566 -0.00699194 0.0140051 -0.00976442 -0.00814436 -0.00444619 -0.0273062 0.0353478 -0.0145548 0.0186999
internal_weight=266.106 254.085 18.736 235.348 212.302 181.705 20.7215 160.983 156.292 132.041 24.2514 15.7437 2.55107 23.0465
internal_count=36664 18636 228 18408 17378 17148 1157 15991 15600 7670 7930 150 77 1030
is_linear=0
shrinkage=0.05


Tree=70
num_leaves=15
num_cat=0
split_feature=13 2 1 5 8 3 4 17 0 12 13 12 10 15
split_gain=8.68698 4.15438 6.6556 4.23338 4.21269 4.10663 4.11544 4.61762 5.96633 3.96674 3.83558 3.58856 3.45032 6.73634
threshold=0.1509381631274844 0.49542652393088765 0.034752925766119193 0.38585607940446659 0.18394199785177232 0.26791549953314664 0.072227052540057138 0.77938608740047799 0.069468828327368046 0.033051008002589678 0.39109027430995535 0.0076765278737496801 0.40178571428571436 0.9993981645982678
decision_type=2 2 2 2 2 2 2 2 2 2 2 2 2 2
left_child=-1 4 3 10 11 6 12 9 -9 -8 -3 -2 13 -4
right_child=1 2 5 -5 -6 -7 7 8 -10 -11 -12 -13 -14 -15
leaf_value=-0.039856972157355536 0.01784307483133887 0.00077216186491340039 -0.052075344101211951 -0.0048877459676187444 0.0010542428122276167 -0.045417931423868324 0.030998396022360833 -0.029865907555351845 0.0042069822137892725 -0.047824010506775226 0.028803782047569861 -0.046931759651851 0.025784686221295407 0.03864086162195543
leaf_weight=11.574385435262228 2.0767530275770723 16.1711501237005 3.7262767169158932 18.331620725773973 18.943996281799627 4.151881947531364 1.2068126690573979 14.180967841472009 82.634623969439417 8.349270021368282 49.44732817550539 10.300660107241127 22.017035978438798 2.6755030993372202
leaf_count=18023 890 2399 374 972 1987 598 24 669 1594 642 960 7072 487 9
internal_value=0.00071734 0.00271363 0.00512295 0.0161488 -0.0140599 -0.00160677 6.72597e-05 -0.00447284 -0.00103812 -0.0358762 0.0220109 -0.0355421 0.0166352 -0.0140639
internal_weight=265.788 254.214 222.892 83.9501 31.3214 138.942 134.79 106.372 96.8156 9.55608 65.6185 12.3774 28.4188 6.40178
internal_count=36700 18677 8728 4331 9949 4397 3799 2929 2263 666 3359 7962 870 383
is_linear=0
shrinkage=0.05


Tree=71
num_leaves=15
num_cat=0
split_feature=15 11 2 16 2 1 4 12 0 0 8 8 4 12
split_gain=8.83693 5.3913 6.1671 5.27725 7.28605 4.25063 4.24842 3.91741 3.69423 5.91315 4.00145 4.17359 3.7179 3.59391
threshold=0.097344539316078726 0.4050118778040277 0.50725714207722139 0.30595848658409713 0.73173640802850859 0.012039235596362852 0.1623310810810811 0.093361318853111469 0.0079919241352866752 0.061263582645503377 0.31866537717601556 0.27991452991452997 0.20261717413616151 0.1334078017409196
decision_type=2 2 2 2 2 2 2 2 2 2 2 2 2 2
left_child=3 2 -2 4 -1 -6 -3 -5 -7 -10 11 12 -11 -12
right_child=1 6 -4 7 5 8 -8 -9 9 10 13 -13 -14 -15
leaf_value=-0.032936077337905455 -0.050647002549049372 0.030014427427329061 0.0033951512742269084 0.027363292030566908 0.016174068351906785 0.022896213310997105 0.0036229492992826519 -0.027094175247610916 -0.042201100208420168 -0.049885963661659587 -0.053192195931120768 0.04309160817280408 0.015699244355153526 -0.0020252135190019878
leaf_weight=34.282419999683043 4.6499603964766711 36.245867828271003 79.416395384876523 13.133800829964459 17.102433766209288 5.6562699661008073 26.340249258559197 3.4351249047904266 14.430460430623496 2.467062199662907 4.5729865693720049 6.0750289477291517 4.874619183014147 9.1499553727917355
leaf_count=25265 2913 465 1693 277 1531 401 331 218 1864 313 422 168 341 503
internal_value=3.61988e-05 0.00815319 -0.000154323 -0.0102799 -0.0146661 -0.00457441 0.0191389 0.0151735 -0.0122678 -0.0174778 -0.00329967 0.0155475 -0.00967798 -0.0215307
internal_weight=261.833 146.652 84.0664 115.18 98.6112 64.3288 62.5861 16.5689 47.2264 41.5701 27.1397 13.4167 7.34168 13.7229
internal_count=36705 5402 4606 31303 30808 5543 796 495 4012 3611 1747 822 654 925
is_linear=0
shrinkage=0.05


Tree=72
num_leaves=15
num_cat=0
split_feature=13 12 0 4 4 13 15 9 15 1 5 6 0 0
split_gain=7.44678 3.71074 6.72042 5.78133 5.08589 4.58445 5.70505 4.29102 7.28222 4.2725 4.16516 7.10252 4.37607 5.36839
threshold=0.15296176787420732 0.094660743781648155 0.16079303830493549 0.15978723404255321 0.03625410733844469 0.76240804275914786 0.15626301966781056 0.47219601677148854 0.11084761358403449 0.85223789977105857 0.57417582417582425 0.053991265656338223 0.090349509890929783 0.0087098777921466603
decision_type=2 2 2 2 2 2 2 2 2 2 2 2 2 2
left_child=-1 3 5 4 -2 10 -7 -6 -9 -8 -3 12 13 -12
right_child=1 2 -4 -5 7 6 9 8 -10 -11 11 -13 -14 -15
leaf_value=-0.039152906484661763 0.00021970824600955807 -0.031642023841352084 0.011286169654992857 -0.026207499458558603 0.031735190291307794 -0.030098152577501144 0.022960212816991097 -0.049459308563358388 0.034165288795022224 -0.022907638259060632 0.025001573963012658 -0.047831010922621923 0.036011412221516291 -0.025568257311509447
leaf_weight=10.976024128583957 40.792932523560012 31.256196719536092 50.251884795725346 9.5610833228565735 36.560494593839394 8.8538930270588008 23.540642473381016 4.0573728636372817 4.3919926090165973 5.5401755245402446 7.456768753618241 7.0525392886484033 7.3130367337726048 12.952006527164484
leaf_count=18171 7965 5643 994 616 1294 292 234 491 32 50 317 220 78 356
internal_value=-0.000637228 0.0012061 -0.0035837 0.0089087 0.0130786 -0.0108101 0.00300643 0.0244746 -0.00697562 0.0137509 -0.0186742 -0.00645974 0.00536415 -0.00678675
internal_weight=260.557 249.581 154.217 95.3639 85.8028 103.965 37.9347 45.0099 8.44937 29.0808 66.0305 34.7744 27.7218 20.4088
internal_count=36753 18582 8184 10398 9782 7190 576 1817 523 284 6614 971 751 673
is_linear=0
shrinkage=0.05


Tree=73
num_leaves=15
num_cat=0
split_feature=11 18 13 8 11 0 16 8 15 11 18 8 1 15
split_gain=6.96839 6.57144 4.46386 5.78383 6.08714 4.32971 3.88922 4.21758 3.7738 4.01183 4.57485 3.77378 3.60343 3.41505
threshold=0.19496357301235351 0.49884965715934376 0.76240804275914786 0.63995726495726502 0.63727013727013737 0.0022898137351880531 0.12842765431332967 0.52565789473684221 0.9683600246133518 0.3189947579401789 0.51071188076777496 0.36140661938534285 0.85223789977105857 0.67087281944312205
decision_type=2 2 2 2 2 2 2 2 2 2 2 2 2 2
left_child=1 -1 3 6 -5 -3 7 -2 9 -4 -11 -8 13 -7
right_child=2 5 8 4 -6 12 11 -9 -10 10 -12 -13 -14 -15
leaf_value=-0.039566480757719291 -0.0056712573490346639 -0.040247530560692329 0.031541806670956025 -0.037593884650460319 0.036401787036897927 -0.0023128896145752638 0.032905288706953938 0.018130913567929129 0.040267878843139912 -0.031920831371544743 0.0097294364235628247 -0.024123559251034089 -0.036283767735937028 0.036912569065574018
leaf_weight=18.790662145067472 88.583866694767494 5.0530136092784259 12.546795118658336 16.059077379846716 2.4932136914576395 12.774134107763535 15.608568215830021 22.492816053563729 11.175841707736252 7.8012331540230653 25.281753255520016 2.7555274347541845 3.165509335929527 8.6637332506943476
leaf_count=15738 12464 4684 112 990 99 1191 264 567 45 162 214 62 38 56
internal_value=-0.000397068 -0.0172498 0.00365405 -0.000942001 -0.0262965 -0.00228024 0.00286572 -0.000732596 0.0154371 0.00862227 -0.000740429 0.0235442 0.00678484 0.014478
internal_weight=253.246 48.4471 204.799 147.993 18.5523 29.6564 129.441 111.077 56.8056 45.6298 33.083 18.3641 24.6034 21.4379
internal_count=36686 21707 14979 14446 1089 5969 13357 13031 533 488 376 326 1285 1247
is_linear=0
shrinkage=0.05


Tree=74
num_leaves=15
num_cat=0
split_feature=11 18 5 13 8 15 6 8 16 3 17 18 15 4
split_gain=7.45605 6.83207 4.95552 4.85483 4.79506 4.64353 3.55669 3.46127 4.29568 4.29048 4.1819 4.6461 3.93797 3.4192
threshold=0.21060023654642226 0.49884965715934376 0.051315789473684217 0.65637018655493751 0.63995726495726502 0.65052257170800376 9.3129064855136187e-08 0.24744897959183676 0.4440841350244002 0.90076783306957398 0.84416197892125411 0.55454230861454445 0.31689068807714915 0.20554346434515428
decision_type=2 2 2 2 2 2 2 2 2 2 2 2 2 2
left_child=1 -1 -3 4 -2 -4 -7 9 10 -5 12 -12 -9 -6
right_child=3 2 5 7 13 6 -8 8 -10 -11 11 -13 -14 -15
leaf_value=-0.038070908924167424 0.0018423900597959832 0.035304889267021924 -0.030371663699894566 -0.027207346466983907 -0.046952152422964785 0.040688815707103504 -0.010577551328744682 -0.056897213694211794 0.041962997900994919 0.027597692174573786 -0.00063360006718205658 0.029954719460919835 0.0065630316837989077 0.0050521740997172999
leaf_weight=20.313009621790115 104.89561755887553 6.222470697193784 13.713521155725175 9.3339921811711957 8.2596279717690759 4.6976283997064456 7.5751069316174835 2.9936644970439357 14.129375814460216 4.5120606299024066 21.122772693168372 28.970539999194443 5.8440866904566064 4.5266272667795411
leaf_count=16290 12286 1243 4762 238 910 92 72 70 67 43 243 212 38 126
internal_value=0.000516691 -0.0161087 -0.0015285 0.00484234 -0.00178407 -0.0113298 0.0106328 0.0137335 0.0180434 -0.0086919 0.011704 0.0172966 -0.0185317 -0.0295104
internal_weight=257.11 52.5217 32.2087 204.588 117.682 25.9863 12.2727 86.9065 73.0604 13.8461 58.9311 50.0933 8.83775 12.7863
internal_count=36692 22459 6169 14233 13322 4926 164 911 630 281 563 455 108 1036
is_linear=0
shrinkage=0.05


Tree=75
num_leaves=15
num_cat=0
split_feature=10 15 9 7 14 2 12 5 4 17 18 7 2 0
split_gain=6.81307 7.11029 5.82176 4.81335 7.86298 4.67498 6.30152 5.61183 4.51092 4.27079 4.02968 4.02109 3.77804 3.98668
threshold=0.40178571428571436 0.9011343297999489 0.26629784098833009 0.5355419776129513 0.30785459266471932 0.81675308578515071 0.1215292467166099 0.33974358974358981 0.12758985200845668 0.74265948958953809 0.40669869591926805 0.89287080555251963 0.94800296922283755 0.064377551022189464
decision_type=2 2 2 2 2 2 2 2 2 2 2 2 2 2
left_child=1 3 -2 4 10 -4 7 -7 -5 11 -1 -8 13 -11
right_child=2 -3 5 8 -6 6 9 -9 -10 12 -12 -13 -14 -15
leaf_value=-0.03454877152121251 -0.01951149935743543 0.029683189087739238 0.017715497807224156 -0.047595386741383409 -0.038883890651411852 -0.00072272305349598866 0.026967959742909504 -0.05147568654779118 -0.0048709053941668884 -0.01453891337882374 0.025080725027772279 -0.051252173960763148 -0.0262755590259055 0.01827198751409333
leaf_weight=2.5458637429110302 22.291446798699326 7.0224997859040732 63.738001161342254 19.820914522875686 9.8836696460202784 12.381657622696368 1.5959913943952404 8.7648201237025187 9.1363708498538454 10.124700671061872 14.687419350797425 4.5971496032143477 5.6115824631415299 60.61983177397633
leaf_count=880 2091 75 3528 6334 18428 823 31 624 858 264 1489 305 160 801
internal_value=-0.000791043 -0.0148911 0.0039517 -0.0208957 -0.00541498 0.00717279 0.00058525 -0.0231333 -0.0347279 0.00686535 0.01486 -0.0301478 0.0102184 0.013439
internal_weight=252.822 63.0967 189.725 56.0742 27.117 167.434 103.696 21.1465 28.9573 82.5493 17.2333 6.19314 76.3561 70.7445
internal_count=36691 28064 8627 27989 20797 6536 3008 1447 7192 1561 2369 336 1225 1065
is_linear=0
shrinkage=0.05


Tree=76
num_leaves=15
num_cat=0
split_feature=13 16 5 12 8 2 2 15 11 17 0 8 3 18
split_gain=6.90789 3.73427 4.25422 4.17572 4.3708 4.13234 6.4303 8.04671 4.58342 4.55993 4.19531 4.00591 3.59003 3.53997
threshold=0.1509381631274844 0.88841992257794711 0.044466403162055343 0.041594467926420763 0.20431354359925794 0.81675308578515071 0.76150384496359125 0.11084761358403449 0.42533979178716025 0.72037653030204674 0.061263582645503377 0.63995726495726502 0.21063505872118313 0.77826070667843283
decision_type=2 2 2 2 2 2 2 2 2 2 2 2 2 2
left_child=-1 3 -3 13 -5 6 7 -6 -9 12 -11 -8 -7 -2
right_child=1 2 -4 4 5 9 11 8 -10 10 -12 -13 -14 -15
leaf_value=-0.040255590394126711 0.020266460851234576 -0.040992382195212757 0.033489893391500228 -0.025024770209726373 -0.032681708209997544 -0.051086229935828897 0.034067086262102995 -0.019580308119340698 0.040167433743667519 -0.022783446140529157 0.0020658782516330691 -0.020629084109663964 0.028140034902406654 -0.027736308724243132
leaf_weight=9.3133548033656535 32.99517756968271 1.3409302313812066 13.799661849363472 19.420298010256374 13.452973948762521 7.3775111725262814 24.330582141468771 4.0865520542720324 8.5903145870543067 20.209698162798304 84.620661634253338 3.1790838333545244 1.0570634873001834 3.4527281099435632
leaf_count=18088 5128 63 158 6348 2180 679 490 343 78 863 1731 127 17 444
internal_value=-0.000191277 0.00153901 0.0247623 -0.000142952 -0.00318937 -0.000514788 0.0107981 -0.00688267 0.0208836 -0.00591991 -0.00289471 0.0272444 -0.039227 0.0150999
internal_weight=247.227 237.913 15.1406 222.773 186.325 166.904 53.6395 26.1298 12.6769 113.265 104.83 27.5097 8.43457 36.4479
internal_count=36737 18649 221 18428 12856 6508 3218 2601 421 3290 2594 617 696 5572
is_linear=0
shrinkage=0.05


Tree=77
num_leaves=15
num_cat=0
split_feature=2 9 7 2 11 5 14 3 13 5 11 11 5 15
split_gain=6.03004 4.91465 4.60419 4.68546 4.1885 4.01617 4.743 4.60076 4.70241 4.44145 4.12629 6.94819 3.67669 3.47642
threshold=0.49542652393088765 0.21966374852447587 0.47290679044201483 0.029841852722706817 0.39412194231471348 0.051315789473684217 0.048331479421579539 0.2066711697393516 0.91855527524659863 0.9553571428571429 0.56070175438596503 0.42533979178716025 0.38585607940446659 0.89153270701183984
decision_type=2 2 2 2 2 2 2 2 2 2 2 2 2 2
left_child=1 -1 -3 4 -4 -2 7 8 -7 10 11 -8 -9 -5
right_child=5 2 3 13 -6 6 9 12 -10 -11 -12 -13 -14 -15
leaf_value=-0.046596468969124845 0.028804352321443807 0.032476154617170863 -0.037285259831148686 -0.047083988864106058 0.033824902750339142 -0.0073998907731265039 -0.0083837820496764914 0.042598798214268679 0.019119240185368633 0.02709477316929625 0.010168343202468611 -0.047973617211427705 -0.0039258871615901565 0.030113572091755265
leaf_weight=11.027436723052231 11.892211287340613 4.828631625146957 2.1357799471734351 9.8160360156907664 5.3009552213334246 44.986367671750486 65.331056604292826 13.651011173205918 25.281150926835835 7.7405466805794267 19.215703791967826 12.51835878966085 5.7566561520216046 0.99216078221798021
leaf_count=20170 1318 1412 849 2117 687 686 6107 110 148 91 1087 1733 157 3
internal_value=-0.0014715 -0.020632 -0.00680284 -0.0183456 0.0114038 0.00177881 -1.26622e-05 0.00837904 0.00227567 -0.00720421 -0.0101878 -0.0152776 0.0292826 -0.0380474
internal_weight=240.474 34.101 23.0736 18.2449 7.43674 206.373 194.481 89.6752 70.2675 104.806 97.0651 77.8494 19.4077 10.8082
internal_count=36675 25238 5068 3656 1536 11437 10119 1101 834 9018 8927 7840 267 2120
is_linear=0
shrinkage=0.05


Tree=78
num_leaves=15
num_cat=0
split_feature=2 9 7 8 16 1 1 1 6 15 4 13 12 12
split_gain=5.69129 4.95072 4.00916 4.40643 3.71259 3.1963 4.6677 5.77984 5.66137 4.53299 4.3823 4.25194 4.55273 3.93164
threshold=0.49542652393088765 0.21966374852447587 0.46701611913618574 0.34738243123336293 0.88841992257794711 0.15927641521554692 0.098699019137945918 0.034752925766119193 6.4530645615691421e-08 0.70872396265835691 0.040818215475749729 0.29148507496024628 0.15447250059180939 0.12599530550974156
decision_type=2 2 2 2 2 2 2 2 2 2 2 2 2 2
left_child=1 -1 -3 -4 5 6 7 11 10 -10 -9 -2 -13 -7
right_child=4 2 3 -5 -6 13 -8 8 9 -11 -12 12 -14 -15
leaf_value=-0.043974735590153968 -0.019627041017150237 0.034861125729083953 -0.031796276206771883 0.014578452481136732 0.031137688858696156 -0.039221999127718288 0.026472470891095945 -0.044340913001008592 -0.042929704364442656 0.011438595091849281 0.028451255266473685 0.018670159500167465 -0.021253654382238779 -0.0017917824231837732
leaf_weight=10.735333895245274 9.826344944056471 4.2969991408317609 12.046039317254328 7.6692586321296394 11.084100917214526 6.8939576759439651 24.349368665367365 1.6876723392051669 15.437024471932093 4.528428738936781 8.6020211465365701 61.226505352387903 7.2262102087697704 64.107294996356359
leaf_count=20227 4087 1283 3174 564 80 517 724 206 1625 38 417 1792 567 1372
internal_value=0.0011459 -0.017339 -0.00414883 -0.0139236 0.00420026 0.00259099 0.00714897 0.00261169 -0.0156257 -0.0306408 0.0136422 0.00976869 0.0142103 -0.00592038
internal_weight=249.717 34.7476 24.0123 19.7153 214.969 203.885 132.884 108.534 30.2551 19.9655 10.2897 78.2791 68.4527 71.0013
internal_count=36673 25248 5021 3738 11425 11345 9456 8732 2286 1663 623 6446 2359 1889
is_linear=0
shrinkage=0.05


Tree=79
num_leaves=15
num_cat=0
split_feature=11 18 8 17 5 12 10 11 6 6 4 2 5 12
split_gain=6.25928 6.87441 4.46243 3.73251 2.64809 3.15098 4.19294 5.14153 3.25822 5.69131 4.24378 3.36499 3.31823 4.3738
threshold=0.19496357301235351 0.49884965715934376 0.034297052154195019 0.88701551063598816 0.032795698924731186 0.023721235488353302 0.40178571428571436 0.32489316239316246 0.99978480517996682 0.0028630915191114356 0.018350168350168353 1.0000000180025095e-35 0.048809523809523817 0.23131944972857973
decision_type=2 2 2 2 2 2 2 2 2 2 2 2 2 2
left_child=1 -1 -3 -4 -2 -6 7 -7 9 10 11 -8 -11 -14
right_child=4 2 3 -5 5 6 8 -9 -10 12 -12 -13 13 -15
leaf_value=-0.041120310236917409 -0.041337002024070306 0.032481205317497833 -0.039690077712777903 0.0031931397014806958 0.027457001508977875 5.8184477345520679e-05 0.03063357513642273 -0.048539046074314529 0.027033180620083204 0.03944966702573962 0.019117128209042076 -0.035786814228190952 -0.017325346403997119 0.0069187245082700704
leaf_weight=15.82957290024933 2.0787096695203209 6.6067237685638274 6.8183571381014216 14.078716154705033 14.095777077207456 17.112527550634699 1.7736501156905422 6.9793456742409026 16.420538006816059 2.9979504704242563 59.873131827465841 5.8902388247806812 44.032502948801266 30.962503009883221
leaf_count=15744 860 1673 2974 1313 4074 2281 54 1493 96 85 1690 1302 2462 653
internal_value=0.00107699 -0.0159502 -0.000529305 -0.0119725 0.0047863 0.00546849 0.00366461 -0.0153937 0.0065768 0.00409991 0.0146214 -0.0186536 -0.00508078 -0.00735659
internal_weight=245.55 43.3334 27.5038 20.8971 202.217 200.138 186.042 24.0919 161.951 145.53 67.537 7.66389 77.993 74.995
internal_count=36754 21704 5960 4287 15050 14190 10116 3774 6342 6246 3046 1356 3200 3115
is_linear=0
shrinkage=0.05


Tree=80
num_leaves=15
num_cat=0
split_feature=2 8 5 14 9 10 5 8 8 5 6 18 6 12
split_gain=7.06109 5.16554 4.72678 3.58669 6.35366 4.52162 4.09896 4.45467 3.79684 4.55681 4.23216 4.20329 3.38295 3.47687
threshold=0.49542652393088765 0.34738243123336293 0.051315789473684217 0.048331479421579539 0.26224510195921641 0.59821428571428581 0.35147058823529415 0.24744897959183676 0.12931995540691196 0.64852941176470602 0.044916048330011282 0.50710217184874651 0.086390242906240006 0.238496729712143
decision_type=2 2 2 2 2 2 2 2 2 2 2 2 2 2
left_child=1 -1 -2 4 -4 8 -6 -8 -5 11 -11 -10 -7 -14
right_child=2 -3 3 5 6 12 7 -9 9 10 -12 -13 13 -15
leaf_value=-0.033921138195097733 0.030109546707920362 0.012012789600767617 -0.021506807688709453 0.014009511551594456 0.031092885293289158 0.015692546916061909 -0.054794120964680275 0.0087097042062738803 -0.048026169942238267 0.026780133198525333 -0.02636693931248776 -0.015113093174041829 -0.045572791617132506 0.020691098320182968
leaf_weight=24.637550674844533 12.662322881136786 7.4723834991018512 15.083188180578871 9.6950636371766432 21.412161845713854 27.82000844097638 1.9305017618462432 49.044925080612302 14.116677206679013 8.5466962051141291 5.1997261865762985 31.490461558249081 4.2327324687503269 2.4395965961739421
leaf_count=24569 1318 594 340 1651 174 1039 29 565 2893 167 168 2747 297 45
internal_value=-0.001775 -0.0231918 0.00169824 -0.000332166 0.00707876 -0.00660069 0.0132469 0.00529678 -0.0139189 -0.0186374 0.00625196 -0.0261125 0.00802872 -0.0218058
internal_weight=235.784 32.1099 203.674 191.012 87.4708 103.541 72.3876 50.9754 69.0486 59.3536 13.7464 45.6071 34.4923 6.67233
internal_count=36596 25163 11433 10115 1108 9007 768 594 7626 5975 335 5640 1381 342
is_linear=0
shrinkage=0.05


Tree=81
num_leaves=15
num_cat=0
split_feature=14 1 1 15 15 12 1 13 9 8 5 8 8 12
split_gain=5.00462 3.37045 5.14799 4.08566 3.64135 3.86339 3.25517 3.92388 3.06778 4.87328 5.09163 4.55042 3.17714 3.46909
threshold=0.44918857936301315 0.3523916380863672 0.30521857334601471 0.18348400563957964 0.31689068807714915 0.24425415065412057 0.16333982217938023 0.6160201720503985 0.37518768768768773 0.52565789473684221 0.36754385964912284 0.26778819635962497 0.37668918918918926 0.11893845101482721
decision_type=2 2 2 2 2 2 2 2 2 2 2 2 2 2
left_child=1 2 4 -3 5 8 -6 -8 -1 10 11 -10 13 -13
right_child=-2 3 -4 -5 6 -7 7 -9 9 -11 -12 12 -14 -15
leaf_value=0.0079471868129511788 -0.031652593984119792 -0.050469446560831965 0.037011916840837822 -0.0050790520366565083 0.017332212051309595 -0.038315063193762246 -0.051591911579712428 0.0090212392515745168 -0.034123116258612092 0.0096565424206049941 -0.049211305895796142 0.029942215640585634 -0.030379359442686445 -0.026655573420123799
leaf_weight=52.847153762319067 11.102833864439161 4.8098726287425952 10.236315076705067 35.950664631440304 49.24582631982048 6.2751387336102189 3.1389607181772572 6.8658186197280884 9.2838117173960217 22.148020497552352 9.5034902628394757 11.299377104514862 3.3879950814007307 2.6322304201603393
leaf_count=8198 19543 377 181 398 1279 2319 109 38 1274 1008 871 570 374 91
internal_value=-0.00032017 0.00133989 0.00419041 -0.0115155 0.00209061 -0.0030153 0.0120877 -0.012956 -0.000697543 -0.00854156 -0.0196637 -0.00770806 0.00754094 0.0181797
internal_weight=238.728 227.625 186.864 40.7605 176.628 117.377 59.2506 10.0048 111.102 58.2549 36.1069 26.6034 17.3196 13.9316
internal_count=36630 17087 16312 775 16131 14705 1426 147 12386 4188 3180 2309 1035 661
is_linear=0
shrinkage=0.05


Tree=82
num_leaves=15
num_cat=0
split_feature=11 18 17 16 0 1 14 11 5 0 18 6 4 6
split_gain=5.43655 4.84683 4.99697 2.7893 2.73353 4.81167 4.88415 4.3784 3.56354 5.49795 5.22942 3.79453 3.20458 3.18387
threshold=0.19496357301235351 0.49884965715934376 0.88701551063598816 0.49325429242338276 0.061263582645503377 0.15927641521554692 0.35991631799163187 0.31719043151969989 0.30217391304347835 0.037482005955159409 0.58580010687051542 0.025663569050948094 0.020725945017182133 1.6365698927774992e-08
decision_type=2 2 2 2 2 2 2 2 2 2 2 2 2 2
left_child=1 -1 3 -3 5 6 7 13 11 10 12 -9 -10 -2
right_child=4 2 -4 -5 -6 -7 -8 8 9 -11 -12 -13 -14 -15
leaf_value=-0.0369963678267579 0.038947779471902221 -0.040880054427473701 0.012749139281446895 0.023633737850525124 0.010287698048341867 -0.034255506416544082 -0.036485334274419766 -0.033686835151459801 -0.054140564241007993 -0.047760780762184457 0.028390608550838876 0.013798632852360181 0.0015686214962709261 0.0048445417507057111
leaf_weight=15.12642562358087 12.708856636338171 8.0841358272591624 18.278880951140309 1.3633372456824862 95.277499226678628 9.1013675813737773 6.5335790826939038 13.076422150450528 2.2510549074795554 3.240017977776005 20.278197521751281 5.3462094382557543 12.278792665631043 14.319531459594144
leaf_count=15729 1055 4293 1561 85 2823 456 6713 1792 260 207 369 119 640 574
internal_value=0.000718446 -0.0151948 -0.00242691 -0.0301992 0.00428591 -0.00152753 0.00212088 0.00553775 -0.0024397 0.00631042 0.0125367 -0.0199057 -0.00999266 0.0216975
internal_weight=237.264 42.8528 27.7264 9.44747 194.412 99.134 90.0327 83.4991 56.4707 38.0481 34.808 18.4226 14.5298 27.0284
internal_count=36676 21668 5939 4378 15008 12185 11729 5016 3387 1476 1269 1911 900 1629
is_linear=0
shrinkage=0.05


Tree=83
num_leaves=15
num_cat=0
split_feature=15 16 3 14 5 12 12 12 4 15 17 0 2 12
split_gain=5.01072 3.4506 4.03008 4.65797 4.49117 3.39294 3.23172 5.37365 3.79191 4.19239 3.19446 3.14309 3.44969 3.29466
threshold=0.097344539316078726 0.30595848658409713 0.23646984422846493 0.044444625832571506 0.34698996655518399 0.093361318853111469 0.25353447376590349 0.23131944972857973 0.31096096096096099 0.35199007708301239 0.54280607349157928 0.0079919241352866752 0.76150384496359125 0.021874595521615327
decision_type=2 2 2 2 2 2 2 2 2 2 2 2 2 2
left_child=1 2 11 4 10 -3 7 -2 9 -8 -4 12 -1 -13
right_child=6 5 3 -5 -6 -7 8 -9 -10 -11 -12 13 -14 -15
leaf_value=-0.023096596108646901 0.0085491807756162778 0.026496274775598096 -0.036411561684350557 -0.038493534394105113 -0.050090871266498131 -0.024921480497675036 -0.044477734713971047 0.046524293134983671 -0.025903693330207745 0.012187590767840165 0.0373362955553092 0.023932210303862944 0.036991176399269687 -0.013142573176455279
leaf_weight=2.5438463620230305 74.174653868831228 11.989175716342286 1.0099731139562225 20.050551100437588 1.8298855572793398 3.3909703239332876 2.6856363049737437 9.7957144323445373 12.070690782973541 28.412538282100286 5.9159149898623582 5.9716742795135351 7.502392889931798 44.318689039617311
leaf_count=800 3588 282 109 24075 186 222 765 139 247 621 133 978 448 4005
internal_value=0.00117128 -0.00690268 -0.0106844 -0.0257339 0.00443603 0.0143305 0.00781107 0.0134746 -0.00326112 0.00606076 0.0233448 -0.00319701 0.0210626 -0.0083594
internal_weight=231.662 104.523 89.1429 28.8063 8.75577 15.3801 127.139 83.9704 43.1689 31.0982 6.92589 60.3366 10.0462 50.2904
internal_count=36598 31238 30734 24503 428 504 5360 3727 1633 1386 242 6231 1248 4983
is_linear=0
shrinkage=0.05


Tree=84
num_leaves=15
num_cat=0
split_feature=13 15 10 3 15 5 7 10 2 11 1 18 4 11
split_gain=4.92741 2.86194 4.30881 3.45089 3.08026 4.60332 2.83854 5.75778 6.80539 5.1969 3.69734 3.24386 2.80195 3.73908
threshold=0.15296176787420732 0.9683600246133518 0.80357142857142871 0.073066052548937513 0.11084761358403449 0.56594202898550738 0.47973502739383761 0.40178571428571436 0.9440289292018621 0.56070175438596503 0.46780333895370624 0.40669869591926805 0.027149877149877152 0.56070175438596503
decision_type=2 2 2 2 2 2 2 2 2 2 2 2 2 2
left_child=-1 2 6 -4 5 -5 11 8 9 -8 12 -2 13 -9
right_child=1 -3 3 4 -6 -7 7 10 -10 -11 -12 -13 -14 -15
leaf_value=-0.036239171724497247 -0.026153935163339633 0.016064938779733369 -0.034554173345677446 -0.043522605193386285 0.038333810291622618 0.027901755387532715 -0.042899119110384049 -0.0010628961047397885 0.017848953818282193 0.027133723305370196 -0.024565218031496451 0.026796482760544933 0.0062747861411865851 -0.050828294619945327
leaf_weight=7.7813327180992919 2.7875999424650209 29.941533680597786 1.8188213193789149 2.7777384349901721 14.056802557548506 4.6009215105441399 22.657669653337514 13.817927502845125 7.0364409811445503 2.3030540799663859 12.873083960555958 13.062827102730806 93.921711888993741 4.2159617161014458
leaf_count=18139 2222 257 113 200 111 154 6172 1937 357 214 322 2460 3388 655
internal_value=0.000513025 0.0019333 -0.000296868 0.0194457 0.0253636 -0.000971692 -0.00305225 -0.00511879 -0.0236938 -0.0356411 -0.000207029 0.0164847 0.00278645 -0.0147562
internal_weight=233.653 225.872 195.931 23.2543 21.4355 7.37866 172.676 156.826 31.9972 24.9607 124.829 15.8504 111.956 18.0339
internal_count=36701 18562 18305 578 465 354 17727 13045 6743 6386 6302 4682 5980 2592
is_linear=0
shrinkage=0.05


Tree=85
num_leaves=15
num_cat=0
split_feature=15 3 11 6 6 1 14 2 7 8 13 8 17 10
split_gain=4.6395 3.80657 3.53202 3.50146 3.23987 3.88979 3.2012 2.87351 2.87294 2.73826 2.63042 3.98297 5.05346 4.64275
threshold=0.097344539316078726 0.30309886192239138 0.24273989898989903 0.0022418192597816254 0.015729368792027149 0.0038197827914484583 0.048331479421579539 0.75593437511664863 0.43258049391672387 0.90326340326340337 0.91855527524659863 0.63995726495726502 0.9338028604122055 0.86607142857142871
decision_type=2 2 2 2 2 2 2 2 2 2 2 2 2 2
left_child=1 3 -2 7 -5 -6 8 9 -3 -1 11 13 -13 -4
right_child=2 6 10 4 5 -7 -8 -9 -10 -11 -12 12 -14 -15
leaf_value=-0.036939866141221633 -0.0077511158381165044 0.043447452844304506 0.0071971164027728801 -0.041041427760905427 0.021840723913040459 -0.013935230479264971 -0.036356003974724958 0.018163514614794107 -0.015462850030995729 0.027006298670101254 0.028049154470449662 0.011275747721488623 -0.045293650426566363 0.047255076966790176
leaf_weight=4.34613392629399 31.979437170855817 1.883787634375041 58.787113656100701 6.4783936900639665 9.2571469301037705 28.571390640907339 16.597154662427783 24.771040888284915 6.3356613298019511 1.5932565885304937 17.864937457256019 7.613098134781465 6.5539318068185821 7.3490506103262296
leaf_count=1691 3625 58 1370 1713 615 2233 22872 1554 403 75 131 158 126 38
internal_value=0.000307728 -0.00775773 0.00650658 -0.00203037 -0.0109251 -0.00484336 -0.0243215 0.0107423 0.00128674 -0.0183663 0.0111825 0.00713138 -0.0161552 0.0122859
internal_weight=229.982 99.834 130.148 75.0174 44.3069 37.8285 24.8166 30.7104 8.21945 5.93939 98.1681 80.3032 14.167 66.1362
internal_count=36662 31214 5448 7881 4561 2848 23333 3320 461 1766 1823 1692 284 1408
is_linear=0
shrinkage=0.05


Tree=86
num_leaves=15
num_cat=0
split_feature=13 12 3 3 3 2 12 8 9 14 14 7 14 14
split_gain=3.78636 3.3238 6.69089 4.54731 3.02427 2.92179 3.77936 5.793 3.69394 3.25405 4.24014 3.56447 3.20978 3.61007
threshold=0.14381731861061722 0.02537485821067911 0.37528280542986431 0.028630934457492725 0.021505475802871103 0.81675308578515071 0.1215292467166099 0.31866537717601556 0.20960061443932418 0.30454763844498761 0.1154812524159258 0.85143725482423549 0.1930863776032776 0.11171991639295313
decision_type=2 2 2 2 2 2 2 2 2 2 2 2 2 2
left_child=-1 3 4 -2 -3 8 7 9 -6 10 11 -7 13 -8
right_child=1 2 -4 -5 5 6 12 -9 -10 -11 -12 -13 -14 -15
leaf_value=-0.034356354877293792 -0.034099765195815528 0.049109811557267895 -0.034592330673213455 0.027381574972321084 -0.034861672618840288 0.02240682852713884 -0.0015897743164025901 -0.051349681952374916 0.013018260568171873 0.031044180572776494 -0.048533123745786909 -0.035050768976257245 -0.035571455879505914 0.023153624067998889
leaf_weight=6.7725036517367689 2.643061207811118 2.2822371831862247 12.760689547038053 19.745318829154712 3.3836782940343246 7.4186885622330063 74.009979948867112 8.5710578119615075 55.687398537542322 4.1893400704138903 4.8554984733636948 2.9842397914035246 4.6311200881173127 17.374484269937966
leaf_count=17497 215 58 7887 3700 685 115 1217 707 2498 522 566 83 623 477
internal_value=-5.51469e-05 0.00114854 -0.000950887 0.0189757 0.00153791 0.000681439 -0.00367653 -0.0194898 0.00974094 -0.00362394 -0.0144664 0.00429587 0.00109137 0.00331427
internal_weight=227.309 220.537 198.148 22.3884 185.388 183.105 124.034 28.0188 59.0711 19.4478 15.2584 10.4029 96.0156 91.3845
internal_count=36850 19353 15438 3915 7551 7493 4310 1993 3183 1286 764 198 2317 1694
is_linear=0
shrinkage=0.05


Tree=87
num_leaves=15
num_cat=0
split_feature=13 12 8 14 12 1 14 17 17 2 12 14 3 12
split_gain=4.33765 3.30762 4.88718 4.45039 3.63119 4.416 4.89053 4.4214 3.40667 3.27666 3.20733 5.59711 2.99026 3.40699
threshold=0.14381731861061722 0.09210694790621754 0.27386363636363642 0.1930863776032776 0.11688719968966034 0.16333982217938023 0.11171991639295313 0.86686360516114769 0.99838909452229629 0.78859645520092492 0.17483375076684024 0.018127053669222345 0.22950180072028814 0.1508765564128027
decision_type=2 2 2 2 2 2 2 2 2 2 2 2 2 2
left_child=-1 -2 12 4 -4 8 7 -7 9 -6 11 -10 13 -3
right_child=1 2 3 -5 5 6 -8 -9 10 -11 -12 -13 -14 -15
leaf_value=-0.03728906423337229 0.0093726478748891659 0.0093396651965705901 -0.028845088843101663 -0.035338499301247155 -0.0064719040656483545 -0.043859620221843643 0.025232731839194118 -0.0033347686594531359 0.024901599383546559 0.03507338451706566 0.018839571860924102 -0.056704928674973634 -0.051546744885269807 -0.037271122165954448
leaf_weight=6.4446806694541001 82.404169856054068 8.4222653863980685 7.128936108929337 6.9537942658353122 5.5257407450117197 7.1372572671389198 11.180804144474676 40.126024925149977 2.793004163540898 23.726052167156013 7.9217421354842372 4.1459401018219069 6.2344883612822732 5.8685177808947619
leaf_count=17444 10797 458 381 1214 328 196 220 586 18 308 102 169 4016 509
internal_value=0.000249698 0.00151558 -0.00323837 0.000794658 0.00338399 0.00588121 -0.00314056 -0.0102364 0.0176387 0.0272709 -0.00184522 -0.0248583 -0.0251291 -0.0109868
internal_weight=226.013 219.569 137.165 116.639 109.686 102.557 58.4441 47.2633 44.1125 29.2518 14.8607 6.93894 20.5253 14.2908
internal_count=36746 19302 8505 3522 2308 1927 1002 782 925 636 289 187 4983 967
is_linear=0
shrinkage=0.05


Tree=88
num_leaves=15
num_cat=0
split_feature=15 1 1 18 16 4 3 17 0 4 3 9 7 2
split_gain=4.73139 4.89568 5.21465 4.30927 3.90183 3.27259 3.8371 2.72677 4.85691 3.74184 3.83325 3.06971 2.70416 2.58709
threshold=0.44999327083834223 0.3523916380863672 0.31832769826953095 0.39865529134769878 0.56264227582289161 0.31096096096096099 0.081681711145996871 0.82680556155883889 0.15525630092654272 0.11922530206112296 0.22170878511056094 0.52185705755362644 0.91044182145464492 0.49542652393088765
decision_type=2 2 2 2 2 2 2 2 2 2 2 2 2 2
left_child=1 2 3 4 -1 -2 -7 9 12 10 13 -10 -9 -5
right_child=5 -3 -4 7 -6 6 -8 8 11 -11 -12 -13 -14 -15
leaf_value=-0.043774158647456304 0.014439746844625793 -0.040456565568380579 0.037761357368333623 -0.031367514845282753 0.01565784326318009 0.0012107806211396786 -0.059435062067638024 -0.011140719111753038 -0.0017733001368176893 -0.032446294620985909 -0.0043059714649650244 0.040339630648626744 -0.040961090332555676 0.029334168607676098
leaf_weight=11.284106377843271 58.291840692108963 8.833073210436849 6.1489715930656521 1.1018350585509349 3.0015419071714851 12.550337375374509 2.2799357809126368 42.172105035031564 12.410951936704807 4.5812852161470792 20.762432370542228 5.5793533445103085 8.6972105182067008 21.080556738204905
leaf_count=16646 977 525 135 316 84 173 33 5254 642 573 9415 55 480 1457
internal_value=-0.00115969 -0.00635848 -0.00387955 -0.00611094 -0.0310795 0.00914197 -0.0112782 -0.00280754 -0.00911184 0.00632618 0.0111066 0.0127237 -0.0169306 0.025096
internal_weight=218.776 145.653 136.82 130.671 14.2856 73.1221 14.8303 116.386 68.8596 47.5261 42.9448 17.9903 50.8693 22.1824
internal_count=36765 35582 35057 34922 16730 1183 206 18192 6431 11761 11188 697 5734 1773
is_linear=0
shrinkage=0.05


Tree=89
num_leaves=15
num_cat=0
split_feature=2 8 9 7 5 5 10 3 9 17 18 11 17 0
split_gain=3.78203 3.88906 3.42029 4.82309 4.34757 3.0932 2.94495 3.35122 2.7205 2.52643 2.37845 3.12464 4.05506 2.28166
threshold=0.49542652393088765 0.63995726495726502 0.21966374852447587 0.47290679044201483 0.29814814814814822 0.051315789473684217 0.80357142857142871 0.073066052548937513 0.69071446250309398 0.24921379995603896 0.73242328179312299 0.5864882146715763 0.95529590680593246 0.9999314654411896
decision_type=2 2 2 2 2 2 2 2 2 2 2 2 2 2
left_child=2 5 -1 -4 9 -2 8 -8 13 -5 11 -3 -13 -7
right_child=1 10 3 4 -6 6 7 -9 -10 -11 -12 12 -14 -15
leaf_value=-0.041700470744164636 0.029886041859597035 -0.033871292683594685 0.034052101646413736 0.0053638305642816735 0.006600352468553246 0.0035103090904581402 -0.03198578116709444 0.031018221297569221 -0.041385299552845665 -0.059065402256913563 0.023213200348697286 0.034907181027623538 -0.049084625373271518 -0.042051337722445535
leaf_weight=7.9861412405043692 11.415434736292807 13.99920124476194 5.0266832113120499 1.7942050115452719 8.2254254749714146 138.33505687565776 1.6109474668628561 14.788948229164815 2.6015638639510135 5.3605393528414425 2.4867268700618288 3.7158537274954133 1.0952227591769768 1.8065713578835119
leaf_count=20259 1283 893 1394 582 751 8240 120 283 294 2271 37 89 44 156
internal_value=0.000744289 0.00328737 -0.0159669 -0.00441858 -0.0183032 0.00582494 0.00392317 0.0233468 0.00154468 -0.0442319 -0.0163847 -0.0225271 0.0106304 0.0026292
internal_weight=220.249 191.856 28.393 20.4069 15.3802 170.559 159.143 16.3999 142.743 7.15474 21.297 18.8103 4.81108 140.142
internal_count=36696 11439 25257 4998 3604 10376 9093 403 8690 2853 1063 1026 133 8396
is_linear=0
shrinkage=0.05


Tree=90
num_leaves=15
num_cat=0
split_feature=11 3 1 15 15 12 8 12 10 4 7 2 6 2
split_gain=3.38488 3.42169 4.16045 2.82911 2.1897 4.31404 2.72897 2.59624 4.8845 3.4145 3.12875 3.9188 4.78384 6.03917
threshold=0.15022935779816518 0.2066711697393516 0.0039897506072190114 0.9011343297999489 0.9683600246133518 0.56666308353808359 0.74456521739130443 0.02537485821067911 0.40178571428571436 0.11669809344227951 0.69126348136208871 0.81675308578515071 3.5625186534102634e-07 0.86371029923023712
decision_type=2 2 2 2 2 2 2 2 2 2 2 2 2 2
left_child=1 2 -1 -4 5 7 -7 -2 9 -9 -10 -12 -13 -14
right_child=4 -3 3 -5 -6 6 -8 8 10 -11 11 12 13 -15
leaf_value=0.024299474964742482 0.020919787014190155 -0.0424598689766695 -0.048104111396278827 0.015547729812256243 0.016827303232194672 -0.046648230002919601 0.018914525928413251 -0.036473063189650254 -0.048014453191341677 0.0042604645163187823 0.016110056227042882 0.017571399668545186 -0.042397518421811345 -0.0012218829291482771
leaf_weight=6.6794649356306781 16.859235056432226 7.4777732545553581 4.2903256842546398 2.0161315682344139 24.524391518498305 6.145638644025893 1.4421944781206546 12.64221555488257 1.7936503913806507 7.9528148505196432 50.876289003630518 21.658347015472827 10.253120157794909 42.982537847274216
leaf_count=651 5717 17795 608 14 192 478 11 4233 977 655 2450 407 816 1682
internal_value=0.00111845 -0.0177486 -0.00150047 -0.0284122 0.00315669 0.00112859 -0.0334355 0.00290973 0.000733828 -0.0212748 0.00442494 0.00554564 -0.00174858 -0.00978777
internal_weight=217.594 20.4637 12.9859 6.30646 197.13 172.606 7.58783 165.018 148.159 20.595 127.564 125.77 74.894 53.2357
internal_count=36686 19068 1273 622 17618 17426 489 16937 11220 4888 6332 5355 2905 2498
is_linear=0
shrinkage=0.05


Tree=91
num_leaves=15
num_cat=0
split_feature=14 12 8 5 4 15 4 14 2 4 14 12 11 12
split_gain=2.95942 2.15475 7.10251 4.22132 2.27314 3.12301 3.35057 4.80238 4.34773 2.78737 3.10879 2.6668 2.50883 2.466
threshold=0.54295175023651854 0.033831757545586413 0.20431354359925794 0.044466403162055343 0.31096096096096099 0.44999327083834223 0.072227052540057138 0.036326979472140773 0.90965314617321147 0.026846846846846854 0.052077911404542099 0.36635562403561039 0.45227743271221538 0.03781401943297108
decision_type=2 2 2 2 2 2 2 2 2 2 2 2 2 2
left_child=1 3 -3 -1 5 9 -7 -8 -9 10 12 -11 13 -4
right_child=-2 2 4 -5 -6 6 7 8 -10 11 -12 -13 -14 -15
leaf_value=-0.036220563439357131 -0.029550939797747613 -0.02785955524046568 0.026965138666708008 0.022688879003078886 -0.0094648330275069106 0.033463276374113997 0.020789966369237401 -0.050639325421028808 0.0088253700327679593 0.0068077165445449977 -0.044885214043162348 -0.040976237620240573 0.025583160220193357 -0.04362327342809303
leaf_weight=2.5422938218252993 6.1161642218394254 17.83357811778842 1.0046369410119935 24.69943840886117 23.957145173088065 18.184195957248448 19.884273711591963 4.7143343056086433 6.1169141381978989 78.791530533038895 5.3563190514032604 2.0429932721017385 4.2243695239303634 2.9838177217970951
leaf_count=925 16196 7747 6 4622 788 201 128 115 64 3830 1760 128 43 188
internal_value=0.00218865 0.00323712 0.00126713 0.0161034 0.00451978 0.00690709 0.0170259 0.00654641 -0.0191493 0.00154215 -0.0186271 0.00511407 0.00151137 -0.0240018
internal_weight=218.452 212.336 185.094 27.2417 167.261 143.303 48.8997 30.7155 10.8312 94.4037 13.5691 80.8345 8.21282 3.98845
internal_count=36741 20545 14998 5547 7251 6463 508 307 179 5955 1997 3958 237 194
is_linear=0
shrinkage=0.05


Tree=92
num_leaves=15
num_cat=0
split_feature=2 13 5 2 11 16 13 3 13 0 6 6 10 9
split_gain=3.37302 3.16357 2.68175 2.87074 4.77909 2.66258 3.54589 3.47924 3.85879 2.94251 2.85244 5.0849 4.75715 3.9435
threshold=0.97146425015705984 0.14381731861061722 0.061669829222011391 0.046639894374467659 0.51224528713087081 0.4440841350244002 0.65637018655493751 0.073066052548937513 0.40001610292384265 0.08662451368167802 0.071907485513521316 0.36764247357636948 0.46428571428571436 0.38918128654970768
decision_type=2 2 2 2 2 2 2 2 2 2 2 2 2 2
left_child=1 -1 -3 4 -4 7 -7 8 -5 -9 12 13 -11 -12
right_child=-2 2 3 5 -6 6 -8 9 -10 10 11 -13 -14 -15
leaf_value=-0.035698521220400466 0.030540369551813391 0.019474512980813784 -0.057135687802542405 0.010313657530116351 0.021880785497605401 -0.023798866695345561 0.030871749497488402 -0.0042761109034232551 -0.032471548240096314 -0.0438328564955048 -0.059140118104428957 0.035729511373368543 0.031630879029505503 -0.0020674818626027504
leaf_weight=5.5680668966633666 7.5248043887550002 14.617488572188448 4.5981242614288922 6.9391838174196918 2.250119876145618 3.0548395585356038 11.763497706793713 99.167670599381381 16.690148607536685 1.4602997134497879 3.0812813670781933 5.5022268561297087 18.771795324020786 12.014776767464353
leaf_count=17418 356 2137 4413 443 284 130 93 10087 440 105 145 49 271 399
internal_value=-0.000282482 -0.00155368 -0.000429705 -0.00209602 -0.0316934 -0.000789867 0.0188092 -0.00266826 -0.0199983 0.000377845 0.0115132 -0.00166466 0.0243762 -0.0166671
internal_weight=213.004 205.48 199.911 185.294 6.84824 178.446 14.8183 163.627 23.6293 139.998 40.8304 20.5983 20.2321 15.0961
internal_count=36770 36414 18996 16859 4697 12162 223 11939 883 11056 969 593 376 544
is_linear=0
shrinkage=0.05


Tree=93
num_leaves=15
num_cat=0
split_feature=2 5 5 13 8 1 9 8 17 1 2 13 12 12
split_gain=5.65543 3.96541 3.80597 4.10653 3.62238 4.44837 3.20926 3.1657 2.89617 2.79347 6.6603 3.96303 3.38856 4.31586
threshold=0.49542652393088765 0.59629629629629644 0.051315789473684217 0.91855527524659863 0.63995726495726502 0.51938691533828918 0.20960061443932418 0.12793235133660666 0.54671988719117581 0.098699019137945918 0.82069886153299454 0.49253669584893339 0.25353447376590349 0.31497838413550922
decision_type=2 2 2 2 2 2 2 2 2 2 2 2 2 2
left_child=1 8 -2 4 5 6 -4 -8 -1 10 -9 -11 -13 -14
right_child=2 -3 3 -5 -6 -7 7 9 -10 11 -12 12 13 -15
leaf_value=-0.013956832401770142 0.028190057982500422 0.024039628815446114 -0.021131016128545017 0.018675814271536913 -0.02468092718140194 -0.028710342929154649 0.04229380986477662 0.0092313008929248621 -0.05219963735182534 -0.0097856923841397169 -0.025622664907646621 0.033885282996305992 -0.049536275024551046 0.015050424483534566
leaf_weight=12.789612919197685 12.10803457899601 3.1219934726468628 11.635966539841318 24.747328898462001 15.989527971352798 11.370219595031811 4.5559708561049765 35.243778134870809 8.339936923595813 13.855640654015586 21.076632083888398 20.10881904757116 2.2548827659338704 11.616741735953836
leaf_count=18250 1309 137 2244 202 1024 276 362 2605 6838 1034 1914 241 84 120
internal_value=-0.000808168 -0.0230049 0.00221673 0.000241142 -0.00295226 -0.000148492 0.00276432 0.00549123 -0.0307282 0.00349454 -0.00403146 0.0122565 0.0212671 0.00192666
internal_weight=208.815 24.2515 184.564 172.456 147.708 131.719 120.348 108.712 21.1295 104.156 56.3204 47.8361 33.9804 13.8716
internal_count=36640 25225 11415 10106 9904 8880 8604 6360 25088 5998 4519 1479 445 204
is_linear=0
shrinkage=0.05


Tree=94
num_leaves=15
num_cat=0
split_feature=15 18 12 15 5 6 12 0 13 17 6 9 11 5
split_gain=2.95931 3.48675 3.39233 3.15946 2.95179 3.6697 3.41421 5.77588 3.68786 3.57767 3.31823 3.8104 4.91539 3.26691
threshold=0.44999327083834223 0.43234709152393286 0.022387402645632347 0.46482127100829146 0.72902097902097907 0.16827698748521155 0.094660743781648155 0.16079303830493549 0.54566137722973085 0.46087254612117384 0.10835178010770001 0.43929349959786057 0.16530045465743914 0.26491228070175443
decision_type=2 2 2 2 2 2 2 2 2 2 2 2 2 2
left_child=1 -1 -3 -2 6 -6 10 9 -9 -8 11 12 -4 -13
right_child=3 2 4 -5 5 -7 7 8 -10 -11 -12 13 -14 -15
leaf_value=-0.023486185132399362 0.044012282821632491 0.021547510664424171 -0.040878619905880667 0.0047193112824987851 0.030988834037039871 -0.025663751922265249 0.029766435632486765 -0.02111972257602018 0.025956301161158987 -0.031836649501780452 -0.032973172567292285 -0.041204493126474673 0.027008179002301687 0.0054227571789535259
leaf_weight=19.973016852138244 4.6188293802915714 13.270013424491479 2.1201086736837196 61.804497081480804 10.046168046537785 3.011473551276139 1.7702218587255618 5.8161446464655446 9.8711802335455996 31.946479603975604 4.7392611138493512 4.9286522129623327 21.965530243556714 9.7226966860471276
leaf_count=18781 58 4745 1759 1130 225 100 434 408 131 4482 406 920 2498 574
internal_value=-0.000546645 -0.00468416 -0.00136476 0.00806385 -0.00440945 0.0170269 -0.00757237 -0.0164317 0.00828297 -0.0278381 0.00263802 0.007715 0.0196412 -0.0118929
internal_weight=205.604 139.181 119.208 66.4233 105.938 13.0576 92.8803 49.404 15.6873 33.7167 43.4762 38.737 24.0856 14.6513
internal_count=36651 35463 16682 1188 11937 325 11612 5455 539 4916 6157 5751 4257 1494
is_linear=0
shrinkage=0.05


Tree=95
num_leaves=15
num_cat=0
split_feature=13 3 12 3 6 4 7 8 12 13 7 14 14 17
split_gain=3.73806 5.10592 2.71279 2.80333 2.85677 2.62836 2.49669 5.16884 3.05623 2.85125 3.63813 3.07527 2.77065 3.53551
threshold=0.42252551757204032 0.30309886192239138 0.090330882788793518 0.18035431927458132 3.5625186534102634e-07 0.11050061050061051 0.47290679044201483 0.22335600907029482 0.03781401943297108 0.91855527524659863 0.86115688292925707 0.10435607460516914 0.11171991639295313 0.92542118574360122
decision_type=2 2 2 2 2 2 2 2 2 2 2 2 2 2
left_child=1 2 5 4 -4 -1 -2 8 -8 10 11 -9 -12 -14
right_child=6 -3 3 -5 -6 -7 7 9 -10 -11 12 -13 13 -15
leaf_value=0.020157315865164071 0.030406450211695329 -0.03778719681595108 0.013825141281084405 -0.048180947118431669 -0.024410711906578095 -0.015361218277280337 0.0057536714228887892 0.028422180668346432 -0.03212454861052165 0.023040835381121314 -0.0067029648446795577 -0.01385597542762142 0.034286030397792537 -0.010861554773701414
leaf_weight=16.726268690650617 8.3548623733877303 11.560888923449964 9.2545419709058532 3.781687285489169 8.3815970593423099 6.5282463727926361 7.9986385542288216 20.04662409860612 13.489692945309796 23.311574158491567 58.981556584534701 4.7540899110317687 9.518398485088257 6.7302061505615702
leaf_count=3684 605 23812 268 784 1267 1312 252 419 2009 179 1217 436 171 292
internal_value=0.00129927 -0.00962023 -0.00166307 -0.0141685 -0.00468128 0.00996396 0.00534413 0.00369976 -0.0183962 0.00766624 0.00389069 0.0200949 -0.00164478 0.0160403
internal_weight=209.419 56.2332 44.6723 21.4178 17.6361 23.2545 153.186 144.831 21.4883 123.342 100.031 24.8007 75.2302 16.2486
internal_count=36707 31127 7315 2319 1535 4996 5580 4975 2261 2714 2535 855 1680 463
is_linear=0
shrinkage=0.05


Tree=96
num_leaves=15
num_cat=0
split_feature=11 18 11 13 6 1 13 15 4 2 17 11 15 13
split_gain=2.55941 3.42859 2.69113 3.46516 3.31678 3.76903 2.79038 2.45459 2.72951 2.84524 3.82032 3.02321 4.06806 4.31861
threshold=0.19496357301235351 0.49884965715934376 0.27464228934817175 0.78957288011169935 0.040562337493242735 0.0015523177663787225 0.28305058297192026 0.10699878087387608 0.22878891549777627 0.89057253032714812 0.86686360516114769 0.80151515151515162 0.44999327083834223 0.55541567377748391
decision_type=2 2 2 2 2 2 2 2 2 2 2 2 2 2
left_child=1 -1 3 4 5 -2 -7 -4 9 11 -11 12 13 -9
right_child=2 -3 7 -5 -6 6 -8 8 -10 10 -12 -13 -14 -15
leaf_value=-0.032358583615242922 -0.031914521825843888 0.00017969159943651979 -0.0068510128593344995 0.043584416183503651 -0.027236216763520945 -0.02291865059229535 0.03679722835783221 -0.054709933958237401 -0.0069388761303263843 -0.021572207039379176 0.039733003127703878 0.038372933131929805 0.01694355198894992 -0.0014958642675199979
leaf_weight=11.765435091205289 2.3885407554953479 22.102542921493296 64.457182633948833 7.6692262351862146 4.8292259980808003 1.6377035031691765 10.905008911344337 4.3914854089998725 26.079454647086095 2.4163794437190491 13.422869757981971 4.7292146854742887 15.809911963369812 13.221822072984649
leaf_count=15806 2178 5923 9820 53 367 700 346 528 488 66 98 56 183 159
internal_value=0.000633735 -0.0117277 0.0031221 0.0171846 0.00533268 0.0169149 0.0278835 0.000353476 0.00616605 0.0125072 0.0296548 0.00481259 -0.000912817 -0.0169901
internal_weight=205.826 33.868 171.958 27.4297 19.7605 14.9313 12.5427 144.528 80.0711 53.9917 15.8392 38.1524 33.4232 17.6133
internal_count=36771 21729 15042 3644 3591 3224 1046 11398 1578 1090 164 926 870 687
is_linear=0
shrinkage=0.05


Tree=97
num_leaves=15
num_cat=0
split_feature=15 4 7 13 9 5 4 15 8 16 13 6 11 14
split_gain=2.73103 3.10718 4.93806 2.72097 5.05834 3.47945 3.05649 3.04261 2.81781 2.63764 2.92425 2.62213 2.40168 2.36799
threshold=0.45476961743594962 0.072227052540057138 0.70054147003937473 0.42252551757204032 0.58379120879120883 0.42020373514431247 0.16744548286604363 0.12852140346874855 0.69504830917874405 0.30595848658409713 0.2285122269547577 3.6232648455155191e-16 0.47212509712509715 0.14111666336829609
decision_type=2 2 2 2 2 2 2 2 2 2 2 2 2 2
left_child=3 2 -2 6 8 7 9 11 -5 -1 -11 -6 -3 -8
right_child=1 12 -4 4 5 -7 13 -9 -10 10 -12 -13 -14 -15
leaf_value=-0.027520221833030184 -0.034016721312583514 0.005115398116830241 0.032717381752701544 0.0062661721563241962 0.017501974537399323 -0.057955259360045343 -0.038810248434420089 0.02309987681344558 -0.043692410537305 0.042959672169364346 -0.035483215391722882 -0.045699149905618575 -0.024652211294952989 0.017478819530610281
leaf_weight=29.438735381219885 2.4312908326537608 35.897865945647936 17.217857300987816 78.558347617501568 1.7182483414653669 4.6502605383866458 1.3188052883488115 3.9183496235636994 1.9350806446163904 2.2257894821159421 0.97040441106219066 4.4635881478898227 7.3003521380014709 9.0753052671643655
leaf_count=29152 391 429 221 4189 26 198 149 58 115 120 143 298 119 1164
internal_value=-0.00131176 0.00725863 0.0232125 -0.00523129 -0.000474525 -0.0264091 -0.0155104 -0.00797224 0.00454375 -0.0228637 0.0163631 -0.0281414 -0.000359172 0.0075575
internal_weight=201.12 62.8474 19.6491 138.273 95.2439 14.7504 43.029 10.1002 80.4934 32.6349 3.19619 6.18184 43.1982 10.3941
internal_count=36772 1160 612 35612 4884 580 30728 382 4304 29415 263 324 548 1313
is_linear=0
shrinkage=0.05


Tree=98
num_leaves=15
num_cat=0
split_feature=12 3 12 13 13 16 7 4 4 14 1 4 1 9
split_gain=2.3677 4.7808 3.57976 4.15398 3.18251 2.96328 2.94771 2.93738 3.22262 2.85789 3.80628 3.20061 2.85917 4.58952
threshold=0.094660743781648155 0.25513722730471505 0.11535411141680309 0.91855527524659863 0.37840914847786783 0.30595848658409713 0.79876372234166271 0.20554346434515428 0.11669809344227951 0.013873295910184444 0.25128369724663618 0.4099474822366389 0.098699019137945918 0.57722122838401924
decision_type=2 2 2 2 2 2 2 2 2 2 2 2 2 2
left_child=4 2 6 9 5 -1 -2 8 -6 10 -4 12 13 -11
right_child=1 -3 3 -5 7 -7 -8 -9 -10 11 -12 -13 -14 -15
leaf_value=-0.012788676882523942 0.014374945034740317 -0.039854126588100253 0.0052962340349044321 0.022147019249248518 0.011331926335656932 0.03357104129677943 -0.041450925495675098 -0.0272270078177511 0.045368295446234219 -0.024444520125838712 -0.052807461141676552 -0.029226823320250363 0.010941183258820267 0.025882473504922222
leaf_weight=24.012077293004044 2.645465969857467 7.5174796986066204 4.8803387074731273 19.429297344060615 43.328627856011735 3.024146537485648 7.9053210387937725 3.1261730038677333 7.6028745012590653 15.491599811684866 5.1745293589774519 7.0647148952411944 46.298697649195674 5.3322747342754147
leaf_count=25490 146 4755 54 153 2066 166 603 141 100 1362 78 405 1099 142
internal_value=0.000683956 -0.00371594 -0.00101227 0.00191164 0.00725397 -0.00659064 -0.0274207 0.0141721 0.0171885 -0.00296044 -0.0266776 0.000566099 0.00408483 -0.010962
internal_weight=202.834 121.74 114.222 103.671 81.0939 27.0362 10.5508 54.0577 50.9315 84.2422 10.0549 74.1873 67.1226 20.8239
internal_count=36760 8797 4042 3293 27963 25656 749 2307 2166 3140 132 3008 2603 1504
is_linear=0
shrinkage=0.05


Tree=99
num_leaves=15
num_cat=0
split_feature=15 9 9 9 0 18 2 4 11 18 18 5 4 0
split_gain=2.70726 3.3448 3.2659 3.02018 2.95091 2.69236 2.57695 2.28879 3.208 2.24349 2.9655 2.42417 2.99888 2.26058
threshold=0.097344539316078726 0.40429704129416777 0.95762253296499888 0.20960061443932418 0.037911377409987367 0.51350696606382351 0.046639894374467659 0.24552883132901637 0.27464228934817175 0.76804639440067246 0.77826070667843283 0.73993558776167478 0.23697775366250681 0.0013538988784107813
decision_type=2 2 2 2 2 2 2 2 2 2 2 2 2 2
left_child=1 3 -2 5 6 -1 -5 -6 -9 11 -11 12 13 -3
right_child=2 9 -4 4 7 -7 -8 8 -10 10 -12 -13 -14 -15
leaf_value=-0.040880433606361483 0.0026497893789926247 -0.0033868322162021111 0.048534536929548067 -0.029234414171579709 -0.031756759202053321 0.0018934861479484935 0.021518995203739261 0.036077090334198564 -0.028235416379714176 0.038006721396573545 -0.029527270423222885 0.014031575251285837 0.0095491324126308202 -0.042272170173051404
leaf_weight=6.0585812289355072 107.57383614387436 4.8181671778948028 3.0311305790382894 1.9027190001070291 5.95076278716442 7.5074925431727024 24.78069694752412 3.5012348933378235 2.4630111946898978 2.9152959418570381 1.8490003536462607 3.211161621467908 4.0388699270988573 19.084500060511346
leaf_count=15494 5428 1357 14 1249 765 4176 3431 230 290 29 333 153 309 3419
internal_value=-0.000862045 -0.00735827 0.00433087 0.000777672 0.0079244 -0.0187044 0.0169746 -0.0120884 0.00927766 -0.0188756 0.0112216 -0.0236843 -0.0283538 -0.0348846
internal_weight=198.686 88.0815 110.605 52.1645 38.5984 13.5661 26.6834 11.915 5.96425 35.917 4.7643 31.1527 27.9415 23.9027
internal_count=36677 31235 5442 25635 5965 19670 4680 1285 520 5600 362 5238 5085 4776
is_linear=0
shrinkage=0.05


Tree=100
num_leaves=15
num_cat=0
split_feature=18 12 8 13 18 13 8 2 2 7 14 12 15 6
split_gain=3.10168 2.60543 3.40222 2.51566 3.08367 4.31643 3.49696 2.99022 5.76586 3.51723 2.6929 3.44032 3.41121 5.45163
threshold=0.38263802108696982 0.25353447376590349 0.35067567567567576 0.78957288011169935 0.51350696606382351 0.48597928092590242 0.034297052154195019 0.81675308578515071 0.90509320492887912 0.65250077206544221 0.018127053669222345 0.094660743781648155 0.11084761358403449 0.026753388373066563
decision_type=2 2 2 2 2 2 2 2 2 2 2 2 2 2
left_child=-1 3 -3 4 5 -2 -6 9 -9 -8 -11 12 13 -12
right_child=1 2 -4 -5 6 -7 7 8 -10 10 11 -13 -14 -15
leaf_value=-0.02374260909157638 -0.0053129371832835066 -0.040331694066087748 -0.0031855310554299988 0.016874179787488383 0.031859049264787526 0.028240270938920193 -0.031005267499441019 -0.037184120346216855 0.0044858356681535738 0.04158587357578309 -0.033166251564644256 -0.022940557102746159 0.032493021358260203 0.037037345296838019
leaf_weight=12.532508000043888 17.695406886214187 6.5157718640512021 35.469701890760916 30.068302069092169 4.9843669773254069 19.243153225717833 5.9177719395556769 17.847295196159394 14.489351563504895 4.1099219876341513 6.3807543100701931 8.5041758861698309 10.045040011587842 3.4481992677756352
leaf_count=16157 6699 2225 708 358 1686 578 4182 1389 722 28 1106 626 189 98
internal_value=-0.000634821 0.00105236 -0.00975444 0.00427695 0.000796107 0.0124503 -0.00497681 -0.00798008 -0.0189382 0.00149283 0.00816152 0.00207001 0.0133585 -0.00739152
internal_weight=197.252 184.719 41.9855 142.734 112.665 36.9386 75.7269 70.7425 32.3366 38.4059 32.4881 28.3782 19.874 9.82895
internal_count=36751 20594 2933 17661 17303 7277 10026 8340 2111 6229 2047 2019 1393 1204
is_linear=0
shrinkage=0.05


Tree=101
num_leaves=15
num_cat=0
split_feature=16 3 14 9 0 0 17 7 15 12 5 15 5 13
split_gain=2.27943 2.56063 3.53593 4.81201 3.00525 3.27872 2.81405 2.75577 2.76056 2.3794 2.33933 2.16814 2.01325 2.75267
threshold=0.25644795311341567 0.24009803921568632 0.040474128852589462 0.95762253296499888 0.0085450761731578496 0.049727836032067756 0.54280607349157928 0.4837048011039492 0.46083448330304327 0.083139004815178594 0.044466403162055343 0.11084761358403449 0.061669829222011391 0.65637018655493751
decision_type=2 2 2 2 2 2 2 2 2 2 2 2 2 2
left_child=1 4 6 -4 -1 7 -3 -6 -9 -8 -2 -5 -12 -14
right_child=10 2 3 11 5 -7 9 8 -10 -11 12 -13 13 -15
leaf_value=0.020276507648399486 -0.036807196696938833 -0.043468752873667457 -0.034181963357954662 -0.023663775805275827 0.024445093985933988 0.002786864639421766 0.035579399376470297 -0.032490310592844164 0.006792470985365332 -0.01027804984492272 0.047500747362495578 0.045691576546068723 -0.014086223906265329 0.022290733859357644
leaf_weight=17.009893327340251 1.2253865911188793 1.2572299561361422 19.580837338042333 0.93917723742924808 2.6857845727063276 91.535137892278726 6.1460832842276414 17.082198316515136 5.5365762924775472 4.0823715107471799 3.668942295349555 2.3942926632589661 6.9864065694819173 14.56959320088208
leaf_count=1655 145 176 26882 135 317 3649 80 2421 98 358 42 6 458 228
internal_value=0.000276428 -0.00189265 -0.0138529 -0.0248509 0.00126113 -0.00165576 0.00832133 -0.0172212 -0.0229943 0.0179915 0.0136402 0.0251997 0.0174009 0.010399
internal_weight=194.7 168.25 34.4 22.9143 133.85 116.84 11.4857 25.3046 22.6188 10.2285 26.4503 3.33347 25.2249 21.556
internal_count=36650 35777 27637 27023 8140 6485 614 2836 2519 438 873 141 728 686
is_linear=0
shrinkage=0.05


Tree=102
num_leaves=15
num_cat=0
split_feature=0 2 13 2 11 2 17 17 17 2 0 14 2 15
split_gain=2.66087 2.44244 2.39211 1.73481 2.7661 2.00573 1.7017 2.62655 1.75419 3.95554 3.27835 2.64164 2.16452 2.1553
threshold=0.9999314654411896 0.97146425015705984 0.14381731861061722 0.046639894374467659 0.39412194231471348 0.029841852722706817 0.13584348069482696 0.4037513514530115 0.68350142132313652 0.88628389969155674 0.0075743111135830321 0.16359388275276129 0.62936501863340477 0.75860098362924289
decision_type=2 2 2 2 2 2 2 2 2 2 2 2 2 2
left_child=1 2 -1 4 -4 -6 -5 -8 9 11 13 -9 -13 -10
right_child=-2 -3 3 6 5 -7 7 8 10 -11 -12 12 -14 -15
leaf_value=-0.031915985167854932 -0.046950244063627675 0.031497342777448374 -0.047659136465878112 0.038783722273251151 0.025632958989848756 -0.033843514711077778 -0.035720267243653611 0.031204147989195408 -0.027134945513680477 -0.041819241034258783 0.0033394120047888958 0.019677418616338892 -0.038719820754949584 0.022987080140225873
leaf_weight=4.5623104427886565 1.8832430221082166 5.531426667192135 3.5333186420029952 2.1671814790606723 3.2496742453258776 1.1510716449629397 3.5534489539604683 16.111685878007854 13.592819692101326 1.7891958535037691 131.35857674048748 2.3323360110298372 2.1236435898026684 1.7318245037022286
leaf_count=17412 203 250 4083 649 460 477 1977 619 3077 230 4762 1694 871 27
internal_value=0.000735155 0.00144084 0.000390399 0.00136652 -0.0201389 0.00669017 0.00245188 0.00177489 0.00276852 0.015496 0.000736855 0.0221897 -0.0101494 -0.0204096
internal_weight=194.672 192.789 187.257 182.695 7.93406 4.40075 174.761 172.594 169.04 22.3569 146.683 20.5677 4.45598 15.3246
internal_count=36791 36588 36338 18926 5020 937 13906 13257 11280 3414 7866 3184 2565 3104
is_linear=0
shrinkage=0.05


Tree=103
num_leaves=15
num_cat=0
split_feature=3 9 9 16 2 4 4 2 13 11 11 11 13 10
split_gain=2.24499 3.90406 3.15125 2.98539 2.51102 3.64503 2.50974 2.9341 3.32813 2.9574 2.43521 2.36239 2.25326 2.2421
threshold=0.24009803921568632 0.20960061443932418 0.23153021442495128 0.12842765431332967 0.81675308578515071 0.018350168350168353 0.013793759512937596 0.84736215311969609 0.91855527524659863 0.68658810325476993 0.3409526297457332 0.47668139420716749 0.44777305932054051 0.40178571428571436
decision_type=2 2 2 2 2 2 2 2 2 2 2 2 2 2
left_child=4 -2 -3 11 5 10 -6 8 9 -8 -1 -4 -13 -7
right_child=1 2 3 -5 6 13 7 -9 -10 -11 -12 12 -14 -15
leaf_value=0.011851351933818494 -0.039129142555631435 0.032035607371518983 -0.032519438426229133 0.016396765673815938 0.040181876155683971 -0.013545635162114211 -0.045535299664216627 0.00061803278485858515 0.023495919107595152 0.014498292036104258 -0.043813548609635662 -0.03390221977614593 0.016929485117592871 0.025890352022795084
leaf_weight=3.0510192977781108 8.3418935928038973 4.603928643911785 11.63267803428244 7.5163728854749925 2.5534504997922332 3.5178528670003315 9.2310883912214177 97.802720391686307 2.3675176417455068 2.0565545847930471 3.2122672203840921 2.1344986557269277 6.1702590962522663 26.375410966880736
leaf_count=679 21268 901 4198 186 212 922 1105 3990 24 70 730 1620 171 713
internal_value=-0.000363486 -0.0106779 -0.00231471 -0.00899859 0.00246367 0.0137531 -0.00120501 -0.00250204 -0.0233664 -0.0343077 -0.0187992 -0.0188985 0.00162523 0.0209613
internal_weight=190.568 40.3996 32.0577 27.4538 150.168 36.1566 114.011 111.458 13.6552 11.2876 6.26329 19.9374 8.30476 29.8933
internal_count=36789 28344 7076 6175 8445 3044 5401 5189 1199 1175 1409 5989 1791 1635
is_linear=0
shrinkage=0.05


Tree=104
num_leaves=15
num_cat=0
split_feature=13 12 8 12 12 13 0 0 10 17 9 11 11 8
split_gain=1.39344 2.02449 5.84697 3.26071 2.50246 2.82389 2.65301 4.05653 3.11736 3.9704 2.46203 1.99145 4.58705 4.15242
threshold=0.14381731861061722 0.045635749590403653 0.20431354359925794 0.061348918829755773 0.09210694790621754 0.91855527524659863 0.061263582645503377 0.014135854717803627 0.53571428571428581 0.65575574194789676 0.71506770900542815 0.2310308738880168 0.29830106239048954 0.30217391304347835
decision_type=2 2 2 2 2 2 2 2 2 2 2 2 2 2
left_child=-1 10 -3 -4 -5 6 7 8 -6 -10 11 -2 -13 -14
right_child=1 2 3 4 5 -7 -8 -9 9 -11 -12 12 13 -15
leaf_value=-0.024750852093936765 -0.0014879855265490414 -0.03363489264363511 -0.044125069373904709 0.016733614165190796 0.025044500101429525 0.016073598692812958 0.0011029839788686594 -0.037974627129270168 0.016427555613502995 -0.046341346962111812 -0.040146614739619196 0.047689924211330496 -0.016045720075118602 0.037503808157243933
leaf_weight=4.5235199774633648 13.60394428359359 12.250155368143167 2.8631769827807139 23.992473632541078 6.2524582164769553 19.200305307982489 61.939526345056947 11.903992767540329 3.9116159007753577 4.5169760752542061 1.2949316022131814 9.25151988140715 9.1553289889889111 4.6340235961251883
leaf_count=17415 3546 6261 510 1288 903 171 1698 961 316 486 238 815 1867 201
internal_value=-2.65708e-06 0.000733196 -0.00194257 0.00116902 0.00247864 -0.00082093 -0.00462384 -0.0175228 0.000424457 -0.0185583 0.0108726 0.0136941 0.022347 0.00326909
internal_weight=189.294 184.77 146.831 134.581 131.717 107.725 88.5246 26.585 14.6811 8.42859 37.9397 36.6448 23.0409 13.7894
internal_count=36676 19261 12594 6333 5823 4535 4364 2666 1705 802 6667 6429 2883 2068
is_linear=0
shrinkage=0.05


Tree=105
num_leaves=15
num_cat=0
split_feature=2 18 18 1 9 1 11 4 15 18 9 7 8 12
split_gain=1.9412 2.37454 3.10883 4.98776 2.36989 3.35877 2.27817 2.17472 2.39507 2.18029 1.99708 2.93883 2.03231 1.86186
threshold=0.49542652393088765 0.48709201604084545 0.45637732753668786 0.0082402122296875904 0.55593093093093093 0.04814175033252726 0.48697857792726978 0.15203632361034677 0.67087281944312205 0.38263802108696982 0.21966374852447587 0.47290679044201483 0.34738243123336293 0.021874595521615327
decision_type=2 2 2 2 2 2 2 2 2 2 2 2 2 2
left_child=10 2 4 -4 5 -2 7 9 -9 -7 -1 -12 -13 -3
right_child=1 13 3 -5 -6 6 -8 8 -10 -11 11 12 -14 -15
leaf_value=-0.037397459667170035 -0.038629176582971075 0.028506249490295996 0.02742492657796939 -0.044478528068414999 0.0275789364534237 -0.028970440306679543 -0.040388742834984559 -0.031612010784764243 0.011776700376259119 0.034541530406781672 0.031408630683648846 -0.028515850927714154 0.0087641436098588894 0.0039332424843207961
leaf_weight=5.3144728628485636 5.1319672010395179 7.3257828467831123 2.4045621822187959 9.3176678631061787 5.5090364567586212 0.81514746851462927 1.6835064713086456 4.2758822736941493 7.1123400224605575 7.7998238860600395 3.5004736517512383 8.6432207148645812 5.2775452494897754 113.38364395582539
leaf_count=20254 2368 1015 327 727 498 270 190 352 74 270 1391 3074 549 5351
internal_value=0.00011309 0.00202749 -0.0077949 -0.0287328 0.000431626 -0.00593584 0.00316245 0.00857627 -0.005751 0.026144 -0.013261 -0.00426755 -0.0147424 0.00564653
internal_weight=187.495 164.759 44.0499 11.7222 32.3277 26.8187 21.6867 20.0032 11.3882 8.61497 22.7357 17.4212 13.9208 120.709
internal_count=36710 11442 5076 1054 4022 3524 1156 966 426 540 25268 5014 3623 6366
is_linear=0
shrinkage=0.05


Tree=106
num_leaves=15
num_cat=0
split_feature=13 3 14 8 5 9 17 15 17 15 8 9 9 9
split_gain=2.28129 2.51904 4.19939 4.78969 5.78116 3.68683 3.6564 2.70407 2.48143 1.93993 1.87287 2.25393 1.86703 1.83405
threshold=0.53802688382324815 0.19518002322880376 0.28629868826127697 0.12931995540691196 0.36181818181818187 0.95762253296499888 0.77938608740047799 0.75860098362924289 0.99967881633045186 0.11084761358403449 0.37668918918918926 0.29187984496124036 0.52185705755362644 0.71506770900542815
decision_type=2 2 2 2 2 2 2 2 2 2 2 2 2 2
left_child=1 2 3 -1 -5 -3 -6 8 -8 -7 11 -4 -10 -2
right_child=13 5 10 4 6 9 7 -9 12 -11 -12 -13 -14 -15
leaf_value=0.027224819988067042 0.0060831502014606284 -0.0252938385708423 0.00082987170009653536 -0.052636302773096645 -0.040758639597963685 -0.021323375624857456 0.024964152703514469 -0.041145624540529252 -0.034381250433521034 0.045873150862583312 -0.014039252908765587 0.048409338031452503 0.019308371775769214 -0.020115554818872023
leaf_weight=6.701569322962313 104.93025257653426 24.136147420635101 3.7802332736173394 7.3163772815460133 4.2180162369550116 0.88996655774826594 11.848197214203543 1.6519682856742282 3.1235323982546097 2.2762143503059633 2.0678611608964266 6.4930103087026509 1.8415990069916004 6.1626238898606962
leaf_count=246 2947 27990 1142 1007 481 161 276 38 260 7 562 1300 90 186
internal_value=-9.49335e-05 -0.00669986 0.000151898 -0.00838239 -0.0169583 -0.018578 -0.00371389 0.0064074 0.0131272 0.0264006 0.024258 0.0325282 -0.0145689 0.00446335
internal_weight=187.438 76.3447 49.0424 36.7013 29.9997 27.3023 22.6833 18.4653 16.8133 3.16618 12.3411 10.2732 4.96513 111.093
internal_count=36693 33560 5402 2398 2152 28158 1145 664 626 168 3004 2442 350 3133
is_linear=0
shrinkage=0.05


Tree=107
num_leaves=15
num_cat=0
split_feature=12 13 13 12 12 5 4 3 12 3 6 0 0 6
split_gain=2.07377 4.10395 3.01791 2.66929 2.53556 2.34904 2.44262 2.84068 2.7311 2.32678 2.52689 2.24438 2.21424 4.25242
threshold=0.094660743781648155 0.49253669584893339 0.33674846122177254 0.1215292467166099 0.25353447376590349 0.032795698924731186 0.15203632361034677 0.21814440703329593 0.02537485821067911 0.18035431927458132 0.0023085908236192411 0.0074639800532785095 0.014135854717803627 0.36764247357636948
decision_type=2 2 2 2 2 2 2 2 2 2 2 2 2 2
left_child=5 2 9 -3 11 -1 7 -7 -8 10 -2 -5 -13 -14
right_child=1 3 -4 4 -6 6 8 -9 -10 -11 -12 12 13 -15
leaf_value=-0.034853752319697069 0.024063542831511645 -0.024066741864988663 -0.037986920958839307 -0.022508584621864322 -0.0057186062471574154 0.022440329300762313 0.017092574489865835 0.0014920558730910198 -0.037371377641990555 -0.039959865216360343 -0.02738060893608801 0.03835025404396962 -0.0059738181557883107 0.032380086659244488
leaf_weight=2.374666976496882 6.7544558183144563 8.7038975033974548 12.855255162108731 3.3262496206189089 36.321729301420419 29.231347392149473 3.0314345380174919 35.156750207906953 4.8582822568641859 2.2130861470723167 2.5049341898702551 7.6681198465521438 18.020497149846054 10.794762077974154
leaf_count=5947 269 378 2492 408 1466 2589 211 18495 618 2420 707 65 454 94
internal_value=-0.000232706 -0.00460874 -0.0222713 0.000656698 0.00375864 0.00614263 0.00794681 0.0112 -0.0168762 -0.00302763 0.0088341 0.0123338 0.0160262 0.00899843
internal_weight=183.815 109.163 24.3277 84.8353 76.1314 74.6525 72.2778 64.3881 7.88972 11.4725 9.25939 39.8096 36.4834 28.8153
internal_count=36613 8753 5888 2865 2487 27860 21913 21084 829 3396 976 1021 613 548
is_linear=0
shrinkage=0.05


Tree=108
num_leaves=15
num_cat=0
split_feature=12 12 0 12 1 1 3 2 11 1 15 12 1 7
split_gain=1.92004 3.12922 2.64345 2.73059 2.49209 3.19293 2.84774 2.84415 3.36973 2.46721 2.27954 3.52785 4.62757 3.41391
threshold=0.25353447376590349 0.22545808606404738 0.080118741443447591 0.31497838413550922 0.15927641521554692 0.1220985112053538 0.064183447123556031 0.80922637455517998 0.26637102734663715 0.34034135036637964 0.35724263732529965 0.02537485821067911 0.055887114385642665 0.29105240419194928
decision_type=2 2 2 2 2 2 2 2 2 2 2 2 2 2
left_child=1 4 -2 -4 5 10 -6 -8 -9 -3 11 13 -13 -1
right_child=2 9 3 -5 6 -7 7 8 -10 -11 -12 12 -14 -15
leaf_value=-0.033136788652382461 -0.036352692664248849 0.03482177498166724 -0.045358592130698649 0.00051758258887820753 0.011745232103665628 0.032070939655546339 0.01676946618983783 0.024140690957587429 -0.053807636861318488 -0.014274546395476298 0.012999680303712577 -0.00496930952788395 -0.047648703424094996 0.02093598987965321
leaf_weight=2.5147619349736514 6.6483094740642619 10.564517717950364 2.5855465290951534 33.784348002984188 4.9114774279296389 7.462508605043694 1.9240207541879488 1.0522941112358219 7.7482623105170205 2.6823467779904595 25.080956574602169 52.798262251144479 6.2739693457697276 18.424894017947736
leaf_count=12572 2762 471 173 536 289 305 59 56 488 81 643 11443 1145 5753
internal_value=-0.000477351 0.00234586 -0.00960212 -0.00387027 -0.000123792 0.00252494 -0.0181962 -0.0317406 -0.0429751 0.0245762 0.000144403 -0.00399601 -0.01022 0.0132277
internal_weight=184.456 141.438 43.0182 36.3699 128.191 112.555 15.6361 10.7246 8.80056 13.2469 105.093 80.0119 59.0722 20.9397
internal_count=36776 33305 3471 709 32753 31861 892 603 544 552 31556 30913 12588 18325
is_linear=0
shrinkage=0.05


Tree=109
num_leaves=15
num_cat=0
split_feature=18 18 13 10 12 0 6 0 8 8 2 14 13 2
split_gain=2.68977 2.71999 2.6909 2.58182 3.33816 2.39907 2.3039 3.82812 2.69592 3.0601 2.67047 2.80192 2.05417 1.98873
threshold=0.47874028228456117 0.45637732753668786 0.49253669584893339 0.53571428571428581 0.021874595521615327 0.10004288083231318 0.36764247357636948 0.01682187129846156 0.31174089068825916 0.24744897959183676 0.89391329000647934 0.078251276711785431 0.58317824005720664 0.44081721856215111
decision_type=2 2 2 2 2 2 2 2 2 2 2 2 2 2
left_child=1 2 -1 4 -2 -3 8 -8 9 -6 11 -11 -4 -10
right_child=3 5 12 -5 6 -7 7 -9 13 10 -12 -13 -14 -15
leaf_value=-0.018238676527104019 0.022597672769781429 -0.054002795486289827 0.02702834370194156 0.011119024796301164 -0.013300573452639883 0.00039657813363135671 -0.03481151250405614 0.027057189974938278 0.021546899694405944 0.039405797205911572 -0.031008098239024895 -0.012756099318644264 -0.004904615989397506 -0.029450099765095723
leaf_weight=17.954429127072217 10.166404996733034 4.9643511941812886 7.376236632615476 56.622550129241063 23.055175765372041 3.0479480446665548 2.3766137760831034 9.2336918369983305 1.4003749751937018 8.0863516537356173 1.6624730546318449 3.0303028246453314 12.01020683884053 19.016355118714273
leaf_count=19965 3602 1446 376 2389 5944 153 54 189 94 109 88 562 539 1204
internal_value=-0.000468709 -0.0108645 -0.00477605 0.0030871 -0.00280838 -0.035561 -0.00688739 0.0126365 -0.0110675 -0.00260252 0.0162627 0.0253076 0.00797519 -0.0251095
internal_weight=180.003 45.3532 37.3409 134.65 78.0277 8.0123 67.8613 11.6103 56.251 35.8343 12.7791 11.1167 19.3864 20.4167
internal_count=36714 22479 20880 14235 11846 1599 8244 243 8001 6703 759 671 915 1298
is_linear=0
shrinkage=0.05


Tree=110
num_leaves=15
num_cat=0
split_feature=11 8 15 9 6 3 10 3 12 9 2 13 3 0
split_gain=2.17793 2.76337 3.66692 2.48643 3.79436 2.10449 1.98099 2.32051 1.96373 4.23466 3.82075 2.83589 2.73998 6.18137
threshold=0.20668131255012728 0.63995726495726502 0.67087281944312205 0.40429704129416777 2.0863128219659781e-09 0.13010914355718903 0.80357142857142871 0.077337819185645293 0.045635749590403653 0.56676356589147303 0.75593437511664863 0.78957288011169935 0.15777619724988148 0.080118741443447591
decision_type=2 2 2 2 2 2 2 2 2 2 2 2 2 2
left_child=-1 6 3 -3 -5 -4 8 -8 9 -2 -10 12 13 -12
right_child=1 2 5 4 -6 -7 7 -9 10 -11 11 -13 -14 -15
leaf_value=-0.012557429783571725 0.020587731336742705 0.013029606550162432 -0.011559007664806102 0.004054314562282519 -0.056343988589658049 0.040419219427399976 -0.026673930518411815 0.029397517713199241 -0.027117939355697847 -0.045293799747970431 -0.049013551610481605 0.017857334021348172 0.011225705057910741 -0.00054986566489894403
leaf_weight=33.367724250957508 22.702889297407641 2.3570871687552453 3.2519701942801467 3.5257721357265819 7.7080155360454228 2.848972225561738 1.3638224235619407 11.517985630242036 11.549417948816879 1.774715863430173 7.4016310884035184 21.003718690481037 20.47536052884243 30.444394628284499
leaf_count=22304 5967 137 44 256 743 18 130 285 2481 1056 899 203 969 1221
internal_value=-0.00121693 0.0014083 -0.015568 -0.0293714 -0.0386058 0.0149873 0.0041155 0.0219673 0.00195026 0.0142208 -0.00147369 0.00255113 -0.00316931 -0.0110458
internal_weight=181.293 147.926 19.6918 13.5909 11.2338 6.10094 128.234 12.8818 115.352 24.4776 90.8745 79.3251 58.3214 37.846
internal_count=36713 14409 1198 1136 999 62 13211 415 12796 7023 5773 3292 3089 2120
is_linear=0
shrinkage=0.05


Tree=111
num_leaves=15
num_cat=0
split_feature=11 12 7 7 8 9 17 6 18 15 1 12 18 0
split_gain=1.54524 2.03094 3.33038 3.2805 3.08905 3.07297 2.92275 2.75239 3.61455 2.44532 3.16682 2.65899 2.01498 1.85272
threshold=0.2310308738880168 0.023721235488353302 0.6872125652005322 0.7945789949748745 0.24744897959183676 0.57722122838401924 0.84062944033223486 0.017189129386243656 0.59249057101606584 0.9683600246133518 0.46780333895370624 0.063948557999268921 0.51794138423712377 0.0085450761731578496
decision_type=2 2 2 2 2 2 2 2 2 2 2 2 2 2
left_child=-1 5 -3 7 6 -2 13 8 -4 10 11 -6 -12 -5
right_child=1 2 3 4 9 -7 -8 -9 -10 -11 12 -13 -14 -15
leaf_value=-0.0094881016930439752 0.02931903919191528 -0.035645780792558729 -0.041675006412461045 -0.038480530862492757 -0.034517416468016225 -0.03778342267172298 -0.051892805475034345 0.042092222575127861 0.025668676146139102 0.023396522399831962 -0.043050199781955178 0.0039517039839147197 0.0032190758588382697 0.021582014198960733
leaf_weight=38.981865787859533 10.76687789773541 5.3223973231915798 2.3061431809619517 0.87226578701665713 3.7690585519339939 1.1158829324112947 4.5959367409886909 7.547471340483753 4.0166078350084717 10.00574077258352 5.9492814963159599 76.912180603245361 3.3591688440938015 3.1123007444512041
leaf_count=23450 3372 2458 806 103 685 759 364 288 205 98 201 3607 93 222
internal_value=-0.00081808 0.0016523 -0.00025356 0.00156114 -0.0014424 0.0205739 -0.0285667 0.0235886 -0.00123094 0.00114491 -0.00155913 0.00175402 -0.0276604 0.00335154
internal_weight=178.633 139.651 127.769 122.446 108.576 11.8828 8.5805 13.8702 6.32275 99.9954 89.9897 80.6812 9.30845 3.98457
internal_count=36711 13261 9130 6672 5373 4131 689 1299 1011 4684 4586 4292 294 325
is_linear=0
shrinkage=0.05


Tree=112
num_leaves=15
num_cat=0
split_feature=2 8 8 12 8 13 12 4 5 12 18 0 2 4
split_gain=2.08893 2.68669 4.42739 3.36608 3.12587 2.37313 2.33987 2.10283 3.24907 2.43232 3.29905 2.54009 2.14369 1.89651
threshold=0.49542652393088765 0.12793235133660666 0.24744897959183676 0.1508765564128027 0.31174089068825916 0.26908256348016102 0.1508765564128027 0.44093023255813962 0.38585607940446659 0.1215292467166099 0.5484010231235551 0.0013878644228162084 0.95178891735142079 0.046065428824049522
decision_type=2 2 2 2 2 2 2 2 2 2 2 2 2 2
left_child=-1 5 3 -3 -4 -2 -7 9 -9 10 11 -6 -11 -12
right_child=1 2 4 -5 7 6 -8 8 -10 12 13 -13 -14 -15
leaf_value=-0.01343897105069872 -0.016310486104975694 -0.0093119709352782951 0.019193982903563275 -0.058103411533325502 0.01855318463175943 0.03675752380055787 -0.026869049447933158 0.007151810760921075 -0.055773152111065649 0.0086551708676617656 0.019453258979123922 -0.052907175900041792 -0.034604478539288087 -0.015356365596910622
leaf_weight=20.883780262161054 2.6619936925417269 19.370564332370126 27.42541221076317 3.4893672376783789 1.0212039245598159 11.969660956703589 0.90582138546597057 3.7526515856297911 3.0506913987337612 66.848302804522973 6.6300425741937925 5.126484805776272 2.017391432018484 7.0412060482049128
leaf_count=25371 1764 2689 1567 437 96 396 287 179 141 1748 324 1159 95 531
internal_value=0.0010697 0.00301926 0.000846633 -0.0188826 0.00463873 0.0221192 0.0306674 0.000302669 -0.0245958 0.00246568 -0.0125698 -0.0401018 0.00691074 0.0017003
internal_weight=182.195 161.311 145.773 22.8599 122.913 15.5375 12.8755 95.488 6.80334 88.6846 19.8189 6.14769 68.8657 13.6712
internal_count=36784 11413 8966 3126 5840 2447 683 4273 320 3953 2110 1255 1843 855
is_linear=0
shrinkage=0.05


Tree=113
num_leaves=15
num_cat=0
split_feature=3 14 12 8 4 7 1 6 13 4 15 7 14 14
split_gain=1.6743 2.22736 3.0217 3.13027 2.93251 2.58919 2.31148 2.1147 1.94817 2.39854 2.37801 2.90801 2.09239 3.23161
threshold=0.021505475802871103 0.38274558449997048 0.02537485821067911 0.20431354359925794 0.24552883132901637 0.54874389311993033 0.0025041991777407821 0.0029697437656311175 0.91855527524659863 0.22878891549777627 0.39746122651398824 0.87993903301519272 0.11171991639295313 0.1267136150234742
decision_type=2 2 2 2 2 2 2 2 2 2 2 2 2 2
left_child=-1 2 -2 5 -3 6 -4 -8 9 -5 11 -10 -11 -14
right_child=1 4 3 8 -6 -7 7 -9 10 12 -12 -13 13 -15
leaf_value=0.028974551356311436 0.019997290026422233 -0.035571408151586874 -0.023547686807797178 0.002457176126761777 0.025790095202307448 -0.036882882339297471 0.047661945165895454 -0.027959182845333126 -0.050474032643883948 -0.021573806534039022 0.02824868581683463 0.010524297381375478 0.033761163872596867 -0.017668773782678785
leaf_weight=3.6570554020545378 16.025072034777622 8.0474517640141112 3.0317080645017986 80.847748808235337 1.7022510442911869 9.9853413461314613 2.3995092708792076 0.52620431817194901 1.6423500509699822 22.686030748474877 11.486077316687441 6.6184254074469209 4.3759988950332609 6.1169765731756343
leaf_count=628 1595 21329 2686 4971 274 3730 89 31 45 575 96 53 67 560
internal_value=-0.000622313 -0.00139976 3.05542e-05 -0.00222511 -0.0234555 -0.0224729 0.00350969 0.0304036 0.000336802 -0.00220933 0.0144371 -0.00574374 -0.0133195 0.00485094
internal_weight=179.148 175.491 165.741 149.716 9.7497 15.9428 5.95742 2.92571 133.774 114.027 19.7469 8.26078 33.179 10.493
internal_count=36729 36101 14498 12903 21603 6536 2806 120 6367 6173 194 98 1202 627
is_linear=0
shrinkage=0.05


Tree=114
num_leaves=15
num_cat=0
split_feature=18 18 13 14 12 15 5 3 18 9 11 13 11 9
split_gain=1.84816 2.86808 2.36362 1.95026 2.31262 3.34682 2.63919 2.20651 1.94682 2.44869 1.98109 1.75103 1.93102 1.98649
threshold=0.47874028228456117 0.46342124674325785 0.2209720759758925 0.16359388275276129 0.039386191834576693 0.21707146965765658 0.044466403162055343 0.033222958057395148 0.5088580946375062 0.27556411320509072 0.15357871240224183 0.78957288011169935 0.46919573294977834 0.49023129251700687
decision_type=2 2 2 2 2 2 2 2 2 2 2 2 2 2
left_child=1 3 -3 4 6 -6 -1 -5 9 10 -2 -10 -13 -14
right_child=8 2 -4 7 5 -7 -8 -9 11 -11 -12 12 13 -15
leaf_value=-0.03007187060160162 0.016517624072263828 0.021722260564209592 -0.053699992047220403 0.026763893093975477 -0.036128798319880764 0.0069444704870859691 0.038536513571583469 -0.029233410774593155 -0.003938623249770512 0.023881382473406085 -0.042218901580522682 0.017009299946059975 0.018847523919128334 -0.027433374813604274
leaf_weight=0.9681381427799377 1.9245550427458535 0.71064625453436647 4.3355617055240145 1.2952786776004348 5.2964547675164821 15.082395571485902 5.9145711929813842 9.6349842040035565 81.986173519801014 17.486420190205536 2.0793795954250527 22.979904023435669 2.8714433724526307 5.0755400311900303
leaf_count=109 716 516 621 480 1222 395 187 18922 11776 876 464 375 38 70
internal_value=-0.000337234 -0.00920811 -0.0412425 -0.00403115 0.00323684 -0.00541655 0.0262953 -0.0209104 0.00256348 0.0159971 -0.0163274 -0.000111272 0.00984048 -0.0104734
internal_weight=177.641 43.238 5.04621 38.1918 27.2616 20.3789 6.88271 10.9303 134.403 21.4904 4.00393 112.913 30.9269 7.94698
internal_count=36767 22452 1137 21315 1913 1617 296 19402 14315 2056 1180 12259 483 108
is_linear=0
shrinkage=0.05


Tree=115
num_leaves=15
num_cat=0
split_feature=11 3 1 11 14 6 14 10 14 13 7 14 14 14
split_gain=1.8767 2.6643 1.84411 1.51627 2.55799 2.25202 3.5726 2.57563 2.09943 2.09893 1.9787 3.10477 2.73015 2.31229
threshold=0.19496357301235351 0.18035431927458132 0.0039897506072190114 0.27464228934817175 0.078251276711785431 0.043609557587500215 0.37883493318275935 0.80357142857142871 0.20094575861914774 0.25383129836667434 0.89092624756894101 0.15991803278688529 0.0064309346567411095 0.055674773485932291
decision_type=2 2 2 2 2 2 2 2 2 2 2 2 2 2
left_child=1 2 -1 4 -2 7 -7 10 -6 -10 13 12 -12 -5
right_child=3 -3 -4 5 8 6 -8 -9 9 -11 11 -13 -14 -15
leaf_value=0.023422475183536733 0.028734258932493342 -0.034206687342649346 -0.0094845079810101686 0.014491154372516496 -0.031176617651761614 0.0046041067923434176 0.053311123096923124 0.016350008429852153 -0.022797630761623808 0.031045677941677952 0.023851970111688846 0.0091333202511058083 -0.036263110184103609 -0.011763644961167059
leaf_weight=4.7691663432233389 12.590413024441661 7.6153809787629134 15.258423523362579 12.851559735150657 3.4542456083872803 53.339898297723266 3.0767717020498813 10.605100061038682 1.9433238283127137 4.0507405585030938 1.4311390547081888 6.236910287581849 16.280239250394516 20.273300709664909
leaf_count=523 239 20254 868 291 453 1686 391 371 2162 744 10 669 634 7302
internal_value=0.000759579 -0.0109548 -0.000907141 0.0030349 0.0148161 0.000840883 0.00814265 -0.00527581 -0.00470559 0.0128256 -0.00950658 -0.0201437 -0.0303905 -0.00145133
internal_weight=173.777 27.643 20.0276 146.134 22.0387 124.095 56.4167 67.6782 9.44831 5.99406 57.0731 23.9483 17.7114 33.1249
internal_count=36597 21645 1391 14952 3598 11354 2077 9277 3359 2906 8906 1313 644 7593
is_linear=0
shrinkage=0.05


Tree=116
num_leaves=15
num_cat=0
split_feature=3 13 12 12 13 18 9 7 13 5 5 5 12 0
split_gain=1.62589 2.61343 3.02499 1.93871 3.67192 4.08005 2.72277 2.5994 1.96576 1.82053 1.73621 1.72678 1.6603 2.50781
threshold=0.37528280542986431 0.54566137722973085 0.03781401943297108 0.0969314044637406 0.49253669584893339 0.57802396158656855 0.75754504504504505 0.95660739959981977 0.40001610292384265 0.032795698924731186 0.54356060606060608 0.32200460829493094 0.1215292467166099 0.0074639800532785095
decision_type=2 2 2 2 2 2 2 2 2 2 2 2 2 2
left_child=3 -2 -3 9 5 7 12 -5 -9 -1 -4 -7 -6 -14
right_child=1 2 10 4 6 11 -8 8 -10 -11 -12 -13 13 -15
leaf_value=-0.034354057418623699 -0.034275220372593201 0.023936074121100114 -0.04579792824672313 -0.049979504777282094 -0.01716087811228122 -0.027048583614321872 -0.047898762347782509 0.010286094669692967 -0.040310086583285554 0.0098984548842765904 0.020886292420007991 0.022269634773003186 -0.029498817968738364 0.0082707211526479255
leaf_weight=1.4652331588094956 8.0595608662169997 5.7432841697591339 2.5397722797679312 9.2594542202787142 7.8401570224086745 1.4918488322073233 1.6830131914757647 4.6020938383444436 1.9748191849794237 52.710592215980796 0.68266396101898852 5.6212704562494764 3.7314287265617159 65.834204031940317
leaf_count=2519 22854 138 975 1805 259 282 80 268 123 5486 44 382 325 1131
internal_value=-0.00109702 -0.0153163 0.00345566 0.000540264 -0.00351349 -0.0206686 0.00166038 -0.0341555 -0.00822123 0.00810067 -0.0300702 0.00986702 0.00333509 0.00585548
internal_weight=173.239 17.0253 8.96572 156.214 102.038 22.9495 79.0888 15.8364 6.57691 54.1758 3.22244 7.11312 77.4058 69.5656
internal_count=36671 24011 1157 12660 4655 2860 1795 2196 391 8005 1019 664 1715 1456
is_linear=0
shrinkage=0.05


Tree=117
num_leaves=15
num_cat=0
split_feature=13 12 12 1 18 18 1 5 5 17 12 17 17 2
split_gain=2.15025 2.03225 2.47594 3.36201 3.1787 2.38752 2.17978 2.1546 2.14325 2.03371 1.90328 1.8859 1.87699 1.81402
threshold=0.14381731861061722 0.25353447376590349 0.22545808606404738 0.15927641521554692 0.59527267164087472 0.48071619843810115 0.11273480183028704 0.36754385964912284 0.57417582417582425 0.93277565135642326 0.31497838413550922 0.97773886634222962 0.97483370067314612 0.046639894374467659
decision_type=2 2 2 2 2 2 2 2 2 2 2 2 2 2
left_child=-1 2 3 6 12 -4 7 13 -9 -10 -3 -8 -5 -2
right_child=1 10 5 4 -6 -7 11 8 9 -11 -12 -13 -14 -15
leaf_value=-0.032433587892765528 -0.020687282512919278 -0.035029105520172805 -0.024309768419587683 0.014225139311743684 -0.051271091495332925 0.03095830097771822 0.037941831857261132 -0.022506350743139277 0.01921571397729285 -0.023402350780579357 -0.0036131699475645362 -0.012116821114890233 -0.024632159740331599 0.0096712374948105684
leaf_weight=3.728825200103528 4.3843832589809599 4.6848934034351251 1.5231633554449207 6.0283884870004822 4.2103726919449391 12.568314998639833 7.3187357294373196 13.125384126458814 8.0233797417458828 3.10188851552084 33.862164000887788 1.9079932177264707 4.5921507602906786 65.452831709422753
leaf_count=17391 2769 899 183 290 187 335 232 1477 288 183 2383 124 354 9421
internal_value=0.000834725 0.00174567 0.00469072 0.00223477 -0.0192603 0.0237693 0.00547547 0.003058 -0.00952506 0.0063831 -0.00822058 0.0274176 -0.00325002 0.00750019
internal_weight=174.513 170.784 132.237 118.146 14.8309 14.0915 103.315 94.0879 24.2507 11.1253 38.5471 9.22673 10.6205 69.8372
internal_count=36516 19125 15843 15325 831 518 14494 14138 1948 471 3282 356 644 12190
is_linear=0
shrinkage=0.05


Tree=118
num_leaves=15
num_cat=0
split_feature=18 3 18 13 10 5 9 18 3 10 12 3 11 11
split_gain=1.34603 2.29185 1.81086 2.50911 1.76135 2.36677 2.22628 2.22394 1.77358 1.73139 3.18387 1.94859 1.89657 3.42193
threshold=0.47874028228456117 0.015267274422459341 0.45637732753668786 0.37422306344416784 0.46428571428571436 0.86038961038961048 0.40429704129416777 0.39865529134769878 0.10566242986373527 0.46428571428571436 0.021874595521615327 0.21063505872118313 0.50871496924128501 0.27798663324979117
decision_type=2 2 2 2 2 2 2 2 2 2 2 2 2 2
left_child=1 -1 3 -3 7 6 -6 -5 -9 10 11 -2 13 -12
right_child=9 2 -4 4 5 -7 -8 8 -10 -11 12 -13 -14 -15
leaf_value=0.038262715973546024 0.033531817663308719 -0.02389380450942882 -0.030922569798847957 -0.014823630153851944 -0.053277340620072278 0.013837440098687183 -0.0018772107600160003 -0.021255133568480536 0.04097994002842021 0.0080313268916356612 3.0601770707108898e-05 -0.01171261708490034 0.013136247527650625 -0.031373899776798254
leaf_weight=1.7168140075555118 6.927950840436095 10.201339883703438 6.904319302087969 2.7602204807753896 2.7364964630796731 6.8887956124963239 5.004974302399205 0.71311379049438972 6.540894391355323 79.784946289046275 18.468496691748442 2.8023424924340361 6.5973516844460383 15.352982885640811
leaf_count=337 641 18609 1614 770 329 98 212 26 458 3345 5047 2848 376 1950
internal_value=0.000946277 -0.00657615 -0.00927188 -0.00423905 0.00451131 -0.0064735 -0.0240627 0.0196902 0.0330279 0.00349377 -0.00374116 0.0206242 -0.00996311 -0.0147168
internal_weight=173.401 43.467 41.7502 34.8458 24.6445 14.6303 7.74147 10.0142 7.25401 129.934 50.1491 9.73029 40.4188 33.8215
internal_count=36660 22453 22116 20502 1893 639 541 1254 484 14207 10862 3489 7373 6997
is_linear=0
shrinkage=0.05


Tree=119
num_leaves=15
num_cat=0
split_feature=11 5 13 15 12 12 9 7 5 11 11 15 5 5
split_gain=1.46028 1.98166 2.05468 1.85546 1.69847 1.39163 2.27345 1.81341 2.47252 2.39598 1.92891 2.70499 2.52948 3.58871
threshold=0.19496357301235351 0.051315789473684217 0.26908256348016102 0.3367573281543807 0.03781401943297108 0.022863833557475181 0.57722122838401924 0.67410632905031276 0.048809523809523817 0.21510369329918202 0.26705426356589151 0.10699878087387608 0.36939571150097467 0.73993558776167478
decision_type=2 2 2 2 2 2 2 2 2 2 2 2 2 2
left_child=1 2 -1 -3 -5 6 -2 9 -9 -7 -10 12 -12 -14
right_child=5 3 -4 4 -6 7 -8 8 10 -11 11 -13 13 -15
leaf_value=-0.02507548927220974 0.024891838519706302 -0.035450438957703882 0.028523770009053675 0.029379311392320848 -0.013244995427651667 0.019959212672460078 -0.034211548039799873 0.043459917241150788 0.016812868136300282 -0.037359745370967423 -0.0011972807434619051 0.0042862734484976749 -0.038447133374084605 0.011851818993578509
leaf_weight=1.7321377818479984 10.544685938681139 8.042001505855298 4.5906228132043907 1.8931175669167704 11.621875572549468 1.8031046821033658 1.0041037015307654 2.417565519877825 14.483936901000559 5.5343057780391973 23.744654183607054 64.568719022179721 12.896331094259951 4.2310502044419982
leaf_count=9579 3752 11012 282 71 801 469 766 93 861 2805 2797 1383 1859 249
internal_value=-0.000547499 -0.0107953 0.012421 -0.0178535 -0.00566165 0.00153719 0.0174363 -1.32543e-06 0.00152421 -0.0225696 0.000326417 -0.00207493 -0.0119866 -0.0260532
internal_weight=169.108 27.8798 6.32276 21.557 13.515 141.228 11.5488 129.68 122.342 7.33741 119.925 105.441 40.872 17.1274
internal_count=36779 21745 9861 11884 872 15034 4518 10516 7242 3274 7149 6288 4905 2108
is_linear=0
shrinkage=0.05


Tree=120
num_leaves=15
num_cat=0
split_feature=13 17 18 2 9 17 9 8 15 9 6 6 17 6
split_gain=1.69209 1.60333 1.33629 1.71853 1.57469 2.29418 2.16626 1.55442 2.73698 3.81557 1.30461 4.28604 2.63122 3.10431
threshold=0.14381731861061722 0.17653207564044035 0.38263802108696982 0.90509320492887912 0.71506770900542815 0.72561970731770298 0.7070342258767307 0.63995726495726502 0.6825183623234391 0.40429704129416777 0.0033047972796848512 0.015729368792027149 0.74545768080882391 3.7001084837961151e-10
decision_type=2 2 2 2 2 2 2 2 2 2 2 2 2 2
left_child=-1 -2 3 -3 6 -6 7 10 9 -9 12 -12 -4 -14
right_child=1 2 4 -5 5 -7 -8 8 -10 -11 11 -13 13 -15
leaf_value=-0.029106771368462226 0.031766630633085699 -0.037230389657753424 0.026390690303404837 0.0085395681952373705 0.019105682038280052 -0.029964102771491377 0.039961504522249613 0.01708897674344835 0.01289580824732954 -0.054257108948774772 -0.040609742237277202 0.0030046093856441794 -0.025521914285766979 0.0090426532410474558
leaf_weight=3.5724881646547137 3.327504053768279 3.9806511523756845 15.497222486243116 2.9583333871269133 2.5633199661315285 7.2206916231734795 2.9204129945137529 2.1891389045122178 4.8992002899758518 4.8156554347151541 5.1249059550464144 69.154948852359666 6.9944784017334305 33.819352933489427
leaf_count=17479 963 3265 4736 166 226 579 37 120 51 435 987 2775 3157 1699
internal_value=0.000908379 0.00172738 0.000919951 -0.0190993 0.00193156 -0.0165287 0.00327803 0.00225296 -0.0143341 -0.0326106 0.00386239 -0.000504021 0.00953041 0.00265044
internal_weight=169.038 165.466 162.138 6.93898 155.199 9.78401 145.415 142.495 11.904 7.00479 130.591 74.2799 56.3111 40.8138
internal_count=36675 19196 18233 3431 14802 805 13997 13960 606 555 13354 3762 9592 4856
is_linear=0
shrinkage=0.05


Tree=121
num_leaves=15
num_cat=0
split_feature=2 3 14 1 15 1 6 6 5 13 8 3 10 11
split_gain=1.52461 1.39051 1.72536 1.48672 2.37912 1.38683 1.83334 2.88306 2.78433 3.11445 2.65727 3.15577 3.05812 2.60014
threshold=0.97146425015705984 0.015267274422459341 0.40118019774404684 0.3523916380863672 0.2024011413686089 0.30521857334601471 0.0028630915191114356 0.010906354434281408 0.56594202898550738 0.6160201720503985 0.12793235133660666 0.73348909657320882 0.59821428571428581 0.15022935779816518
decision_type=2 2 2 2 2 2 2 2 2 2 2 2 2 2
left_child=1 -1 3 5 -5 6 8 -8 10 -10 11 13 -12 -3
right_child=-2 2 -4 4 -6 -7 7 -9 9 -11 12 -13 -14 -15
leaf_value=0.032968063854761608 0.02262220557700954 -0.005646122259846449 -0.023835396038201177 -0.043960194819319065 -0.0042238262496361208 0.023191620456635652 -0.042840800134293144 -0.002104793015055621 0.034630617338048029 -0.021618207826688579 -0.017973233331109763 -0.030834257791087161 0.012950962836042364 0.053550411014250135
leaf_weight=1.9696731241238001 6.1665842816364593 2.4272249975892901 7.2500287964267036 3.5127739627059809 24.530693915090524 6.2818158319278146 3.7056734577818125 58.243046494062582 12.468185625546537 2.2955376954560043 20.219826818385627 1.4231919357625882 11.936420101763359 5.0137493012371124
leaf_count=488 346 1356 20854 345 372 133 848 2680 503 127 4802 2919 546 373
internal_value=5.36852e-05 -0.000943326 -0.00156564 -0.000355046 -0.0105435 0.00201478 0.000699047 -0.00518341 0.00720781 0.0250682 0.000336053 0.023111 -0.00644976 0.0358594
internal_weight=167.444 161.278 159.308 152.058 28.0435 124.015 117.733 61.9487 55.7841 14.7637 41.0204 8.86417 32.1562 7.44097
internal_count=36692 36346 35858 15004 717 14287 14154 3528 10626 630 9996 4648 5348 1729
is_linear=0
shrinkage=0.05


Tree=122
num_leaves=15
num_cat=0
split_feature=13 13 12 5 0 9 15 9 0 5 18 13 1 2
split_gain=1.76364 1.80562 1.12919 1.84163 1.80836 1.97951 1.8015 2.94362 2.0092 1.88563 1.78504 1.69729 2.89846 2.41789
threshold=0.14381731861061722 0.15463003874787598 0.25353447376590349 0.8460526315789475 0.21771934670321189 0.40964303991372236 0.9683600246133518 0.54174242424242436 0.085204135434762615 0.95119047619047625 0.51794138423712377 0.54566137722973085 0.14615305673284945 0.89391329000647934
decision_type=2 2 2 2 2 2 2 2 2 2 2 2 2 2
left_child=-1 -2 11 4 5 -4 7 8 -5 -10 -9 12 13 -3
right_child=1 2 3 6 -6 -7 -8 10 9 -11 -12 -13 -14 -15
leaf_value=-0.030751267763133711 0.040831360905837513 -0.0044903702470896235 -0.028723683034587916 -0.028364196813833523 -0.049129822343578732 0.010497241943013767 0.018130210751251024 -0.058477730712531956 -0.01816434282746502 0.03241256723800575 -0.00077068449185378144 0.008430841478127055 -0.030517292415355862 0.021168678464082137
leaf_weight=3.4078803880465776 1.8386484342063329 40.5685462254296 5.2883452076403028 2.0239488536026311 3.093179287883685 5.7961134144716198 9.1259961845353246 2.6558817399782138 1.8133961376151999 5.6174966431281064 2.1582325377967209 64.817054467832349 7.3653095870540701 10.78732052046689
leaf_count=17467 833 12010 2491 44 195 183 89 62 92 87 30 1788 771 565
internal_value=0.000462643 0.00129903 0.00059878 -0.00688058 -0.0204499 -0.00904335 0.0018438 -0.0090777 0.0074238 0.0193795 -0.0371891 0.00291052 -0.00322202 0.0012007
internal_weight=166.357 162.949 161.111 37.5726 14.1776 11.0845 23.395 14.269 9.45484 7.43089 4.81411 123.538 58.7212 51.3559
internal_count=36707 19240 18407 3273 2869 2674 404 315 223 179 92 15134 13346 12575
is_linear=0
shrinkage=0.05


Tree=123
num_leaves=15
num_cat=0
split_feature=18 3 6 13 7 7 8 1 18 9 15 9 3 0
split_gain=1.60959 2.13259 1.52998 3.84498 1.73573 3.04619 2.17257 1.61755 1.53697 1.98481 2.01594 1.99518 2.01375 1.51752
threshold=0.48709201604084545 0.021505475802871103 1.0000000180025095e-35 0.54566137722973085 0.8291576899702503 0.86503430118579316 0.32993197278911568 0.094114505432550968 0.4116060850710751 0.45635928277090992 0.9683600246133518 0.40026583961010193 0.04719005587496964 0.0075743111135830321
decision_type=2 2 2 2 2 2 2 2 2 2 2 2 2 2
left_child=1 -1 3 -3 -4 6 -6 -8 -7 11 -11 12 -10 -2
right_child=13 2 4 -5 5 8 7 -9 9 10 -12 -13 -14 -15
leaf_value=0.031273307297391216 -0.010055330927399686 -0.02918789480952776 -0.037802283076505162 0.030031335100247993 0.043751017485098451 0.0011219245770226567 -0.038347265279263222 0.025128551150367925 0.019824379488188392 -0.061291187469452647 0.0053570817592920872 0.015401447710171238 -0.043504469584509035 0.0050294630742903244
leaf_weight=2.2195867594127767 18.923227390876491 3.6812797773518451 6.4023610289241324 5.6707262192576309 3.0644612469695884 6.9684746448110699 1.3349060573564204 0.86620773895992886 1.0441296380013207 4.3593094773532348 1.247000904753804 3.730754158255877 3.7675703776767477 102.30445821824105
leaf_count=419 8617 17402 3040 470 147 457 305 9 29 378 14 105 250 4970
internal_value=-0.00037554 -0.00841749 -0.0111847 0.00615283 -0.016166 -0.00972674 0.0215754 -0.013321 -0.0181545 -0.0270958 -0.0478998 -0.0098535 -0.0287157 0.00261178
internal_weight=165.584 44.3568 42.1372 9.35201 32.7852 26.3828 5.26558 2.20111 21.1172 14.1488 5.60631 8.54245 4.8117 121.228
internal_count=36612 23025 22606 17872 4734 1694 461 314 1233 776 392 384 279 13587
is_linear=0
shrinkage=0.05


Tree=124
num_leaves=15
num_cat=0
split_feature=12 4 8 9 15 2 9 5 14 15 9 14 12 8
split_gain=1.98887 2.87687 2.05294 1.90272 2.34594 1.84008 1.57438 2.65641 1.43712 1.7605 2.75379 1.82745 1.44255 1.48636
threshold=0.25353447376590349 0.41578014184397166 0.35067567567567576 0.71506770900542815 0.12852140346874855 0.81675308578515071 0.16653333333333337 0.051315789473684217 0.11171991639295313 0.9683600246133518 0.5349315723992728 0.052077911404542099 0.56666308353808359 0.74456521739130443
decision_type=2 2 2 2 2 2 2 2 2 2 2 2 2 2
left_child=3 2 -2 6 -5 -6 7 -1 9 10 11 12 -4 -14
right_child=1 -3 8 4 5 -7 -8 -9 -10 -11 -12 -13 13 -15
leaf_value=0.015435513016834485 -0.036276177303649106 -0.048109613009985425 0.027021050072101701 -0.040515679073044243 0.023275126163488633 -0.027528746408362576 0.0065423698476058849 -0.036687101915889531 0.022579360526372917 0.010580790196946854 -0.042305395305365645 -0.035169779121552655 -0.037330044798654288 0.019645934472497791
leaf_weight=3.5286378691662303 3.4685640991392566 3.3879200533265239 4.7758923328365217 4.3704395596796513 3.7817694347177166 1.8619353770045561 110.41251754911536 4.6791061078629355 4.7927716830090494 9.8302248707041144 4.9783575555193247 1.6573285804988698 1.5384308439970484 1.2360653253272174
leaf_count=5954 2525 250 50 1053 78 34 20150 5975 180 90 138 99 76 12
internal_value=0.000220384 -0.0100625 -0.00474333 0.00312708 -0.0168035 0.00489347 0.00493607 -0.015036 0.000142759 -0.00505836 -0.0158786 0.00115431 0.0123083 -0.0134667
internal_weight=164.3 35.6656 32.2776 128.634 10.0141 5.6437 118.62 8.20774 28.8091 24.0163 14.1861 9.20772 7.55039 2.7745
internal_count=36664 3420 3170 33244 1165 112 32079 11929 645 465 375 237 138 88
is_linear=0
shrinkage=0.05


Tree=125
num_leaves=15
num_cat=0
split_feature=13 11 18 12 17 0 12 9 9 1 1 15 17 16
split_gain=1.32394 2.93883 2.47651 1.99474 2.33732 1.87023 1.63857 1.67357 3.24508 3.05645 1.99195 1.78557 1.76072 1.46765
threshold=0.78957288011169935 0.46919573294977834 0.66480416130005382 0.094660743781648155 0.62533840948554065 0.0017698136010572479 0.11535411141680309 0.56676356589147303 0.54174242424242436 0.098699019137945918 0.3523916380863672 0.46083448330304327 0.83363857211957904 0.12842765431332967
decision_type=2 2 2 2 2 2 2 2 2 2 2 2 2 2
left_child=3 -2 5 13 -5 -3 -6 8 9 -8 -11 -12 -9 -1
right_child=1 2 -4 4 6 -7 7 12 -10 10 11 -13 -14 -15
leaf_value=0.0020060893235320019 0.017024742171449763 0.020699945014258203 0.019425094683954255 -0.041175228647147372 -0.026698916003641021 -0.03725704483199882 -0.024110163840971335 0.035708373099175322 -0.055098880158907952 0.015041265884387194 -0.039411772962546943 0.0010620510278519042 -0.00063615929010381138 0.024944734784843992
leaf_weight=48.422203519477989 28.558573539863573 1.0354473864426816 3.3254206017591059 3.7554075253428882 6.5231949792341757 6.3872406218433753 11.198003377670828 4.3983493536798042 2.1892878392245612 19.286738154856721 2.6883707839733679 10.242926286184227 8.6180907218367775 7.1914302335117091
leaf_count=27342 570 9 31 2578 987 165 3000 145 99 634 273 145 353 325
internal_value=0.000907089 0.00878653 -0.012689 -0.00163048 -0.0072693 -0.0276744 -0.00472178 -0.00186947 -0.00639645 -0.00275536 0.00516929 -0.00957733 0.0133163 0.00536052
internal_weight=163.821 39.3067 10.7481 124.514 68.9004 7.42269 65.145 58.6218 45.6053 43.416 32.218 12.9313 13.0164 55.6136
internal_count=36656 775 205 35881 8214 174 5636 4649 4151 4052 1052 418 498 27667
is_linear=0
shrinkage=0.05


Tree=126
num_leaves=15
num_cat=0
split_feature=13 9 18 8 9 8 5 11 5 5 6 3 13 9
split_gain=1.50754 2.16939 1.75432 2.3365 1.57689 3.3515 1.81953 1.69874 3.52282 1.64011 3.14145 2.21961 1.8039 1.75767
threshold=0.78957288011169935 0.57722122838401924 0.50057587496413924 0.30217391304347835 0.16653333333333337 0.12793235133660666 0.048809523809523817 0.56070175438596503 0.32200460829493094 0.60990338164251223 0.069213178580328064 0.064183447123556031 0.60549799009541205 0.42696151023947709
decision_type=2 2 2 2 2 2 2 2 2 2 2 2 2 2
left_child=4 2 3 -2 -1 -6 -7 9 -9 13 -11 12 -12 -8
right_child=1 -3 -4 -5 5 6 7 8 -10 10 11 -13 -14 -15
leaf_value=-0.021877344307698325 0.01938144086224497 -0.02007182197103876 0.019896994488301047 -0.029353985700741853 0.023760742569844367 0.023679239423776831 -0.0068475511706261871 -0.038274012400433766 0.01728479517997281 0.012550705469931339 -0.035597347686134248 -0.044188214081500872 0.022738184463714006 -0.026810188889313937
leaf_weight=8.1970341109899874 3.8219727301839148 4.5895935994340098 25.764250123647798 4.0813732979586348 11.825505560168493 4.9111616981808757 35.97646791652005 2.4540706790139692 16.140313684572902 19.484719668886104 0.98034195823129078 4.2063051030272618 3.0472596578765661 15.609225901291209
leaf_count=12324 128 98 425 88 10250 934 6623 1224 705 624 105 184 53 2739
internal_value=0.000754431 0.00928831 0.0137542 -0.00625627 -0.00195706 -0.000355782 -0.0033319 -0.00491267 0.0083731 -0.00809324 0.00169133 -0.0225825 0.00428284 -0.013283
internal_weight=161.09 38.2572 33.6676 7.90335 122.832 114.635 102.81 97.8987 18.5944 79.3043 27.7186 8.23391 4.0276 51.5857
internal_count=36504 739 641 216 35765 23441 13191 12257 1929 10328 966 342 158 9362
is_linear=0
shrinkage=0.05


Tree=127
num_leaves=15
num_cat=0
split_feature=12 15 4 0 9 18 2 1 18 18 8 11 9 12
split_gain=2.83244 2.72335 2.24441 1.92825 2.86737 2.40667 2.37446 3.27608 2.29723 2.10039 2.09493 1.91733 2.31326 2.72899
threshold=0.25353447376590349 0.9683600246133518 0.31096096096096099 0.069468828327368046 0.38202913279132794 0.38263802108696982 0.81675308578515071 0.11273480183028704 0.59820249108281798 0.7154789199591246 0.22902097902097904 0.45872641509433965 0.48586582173853154 0.38377401025343416
decision_type=2 2 2 2 2 2 2 2 2 2 2 2 2 2
left_child=3 11 -3 4 5 -1 7 10 -5 -10 -6 12 13 -2
right_child=1 2 -4 8 6 -7 -8 -9 9 -11 -12 -13 -14 -15
leaf_value=-0.027784228797198798 -0.042824890460425702 0.019551053522256553 -0.024698577260457343 0.018662518844860438 -0.042067872901941382 0.010265370876973108 -0.037379925980416673 0.030673754286653532 -0.019488949062032586 0.014808212870945296 -0.0051937099052728197 -0.040011778008184479 0.022292972654672699 0.0035748816721865289
leaf_weight=3.6415693212920806 5.5376456235035239 8.5684730878128885 3.134087416692636 31.921292230130348 3.9316538034072499 41.639727659995515 6.4607413374869784 4.267325748653092 8.880522235529499 7.1897101128561181 19.342169155754164 8.4453876136612944 3.3103254830348297 5.8744616159283396
leaf_count=14131 1914 111 50 1741 1894 11189 917 98 610 193 2604 396 55 883
internal_value=-0.000189023 -0.0126084 0.00668902 0.00328537 -0.00151562 0.00667117 -0.0122973 -0.00530977 0.0110858 -0.00417604 -0.0128993 -0.0222294 -0.0101326 -0.0205766
internal_weight=162.145 34.8704 11.7026 127.275 79.2832 45.2813 34.0019 27.5411 47.9915 16.0702 23.2738 23.1678 14.7224 11.4121
internal_count=36786 3409 161 33377 30833 25320 5513 4596 2544 803 4498 3248 2852 2797
is_linear=0
shrinkage=0.05


Tree=128
num_leaves=15
num_cat=0
split_feature=13 13 17 13 7 5 12 7 18 6 3 8 6 6
split_gain=1.43543 2.14501 1.32319 1.37411 2.38745 2.18086 1.50195 2.61297 1.95698 2.3742 1.45429 1.24521 1.28383 2.28456
threshold=0.1509381631274844 0.15463003874787598 0.45453962452939828 0.71398684493559539 0.99988972209969129 0.42020373514431247 0.071656913967332134 0.47565994810612705 0.6738220258131582 0.0010643823948506663 0.14640305493964031 0.69504830917874405 0.0012768543318192481 0.02326141691478836
decision_type=2 2 2 2 2 2 2 2 2 2 2 2 2 2
left_child=-1 -2 -3 4 11 6 7 -5 9 -8 -10 12 -4 -14
right_child=1 2 3 5 -6 -7 8 -9 10 -11 -12 -13 13 -15
leaf_value=-0.028480089462077487 0.045434803976106428 -0.02008522571396678 0.0063627280894473677 0.034382132678239134 -0.039931546449367743 -0.0016199533390823522 -0.011542311444895625 -0.024115331735187318 -0.038743490888263246 0.046578501877500456 0.014242432253974825 -0.02429690797652103 -0.024903118863154508 0.00056955410395682189
leaf_weight=3.4644599787579855 1.5859748018337985 7.1580112239871587 43.072464820629648 2.1028396884212297 3.1603353825630611 29.712111206219561 1.7015537010556716 3.967361259914469 0.85273673199117084 9.245550455816554 3.3149898078117985 4.512168236920842 10.492242263182559 37.423339600871259
leaf_count=18031 278 3918 8678 18 126 552 153 98 20 102 124 666 1854 2114
internal_value=-0.000519764 0.000267092 -0.00047519 0.000590541 -0.00284912 0.0071845 0.0190492 -0.00185388 0.0270381 0.0373346 -0.00199808 -0.00122089 0.00017516 -0.00540336
internal_weight=161.766 158.302 156.716 149.558 98.6606 50.8971 21.185 6.0702 15.1148 10.9471 4.16773 95.5002 90.988 47.9156
internal_count=36732 18701 18423 14505 13438 1067 515 116 399 255 144 13312 12646 3968
is_linear=0
shrinkage=0.05


Tree=129
num_leaves=15
num_cat=0
split_feature=15 1 16 13 13 11 8 11 8 12 15 8 6 12
split_gain=1.64708 1.7851 1.71364 1.89998 2.09391 1.72777 2.58493 2.13451 2.12664 3.08723 2.36475 2.11877 3.15603 3.0182
threshold=0.9683600246133518 0.46780333895370624 0.23772684556983661 0.2285122269547577 0.55541567377748391 0.19496357301235351 0.04210992907801419 0.27222291021671835 0.26778819635962497 0.023301485039700039 0.40980714870124374 0.30495169082125612 2.2220649392030722e-08 0.16676069586752293
decision_type=2 2 2 2 2 2 2 2 2 2 2 2 2 2
left_child=1 2 5 -4 -5 6 -1 -7 9 -9 -11 12 -10 -13
right_child=-2 -3 3 4 -6 7 -8 8 11 10 -12 13 -14 -15
leaf_value=0.0060625571529134645 0.012792331880567311 -0.022496339489635583 0.049550829615761904 -0.024771109736623963 0.014790895884947473 0.014701522197166403 -0.033984696657358857 0.013133326299869776 -0.037306246046583801 -0.041904107116478406 0.011074166268075628 -0.015047348384541248 0.033168446731362773 0.0083876135978014615
leaf_weight=6.3057361897353976 19.838361130601697 9.1250047042631177 2.013094339060447 3.3818352028647523 13.517076330706912 17.653284268060816 9.0056410189035869 4.6555528347234967 1.0717203412659708 9.7687918519359282 2.1691046300547887 27.054569811787587 7.7268483106381609 26.015192215854768
leaf_count=10554 256 371 137 357 378 3444 10557 3194 339 2845 48 3061 378 828
internal_value=-0.000327583 -0.00227165 -0.00069521 0.0128304 0.00593207 -0.00308457 -0.0181313 -0.000525557 -0.00409343 -0.0194325 -0.0321661 0.000264267 0.0216529 -0.0036167
internal_weight=159.302 139.463 130.338 18.912 16.8989 111.426 15.3114 96.1151 78.4618 16.5934 11.9379 61.8683 8.79857 53.0698
internal_count=36747 36491 36120 872 735 35248 21111 14137 10693 6087 2893 4606 717 3889
is_linear=0
shrinkage=0.05


Tree=130
num_leaves=15
num_cat=0
split_feature=17 17 5 12 13 9 1 12 9 4 1 9 11 13
split_gain=1.64263 2.57905 2.49736 1.71399 1.27015 2.03645 2.03169 2.02102 1.75783 1.47407 1.87302 1.56019 2.27365 2.18198
threshold=0.17653207564044035 0.4037513514530115 0.044466403162055343 0.022387402645632347 0.78957288011169935 0.57722122838401924 0.34034135036637964 0.37218384673900695 0.16653333333333337 0.44093023255813962 0.26266317244965159 0.35055909325452683 0.4050118778040277 0.65637018655493751
decision_type=2 2 2 2 2 2 2 2 2 2 2 2 2 2
left_child=2 3 -1 -2 6 -6 8 -8 -3 10 11 13 -13 -10
right_child=1 4 -4 -5 5 -7 7 -9 9 -11 -12 12 -14 -15
leaf_value=-0.025930268524363011 0.00087652678864816357 -0.024596149378877902 0.045549407076139137 -0.052945828060791379 0.013525810412347331 -0.019623679540531611 -0.038790844388642672 -0.0031236380070389621 0.014667944084193999 -0.023999029783114509 0.027112913358220643 -0.020594078460653059 0.0029447099065131772 -0.024788498021750118
leaf_weight=0.9512266361480205 2.3816137023322872 5.209905695555789 3.390875894000601 2.7697826187941246 32.057782151525316 4.4863788134534834 5.7517089182802001 10.120416002202544 29.468257080786316 3.8646617825434069 7.1807130576635236 13.155006308852533 36.568808130483376 3.0446732601794784
leaf_count=5584 4666 4017 3478 2580 606 69 503 175 8582 241 182 1825 3872 301
internal_value=0.000704371 -0.000227424 0.0279676 -0.0319651 0.00105926 0.00904189 -0.00154779 -0.0175817 0.00118684 0.00287245 0.00428643 0.00199149 -0.00356598 0.0103436
internal_weight=160.402 156.06 4.3421 5.1514 150.908 36.5442 114.364 15.8721 98.492 93.2821 89.4175 82.2367 49.7238 32.5129
internal_count=36681 27619 9062 7246 20373 675 19698 678 19020 15003 14762 14580 5697 8883
is_linear=0
shrinkage=0.05


Tree=131
num_leaves=15
num_cat=0
split_feature=8 12 8 13 18 12 12 3 15 11 9 18 5 16
split_gain=1.87192 1.53761 2.23056 2.07092 5.37924 2.07989 1.74935 1.95529 1.94828 2.00526 2.30116 1.79622 1.70715 1.87177
threshold=0.76136363636363646 0.09210694790621754 0.20942982456140355 0.49253669584893339 0.57802396158656855 0.1215292467166099 0.25353447376590349 0.10987804878048782 0.9683600246133518 0.44507936507936513 0.48586582173853154 0.57015425468262904 0.032795698924731186 0.30595848658409713
decision_type=2 2 2 2 2 2 2 2 2 2 2 2 2 2
left_child=1 12 -3 4 -4 -5 7 11 9 10 -8 -7 -1 -14
right_child=-2 2 3 5 -6 6 8 -9 -10 -11 -12 -13 13 -15
leaf_value=-0.030760731658886226 -0.024879978040399042 -0.030706657810728885 -0.033111361505683827 -0.023555471983429582 0.020828646444544366 0.04222963298602999 -0.010866401750059205 0.0036382228341968817 0.013314875847221842 -0.030526997776578559 0.037297958125019098 -7.6611351835974094e-05 0.0044004056985084963 0.027460031466698193
leaf_weight=1.9204603664329614 6.3875869469120508 5.8707492289649954 12.57261008529713 5.5070501495574709 6.1836502959886266 7.7888368362328055 8.4687878041622771 16.723778850689996 11.397854355862366 7.3622221193800206 2.3625022899359456 3.5062402803450823 49.884040798470778 9.8404569722624711
leaf_count=5941 668 4402 2083 254 511 89 384 419 112 213 15 76 21260 260
internal_value=-0.000309183 0.000899867 -0.0033402 -0.00103104 -0.015174 0.00334287 0.00627215 0.0150001 -0.00221222 -0.0121265 0.00190367 0.0301587 0.00689208 0.00858944
internal_weight=155.777 149.389 87.7443 81.8735 18.7563 63.1173 57.6102 28.0189 29.5914 18.1935 10.8313 11.2951 61.645 59.7245
internal_count=36687 36019 8558 4156 2594 1562 1308 584 724 612 399 165 27461 21520
is_linear=0
shrinkage=0.05


Tree=132
num_leaves=15
num_cat=0
split_feature=12 11 11 12 18 13 18 13 13 7 5 14 18 9
split_gain=1.49355 1.71805 2.78598 2.06201 1.85248 1.61582 3.48816 2.18625 2.16811 2.0467 1.60576 1.44983 3.59213 1.43389
threshold=0.084715511399399479 0.24499799919967991 0.29830106239048954 0.050185353455541516 0.77826070667843283 0.49253669584893339 0.57802396158656855 0.40001610292384265 0.43779244577897075 0.95660739959981977 0.29814814814814822 0.11171991639295313 0.52775592254928272 0.35358592501449643
decision_type=2 2 2 2 2 2 2 2 2 2 2 2 2 2
left_child=1 -1 3 13 -4 6 7 9 10 -2 -8 -7 -13 -3
right_child=5 2 4 -5 -6 11 8 -9 -10 -11 -12 12 -14 -15
leaf_value=-0.0057521441590156945 -0.025826938995090112 0.047695613310034461 0.0085407265966747446 -0.014059408186081446 -0.034187806048206475 -0.0012707849505615768 -0.020795334834843887 -0.049754231700089906 -0.030999938405796852 0.013058317925866474 0.03471544077463648 0.037478276042560224 -0.024860442431835834 -0.017822828219688707
leaf_weight=16.880807101339087 8.1450966427846705 8.226395039371706 31.649831700749019 1.3931830553174211 1.7682452374428965 65.464758085556241 0.91187644827459635 5.0786729975716289 1.2946941956615772 4.5940007822209727 5.6798188085704169 6.4505614329100336 2.5335580275568645 0.41381620344327608
leaf_count=18381 3814 1143 6453 242 536 2458 723 1047 268 258 670 232 275 191
internal_value=0.00139281 0.00754209 0.0127201 0.0345509 0.00535222 -0.00234947 -0.0129037 -0.0247416 0.0136163 -0.0118743 0.0253085 0.0014172 0.0191693 0.0430344
internal_weight=160.485 60.3323 43.4515 10.0334 33.4181 100.153 25.7042 17.8178 7.88639 12.7391 6.5917 74.4489 8.98412 8.64021
internal_count=36691 26946 8565 1576 6989 9745 6780 5119 1661 4072 1393 2965 507 1334
is_linear=0
shrinkage=0.05


Tree=133
num_leaves=15
num_cat=0
split_feature=5 17 15 11 12 10 11 11 13 8 14 17 4 15
split_gain=1.4359 2.38153 1.17408 1.55883 1.87835 1.59514 2.31742 2.85444 2.28367 2.23858 2.29516 2.99803 2.41426 2.36429
threshold=0.04083333333333334 0.17653207564044035 0.9683600246133518 0.19496357301235351 0.02537485821067911 0.66964285714285732 0.27222291021671835 0.28851648351648357 0.35078872799858957 0.21980676328502416 0.27440442427680095 0.84062944033223486 0.066300366300366315 0.051540835454047744
decision_type=2 2 2 2 2 2 2 2 2 2 2 2 2 2
left_child=-1 -2 3 -3 -5 6 -6 -8 -7 -9 11 -11 -12 -14
right_child=1 2 -4 4 5 8 7 9 -10 10 12 -13 13 -15
leaf_value=-0.03487344622151814 0.03760616990769191 -0.017394756073365113 0.010446778588207391 0.019109386382389657 0.011371993920495366 -0.030711132662044602 -0.048091543609898924 -0.040116420240003919 0.013650263897367641 -0.027967493431018498 -0.026047646550303206 -0.00091089516520541423 0.048521178956252797 -0.026080871624268177
leaf_weight=2.004268802614205 3.1049637680453079 14.852612211676385 18.540310988340934 9.8995423567403105 14.710976633066819 2.3638575703571432 3.6185288512788238 3.7680479598302545 22.011514546062244 12.813102538199017 1.2850470205794398 39.839040800572548 4.4422131899627857 0.64866527103004035
leaf_count=6458 3679 13207 250 3626 1990 692 459 1334 783 1173 1107 1480 453 78
internal_value=-0.000643149 3.36416e-05 -0.000996226 -0.00269221 -0.000666743 -0.00268441 -0.00604803 -0.010018 0.00830748 -0.00710468 -0.00436419 -0.00789377 0.0219015 0.0362943
internal_weight=153.903 151.898 148.793 130.253 115.401 105.501 81.1256 66.4146 24.3754 62.7961 59.0281 52.6521 6.37593 5.09088
internal_count=36769 30311 26632 26382 13175 9549 8074 6084 1475 5625 4291 2653 1638 531
is_linear=0
shrinkage=0.05


Tree=134
num_leaves=15
num_cat=0
split_feature=18 18 14 9 18 12 5 13 13 18 17 17 2 0
split_gain=1.58197 3.21679 2.61296 1.80495 2.48896 1.30226 1.9107 1.6412 1.24493 1.43823 1.35272 1.09886 2.50054 1.92415
threshold=0.48709201604084545 0.46154631710881217 0.1709964012595592 0.45224560179803153 0.47874028228456117 0.22545808606404738 0.86038961038961048 0.30394067260059515 0.87099463987094261 0.35811546620843898 0.97773886634222962 0.88456276504383036 0.8408213572056088 0.0075743111135830321
decision_type=2 2 2 2 2 2 2 2 2 2 2 2 2 2
left_child=1 2 5 4 -3 8 7 -7 9 -1 -11 12 -2 -13
right_child=11 3 -4 -5 -6 6 -8 -9 -10 10 -12 13 -14 -15
leaf_value=-0.012874010779841889 0.0056010557607346131 -0.040952195832705679 -0.022491981333860826 -0.058613165414494552 0.01200419233245302 0.021458939196737997 0.012353190212344201 -0.039058398244828693 -0.013588091449746291 0.036079138882825476 -0.01810854223728332 -0.0171513358066144 -0.020554404115678663 0.0091780276506514616
leaf_weight=1.6784617551411436 24.942112042379449 3.2194108459289037 8.5209461113618072 3.0233842866800842 3.9592137063782502 0.76718983627233495 6.4655694749089889 3.6965190722139596 1.9759768380754401 9.1987209726557886 0.69166585276616466 6.7872612832470613 13.154268778598633 68.352815638292668
leaf_count=471 7753 1025 19180 354 481 117 121 597 79 516 87 2070 1041 2777
internal_value=2.04147e-05 -0.00801223 -0.000147985 -0.0311628 -0.0138486 0.00820889 -0.0044674 -0.0266333 0.0180413 0.0240949 0.0309748 0.00312799 -0.00372488 0.00660572
internal_weight=156.434 43.1971 32.995 10.202 7.17862 24.4741 10.9293 4.46371 13.5448 11.5688 9.89039 113.236 38.0964 75.1401
internal_count=36669 23028 21168 1860 1506 1988 835 714 1153 1074 603 13641 8794 4847
is_linear=0
shrinkage=0.05


Tree=135
num_leaves=15
num_cat=0
split_feature=12 5 7 3 9 18 3 5 11 18 18 14 14 12
split_gain=1.63653 2.14676 1.41908 2.3082 2.0874 1.41716 1.27568 1.42685 2.4393 1.96419 1.8918 3.65056 2.58998 1.91908
threshold=0.25353447376590349 0.86038961038961048 0.93909236397757756 0.10987804878048782 0.40964303991372236 0.42634213341974908 0.015267274422459341 0.59175084175084181 0.26637102734663715 0.43676966877287077 0.50228807035215872 0.036326979472140773 0.081745887760038716 0.083139004815178594
decision_type=2 2 2 2 2 2 2 2 2 2 2 2 2 2
left_child=6 2 4 -4 -2 -3 -1 9 -9 -8 12 -12 -10 -13
right_child=1 5 3 -5 -6 -7 7 8 10 -11 11 13 -14 -15
leaf_value=0.034636114466336965 -0.031044659147493964 0.023802429103423589 -0.051888530684784578 0.0083768270004735967 0.021456322378713356 -0.0061342971440099241 -0.01979307834675648 0.041426841660986313 -0.022089413570470992 0.0018187736723819807 0.016905749441832995 0.012366458070272016 0.035621816434830089 -0.048204899583272606
leaf_weight=2.0688363417029896 2.6711738523126751 4.1117846470951944 5.4943106836508377 1.7718951011484021 2.9362708212429425 16.451585430520936 10.983015732416787 4.6679578342755148 1.892301701707767 84.81693695424201 6.1445607021450979 1.266976533734123 6.2326623825392744 4.3728828429229907
leaf_count=489 2681 90 251 101 50 304 18019 126 71 13960 77 49 239 310
internal_value=9.50792e-05 -0.0095436 -0.0247428 -0.037957 -0.00446654 0.000677987 0.00278315 0.00195487 0.0124476 -0.000837802 0.0039968 -0.00861835 0.0212331 -0.0347846
internal_weight=155.883 33.437 12.8737 7.26621 5.60744 20.5634 122.446 120.377 24.5773 95.8 19.9094 11.7844 8.12496 5.63986
internal_count=36817 3477 3083 352 2731 394 33340 32851 872 31979 746 436 310 359
is_linear=0
shrinkage=0.05


Tree=136
num_leaves=15
num_cat=0
split_feature=3 18 18 14 14 17 8 0 3 15 18 15 11 1
split_gain=1.4941 1.46965 1.73296 2.15413 1.69856 1.56114 1.44979 1.27174 1.92035 1.95253 1.76502 2.01164 2.52206 2.21684
threshold=0.015267274422459341 0.47874028228456117 0.46154631710881217 0.28629868826127697 0.18555630674135601 0.50759969016287954 0.025978407557354928 0.08662451368167802 0.11346027772811253 0.9683600246133518 0.49308342089519513 0.10699878087387608 0.42125428513813273 0.1220985112053538
decision_type=2 2 2 2 2 2 2 2 2 2 2 2 2 2
left_child=-1 2 4 -4 -2 6 -3 8 -7 10 -10 -12 13 -13
right_child=1 5 3 -5 -6 7 -8 -9 9 -11 11 12 -14 -15
leaf_value=0.033431620466408539 0.0014771142453169381 0.021069563021855725 -0.051349444154986129 0.01868609203764653 -0.025392879112348877 -0.029012726816203607 -0.039588833763056754 0.0084500591900593305 0.024674189083516849 0.027711558757381977 -0.014409377293849194 -0.020313954233510782 0.02193644553624393 0.025445571629891497
leaf_weight=2.174147739486215 23.081451757128892 0.60843048419701462 3.4955574764726398 0.8802591761232178 6.8480528750369549 5.0123398362484286 3.0188868561317577 50.198498199533788 4.4896673875309707 5.001527397951576 26.403588990445314 9.899298753590303 10.939173514067077 2.5688819022034286
leaf_count=497 2179 338 540 684 18752 312 2343 1813 572 71 7024 1442 178 31
internal_value=-0.000527703 -0.00122674 -0.0101804 -0.0364056 -0.00529312 0.00143684 -0.0270598 0.00256594 -0.00208577 0.000633535 -0.00231658 -0.0051871 0.00537983 -0.0096966
internal_weight=154.62 152.446 34.3053 4.37582 29.9295 118.14 3.62732 114.513 64.3145 59.3021 54.3006 49.8109 23.4074 12.4682
internal_count=36776 36279 22155 1224 20931 14124 2681 11443 9630 9318 9247 8675 1651 1473
is_linear=0
shrinkage=0.05


Tree=137
num_leaves=15
num_cat=0
split_feature=3 2 14 4 17 4 3 0 12 18 15 2 18 12
split_gain=1.52282 1.00441 1.34882 1.36253 1.72212 1.1546 1.6681 2.00058 2.15727 1.97634 1.53008 3.18612 1.59499 2.32069
threshold=0.015267274422459341 0.97146425015705984 0.61298427621980889 0.44093023255813962 0.96035244002619902 0.40642170329670335 0.073066052548937513 0.08662451368167802 0.094660743781648155 0.77826070667843283 0.46482127100829146 0.90965314617321147 0.52775592254928272 0.11688719968966034
decision_type=2 2 2 2 2 2 2 2 2 2 2 2 2 2
left_child=-1 2 3 5 -5 6 -2 8 9 -8 12 -12 -9 -14
right_child=1 -3 -4 4 -6 -7 7 10 -10 -11 11 -13 13 -15
leaf_value=0.034213259579197249 -0.014705279351166873 0.018903785470068917 -0.033970847988582631 0.0070859716534978946 -0.043211808824009407 0.026325151614349004 0.0090871356809684427 0.033672414259693265 -0.009688120374305163 -0.025865633067734664 -0.027810581071980374 0.020654401955920953 -0.030737444733518485 0.01788175646570318
leaf_weight=2.3442022520648598 15.617418924361116 5.7931463453496681 1.9951427002079061 2.5539075406559268 2.9646232618979411 3.3493826798512591 41.17979278726034 10.100514563746403 42.890069826499712 3.5065768486001607 5.3420995514607039 6.2956603388302028 2.2903787061513858 8.8991325325914641
leaf_count=496 871 328 13173 90 238 129 12446 376 7040 814 105 75 263 253
internal_value=0.00083631 0.000105024 -0.000758632 -7.20485e-05 -0.0224185 0.000965447 0.000154018 0.00218497 -0.00178924 0.00583824 0.0124962 -0.00203279 0.020173 0.0062247
internal_weight=155.122 152.778 146.985 144.99 5.51853 139.471 136.122 120.504 87.5764 44.6864 32.9278 11.6378 21.29 11.1895
internal_count=36697 36201 35873 22700 328 22372 22243 21372 20300 13260 1072 180 892 516
is_linear=0
shrinkage=0.05


Tree=138
num_leaves=15
num_cat=0
split_feature=12 14 14 2 13 11 1 18 18 16 5 1 5 15
split_gain=1.41853 2.57987 2.22685 1.71512 1.64408 2.99344 2.33082 3.87476 2.24495 2.15562 1.6436 1.48165 1.42926 1.42856
threshold=0.094660743781648155 0.12275320202346358 0.11171991639295313 0.85938864250407188 0.71398684493559539 0.26637102734663715 0.18239540579423119 0.56216843178816178 0.82764858938128005 0.52549984107948655 0.59629629629629644 0.1553117999563722 0.04083333333333334 0.38639622229716158
decision_type=2 2 2 2 2 2 2 2 2 2 2 2 2 2
left_child=12 2 4 -3 5 10 7 -7 11 -8 -2 -9 -1 -6
right_child=1 3 -4 -5 13 6 9 8 -10 -11 -12 -13 -14 -15
leaf_value=-0.028874884816953057 -0.016520600337863144 -0.04323319675556464 0.026680529153635626 -0.0084155095289305416 -0.0075731678731587038 0.016947577651595807 -0.045844420040857835 -0.054012623774225534 0.022816382032007376 0.018561537969306281 0.026820598841796557 0.011934506256643322 0.0066170266446250337 0.011978972631880538
leaf_weight=1.9930212770323112 2.453306714132852 5.3615317928115465 5.7671207419825796 9.401600605233396 15.276424465922899 7.4338444588865986 8.6119063053920364 4.4674325959058478 0.85861067357473064 0.95124916406348425 5.6462880748185853 0.63050714693963517 61.727455788298357 21.131484655415989
leaf_count=6444 1148 4257 299 1005 579 330 472 237 9 16 126 12 21589 310
internal_value=-0.000558292 -0.00465106 -0.000691647 -0.0230008 -0.00338718 -0.01166 -0.0206627 -0.00628969 -0.0335575 -0.0382872 0.01332 -0.0452368 0.00507793 0.00379193
internal_weight=151.712 87.9913 73.2282 14.7631 67.4611 31.0531 22.9536 13.3904 5.95655 9.56316 8.09959 5.09794 63.7205 36.4079
internal_count=36833 8800 3538 5262 3239 2350 1076 588 258 488 1274 249 28033 889
is_linear=0
shrinkage=0.05


Tree=139
num_leaves=15
num_cat=0
split_feature=18 17 2 4 11 13 13 16 18 10 9 7 3 10
split_gain=1.37179 2.55016 3.0001 2.63648 2.01167 1.98443 3.84402 1.89535 2.36356 1.74612 1.71204 2.52273 1.68637 1.59533
threshold=0.5484010231235551 0.90895136076866756 0.78859645520092492 0.072227052540057138 0.15705967243925359 0.46699524835111295 0.54566137722973085 0.4440841350244002 0.51959525620708935 0.2678571428571429 0.39699425869638638 0.98551375106549943 0.11776661884265903 0.46428571428571436
decision_type=2 2 2 2 2 2 2 2 2 2 2 2 2 2
left_child=1 2 -1 -4 -3 -2 9 8 10 -7 11 -6 -12 -8
right_child=5 4 3 -5 7 6 13 -9 -10 -11 12 -13 -14 -15
leaf_value=-0.016245456191460464 0.013048385669849892 0.014933280224252485 0.029901330279270597 -0.0026119216817291901 -0.042106446246868483 0.0060097025661218573 -0.010393149288999794 0.016412577834519961 -0.053175276483576353 -0.051206167456181721 0.006112188713482054 0.018800842522463588 -0.035156666107565862 0.0088705382937994785
leaf_weight=13.790282146031585 26.846575274077622 3.587748657058909 10.399110179225319 13.441046078034558 7.8717621615742335 1.5058132293306687 15.976056316207176 2.3242605590494341 5.2298604471834542 4.4810517116784467 9.9150373307711543 1.4903535880730485 2.2128025783713374 28.360554598544695
leaf_count=22199 7500 639 1027 1207 856 145 833 41 443 531 268 29 358 599
internal_value=-0.00226748 -0.00727347 0.00162708 0.0122032 -0.0172806 0.00232516 -0.00353825 -0.0216245 -0.025406 -0.0380148 -0.016584 -0.0315319 -0.00352203 0.00185301
internal_weight=147.432 70.2623 37.6304 23.8402 32.6318 77.1701 50.3235 29.0441 26.7198 5.98686 21.49 9.36212 12.1278 44.3366
internal_count=36675 27067 24433 2234 2634 9608 2108 1995 1954 676 1511 885 626 1432
is_linear=0
shrinkage=0.05


Tree=140
num_leaves=15
num_cat=0
split_feature=3 18 18 17 13 18 7 10 13 14 2 3 13 2
split_gain=1.62753 1.30713 1.48123 2.36488 1.80332 1.60859 1.53984 1.34952 1.39534 1.34552 1.27482 1.7918 2.1581 1.26113
threshold=0.015267274422459341 0.47874028228456117 0.45089743195976889 0.70786134743422557 0.52087444518506165 0.39188142531525555 0.98551375106549943 0.59821428571428581 0.87099463987094261 0.0064309346567411095 0.97146425015705984 0.059563229265216025 0.39109027430995535 0.046639894374467659
decision_type=2 2 2 2 2 2 2 2 2 2 2 2 2 2
left_child=-1 2 4 -4 6 -6 -2 8 -7 -9 11 12 -3 -13
right_child=1 10 3 -5 5 7 -8 9 -10 -11 -12 13 -14 -15
leaf_value=0.033820268954422868 -0.023681889469459139 0.011700222176622364 0.013972594982991308 -0.044519181793138088 -0.018160397571225555 0.034164127861094559 0.017827808667832356 0.020630145535685922 -0.014977402720865238 -0.040151227324973199 0.022776422626148898 -0.026606337556761436 -0.039127408497475424 0.0028897019432999392
leaf_weight=2.3879155284921572 11.06431263747527 2.6547603559520203 1.872728941671993 5.0139995903900854 3.2798076026774643 7.089243746324426 1.9698541458128591 0.83620519749820121 1.1597440439800264 0.98831307821092196 5.5261873681301941 2.7630635456671362 4.8924321048834827 99.889895001709192
leaf_count=496 19292 320 1053 890 379 255 90 6 42 65 243 3555 239 9768
internal_value=-0.000453901 -0.00122499 -0.00980384 -0.0288585 -0.00395875 0.00866278 -0.0165852 0.0182474 0.0263828 -0.0148528 0.0013045 3.26105e-05 -0.0219714 0.00184674
internal_weight=151.388 149.001 33.2742 6.88673 26.3875 13.3533 13.0342 10.0735 8.24899 1.82452 115.726 110.2 7.54719 102.653
internal_count=36693 36197 22072 1943 20129 747 19382 368 297 71 14125 13882 559 13323
is_linear=0
shrinkage=0.05


Tree=141
num_leaves=15
num_cat=0
split_feature=5 5 2 8 8 11 2 18 1 10 18 8 14 2
split_gain=1.13597 1.69518 1.66216 1.72881 1.96414 1.62896 1.42531 1.26702 1.64362 1.3031 2.00849 1.96368 2.08211 2.38003
threshold=0.032795698924731186 0.088932806324110686 0.49542652393088765 0.12793235133660666 0.24744897959183676 0.16530045465743914 0.95178891735142079 0.76804639440067246 0.026664416666759429 0.53571428571428581 0.66915121408287703 0.30495169082125612 0.078251276711785431 0.89715585648243334
decision_type=2 2 2 2 2 2 2 2 2 2 2 2 2 2
left_child=-1 -2 -3 5 -5 -4 7 9 -9 10 11 12 13 -6
right_child=1 2 3 4 6 -7 -8 8 -10 -11 -12 -13 -14 -15
leaf_value=-0.030792227021446524 0.015164264234838782 -0.019872361616928208 -0.0033767749470952702 -0.016863875306791992 0.041538813546195888 0.039439706690534086 -0.029502256036120767 0.034231244722545719 -0.018531172187036961 0.0061399917113587419 -0.036258818771109674 -0.0091765245734991962 -0.016011770635136768 -0.019451156944527911
leaf_weight=1.9041054310728203 17.047811939894927 9.9014395514450353 3.5793043427329385 15.964775481877949 5.9757414303894603 4.2865887561310956 2.5782731342915204 5.0527862612871095 1.2467598079529123 52.20671556711568 3.7699561915142104 25.007034246365947 2.9713985145172046 1.4257451876765115
leaf_count=6009 9432 11627 913 2583 63 568 206 83 52 2395 216 1895 607 46
internal_value=0.000186021 0.000776611 -0.00115307 0.000487838 -0.00112652 0.0217731 0.00152187 0.00263169 0.0226808 0.00101858 -0.00579369 -0.00163999 0.0157384 0.0288735
internal_weight=152.918 151.014 133.967 124.065 116.199 7.86589 100.234 97.6561 6.29955 91.3566 39.1499 35.3799 10.3729 7.40149
internal_count=36695 30686 21254 9627 8146 1481 5563 5357 135 5222 2827 2611 716 109
is_linear=0
shrinkage=0.05


Tree=142
num_leaves=15
num_cat=0
split_feature=3 18 3 8 12 14 8 8 18 9 15 6 9 1
split_gain=1.48313 1.27101 1.28073 1.80907 2.56038 2.16995 1.7335 1.41768 2.09787 1.36038 1.27663 1.52746 1.14907 1.12675
threshold=0.015267274422459341 0.48420727487494475 0.10566242986373527 0.29057017543859659 0.033051008002589678 0.10061032339697072 0.30217391304347835 0.34891304347826091 0.45637732753668786 0.18304172951231776 0.33341186831223329 1.0000000180025095e-35 0.57280733121586291 0.19822533483826485
decision_type=2 2 2 2 2 2 2 2 2 2 2 2 2 2
left_child=12 2 6 4 5 -4 13 -5 10 -8 11 -9 -1 -2
right_child=1 -3 3 7 -6 -7 9 8 -10 -11 -12 -13 -14 -15
leaf_value=0.045217814847737084 -0.01631529708378221 0.002168230328144814 0.029743784484663433 0.032662875995268396 -0.042289096570477913 -0.023277127540136847 0.01253366113434665 0.019061121766517405 -0.038989213201915604 -0.036765104081700507 0.025082056235839291 -0.034718700151433808 -0.017613808909500973 0.028649795934740166
leaf_weight=1.9952920688701845 1.8149275230553021 111.71984086188877 3.1015014646982326 3.7640616941403087 4.1582184369308379 2.6764208383701771 1.1354061536494544 1.6040164770793111 1.7233265108407056 8.5994851483846997 4.9943979980162112 1.820095843171657 0.37193283934902854 1.8542315028025769
leaf_count=399 449 13800 108 528 4917 14501 35 242 314 520 72 796 101 94
internal_value=0.000230741 -0.000507623 -0.00838069 -0.00121624 -0.0166163 0.00537298 -0.0201551 0.0101641 -0.000368262 -0.0303833 0.0108379 -0.0109117 0.0330467 0.00767735
internal_weight=151.333 148.966 37.2461 23.842 9.93614 5.77792 13.4041 13.9059 10.1418 9.73489 8.41851 3.42411 2.36722 3.66916
internal_count=36876 36376 22576 21478 19526 14609 1098 1952 1424 555 1110 1038 500 543
is_linear=0
shrinkage=0.05


Tree=143
num_leaves=15
num_cat=0
split_feature=3 17 6 6 16 12 9 12 2 2 17 17 15 12
split_gain=1.54672 1.22255 1.60125 1.56444 2.01425 1.20967 1.90318 1.78554 1.71441 3.35936 2.63509 2.46578 1.75745 2.0626
threshold=0.015267274422459341 0.50759969016287954 0.0022418192597816254 0.00085763392239170512 0.30595848658409713 0.045635749590403653 0.27272582084281932 0.061348918829755773 0.81675308578515071 0.88628389969155674 0.99838909452229629 0.7343744423605082 0.3727952856303211 0.074626009234069673
decision_type=2 2 2 2 2 2 2 2 2 2 2 2 2 2
left_child=-1 2 3 4 -2 -3 -7 -8 -9 10 12 -11 13 -10
right_child=1 5 -4 -5 -6 6 7 8 9 11 -12 -13 -14 -15
leaf_value=0.03461495244587548 -0.029360057612785539 0.011249233284338564 -0.04123499099354512 0.036722774188923273 0.021465148648445998 -0.014490521622856446 -0.035168759657916521 0.013173360788928917 0.024665435355916351 -0.041250937269635225 -0.038916681081214315 0.010692883524992284 0.012620987581532543 -0.031230375362116921
leaf_weight=2.3742471613331864 4.4432377108596466 25.673479465883247 2.9189950009385939 1.0944975497586709 2.1602982654967491 19.249702725197949 2.0665535905209245 30.164408329637808 1.3349878947119593 1.4560765562782751 7.2824202518895609 36.791822227838566 7.5947232187027112 6.1376544632948935
leaf_count=493 17949 5930 1062 146 221 5788 562 1781 84 172 473 1195 103 748
internal_value=0.0011406 0.000376776 -0.0152071 -0.00173163 -0.0120967 0.00167883 -0.000593536 0.00241198 0.00364159 -0.00123999 -0.0162386 0.00771476 -0.00353787 -0.019512
internal_weight=150.743 148.369 10.617 7.69803 6.60354 137.752 112.078 92.8286 90.7621 60.5977 22.3498 38.2479 15.0674 7.47264
internal_count=36707 36214 19378 18316 18170 16836 10906 5118 4556 2775 1408 1367 935 832
is_linear=0
shrinkage=0.05


Tree=144
num_leaves=15
num_cat=0
split_feature=3 13 7 9 11 0 9 9 4 16 17 16 6 6
split_gain=1.52615 1.25977 1.22349 1.52593 1.30018 1.19823 1.0957 0.909765 0.905425 0.850213 1.6762 1.31947 1.28763 2.99357
threshold=0.015267274422459341 0.14381731861061722 0.4837048011039492 0.16653333333333337 0.15022935779816518 0.037482005955159409 0.57280733121586291 0.33144748212250624 0.013793759512937596 0.88841992257794711 0.55980441264693404 0.44514445539305497 0.071907485513521316 0.10426047270998322
decision_type=2 2 2 2 2 2 2 2 2 2 2 2 2 2
left_child=6 -2 3 -3 5 -4 8 -5 -1 10 11 -6 -12 -14
right_child=1 2 4 7 9 -7 -8 -9 -10 -11 12 -13 13 -15
leaf_value=0.057781876772593145 -0.029248787279181617 -0.006735576694651595 -0.042401378150296411 0.033574863887404612 -0.033701047183127608 0.0042761056571700975 -0.017043895317140702 -0.017874598757413911 -0.0056960607744461619 0.015838973434319403 0.0044660481437058409 0.01721125297193352 -0.039045231441839523 -0.00085668646789984176
leaf_weight=1.5264534204652589 2.6244151448559014 4.3061662298559877 2.4864923261575305 6.4913017080298232 5.1191191095222157 1.9933284582075428 0.34697166692785675 0.34652714769799775 0.50812938879244018 7.171456139527435 74.909845298455366 0.94322870080941346 5.0404698680795255 34.431871422071708
leaf_count=82 17139 2850 3166 2053 2068 138 99 201 299 152 6854 31 317 1251
internal_value=0.000633636 -0.000135279 0.000597214 0.0157865 -0.000793178 -0.0246417 0.033841 0.0290196 0.0452757 0.000229082 -0.000823123 -0.0244643 0.000631046 -0.00657747
internal_weight=148.246 145.864 143.24 11.144 132.096 4.47982 2.38155 6.83783 2.03458 127.616 120.445 6.06235 114.382 39.4723
internal_count=36700 36220 19081 5104 13977 3304 480 2254 381 10673 10521 2099 8422 1568
is_linear=0
shrinkage=0.05


Tree=145
num_leaves=15
num_cat=0
split_feature=3 9 18 17 14 14 18 1 15 3 1 5 16 13
split_gain=1.78996 1.3246 1.08394 1.82546 2.40383 3.09664 2.55824 2.11835 2.24437 2.81185 2.02373 2.37018 1.57762 1.42661
threshold=0.015267274422459341 0.57280733121586291 0.54459455334452955 0.88456276504383036 0.22599446786090624 0.074547782499727586 0.7154789199591246 0.081417959134725493 0.39746122651398824 0.29774569402228984 0.041111218486743255 0.26491228070175443 0.88841992257794711 0.32956891564115792
decision_type=2 2 2 2 2 2 2 2 2 2 2 2 2 2
left_child=1 -1 12 10 5 7 -7 8 9 -5 11 -4 -2 -13
right_child=2 -3 3 4 -6 6 -8 -9 -10 -11 -12 13 -14 -15
leaf_value=0.047835916424737029 -0.0078405070766886329 -0.018723513169968727 -0.023144447113522336 -0.037483032076000053 0.028594687332468595 -0.033431221935318382 0.010783701364614956 0.021804812878069152 0.02106244618845704 0.016616138753811408 -0.030105576613359566 -0.025951701769713953 0.022061565809999434 0.019109981070028825
leaf_weight=2.1168882586789546 61.624618630660734 0.3938520691517623 5.8321737786600414 5.5507108552847075 10.240625739907044 7.8817052801496157 4.5600633406829729 17.781481399317272 4.7332745050553049 3.0638280447019497 6.4795839691068968 1.1668116981772971 3.7882252718354712 11.007010098389399
leaf_count=392 26430 107 4180 176 1831 776 235 263 86 219 515 652 135 763
internal_value=-0.000242712 0.0350357 -0.00109691 0.0028581 0.00796768 0.00258688 -0.0176292 0.0109641 -0.00399075 -0.0185152 -0.0082432 0.000794191 -0.00580269 0.0131489
internal_weight=146.221 2.51074 143.71 78.2973 53.8117 43.5711 12.4418 31.1293 13.3478 8.61454 24.4856 18.006 65.4128 12.1738
internal_count=36760 499 36261 9696 3586 1755 1011 744 481 395 6110 5595 26565 1415
is_linear=0
shrinkage=0.05


Tree=146
num_leaves=15
num_cat=0
split_feature=17 5 7 7 2 8 2 17 0 4 0 14 14 7
split_gain=1.73532 1.78067 0.96684 1.58599 1.27858 1.5658 1.35531 1.95305 1.55856 3.11477 1.49969 1.97085 1.60162 2.42249
threshold=0.17653207564044035 0.044466403162055343 0.29105240419194928 0.4837048011039492 0.49542652393088765 0.34738243123336293 0.81310734462726952 0.63597078340586399 0.090349509890929783 0.093178294573643419 0.061263582645503377 0.30785459266471932 0.10061032339697072 0.78954605653108112
decision_type=2 2 2 2 2 2 2 2 2 2 2 2 2 2
left_child=1 -1 -2 -4 5 -5 8 -8 9 -6 12 -12 13 -9
right_child=2 -3 3 4 6 -7 7 10 -10 -11 11 -13 -14 -15
leaf_value=-0.022395511562472104 -0.032338532049521994 0.042481748466989676 0.018163669671098715 -0.033237478621569873 0.0073760358157792961 0.0065202513507266902 -0.036959568625449572 0.029809484543099358 0.03242547630191777 -0.048142765582850779 -0.0013161986377513487 0.028565755133784138 -0.038908404132572835 -0.01710449336608116
leaf_weight=0.70214484343887207 1.3610674482106322 3.3824144962318314 10.000022487945442 5.5640454844824472 33.367743571505343 3.5230846500262487 3.2278838415186319 2.7775356019265045 4.3779957616497986 1.7309434677699744 57.381075276600313 5.0970685809843408 4.0390996010401059 9.2674129968800099
leaf_count=5595 5847 3471 4798 6502 4343 574 1091 52 125 338 1885 652 1109 325
internal_value=0.000416998 0.029118 -0.000608465 -7.41657e-05 -0.0016009 -0.0187051 -0.000176693 -0.00384116 0.0073229 0.00338025 -0.002033 0.00153322 -0.0151648 -0.00483041
internal_weight=145.8 4.08456 141.715 140.354 130.354 9.08713 121.267 81.7901 39.4767 35.0987 78.5622 62.4781 16.084 12.0449
internal_count=36707 9066 27641 21794 16996 7076 9920 5114 4806 4681 4023 2537 1486 377
is_linear=0
shrinkage=0.05


Tree=147
num_leaves=15
num_cat=0
split_feature=17 18 5 15 4 0 6 0 7 0 17 14 0 5
split_gain=1.37343 1.80551 1.74177 0.875937 1.35985 2.19765 2.02663 1.61287 1.69044 1.45032 1.41344 2.09316 2.04492 2.02451
threshold=0.17653207564044035 0.35811546620843898 0.046536796536796543 0.9683600246133518 0.25976661593099953 0.080118741443447591 0.071907485513521316 0.68105151005161402 0.66755555936033972 0.9999314654411896 0.68350142132313652 0.20440038684719539 0.0338963493850672 0.085144927536231887
decision_type=2 2 2 2 2 2 2 2 2 2 2 2 2 2
left_child=2 -2 -1 4 5 10 -7 8 -6 -9 11 12 -3 -12
right_child=1 3 -4 -5 7 6 -8 9 -10 -11 13 -13 -14 -15
leaf_value=-0.022476109684727106 -0.031680661816885641 0.022488839110290784 0.040233395662196234 0.011027664252151721 0.02117971478957955 0.024646193614885098 0.00035391051181265441 0.021321329961477974 -0.026534926647587356 -0.029058164249285836 0.02706496502717038 -0.026941959531904022 -0.030180717091398569 -0.010087098908381624
leaf_weight=0.77086223346304805 3.4310404174107125 13.131746555297015 3.290980800903526 17.028301388707405 1.3829128663201142 15.384916266062644 18.099508618215623 4.5570271910983129 12.967495093274918 0.9772664821211946 2.9993525360750928 2.4836148549475174 1.2387498464959197 49.70189379801468
leaf_count=5713 5729 1781 3336 239 182 488 933 170 761 186 564 7604 118 8891
internal_value=0.000646146 -0.000255715 0.0262431 0.000733985 -0.000769443 0.00157417 0.0119064 -0.0124076 -0.0208566 0.00933957 -0.00349808 0.008759 0.0162805 -0.00750807
internal_weight=147.446 143.384 4.06184 139.953 122.924 103.04 33.4844 19.8847 14.3504 5.53429 69.5554 16.8541 14.3705 52.7012
internal_count=36695 27646 9049 21917 21678 20379 1421 1299 943 356 18958 9503 1899 9455
is_linear=0
shrinkage=0.05


Tree=148
num_leaves=15
num_cat=0
split_feature=3 15 2 13 14 6 17 3 14 3 3 4 11 10
split_gain=1.64403 1.24433 0.972886 1.09727 1.11406 1.06274 1.05863 1.00985 1.1078 1.10219 1.53283 1.02941 1.09938 1.01279
threshold=0.015267274422459341 0.21707146965765658 0.97146425015705984 0.15296176787420732 0.49330343796711512 2.2220649392030722e-08 0.99967881633045186 0.059563229265216025 0.3118229470005825 0.064183447123556031 0.073066052548937513 0.1623310810810811 0.45872641509433965 0.66964285714285732
decision_type=2 2 2 2 2 2 2 2 2 2 2 2 2 2
left_child=1 -1 3 -2 7 -6 -4 8 -5 -9 11 12 -11 -12
right_child=2 -3 6 4 5 -7 -8 9 -10 10 13 -13 -14 -15
leaf_value=-0.0088563119648560791 -0.02969542643240565 0.049509460388596105 -0.016141370361359778 -0.022540148095721715 -0.016861252466052804 0.037786880653030944 0.027943427209948326 0.02123570889656471 0.021621225094159174 0.025065377111131583 -0.0032717592692047218 -0.038501314869750308 -0.0284057398868095 0.0086838147560459461
leaf_weight=0.97261494454141884 2.6647035516334645 1.746849520364776 1.1142132229724655 9.1522991204037645 0.57566480144032484 2.1847290558871464 4.1352829098614166 4.184300963243003 0.8418495047080804 1.2762602556613263 88.647879328661475 3.66523993582814 0.67222474020672951 21.085208055135809
leaf_count=481 17691 18 133 571 1333 570 208 104 117 28 14107 164 37 1134
internal_value=-0.00095651 0.0318661 -0.00181435 -0.0026889 -0.00192617 0.0249371 0.0175008 -0.00268534 -0.017192 -0.00133985 -0.00233428 -0.0257137 0.00324049 -0.000916821
internal_weight=142.919 2.71946 140.2 134.95 132.286 2.76039 5.2495 129.525 9.99415 119.531 115.347 5.61372 1.94848 109.733
internal_count=36696 499 36197 35856 18165 1903 341 16262 688 15574 15470 229 65 15241
is_linear=0
shrinkage=0.05


Tree=149
num_leaves=15
num_cat=0
split_feature=3 12 2 14 2 16 11 7 12 13 15 2 1 1
split_gain=1.78373 1.4835 0.946712 1.23235 1.06124 0.920503 1.002 0.785788 1.61519 1.47249 1.30057 1.07703 1.17319 2.95873
threshold=0.015267274422459341 0.039386191834576693 0.046639894374467659 0.0099256194276144041 0.047760633446182386 0.88841992257794711 0.50871496924128501 0.29105240419194928 0.022043195218326862 0.27184349729282797 0.6825183623234391 0.67587452860585107 0.043041637634648723 0.071582661436434394
decision_type=2 2 2 2 2 2 2 2 2 2 2 2 2 2
left_child=1 -1 3 -2 -4 7 -7 -6 -9 10 -10 -11 -13 -14
right_child=2 -3 4 -5 5 6 -8 8 9 11 -12 12 13 -15
leaf_value=-0.014369781733721857 0.0072293379239569541 0.049138611224101778 0.036060469386051751 -0.038549987543860458 -0.028243478090523494 0.027510438066238419 -0.011406428269873604 0.016629955629537393 -0.02968204347927228 -0.017316221264942901 0.018479672801399852 0.0076719182343770219 -0.033001587360800666 0.00019650327127454029
leaf_weight=0.76954646305603036 2.0091268309624857 2.1756422281323466 0.99518985900976886 2.6490192198289151 1.7181991315546827 4.5078222658303266 1.7092373592895453 10.7443045818909 6.9782312448278381 8.4629159399555629 0.99277229604558659 34.428989659800209 6.5780757436950799 58.58946558813841
leaf_count=419 128 78 138 6440 13520 81 67 3618 5336 2041 36 1910 649 2243
internal_value=-5.274e-05 0.0331083 -0.000977831 -0.0210167 -0.000141281 -0.000672473 0.0167132 -0.00163624 -0.00105741 -0.00282334 -0.0222923 -0.00119598 0.000332311 -0.00360266
internal_weight=143.309 2.94519 140.363 4.65815 135.705 134.71 6.21706 128.493 126.775 116.03 7.971 108.059 99.5965 65.1675
internal_count=36704 497 36207 6568 29639 29501 148 29353 15833 12215 5372 6843 4802 2892
is_linear=0
shrinkage=0.05


Tree=150
num_leaves=15
num_cat=0
split_feature=1 12 18 9 3 17 7 3 14 14 11 18 6 1
split_gain=1.40603 2.06506 1.69447 1.63638 1.53717 1.42971 1.40284 1.0283 2.17196 1.38311 1.21489 1.2038 1.18546 2.75714
threshold=0.3523916380863672 0.35327871426776764 0.55454230861454445 0.19990862016448374 0.051151229722658301 0.90895136076866756 0.96436342210848636 0.30309886192239138 0.048331479421579539 0.49330343796711512 0.16530045465743914 0.36039422277456928 0.0033047972796848512 0.28935525968652032
decision_type=2 2 2 2 2 2 2 2 2 2 2 2 2 2
left_child=7 -2 3 -3 -5 -6 -4 9 -9 11 -11 -1 -13 -14
right_child=1 2 6 4 5 -7 -8 8 -10 10 -12 12 13 -15
leaf_value=-0.031515854479821796 -0.036850908558852181 0.018664754753812306 -0.011115652889061332 0.019798856210349689 -0.00033830702050717884 -0.042030995406689448 0.039820209704026832 0.0097779073393375691 -0.021639248962036031 -0.019229306080536766 0.03706063522169982 0.0099692915053923598 -0.0050581949783181802 0.03110431429549626
leaf_weight=1.6163148289333538 5.22323310596403 2.5421176622039665 1.6159896841272701 1.2409555415651983 3.0483495426160498 5.4235169718740508 2.535684491507709 8.7335359696235191 12.035862792830356 0.53312621110580849 3.8896390785976109 35.321222653617951 52.815605478817815 4.8453500145842545
leaf_count=669 449 26 21 46 66 140 30 774 25859 990 1614 2385 3436 144
internal_value=-0.00087366 -0.0123065 -0.00282433 -0.012137 -0.0211884 -0.0286487 0.0216848 0.00127549 -0.00858603 0.00340907 0.0279806 0.0019796 0.002891 -0.00154096
internal_weight=141.421 21.6298 16.4066 12.2549 9.71282 8.47187 4.15167 119.791 20.7694 99.0213 4.42277 94.5985 92.9822 57.661
internal_count=36649 778 329 278 252 206 51 35871 26633 9238 2604 6634 5965 3580
is_linear=0
shrinkage=0.05


Tree=151
num_leaves=15
num_cat=0
split_feature=0 14 4 14 6 9 12 11 8 18 15 15 11 14
split_gain=1.15323 2.93447 1.39733 1.46823 1.75805 1.63841 2.72379 2.37169 1.85559 1.79495 1.783 1.49206 1.71503 1.31737
threshold=0.064377551022189464 0.35607908351810796 0.14650406504065042 0.35991631799163187 0.071907485513521316 0.38202913279132794 0.16969078436324267 0.45872641509433965 0.20673076923076925 0.70995468671352102 0.73170385787556935 0.11084761358403449 0.5614504174875693 0.1154812524159258
decision_type=2 2 2 2 2 2 2 2 2 2 2 2 2 2
left_child=2 -2 3 5 -5 6 9 10 -9 13 -7 12 -10 -1
right_child=1 -3 -4 4 -6 7 -8 8 11 -11 -12 -13 -14 -15
leaf_value=0.02595661459876776 0.0012563578095328642 0.033156091709000211 -0.035910010536546258 -0.033792531384487033 0.028088091773317225 -0.029718399648487343 -0.035952216726633096 -0.04024095534844295 0.011541855820928234 -0.015461986340581919 0.022837052717471502 0.021802334458728125 -0.029115014391017074 0.0025468528450290386
leaf_weight=15.368035791581869 64.537030477840744 7.1291117325745281 2.2956269570095165 5.3410011745281727 0.60838862480159139 11.661872616459734 2.2758632646114156 1.2041066267129306 5.2336910882550018 4.1855662222224046 1.1059393668547262 8.8061869221710349 3.5019620692764875 9.8713561441199982
leaf_count=869 2390 954 294 21911 31 1316 3055 334 538 571 12 143 543 3707
internal_value=0.000394041 0.00484225 -0.00407229 -0.00251882 -0.0243333 -0.000118793 0.00778552 -0.00806493 0.00334125 0.0122389 -0.023838 0.00834175 -0.00607318 0.0172468
internal_weight=143.126 71.6661 71.4596 69.164 5.94939 63.2146 31.7008 31.5138 18.7459 29.425 12.7678 17.5418 8.73565 25.2394
internal_count=36668 3344 33324 33030 21942 11088 8202 2886 1558 5147 1328 1224 1081 4576
is_linear=0
shrinkage=0.05


Tree=152
num_leaves=15
num_cat=0
split_feature=15 9 15 14 9 18 1 8 8 18 12 12 8 0
split_gain=0.826864 2.76054 1.78904 2.13316 1.78698 2.23522 1.96648 1.5694 3.07754 3.6111 2.12542 1.61039 1.51523 1.49525
threshold=0.097344539316078726 0.35563128283371886 0.13064481061414104 0.23389454819845315 0.24691358024691359 0.58340724859526982 0.0084891797008149594 0.26778819635962497 0.30495169082125612 0.64132502536237468 0.12599530550974156 0.34359172575377972 0.39302059496567515 0.0003358928133869231
decision_type=2 2 2 2 2 2 2 2 2 2 2 2 2 2
left_child=1 4 -2 -4 -1 12 -7 -3 -9 11 -11 13 -6 -10
right_child=2 7 3 -5 5 6 -8 8 9 10 -12 -13 -14 -15
leaf_value=-0.0080489502856127496 0.030302845545941055 -0.035268595110160533 0.0031780262961637745 -0.030069017961219566 0.030092372033455096 0.013312600662979179 -0.041036810507128561 0.023830723028203434 0.015755580680740559 -0.017286883438946667 0.029023798040076668 0.018616673040096024 -0.023501576385303827 -0.041537689207724347
leaf_weight=12.894242642949395 4.5604104124977303 6.3714927745231753 67.520259480897494 4.1907330486228593 12.59055715708746 3.0019663434723034 1.9625500505353555 4.9443218609048953 0.74361008405503604 3.6263535416001087 4.4834596661385149 0.83973275071184694 0.72933646793717422 11.359642319117482
leaf_count=21105 785 3126 2821 1848 2232 629 245 539 122 393 109 44 269 2497
internal_value=-0.000514454 -0.00468835 0.00297879 0.000848275 0.00584856 0.0155583 -0.0114506 -0.014709 -0.00855042 -0.016891 0.00869124 -0.032394 0.0257216 -0.0370839
internal_weight=139.819 63.5473 76.2714 71.711 31.1787 18.2844 4.96452 32.3686 25.9971 21.0528 8.10981 12.943 13.3199 12.1033
internal_count=36764 31310 5454 4669 24480 3375 874 6830 3704 3165 502 2663 2501 2619
is_linear=0
shrinkage=0.05


Tree=153
num_leaves=15
num_cat=0
split_feature=3 12 18 13 17 15 8 0 6 17 6 15 18 4
split_gain=1.45093 1.17048 0.920178 1.47602 2.27252 3.1872 1.95621 1.81765 2.74025 1.73138 1.3826 1.35876 1.21278 1.38575
threshold=0.015267274422459341 0.039386191834576693 0.5484010231235551 0.48597928092590242 0.74001702732454 0.26961827355353624 0.46546310832025123 0.28892593804765115 1.0000000180025095e-35 0.64324612238751755 0.56223348812530416 1.0000000180025095e-35 0.56066298689694272 0.2251760563380282
decision_type=2 2 2 2 2 2 2 2 2 2 2 2 2 2
left_child=1 -1 3 4 9 -6 -7 8 -5 -2 -9 -11 13 -4
right_child=2 -3 12 7 5 6 -8 10 -10 11 -12 -13 -14 -15
leaf_value=-0.013188658367033529 -0.012564461494038705 0.044336273002447996 -0.0041584963760514741 0.019934429098075954 -0.049078664075886458 -0.0335046060133306 0.018128362198498862 0.028883487455169887 -0.013753043928198247 0.038801109888502133 -0.013824486408738016 -0.021681442047825791 -0.00051121256141434994 0.038824973452473661
leaf_weight=0.72404191499663229 6.8717022749233383 1.9743364148416729 2.969213480315374 6.8947454025828838 7.3333769371097315 1.8955465057979379 4.0077033164561726 6.4572830173419771 25.240884605216706 2.8514484449069646 1.8672049738815983 0.51480803530830588 65.030821793719042 3.3846083284588531
leaf_count=404 19570 78 629 968 3389 250 81 102 994 1093 72 267 8792 75
internal_value=-0.00141123 0.0295084 -0.00223974 -0.00654951 -0.0162426 -0.0291659 -0.000902862 -0.000669561 -0.00614187 0.00157445 0.0188487 0.0267042 0.0016574 0.0209043
internal_weight=138.018 2.69838 135.319 63.9347 23.4746 13.2366 5.90325 40.4601 32.1356 10.238 8.32449 3.36626 71.3846 6.35382
internal_count=36764 482 36282 26786 24650 3720 331 2136 1962 20930 174 1360 9496 704
is_linear=0
shrinkage=0.05


Tree=154
num_leaves=15
num_cat=0
split_feature=2 5 17 17 14 15 0 14 18 8 11 13 15 9
split_gain=1.94358 1.6982 1.39456 1.25734 1.28285 2.03012 2.61354 2.01312 1.61638 1.49144 1.83159 1.37862 1.626 1.41463
threshold=0.49542652393088765 0.048809523809523817 0.62533840948554065 0.67640029623968323 0.27139267767408476 0.12676942692997628 0.026012080001387293 0.1930863776032776 0.66153829291675781 0.20942982456140355 0.18522417153996104 0.91855527524659863 0.74528458762562544 0.24691358024691359
decision_type=2 2 2 2 2 2 2 2 2 2 2 2 2 2
left_child=-1 -2 -3 -4 7 6 -6 9 -8 10 -5 12 -11 -14
right_child=1 2 3 4 5 -7 8 -9 -10 11 -12 -13 13 -15
leaf_value=-0.017541679912975436 0.022531648357788654 -0.021685698864792539 0.022740345013258372 0.0048498301391605358 -0.0120623634357878 -0.019603290573942649 0.043894832422683015 -0.031730622033544958 -0.020768924336047396 0.0024841196532670168 -0.03847239380171491 0.015809774321914976 0.009506209606241281 -0.027855970343517517
leaf_weight=13.954802760846176 7.9397670953621846 6.0265097069750473 5.4320059556139304 4.1196766450593696 3.2255893207357058 2.787302135522622 7.1365311686131463 4.4439653574427203 0.5064534390112384 52.78075052173881 4.3483248034972348 13.518177924212067 2.9422147285658857 8.0392772569321078
leaf_count=25368 1133 2481 536 351 1744 353 945 947 175 2033 347 157 46 140
internal_value=-0.000515425 0.00153807 -8.87975e-05 0.00128805 -4.02392e-05 0.0136908 0.0231615 -0.00224656 0.0377027 -0.000370366 -0.01911 0.00190092 -0.00124647 -0.0178878
internal_weight=137.201 123.247 115.307 109.28 103.848 13.6559 10.8686 90.1924 7.64298 85.7484 8.468 77.2804 63.7622 10.9815
internal_count=36756 11388 10255 7774 7238 3217 2864 4021 1120 3074 698 2376 2219 186
is_linear=0
shrinkage=0.05


Tree=155
num_leaves=15
num_cat=0
split_feature=18 17 6 1 9 18 14 0 17 2 4 11 17 8
split_gain=1.34079 1.02768 1.30437 1.55118 1.5802 1.30496 1.28467 1.0354 0.894007 1.065 0.831824 1.03126 0.828537 1.09621
threshold=0.47874028228456117 0.9219610393770995 0.0033047972796848512 0.4504481267462232 0.56147670388910298 0.38263802108696982 0.0064309346567411095 0.0842313079971483 0.72994715555011946 0.77666296931513601 0.35709453745983427 0.48697857792726978 0.50759969016287954 0.025978407557354928
decision_type=2 2 2 2 2 2 2 2 2 2 2 2 2 2
left_child=1 2 5 4 -4 -1 -3 -8 -7 -10 11 -9 13 -2
right_child=12 6 3 -5 -6 8 7 10 9 -11 -12 -13 -14 -15
leaf_value=-0.017306223676795764 0.020071936221682882 0.016206355753590636 -0.046029176047187245 0.018763310930849438 0.009686587211142331 0.026305010204957027 -0.05014819052301598 0.013906177187022931 -0.031198554034480311 0.01100354556105889 -0.033643138435277407 -0.031748310628017175 0.00281561405824126 -0.033476749268235156
leaf_weight=3.7485497320649364 0.5759463523554581 1.2358178924769152 3.6428638418738037 1.2792840433830859 1.3367437880169744 5.5022320688103701 2.7255298117579496 3.361177858983865 1.0841937259256154 4.294401885357729 1.8893721246640778 0.72763966543425329 104.31911979831511 2.3649388179264861
leaf_count=15050 334 15 1269 40 242 3542 792 97 876 194 207 63 11522 2384
internal_value=-0.00066642 -0.0096838 -0.00302491 -0.0204308 -0.031954 0.00525262 -0.022122 -0.0286734 0.0138269 -0.00106084 -0.0130994 0.0011393 0.00199079 -0.0205575
internal_weight=138.088 30.8278 20.8883 6.25889 4.97961 14.6294 9.93954 8.70372 10.8808 5.3786 5.97819 4.08882 107.26 2.94089
internal_count=36627 22387 21213 1551 1511 19662 1174 1159 4612 1070 367 160 14240 2718
is_linear=0
shrinkage=0.05


Tree=156
num_leaves=15
num_cat=0
split_feature=3 18 9 12 7 11 8 12 4 14 5 18 7 0
split_gain=1.56413 1.83861 1.02929 0.917994 2.31796 1.11842 1.72645 1.66555 1.39858 0.904813 0.886009 0.859985 0.841125 2.08868
threshold=0.015267274422459341 0.48420727487494475 0.57280733121586291 0.033051008002589678 0.83935709343372167 0.34045454545454551 0.62882653061224503 0.16969078436324267 0.3020007209805336 0.10061032339697072 0.044466403162055343 0.44772794442567149 0.7945789949748745 0.018625363508328212
decision_type=2 2 2 2 2 2 2 2 2 2 2 2 2 2
left_child=2 3 -1 9 -5 7 -7 -6 -9 10 -2 -8 13 -3
right_child=1 12 -4 4 5 6 11 8 -10 -11 -12 -13 -14 -15
leaf_value=0.042010620100644019 -0.018966242278501497 -0.0072611859286074226 -0.016895985944671524 -0.046062634695711813 0.026507877786784557 -0.037202219579351749 0.016753658483517755 -0.034621661572779697 0.0045217795411215912 -0.012422665336749386 0.030912176672896453 -0.0194692110422733 -0.0011904553602102924 0.018206835746224073
leaf_weight=2.3203084238957667 0.43651788722490836 12.460454918049889 0.36570092950569222 4.139816330763554 3.655288881715026 5.1729506296524033 3.0268721362408542 2.6016333957450097 5.7015790422447026 3.0575917329656477 2.6790647119487403 1.7727654694572264 72.109952181886911 19.69986863077429
leaf_count=397 65 8724 101 5660 235 941 186 112 155 14873 75 127 3768 1267
internal_value=-0.000565715 -0.00142332 0.0315825 -0.0116662 -0.0156592 -0.00816166 -0.0197006 0.00223871 -0.0101461 0.00502936 0.0210134 0.0023245 0.00182488 0.0084179
internal_weight=139.2 136.514 2.68601 32.2441 26.0709 21.9311 9.97259 11.9585 8.30321 6.17317 3.11558 4.79964 104.27 32.1603
internal_count=36686 36188 498 22429 7416 1756 1254 502 267 15013 140 313 13759 9991
is_linear=0
shrinkage=0.05


Tree=157
num_leaves=15
num_cat=0
split_feature=3 0 4 9 15 12 9 17 9 15 4 17 9 13
split_gain=1.70974 1.12012 2.03949 2.04853 2.64645 1.93253 1.89092 1.59874 1.52112 1.9692 1.44652 1.76657 1.48243 1.25315
threshold=0.015267274422459341 0.08662451368167802 0.14839839839839844 0.41477272727272735 0.18348400563957964 0.16969078436324267 0.50034199726402206 0.84739230639417074 0.26629784098833009 0.6825183623234391 0.049081601927130389 0.92542118574360122 0.35055909325452683 0.36579893050475637
decision_type=2 2 2 2 2 2 2 2 2 2 2 2 2 2
left_child=-1 2 3 5 6 10 -5 13 -4 -10 12 -12 -2 -8
right_child=1 -3 8 4 -6 -7 7 -9 9 -11 11 -13 -14 -15
leaf_value=0.034756857418076388 0.0073374254826899443 0.0054924427795028114 -0.041250689237621034 -0.04450311753598224 0.009605682730721217 -0.029025832985825891 -0.02817192897960645 -0.02681294611252218 -0.030919830941227966 0.013633784701780956 -0.00055458013908977176 0.030898564681743124 -0.023219853866615306 0.017080293087971231
leaf_weight=2.6619528863593578 17.156593534777134 56.740287521402934 4.6298234042515096 5.2068493324914078 9.8207046066418098 2.5292682136955582 1.0379122622844059 5.6864578637596424 3.4372063077971671 4.7213081790832803 6.9143938119978001 11.42167964508735 4.0801630384703449 5.5045306706088013
leaf_count=493 22136 2746 238 1753 283 3410 1604 951 315 53 1060 523 853 309
internal_value=0.00103367 0.000143482 -0.00357276 -8.00924e-05 -0.010542 0.0067803 -0.0217957 -0.00949408 -0.0211359 -0.00646334 0.00972781 0.0196225 0.000686341 0.00711803
internal_weight=141.549 138.887 82.1469 69.3586 27.2565 42.1021 17.4358 12.2289 12.7883 8.15851 39.5728 18.3361 21.2368 6.54244
internal_count=36727 36234 33488 32882 4900 27982 4617 2864 606 368 24572 1583 22989 1913
is_linear=0
shrinkage=0.05


Tree=158
num_leaves=15
num_cat=0
split_feature=0 17 4 15 11 13 12 7 4 2 10 8 2 17
split_gain=1.09672 2.34336 1.83616 1.62104 1.776 1.61853 2.36659 1.59345 1.80414 2.00399 1.76461 1.48602 1.3701 1.41345
threshold=0.08662451368167802 0.68350142132313652 0.011976477337923123 0.11084761358403449 0.80151515151515162 0.91855527524659863 0.050185353455541516 0.32177324261355128 0.02339261285909713 0.056707568385981531 0.46428571428571436 0.095454545454545472 0.81675308578515071 0.88456276504383036
decision_type=2 2 2 2 2 2 2 2 2 2 2 2 2 2
left_child=1 7 -3 11 5 6 -5 -1 9 -9 -11 -4 -2 -14
right_child=12 2 3 4 -6 -7 -8 8 -10 10 -12 -13 13 -15
leaf_value=-0.025503714915694684 0.028362769253904942 -0.036009595021787723 0.017952266491315465 0.020651689112250252 0.037140298419420785 0.017385177285975665 -0.016218053998022855 -0.0046555384505997423 -0.0099612160294694791 0.044797856031257688 -0.0011818659955888028 -0.02027114308714666 -0.013041026145116444 0.0064305546200350769
leaf_weight=1.9864772035798548 4.5357801302307044 4.8626715094737838 2.0963841541843093 4.591072663504753 2.06340776849538 6.7550266725011161 19.795282135085472 4.5392154956248332 5.2263515683116557 7.6107767297953597 2.687491194179529 21.079398121067243 11.002867921444702 40.934947699359327
leaf_count=13595 145 4750 517 240 11 70 785 5130 1665 3042 469 3757 964 1607
internal_value=-0.000630405 -0.00425757 -0.00925876 -0.00636423 0.000783647 -0.0027059 -0.00873674 0.00943197 0.0139375 0.0224529 0.0337562 -0.0162141 0.00470034 0.00213713
internal_weight=139.767 83.2936 61.2432 56.3806 33.2048 31.1414 24.3864 22.0503 20.0638 14.8375 10.2983 23.1758 56.4736 51.9378
internal_count=36747 34031 10130 5380 1106 1095 1025 23901 10306 8641 3511 4274 2716 2571
is_linear=0
shrinkage=0.05


Tree=159
num_leaves=15
num_cat=0
split_feature=3 4 0 4 9 13 6 2 12 6 2 5 10 4
split_gain=1.32997 0.871086 1.47366 1.39139 1.35095 1.29755 1.26808 1.86134 3.66317 1.75961 1.57044 2.0917 1.47462 1.41465
threshold=0.015267274422459341 0.44093023255813962 0.77490021215406646 0.38416815742397142 0.23827265630544323 0.14381731861061722 0.0028630915191114356 0.92013670046671092 0.27297732457628149 0.015729368792027149 0.78859645520092492 0.69782608695652182 0.66964285714285732 0.29790237999193231
decision_type=2 2 2 2 2 2 2 2 2 2 2 2 2 2
left_child=-1 3 -3 5 -5 -2 7 8 -7 -8 -11 12 -12 -13
right_child=1 2 -4 4 -6 6 9 -9 -10 10 11 13 -14 -15
leaf_value=0.029333844139152451 -0.033897379678614149 -0.043225876346084185 0.00095060120955147993 -0.024797720868331811 0.027368751111622198 0.0057503509558596514 -0.029434721652732095 0.029401493483798214 -0.040246296259810202 0.014101008705438737 -0.0094112555373835304 0.012596186047810499 -0.041443797134357779 -0.026757242395120437
leaf_weight=2.6846183716334044 2.0085449972048073 2.2229990688792887 4.4560125894204248 0.68132412931299668 6.4268945781004732 44.941836401943874 5.8321581046457132 5.8022346131911027 3.7799986361187612 10.516221070680329 26.225991520957908 15.091043139589603 3.3979524687601943 1.7059065214125428
leaf_count=498 16990 168 303 60 242 11763 1475 114 2216 444 1651 440 288 46
internal_value=-0.000304034 -0.00111618 -0.0174672 -0.000121948 0.0199269 -0.00147221 -0.000635095 0.00489518 0.00144412 -0.00544036 -0.00251695 -0.00649957 -0.0143188 0.00732053
internal_weight=135.774 133.089 6.67901 126.41 7.10822 119.302 117.293 54.5241 48.7218 62.7693 56.9371 46.4209 29.6239 16.7969
internal_count=36698 36200 471 35729 302 35427 18437 14093 13979 4344 2869 2425 1939 486
is_linear=0
shrinkage=0.05


Tree=160
num_leaves=15
num_cat=0
split_feature=4 4 4 18 6 0 0 7 18 8 6 11 8 4
split_gain=1.23205 1.42144 0.959301 1.79717 0.959861 1.61407 1.65947 1.77981 1.40427 1.87355 1.91384 2.33655 2.23223 1.28037
threshold=0.44093023255813962 0.58195386702849394 0.38416815742397142 0.5037590851828907 0.074631372154655415 0.08662451368167802 0.11504430366138162 0.97690628926199063 0.7154789199591246 0.22335600907029482 0.36764247357636948 0.44507936507936513 0.30583900226757377 0.22878891549777627
decision_type=2 2 2 2 2 2 2 2 2 2 2 2 2 2
left_child=2 -2 4 -4 5 -1 -7 -8 9 -6 11 13 -13 -11
right_child=1 -3 3 -5 8 6 7 -9 -10 10 -12 12 -14 -15
leaf_value=-0.00089790385232286921 -0.04121643305884036 0.0028886130693995806 -0.016463697600430878 0.032106613096547575 -0.039365942949703518 0.02757442803706462 -0.02492852699923653 0.018191261102750621 0.011512356311112153 0.016957909954656274 0.010693828143918024 0.016123677955304488 -0.049172099468069441 -0.020650898259135166
leaf_weight=69.076182562523854 2.8192100446030954 3.268082077280269 2.0527545027507577 4.9897194274526555 4.202460261447416 10.44086135516409 3.5113979963280135 4.1078835331427399 7.197521791305916 4.707712922732755 9.5987216051871638 1.1318541181972248 5.2987863836970064 2.7587606315209996
leaf_count=33597 212 260 119 181 487 352 214 66 207 199 166 58 472 138
internal_value=-0.000171074 -0.0204712 0.000936322 0.0176625 -0.000164659 0.00264374 0.0155262 -0.00226744 -0.00705565 -0.0121136 -0.00583124 -0.0171968 -0.0370562 0.00226412
internal_weight=135.162 6.08729 129.075 7.04247 122.032 87.1363 18.0601 7.61928 34.8958 27.6983 23.4958 13.8971 6.43064 7.46647
internal_count=36728 472 36256 300 35956 34229 632 280 1727 1520 1033 867 530 337
is_linear=0
shrinkage=0.05


Tree=161
num_leaves=15
num_cat=0
split_feature=10 3 8 9 6 11 11 8 0 0 11 11 13 6
split_gain=0.741289 1.35194 1.27497 1.15261 1.70846 1.12497 1.06674 1.05686 1.14072 1.12133 1.01604 1.04473 2.03548 2.25665
threshold=0.59821428571428581 0.077337819185645293 0.26778819635962497 0.58379120879120883 2.1487572733838864e-10 0.32861509835194053 0.44507936507936513 0.31866537717601556 0.35574350125417403 0.17030647585137945 0.49924379915305511 0.27464228934817175 0.25383129836667434 0.0033047972796848512
decision_type=2 2 2 2 2 2 2 2 2 2 2 2 2 2
left_child=3 5 -3 10 -5 -2 -6 -4 9 -9 11 12 -1 -14
right_child=1 2 7 4 6 -7 -8 8 -10 -11 -12 -13 13 -15
leaf_value=-0.023268738693655935 0.009315863189968002 -0.026685512593312938 0.031307700342955526 0.012331124304957586 -0.00075296573844477459 -0.033955026657195013 -0.047407927073872314 0.0063042577435239826 0.032013541494693175 -0.033178557115904735 0.01449439543124012 -0.0070878180290114556 0.020499197751009321 -0.0041597148174155772
leaf_weight=4.940404575869251 2.035318188238306 1.2444424877185181 5.4107789908575823 2.3883901308327031 1.7712805720657341 2.4854945861588931 3.2271141917244677 20.455379632670436 3.1295803256798527 0.96990805713721684 9.976863170633349 42.411377834105679 17.6950824426076 17.862863447704513
leaf_count=18414 50 300 244 643 285 228 855 1128 47 76 1633 6156 5672 1037
internal_value=0.000803594 0.00688366 0.0106463 -0.00140952 -0.0191614 -0.0163153 -0.0337566 0.0130083 0.00790863 0.00311709 0.000191245 -0.00168214 0.00401328 0.00833663
internal_weight=136.004 35.7309 31.2101 100.273 7.38678 4.52081 4.99839 29.9656 24.5549 21.4253 92.8866 82.9097 40.4984 35.5579
internal_count=36768 2073 1795 34695 1783 278 1140 1495 1251 1204 32912 31279 25123 6709
is_linear=0
shrinkage=0.05


Tree=162
num_leaves=15
num_cat=0
split_feature=7 13 2 11 16 11 1 18 3 9 11 6 6 4
split_gain=0.905879 1.40888 0.969778 1.28575 2.41593 1.13568 0.934181 1.50753 0.857113 1.44869 1.3458 1.40134 1.24787 0.889104
threshold=0.57041011581746426 0.19860109808774401 0.67587452860585107 0.51224528713087081 0.98726013601026474 0.5614504174875693 0.0018067637923362796 0.59249057101606584 0.18813474107591757 0.21966374852447587 0.29442724458204339 6.8367919244490587e-10 0.0088527565039045134 0.20261717413616151
decision_type=2 2 2 2 2 2 2 2 2 2 2 2 2 2
left_child=8 -2 3 4 -3 -5 7 -4 12 -10 11 -11 -1 -14
right_child=1 2 6 5 -6 -7 -8 -9 9 10 -12 -13 13 -15
leaf_value=0.037193784978142796 -0.032757102290093425 -0.039883087347567764 -0.019494479375449819 0.02785766508374727 0.022501860392224796 -0.01473040597529534 -0.00032917867276591471 0.032527584868907326 -0.021092565439705706 0.042168600186774916 -0.011291018274991715 -0.01835548427034751 -0.016151710092059471 0.02312330277351126
leaf_weight=4.2031970633734108 2.5360637354433484 5.452036288416819 1.1645649695055897 2.0006253778119572 1.3266255751168499 2.356349192225025 98.025252711033318 4.054606229365163 3.8759568500702226 3.1141782316308313 2.5902714199173715 0.62287080701935327 2.5131638085604213 1.4430486766359534
leaf_count=541 3752 3680 182 128 44 364 5721 125 18773 853 1848 320 350 113
internal_value=-2.52731e-05 -0.00167097 -0.000703793 -0.0140762 -0.0263508 0.00637487 0.000859711 0.0196517 0.00999813 2.82327e-05 0.0140792 0.0303355 0.0211012 -5.08955e-05
internal_weight=135.279 116.916 114.38 11.1356 6.77866 4.35697 103.244 5.21917 18.3627 10.2033 6.32732 3.73705 8.15941 3.95621
internal_count=36794 13996 10244 4216 3724 492 6028 307 22798 21794 3021 1173 1004 463
is_linear=0
shrinkage=0.05


Tree=163
num_leaves=15
num_cat=0
split_feature=4 7 15 10 3 17 6 4 17 11 13 9 11 5
split_gain=0.843848 1.59634 1.7372 1.8179 1.48273 1.44319 1.97317 1.6158 1.44828 1.67708 1.13019 0.927017 1.50478 1.14061
threshold=0.05581516095534788 0.50678063645291027 0.73170385787556935 0.40178571428571436 0.14256678281068527 0.99967881633045186 1.0000000180025095e-35 0.03468323977546111 0.65575574194789676 0.17375107829170497 0.55541567377748391 0.21966374852447587 0.29442724458204339 0.048809523809523817
decision_type=2 2 2 2 2 2 2 2 2 2 2 2 2 2
left_child=1 4 3 -3 -1 6 10 -7 -8 -10 -5 13 -13 -6
right_child=-2 2 -4 5 11 7 8 -9 9 -11 -12 12 -14 -15
leaf_value=0.039913745594406892 0.0021992365570885093 -0.03469234470664799 0.01673615482355113 -0.018520337362227121 0.01327024912814902 -0.023858028508709411 -0.0033841405811543181 0.022948876069265114 0.020048048585866552 -0.050998785454935538 0.017717446651507072 0.03240280605448189 -0.02333482928645125 -0.033782515015764923
leaf_weight=2.1606054374333308 87.516136991357598 7.7047053669825827 4.1176140675888737 2.5104761504262632 1.4314182828929918 1.6694415162628491 3.7054640288042702 5.4441280328974244 0.42072632890994999 5.1810438105494541 4.6426405036563665 2.5533356935784473 0.98085606323638774 2.2438310983366136
leaf_count=247 5741 6329 153 2168 8565 313 884 249 19 882 270 941 1179 8799
internal_value=-0.000655999 -0.00616395 -0.010986 -0.0150408 0.0113546 -0.00746771 -0.0153324 0.0103774 -0.0293645 -0.0434343 0.00428768 -0.00102372 0.015199 -0.016538
internal_weight=132.282 44.7663 35.3962 31.2786 9.37005 23.5739 16.4604 7.11357 9.30723 5.60177 7.15312 7.20944 3.53419 3.67525
internal_count=36739 30998 11267 11114 19731 4785 4223 562 1785 901 2438 19484 2120 17364
is_linear=0
shrinkage=0.05


Tree=164
num_leaves=15
num_cat=0
split_feature=5 11 9 4 2 14 14 2 4 15 15 12 7 18
split_gain=1.24558 1.12874 0.944476 1.68247 1.02817 2.00117 1.6069 1.82107 1.26181 1.23332 1.2234 1.30068 1.9324 1.6108
threshold=0.048809523809523817 0.50015479876161006 0.20841377091377095 0.096137976563789418 0.81675308578515071 0.35991631799163187 0.30454763844498761 0.82698511154699872 0.12758985200845668 0.12852140346874855 0.18893874711558697 0.238496729712143 0.77768232662825365 0.52775592254928272
decision_type=2 2 2 2 2 2 2 2 2 2 2 2 2 2
left_child=1 -1 3 -2 5 -4 7 -6 -8 -10 11 12 -9 -14
right_child=2 -3 4 -5 6 -7 8 10 9 -11 -12 -13 13 -15
leaf_value=0.020818031575246518 -0.031502332789176878 -0.024834352774831037 0.0085731892200952894 0.0029450078266428205 -0.044396523853643538 -0.030905486725721389 -0.014531767941973014 0.015065437299973828 0.044015095501799814 -0.013092041678926773 0.00078616599354270613 0.0096601827005439681 -0.0055707683257252552 -0.041036044985384254
leaf_weight=9.3541322717924196 5.9631326583878472 0.70242102617885471 40.615505101303825 6.9037439826624905 2.0476395800651508 2.5016325869746643 1.3249906030432601 2.5593536629239706 3.1129248393408493 0.72921246424084518 37.758788435261522 3.9287490408460135 5.5776237585796462 7.8457665232199361
leaf_count=10059 13257 579 3904 457 175 4119 781 130 394 87 928 332 650 754
internal_value=-0.000400804 0.0156716 -0.00185568 -0.0141401 -0.000275885 0.00563405 -0.00422903 -0.00664113 0.0202048 0.0327111 -0.00456672 -0.0142698 -0.0203745 -0.0277076
internal_weight=130.926 10.0566 120.869 12.8669 108.002 43.1171 64.885 59.7179 5.16713 3.84214 57.6703 19.9115 15.9827 13.4234
internal_count=36606 10638 25968 13714 12254 8023 4231 2969 1262 481 2794 1866 1534 1404
is_linear=0
shrinkage=0.05


Tree=165
num_leaves=15
num_cat=0
split_feature=3 9 18 12 12 4 6 0 17 14 14 18 18 17
split_gain=1.06954 0.849324 0.822681 1.16189 0.736702 0.728071 0.687569 0.644762 1.34058 1.00987 0.806485 1.90671 1.79692 1.77937
threshold=0.015267274422459341 0.57280733121586291 0.35811546620843898 0.026713100935572217 0.022387402645632347 0.023122159850307408 2.4762542519266481e-05 0.0074639800532785095 0.89655325759150994 0.20440038684719539 0.27139267767408476 0.66153829291675781 0.55818097057315941 0.95529590680593246
decision_type=2 2 2 2 2 2 2 2 2 2 2 2 2 2
left_child=1 5 3 4 6 -1 -2 8 9 -4 -9 12 -12 -14
right_child=2 -3 7 -5 -6 -7 -8 10 -10 -11 11 -13 13 -15
leaf_value=0.043569085766006876 -0.029005277591112939 -0.016852791583408803 0.0055626730548815999 -0.04100138006297243 0.029771027556145808 -0.011926339095112136 0.015525586069458946 -0.00072276416436074331 -0.027568320101857169 -0.027208902511328473 -0.0011236118879943714 -0.032435646532274036 -0.010556539852465829 0.044946145398531298
leaf_weight=2.091291326101782 1.0956090964450589 0.36146265525167098 12.674024299965824 2.0325284100019871 0.64005916186169987 0.28005484717868956 0.6607216815718856 88.922989552334911 5.3884137530631042 1.8388264910936403 6.8998827687319118 1.2723834632743081 1.4310344609439196 5.504569211465423
leaf_count=166 10595 107 2812 2988 322 217 467 3867 2509 9415 1923 477 505 320
internal_value=-0.000546706 0.0258449 -0.00130403 -0.0203561 0.00407085 0.0354216 -0.0126981 -0.000465683 -0.0084825 -7.58872e-05 0.00113411 0.0114298 0.0173783 0.033607
internal_weight=131.094 2.73281 128.361 4.42892 2.39639 2.37135 1.75633 123.932 19.9013 14.5129 104.031 15.1079 13.8355 6.9356
internal_count=36690 490 36200 14372 11384 383 11062 21828 14736 12227 7092 3225 2748 825
is_linear=0
shrinkage=0.05


Tree=166
num_leaves=15
num_cat=0
split_feature=3 18 6 3 1 3 9 9 15 11 14 15 7 2
split_gain=1.69097 1.75775 1.36591 1.1733 0.879471 1.1648 1.27469 1.84836 1.82788 1.19566 1.20809 1.91038 1.15552 1.13662
threshold=0.028630934457492725 0.35811546620843898 0.074631372154655415 0.87191100435614555 0.46780333895370624 0.21814440703329593 0.20960061443932418 0.35055909325452683 0.73170385787556935 0.42125428513813273 0.044444625832571506 0.11084761358403449 0.88745764328255128 0.81310734462726952
decision_type=2 2 2 2 2 2 2 2 2 2 2 2 2 2
left_child=2 3 -1 -2 5 13 -7 -8 9 -9 12 -12 -11 -3
right_child=1 4 -4 -5 -6 6 7 8 -10 10 11 -13 -14 -15
leaf_value=0.037954183303095315 -0.040201513836562799 0.01682529683917448 -0.0099580957916216573 0.014237076337376873 -0.010504905549889474 -0.030518352627849826 0.014063324284767179 -0.035366347934168277 0.030386589974097711 0.022361905912013355 -0.038242765048925396 0.013299300018576904 -0.021655301394628158 0.0022541187205603452
leaf_weight=4.1532271733194639 3.3081391577875356 16.177843878640488 1.5981596977508159 0.73038797239792064 14.558018274979984 3.5049331483037376 10.457277928401711 4.791315758736352 1.4113196978578333 3.9614215295296145 3.8739168331394467 2.2056572854853584 1.2261431359220294 62.497356406898689
leaf_count=629 13328 1227 151 954 440 9817 2550 1282 12 49 1878 94 27 4273
internal_value=0.000745276 -0.000530149 0.0251376 -0.0294844 0.000634987 0.00218916 -0.00582516 -0.00177821 -0.0115089 -0.0167564 -0.00660464 -0.0203062 0.0101395 0.00542393
internal_weight=134.455 128.704 5.75139 4.03853 124.665 110.107 31.432 27.9271 17.4698 16.0585 11.2671 6.07957 5.18756 78.6752
internal_count=36711 35931 780 14282 21649 21209 15709 5892 3342 3330 2048 1972 76 5500
is_linear=0
shrinkage=0.05


Tree=167
num_leaves=15
num_cat=0
split_feature=8 13 0 6 15 0 12 9 15 9 8 12 15 9
split_gain=1.72687 1.93581 1.53156 1.08015 1.03989 1.77567 1.60781 2.5023 2.31356 1.54831 1.3832 2.25333 1.4451 1.41298
threshold=0.043015726179463469 0.26908256348016102 0.9999314654411896 0.0072725106975392627 0.44999327083834223 0.090349509890929783 0.094660743781648155 0.41477272727272735 0.11084761358403449 0.45224560179803153 0.31174089068825916 0.13864615877114 0.35568759803317046 0.36695075757575762
decision_type=2 2 2 2 2 2 2 2 2 2 2 2 2 2
left_child=1 -1 4 -3 5 6 7 -2 -9 -10 -7 -12 13 -13
right_child=2 3 -4 -5 -6 10 -8 8 9 -11 11 12 -14 -15
leaf_value=-0.018803502182356546 0.0088906630917685303 0.046946046173849398 -0.037959814496948754 0.002806448576874526 0.0063783490685133297 0.017939611379114512 -0.018858668519355932 -0.034691481974768901 -0.035758764059240229 0.021047035932032526 -0.032884719432829473 -0.027852516311573046 -0.024788435233155846 0.019535657013460245
leaf_weight=1.5940893480455987 20.636705963184568 3.8830513831653661 1.7644159467090492 2.1221522700798232 38.610225831877869 12.896736098584372 22.036645320929665 7.3390651737799981 0.61885467753563705 3.9064398413866002 3.7445692937399171 0.92416215078264841 2.0373414380010209 10.692047017240837
leaf_count=10943 11381 596 204 53 1118 873 6560 3706 59 175 481 92 69 398
internal_value=0.000326958 0.0220046 -0.00115267 0.033975 -0.000325759 -0.00341579 -0.00875068 -0.00153882 -0.0189607 0.00821273 0.00616096 -0.00307073 0.00679208 0.0138567
internal_weight=132.807 7.59929 125.207 6.0052 123.443 84.8326 54.5377 32.5011 11.8644 4.52529 30.2949 17.3981 13.6536 11.6162
internal_count=36708 11592 25116 649 24912 23794 21881 15321 3940 234 1913 1040 559 490
is_linear=0
shrinkage=0.05


Tree=168
num_leaves=15
num_cat=0
split_feature=3 0 4 4 15 18 6 13 3 2 5 17 17 4
split_gain=1.17543 1.08166 1.01778 0.888825 1.18125 1.44539 1.32573 1.44893 1.12373 1.33282 1.25713 1.04671 0.93854 0.926602
threshold=0.015267274422459341 0.08789611115392211 0.44093023255813962 0.17257053291536054 0.73170385787556935 0.56810911248063134 0.029088864660584374 0.48597928092590242 0.15441698041141488 0.77666296931513601 0.35599078341013829 0.9136794085686134 0.9219610393770995 0.042403356308061142
decision_type=2 2 2 2 2 2 2 2 2 2 2 2 2 2
left_child=-1 3 -3 4 5 6 7 -2 -9 10 -10 -11 -5 -7
right_child=1 2 -4 12 -6 13 -8 8 9 11 -12 -13 -14 -15
leaf_value=0.027377383229031122 -0.019017189808092874 0.0077874401445220537 -0.012479676788416431 0.0027377016419995043 0.018494011792570948 -0.0051430689088315367 -0.03766843165392264 -0.028284130952704597 0.0082118542196740318 0.033960282117813628 -0.036781891404564088 -0.012531898465281105 -0.026648717666349381 0.011339728353580679
leaf_weight=3.0080346169233954 11.648945476969862 47.450651041686797 6.1898221724477471 3.9018716454484075 5.5957366365073531 15.848580898611997 3.3497578213500665 1.2241645154717833 3.9235413511560164 4.770853043126408 1.3143015514510805 0.97317864403157717 6.812483390844136 16.426136133529326
leaf_count=489 23803 2202 464 245 200 5931 388 87 774 92 537 89 292 1115
internal_value=0.000709896 -0.000115023 0.00526313 -0.00394041 -0.00163162 -0.00379949 -0.0120811 -0.00711716 0.00481981 0.0105625 -0.00716481 0.0253931 -0.0166268 0.00333449
internal_weight=132.438 129.43 53.6405 75.7896 65.0752 59.4795 27.2047 23.855 12.206 10.9819 5.23784 5.74403 10.7144 32.2747
internal_count=36708 36219 2666 33553 33016 32816 25770 25382 1579 1492 1311 181 537 7046
is_linear=0
shrinkage=0.05


Tree=169
num_leaves=15
num_cat=0
split_feature=15 18 18 2 10 3 13 17 15 0 9 6 15 4
split_gain=1.00854 1.09544 0.937053 1.08952 1.05668 1.92408 1.88719 1.35603 1.76798 2.49179 1.17536 3.28392 2.34545 1.70805
threshold=0.9683600246133518 0.49884965715934376 0.14638670509795929 0.12250418370436565 0.66964285714285732 0.073066052548937513 0.33290563924849031 0.9136794085686134 0.11084761358403449 0.35574350125417403 0.43929349959786057 0.16206573309760378 0.32668821982703272 0.048486629444607708
decision_type=2 2 2 2 2 2 2 2 2 2 2 2 2 2
left_child=2 -2 3 -1 10 -6 -7 -8 9 -9 -4 13 -13 -12
right_child=1 -3 4 -5 5 6 7 8 -10 -11 11 12 -14 -15
leaf_value=-0.017982689463591866 -0.0079674064631480006 0.019879363333288103 -0.0015862049374766641 0.039357942331086401 -0.036471716652052302 -0.029836533014853187 0.030237102464249488 -0.040928741289047062 0.020437279284720375 0.026558472368315423 -0.0092326065714716989 0.027310883936057587 -0.021730425967868835 -0.040083241194333222
leaf_weight=0.51457900675950385 4.5348488282543249 10.02642135325368 64.552170126546571 1.6751923882266053 1.3425974514175347 1.55015908181804 8.278691855157378 2.8740587432912417 5.3388889199122787 1.277711209724657 9.6447993108759018 5.8719186720118142 2.8813213300309144 8.8934569859275125
leaf_count=3742 96 148 23423 3417 163 588 361 271 82 13 2848 250 64 1247
internal_value=-0.000704877 0.0112523 -0.00230705 0.02447 -0.00303922 0.00694836 0.0116122 0.0166251 0.00300094 -0.0190358 -0.00533677 -0.0138383 0.010595 -0.0253268
internal_weight=129.257 14.5613 114.696 2.18977 112.506 20.6621 19.3195 17.7694 9.49066 4.15177 91.8437 27.2915 8.75324 18.5383
internal_count=36713 244 36469 7159 29310 1478 1315 727 366 284 27832 4409 314 4095
is_linear=0
shrinkage=0.05


Tree=170
num_leaves=15
num_cat=0
split_feature=14 11 18 0 9 14 5 9 13 17 13 11 14 5
split_gain=0.851384 2.88698 1.43257 1.11744 1.03387 1.01676 0.950814 0.858275 0.770021 0.658872 1.87998 1.85985 1.5875 2.28137
threshold=0.27139267767408476 0.26637102734663715 0.66153829291675781 0.026012080001387293 0.33144748212250624 0.23389454819845315 0.34891304347826091 0.28321111642488983 0.35078872799858957 0.97773886634222962 0.6160201720503985 0.48697857792726978 0.11171991639295313 0.31698564593301443
decision_type=2 2 2 2 2 2 2 2 2 2 2 2 2 2
left_child=5 -2 3 4 7 9 -5 -3 -6 12 -11 -12 -1 -14
right_child=1 2 -4 6 8 -7 -8 -9 -10 10 11 -13 13 -15
leaf_value=-0.0037198952226827038 -0.01646221138620637 -0.015844717945146389 -0.024671211884644811 0.04186425652942749 -0.032110013042881004 -0.030949604393836823 -0.001082037410960973 0.039030182837344968 0.014016257521563845 -0.018595470869236918 0.009235321330555343 -0.021152976185541933 -0.0093194552465178417 0.024083290174130134
leaf_weight=43.447103492218048 6.714564175478702 0.39137168142269496 0.76108970076529736 7.1925694976162031 1.446508039190576 2.0125488221149217 1.4705724738350907 1.2834681177664604 0.72097690610826237 17.056879807000769 20.764812368002826 5.5596063128177766 7.1582188938041353 13.733732706305089
leaf_count=2966 19372 1392 971 889 2760 1423 361 416 103 1493 620 177 2130 1587
internal_value=-0.00054162 0.00869821 0.0216939 0.0261335 0.00261084 -0.00228745 0.0352166 0.0250775 -0.0171858 -0.0014722 -0.0061631 0.00227818 0.0017366 0.0127356
internal_weight=129.714 19.9811 13.2666 12.5055 3.84232 109.733 8.66314 1.67484 2.16748 107.72 43.3813 26.3244 64.3391 20.892
internal_count=36660 26264 6892 5921 4671 10396 1250 1808 2863 8973 2290 797 6683 3717
is_linear=0
shrinkage=0.05


Tree=171
num_leaves=15
num_cat=0
split_feature=13 9 11 4 9 11 11 18 14 13 15 13 5 15
split_gain=1.05687 1.71625 2.2887 1.36667 1.72117 1.22917 0.859383 0.834924 0.781382 0.773532 1.0372 0.899103 0.972337 1.37723
threshold=0.37422306344416784 0.34683060109289615 0.24975633528265109 0.29300813008130083 0.99836065573770505 0.32489316239316246 0.33440860215053775 0.62437256859579449 0.54295175023651854 0.40001610292384265 0.34666842454090369 0.42252551757204032 0.42020373514431247 0.2024011413686089
decision_type=2 2 2 2 2 2 2 2 2 2 2 2 2 2
left_child=1 2 -1 4 -3 7 -5 8 -4 10 -2 -11 13 -13
right_child=9 3 5 6 -6 -7 -8 -9 -10 11 -12 12 -14 -15
leaf_value=-0.018561481754240116 -0.0072747651245301291 -0.04152716908690321 0.036670555858901728 -0.019339410770328185 0.015469612028500307 -0.013816595351238942 0.028749176927908123 -0.016187968936784179 -0.014123891329588585 -0.024843438035871544 0.033098195317265384 -0.001115250059574384 -0.005153822837708771 0.01750288113448675
leaf_weight=7.872557143403812 2.2042588664774021 7.5642124195455818 5.4061877376780103 0.76216790773469156 1.0325485238045073 1.7896927513102125 1.0876645700191145 0.41744724330510496 0.33388914443003148 2.8873851335629288 2.8356190062168025 29.731419019295572 47.895875282879842 13.83459313823141
leaf_count=20243 752 5223 813 116 182 1891 163 224 719 691 85 2882 2028 643
internal_value=-0.0025891 -0.0113093 -0.000600406 -0.0260571 -0.0337827 0.0172779 0.00910206 0.0269832 0.0320588 -0.000194841 0.0171596 -0.00129211 -0.000287965 0.0050571
internal_weight=125.656 26.2664 15.8198 10.4466 8.59676 7.94722 1.84983 6.15752 5.74008 99.3892 5.03988 94.3493 91.4619 43.566
internal_count=36655 29574 23890 5684 5405 3647 279 1756 1532 7081 837 6244 5553 3525
is_linear=0
shrinkage=0.05


Tree=172
num_leaves=15
num_cat=0
split_feature=0 18 4 15 15 18 9 9 15 6 9 14 9 13
split_gain=0.935053 1.2608 1.11821 1.06631 1.68974 1.58875 1.48074 2.63239 1.13791 1.05609 1.32611 2.06054 1.54095 1.59972
threshold=0.061263582645503377 0.56810911248063134 0.14650406504065042 0.73170385787556935 0.11437648742803691 0.51234946169245077 0.36695075757575762 0.22155561096220577 0.11084761358403449 2.7809511358552652e-09 0.40026583961010193 0.27835340955492044 0.29489002693821981 0.52884782865134039
decision_type=2 2 2 2 2 2 2 2 2 2 2 2 2 2
left_child=1 3 -3 4 5 6 7 -1 -7 -2 12 -12 13 -11
right_child=9 2 -4 -5 -6 8 -8 -9 -10 10 11 -13 -14 -15
leaf_value=-0.024210855084491195 0.03550849894637919 0.0042905516694434825 -0.036467254717169426 0.017586147691634628 -0.033516646213518207 -0.038610925858567041 -0.01686245894742304 0.029965092821558015 0.018097406318728883 -0.01505735074349231 0.004087538846706062 0.037190779307649691 -0.018797679350139741 0.014336480424877058
leaf_weight=2.3412431786023351 1.6087345297273703 32.250064143544932 0.7759498199011422 1.9571877234411648 7.3828278705266248 3.619466892948366 5.0930282113372405 6.4604308957623289 0.47077965371863673 6.2020866188540884 30.007853321771108 4.6513307620007245 10.952535936175989 12.102198771724941
leaf_count=15738 20 7034 66 103 2688 2364 2884 2359 7 767 1039 431 963 208
internal_value=0.000168504 -0.00428504 0.00228934 -0.0120314 -0.0148967 -0.00589045 0.00267979 0.0145545 -0.0298109 0.00427316 0.0029521 0.00944843 -0.00480172 0.00411282
internal_weight=125.876 60.351 33.026 27.325 25.3678 17.9849 13.8947 8.80167 4.09025 65.5247 63.916 34.6592 29.2568 18.3043
internal_count=36671 33243 7100 26143 26040 23352 20981 18097 2371 3428 3408 1470 1938 975
is_linear=0
shrinkage=0.05


Tree=173
num_leaves=15
num_cat=0
split_feature=4 0 14 14 7 18 9 18 18 14 6 8 14 15
split_gain=1.31044 0.755733 2.42427 1.52964 1.16437 1.12203 1.0112 0.980187 1.5368 1.34222 1.5939 1.02876 0.928383 0.907178
threshold=0.44093023255813962 0.053804769188499697 0.28629868826127697 0.1709964012595592 0.4837048011039492 0.66153829291675781 0.19658260242700956 0.49522746148945079 0.51959525620708935 0.1154812524159258 0.22642970531512227 0.4188596491228071 0.032879293303681743 0.73170385787556935
decision_type=2 2 2 2 2 2 2 2 2 2 2 2 2 2
left_child=1 4 3 7 -1 -4 -6 9 -9 10 12 -11 -3 -8
right_child=-2 2 5 -5 6 -7 13 8 -10 11 -12 -13 -14 -15
leaf_value=0.012806190439408054 -0.022459074108289609 -0.0075286128781729246 0.032460329797645147 -0.02456489447202579 -0.031875361523345927 -0.019297179806431183 -0.0058070524337184883 0.026130928417926438 0.0021520374714128813 -0.021752361990190271 0.014977962784816834 0.028434735772864789 -0.041903157294086488 0.016776247765533655
leaf_weight=9.3743623609291244 4.9861425740455152 4.3673546579084341 8.5101507226117938 4.284081798123224 2.4304635268044867 0.51992207938019497 43.64875028599522 7.9076785864017429 27.595499853807269 0.57292541923379703 2.4808424877410289 2.8147494766308228 3.6089873465243727 3.9698356512581077
leaf_count=19031 458 99 1046 547 4112 172 9984 141 737 70 63 62 198 85
internal_value=0.000389545 0.0014976 0.00528927 0.00104983 -0.0025221 0.0278535 -0.00558776 0.00371727 0.00806243 -0.00721781 -0.0158332 0.0169239 -0.0260173 -0.00361801
internal_weight=127.072 122.086 62.6622 53.6321 59.4234 9.03007 50.049 49.348 35.5032 13.8449 10.4572 3.38767 7.97634 47.6186
internal_count=36805 36347 3135 1917 33212 1218 14181 1370 878 492 360 132 297 10069
is_linear=0
shrinkage=0.05


Tree=174
num_leaves=15
num_cat=0
split_feature=4 8 2 17 1 8 3 3 9 13 18 0 17 6
split_gain=1.23823 1.12809 0.870408 2.01693 1.75869 2.12842 1.39275 1.54075 1.62356 2.41356 1.81212 1.75043 1.298 1.17212
threshold=0.44093023255813962 0.30495169082125612 0.89391329000647934 0.72037653030204674 0.51938691533828918 0.46546310832025123 0.021505475802871103 0.15010729613733909 0.25450779727095524 0.71398684493559539 0.6738220258131582 0.28892593804765115 0.95529590680593246 8.417522449607409e-09
decision_type=2 2 2 2 2 2 2 2 2 2 2 2 2 2
left_child=2 -2 6 -4 5 -5 -1 8 -8 11 12 13 -11 -10
right_child=1 -3 3 4 -6 -7 7 -9 9 10 -12 -13 -14 -15
leaf_value=0.02664249928359716 0.011554078148134909 -0.033565175389570705 -0.03110963733751565 0.0063234210350614209 -0.0084616922762236948 0.034913329660004384 0.018014763896570068 0.00082609376627414046 0.014051219521886416 0.026388175578527517 -0.03993571279315912 0.0018668863473796334 -0.01352439542641474 -0.052564591754968595
leaf_weight=3.0980067813525229 1.3628956006650685 3.8170096554604243 2.2617904128474029 20.693157936260835 9.1806664670002629 8.91605598098249 2.4144991569319272 58.746422061647309 0.31894516072134305 4.1639076356659634 1.2116990727372465 2.173652128149115 2.5653835888952017 6.4824175599114824
leaf_count=544 114 367 479 1065 214 208 283 31710 66 65 21 124 50 1343
internal_value=9.57334e-05 -0.0217451 0.00119029 0.00703322 0.00998324 0.0157919 -0.00181422 -0.00326599 -0.015131 -0.0206035 -3.12421e-05 -0.0369776 0.0113913 -0.04804
internal_weight=127.407 5.17991 122.227 41.0517 38.7899 29.6092 81.1749 78.0769 19.3305 16.916 7.94099 8.97501 6.72929 6.80136
internal_count=36653 481 36172 1966 1487 1273 34206 33662 1952 1669 136 1533 115 1409
is_linear=0
shrinkage=0.05


Tree=175
num_leaves=15
num_cat=0
split_feature=0 9 3 6 9 12 0 17 17 11 12 3 12 9
split_gain=0.76441 0.729794 0.910327 0.850437 0.732958 0.613461 0.601209 2.54328 1.15593 1.13558 0.995472 1.29763 1.09376 1.4912
threshold=0.9999314654411896 0.11242737835875093 0.021505475802871103 0.081611500015848645 0.57280733121586291 0.14170176135143456 0.0074639800532785095 0.90504608525998764 0.50759969016287954 0.49924379915305511 0.022043195218326862 0.19865281683752156 0.040244726051726042 0.2518853695324284
decision_type=2 2 2 2 2 2 2 2 2 2 2 2 2 2
left_child=1 3 4 -1 -3 -2 7 -4 -8 -9 11 -10 13 -12
right_child=5 2 6 -5 -6 -7 8 9 10 -11 12 -13 -14 -15
leaf_value=-0.033256694070475955 0.010774114253056733 0.03036102338630127 0.0036789435422151062 0.014102274960859329 -0.016518595336388536 -0.038610042349041342 -0.02902311975549415 -0.046585858355625044 0.032662641644657757 0.0010483714404340655 0.0074200587240943394 -0.023624264103293706 0.0035667353083161505 -0.045630748173765813
leaf_weight=2.0396650795912588 0.3861384138581333 3.3981787133980101 16.686353888257603 0.71357092223115604 0.35981185646232905 1.1147562729529452 1.7968192864072978 3.5419223731555567 4.31342225472872 1.6672031126645377 2.1177122565168243 0.50874040543567378 86.004206362793411 1.7212322465111354
leaf_count=4397 22 327 21963 66 110 186 1168 1969 331 324 144 214 5116 397
internal_value=0.000704425 0.00124287 0.00189548 -0.0204954 0.0233441 -0.026677 0.00102458 -0.00627749 0.00272945 -0.0336268 0.00362922 0.0236866 0.00230378 -0.0208802
internal_weight=126.37 124.869 122.116 2.75324 3.75799 1.50089 118.358 21.8955 96.4621 5.20913 94.6653 4.82216 89.8432 3.83894
internal_count=36734 36526 32063 4463 437 208 31626 24256 7370 2293 6202 545 5657 541
is_linear=0
shrinkage=0.05


Tree=176
num_leaves=15
num_cat=0
split_feature=3 14 9 12 15 17 0 18 7 2 2 13 13 9
split_gain=1.26922 1.44466 2.11373 1.4025 1.78753 1.28394 1.97232 1.22881 1.51788 1.14179 1.55624 2.83992 2.50442 1.85894
threshold=0.18035431927458132 0.30059576580729819 0.29187984496124036 0.093361318853111469 0.73170385787556935 0.7985600619910278 0.0058000090921808091 0.82764858938128005 0.91044182145464492 0.81310734462726952 0.89715585648243334 0.71398684493559539 0.40001610292384265 0.40026583961010193
decision_type=2 2 2 2 2 2 2 2 2 2 2 2 2 2
left_child=1 5 -3 -2 7 6 -1 8 -5 -7 11 12 -11 -12
right_child=3 2 -4 4 -6 9 -8 -9 -10 10 13 -13 -14 -15
leaf_value=0.028806339463207355 -0.00049042150956867328 -0.012498159625056127 0.034711412098949984 -0.014586299851521503 0.020130296349335552 0.027371397904327105 -0.021499890477760315 0.01914317969682125 -0.05271257633506813 0.012335455208300178 -0.0022746067028560201 0.007972118973766984 -0.040780288055202542 0.020110990995026418
leaf_weight=1.4494566775902047 28.108079439749872 2.8276558692887175 6.6115217830865731 8.3368341546476987 1.7585772488328064 3.7476326950418288 10.391341410502717 0.7550433703463576 3.8039853982190843 2.5066578845435306 19.764156534743961 11.517978637682971 7.2409155392742832 16.177553261255525
leaf_count=91 24737 1071 1436 5273 106 87 1240 82 395 279 757 178 563 372
internal_value=-0.000296763 0.00333005 0.0207265 -0.00718806 -0.0191826 0.000824006 -0.013578 -0.0256064 -0.0296344 0.00379568 0.00180753 -0.00866881 -0.0272444 0.00807292
internal_weight=124.997 82.2349 9.43918 42.7625 14.6544 72.7957 11.8408 12.8959 12.1408 60.9549 57.2073 21.2656 9.74757 35.9417
internal_count=36667 6074 2507 30593 5856 3567 1331 5750 5668 2236 2149 1020 842 1129
is_linear=0
shrinkage=0.05


Tree=177
num_leaves=15
num_cat=0
split_feature=2 2 6 17 18 18 12 1 1 1 12 12 18 6
split_gain=1.28998 1.62421 1.81193 1.45 1.29932 1.18212 1.40645 1.08035 1.44619 1.90713 1.30535 1.01927 0.984869 1.15631
threshold=0.86371029923023712 0.81310734462726952 4.3298055344375885e-08 0.91582220694942384 0.37868510454237486 0.68621224690667215 0.063948557999268921 0.14615305673284945 0.1220985112053538 0.10265272104415475 0.12880509524320424 0.14842578530521797 0.4971687699526629 0.055448447453640325
decision_type=2 2 2 2 2 2 2 2 2 2 2 2 2 2
left_child=1 -1 3 -3 -2 6 -4 8 9 -6 -9 -7 -12 -14
right_child=4 2 5 -5 7 11 -8 10 -10 -11 12 -13 13 -15
leaf_value=-0.0013045615490833661 0.029191442260561903 0.020652808428612158 0.0076294970283157758 -0.028796968583330942 0.0089317302616499124 -0.023998590408041816 -0.046119649330041992 -0.029903389217753082 0.033350915308424857 -0.036344026888819499 -0.011608231613478674 0.022606259770717962 0.019648557773797596 -0.003774103050668616
leaf_weight=46.534520182543247 3.7386579663561852 3.5891748947142323 1.1301728471298682 1.211753711402707 17.669926337319346 1.3321948034681548 7.0212267298111328 3.2017047437257125 4.2090649568908693 1.6640673073998176 10.997401496046225 1.3614531979183082 8.212364225011699 11.701682296668876
leaf_count=31216 430 286 337 161 1400 121 1069 427 112 152 452 33 142 416
internal_value=-0.00110012 -0.00612838 -0.0195352 0.00535906 0.00400907 -0.0300775 -0.0386481 0.00190632 0.00992781 0.00343916 -0.00375476 -0.000700057 -0.000194175 0.00636282
internal_weight=123.575 62.1805 15.646 4.80093 61.3949 10.845 8.1514 57.6562 23.5431 19.334 34.1132 2.69365 30.9114 19.914
internal_count=36754 33223 2007 447 3531 1560 1406 3101 1664 1552 1437 154 1010 558
is_linear=0
shrinkage=0.05


Tree=178
num_leaves=15
num_cat=0
split_feature=6 3 4 10 15 2 3 14 14 6 9 9 6 16
split_gain=1.08009 2.16184 1.35242 1.24269 1.72178 1.27738 1.16208 1.12757 1.43783 1.19854 1.12478 2.23408 1.66234 1.32034
threshold=0.074631372154655415 0.21814440703329593 0.0093025268258913139 0.86607142857142871 0.11084761358403449 0.89715585648243334 0.051151229722658301 0.32268272764393635 0.27139267767408476 0.00075611325789924882 0.49023129251700687 0.38918128654970768 0.16206573309760378 0.4440841350244002
decision_type=2 2 2 2 2 2 2 2 2 2 2 2 2 2
left_child=3 10 -3 6 5 -5 -1 8 -8 -10 11 13 -12 -2
right_child=1 2 -4 4 -6 -7 7 -9 9 -11 12 -13 -14 -15
leaf_value=0.022245362700048801 -0.013638649503697945 0.0063048945993291073 -0.052047075899516106 -0.031886945673114481 0.037267702381606496 0.020188186705891065 -0.00028426443995311062 -0.017396786888971227 0.038489556187684723 -0.01737010755302992 -0.043401142180323614 0.019693378087193493 -0.0020474268038254656 0.022700275282733988
leaf_weight=5.1342422944608179 14.883925008209195 1.0789816873730154 2.7726966810478189 1.4511013890951283 4.7610819293768145 1.3395986774157789 59.561520510078935 7.6316015951313139 3.2665952023969562 0.60845090616749065 2.6449542225818714 10.944776912845553 7.6132159829212469 2.035410138545557
leaf_count=795 1182 51 63 186 61 26 8554 23065 1395 370 249 488 270 23
internal_value=0.000138563 -0.00631959 -0.0377704 0.00341148 0.0214898 -0.00815836 0.00136474 -0.000431497 0.00184778 0.0279547 -0.00225773 0.00303153 -0.015618 -0.0082442
internal_weight=125.728 41.974 3.85168 83.7542 7.55178 2.7907 76.2024 71.0682 63.4366 3.87505 38.1223 27.8641 10.2582 16.9193
internal_count=36778 2326 114 34452 273 212 34179 33384 10319 1765 2212 1693 519 1205
is_linear=0
shrinkage=0.05


Tree=179
num_leaves=15
num_cat=0
split_feature=2 3 18 7 2 4 11 17 0 0 4 4 14 11
split_gain=0.946956 1.33202 0.968993 1.13103 0.973688 0.915094 1.07557 0.959911 1.69258 1.43374 1.3955 1.19007 1.56032 2.47764
threshold=0.49542652393088765 0.87191100435614555 0.23350527125233708 0.89618700937791895 0.12250418370436565 0.015628815628815632 0.63199500728104852 0.7041975902033718 0.0075743111135830321 0.0087098777921466603 0.11922530206112296 0.05581516095534788 0.013873295910184444 0.27222291021671835
decision_type=2 2 2 2 2 2 2 2 2 2 2 2 2 2
left_child=1 2 4 -4 -1 -2 7 10 -9 -10 -7 12 -11 -14
right_child=5 -3 3 -5 -6 6 -8 8 9 11 -12 -13 13 -15
leaf_value=-0.021761817908389873 0.018167207259553005 0.0072130392027336017 -0.042455376596090055 0.0014190931988162746 0.03238337893053847 -0.0031679490517083058 0.017586323680079518 -0.025882661333832813 0.030439402368963243 0.017335279524773314 -0.043067147677572769 0.0033717271398316334 0.0082411046541583672 -0.046564408953299635
leaf_weight=0.6340621315498518 7.1142268224266436 5.1564529983832017 4.5497542821112802 1.9118154027964918 0.77206954968346508 8.0820292929847692 7.7335456151504323 4.5149874199378237 3.4183704306833524 2.1219103327020985 2.1035425068084797 73.541670427427562 3.011602952843532 4.1332401694908185
leaf_count=5358 2055 5038 10921 226 3715 2097 526 1141 127 30 567 4129 176 653
internal_value=0.000497354 -0.0117834 -0.023643 -0.0310236 0.00907076 0.00196796 0.00075137 -0.000698488 0.000994499 0.00268243 -0.0145216 0.00118708 -0.0147902 -0.0252879
internal_weight=128.799 13.0242 7.8677 6.46157 1.40613 115.775 108.661 100.927 90.7418 86.2268 10.1856 82.8084 9.26675 7.14484
internal_count=36759 25258 20220 11147 9073 11501 9446 8920 6256 5115 2664 4988 859 829
is_linear=0
shrinkage=0.05


Tree=180
num_leaves=15
num_cat=0
split_feature=9 4 3 1 11 2 15 9 6 6 9 9 18 13
split_gain=0.768111 1.3396 1.63027 0.852295 1.66392 0.951841 0.965515 1.54636 0.926277 0.882253 0.84391 0.833106 0.989577 0.828049
threshold=0.51202409638554236 0.013606071825249909 0.23646984422846493 0.15927641521554692 0.47212509712509715 0.90509320492887912 0.11084761358403449 0.75754504504504505 0.22642970531512227 0.00085763392239170512 0.52185705755362644 0.49023129251700687 0.76804639440067246 0.52884782865134039
decision_type=2 2 2 2 2 2 2 2 2 2 2 2 2 2
left_child=11 2 -2 5 9 6 7 10 -6 -5 -3 13 -13 -1
right_child=1 3 -4 4 8 -7 -8 -9 -10 -11 -12 12 -14 -15
leaf_value=-0.0066997220247939811 -0.047759981883774963 -0.026073489757086434 0.0088720561809559877 -0.012645936947961811 -0.037780387722939818 0.041724666337789394 0.02200194816008462 -0.033163211110347028 0.0066333705990949945 0.02634335107769924 0.014487948340552188 -0.030471963311405916 0.018408296599191205 0.0030527704336570701
leaf_weight=36.56002068032808 1.4102984962537441 0.56078161385176883 2.1448936768856584 1.401453635917276 2.5397758450890255 2.0909472382627419 8.5209186437314184 1.7428078926886872 1.3652010064251952 3.627334339729714 8.042918595225272 3.7157903332263222 0.6052278659044531 50.823849548233738
leaf_count=29950 324 68 1007 47 288 32 184 628 33 103 856 549 29 2588
internal_value=0.000130732 0.00650493 -0.0191461 0.0100767 -0.00266908 0.0153839 0.0105115 -5.65816e-05 -0.0240663 0.0151823 0.00940453 -0.00223921 -0.0214526 -0.00105715
internal_weight=125.152 33.4473 3.55519 29.8921 8.93376 20.9584 18.8674 10.3465 3.90498 5.02879 8.6037 91.7049 4.32102 87.3839
internal_count=36686 3570 1331 2239 471 1768 1736 1552 321 150 924 33116 578 32538
is_linear=0
shrinkage=0.05


Tree=181
num_leaves=15
num_cat=0
split_feature=1 7 9 18 7 6 5 0 11 1 0 3 6 11
split_gain=1.42905 2.14857 1.20732 1.14089 1.84004 0.931602 1.24399 0.881786 0.870224 0.864627 0.985043 1.38183 0.911477 2.80821
threshold=0.0007798083147404982 0.47290679044201483 0.21966374852447587 0.59820249108281798 0.64091765473738127 0.059726527751135246 0.54919354838709689 0.0013878644228162084 0.72261072261072268 0.0019380458319146075 0.0074639800532785095 0.21443030653556971 4.3298055344375885e-08 0.31622242491807712
decision_type=2 2 2 2 2 2 2 2 2 2 2 2 2 2
left_child=1 2 -1 8 -5 6 -6 -2 -3 -9 11 -11 -12 -14
right_child=7 3 -4 4 5 -7 -8 9 -10 10 12 -13 13 -15
leaf_value=-0.0099138436473378607 0.027032073425019149 -0.044541166089430984 0.028962920369161361 -0.038970853879791885 -0.033201899391154616 0.030313266488228987 0.022389847195883487 0.019513844823430649 0.0011414068139784718 0.0073391917221753977 0.0094447735564293853 -0.036015974854742804 -0.016337461243947905 0.0050018969246437865
leaf_weight=3.337012394100614 2.2205445472218335 5.5318457725686567 2.8913929615723646 1.761508879329085 1.2079709691224709 2.0046635534672532 0.92717620482835617 4.61394814344112 1.1819932480893838 2.6627958065027988 21.59142224072275 3.4048935997420813 22.13654555314497 45.298043148343822
leaf_count=16364 847 5915 1445 1867 526 51 51 571 439 329 1275 1559 2107 3367
internal_value=-0.00109741 -0.0133763 0.00964385 -0.0246154 -0.00676636 0.0118529 -0.00961985 0.0012805 -0.0373932 0.000444272 -0.000674426 -0.0186432 0.000743746 -0.00213948
internal_weight=120.772 18.8436 6.22841 12.6152 5.90132 4.13981 2.13515 101.928 6.71384 99.7076 95.0937 6.06769 89.026 67.4346
internal_count=36713 26658 17809 8849 2495 628 577 10055 6354 9208 8637 1888 6749 5474
is_linear=0
shrinkage=0.05


Tree=182
num_leaves=15
num_cat=0
split_feature=2 5 2 12 7 5 2 4 13 2 17 6 6 9
split_gain=1.44636 1.50006 1.37744 1.74652 1.27827 1.18476 0.832511 0.825364 1.0794 0.996985 2.28816 1.92323 1.88872 1.88494
threshold=0.50725714207722139 0.048809523809523817 0.063340911530461549 0.024996844231254738 0.89618700937791895 0.54919354838709689 0.59363279277483538 0.44093023255813962 0.65637018655493751 0.89391329000647934 0.88456276504383036 0.074631372154655415 0.043609557587500215 0.23827265630544323
decision_type=2 2 2 2 2 2 2 2 2 2 2 2 2 2
left_child=2 -2 3 -1 -4 -5 -3 9 -9 11 -11 -8 -12 -14
right_child=1 6 4 5 -6 -7 7 8 -10 10 12 -13 13 -15
leaf_value=0.024067441021799276 0.021570678570230931 -0.029600849336392357 -0.041518934518339684 -0.033769772866122032 0.0036033999586480626 0.019994538421489072 0.002346603614109136 -0.038360901743181144 0.0036206628852778963 -0.015561134199118563 -0.0037484537225620528 -0.01877447203280443 -0.014707285575259067 0.027827237571045112
leaf_weight=3.1976421585045482 7.476275679000536 1.3711859967565931 4.827248483521771 2.719306278842851 1.9427226803873052 0.66398251193095337 45.298735038695213 2.0710112410233696 2.7423602874623612 7.5192652576115497 9.9738434020036966 13.07409388646556 2.3863225016830283 17.721705231117085
leaf_count=2049 1108 615 16381 6662 216 159 6750 364 61 754 320 616 142 569
internal_value=-0.000583704 0.00135825 -0.015514 0.00114721 -0.0297733 -0.021064 -0.000315724 0.000369589 -0.017934 0.00146304 0.00770613 -0.00262054 0.0138356 0.0223218
internal_weight=122.986 109.635 13.3509 6.58093 6.76997 3.38329 102.159 100.787 4.81337 95.974 37.6011 58.3728 30.0819 20.108
internal_count=36766 11299 25467 8870 16597 6821 10191 9576 425 9151 1785 7366 1031 711
is_linear=0
shrinkage=0.05


Tree=183
num_leaves=15
num_cat=0
split_feature=1 0 18 0 18 7 6 13 11 13 6 0 17 17
split_gain=1.03356 1.01763 1.57753 2.47464 1.76382 1.36081 1.23538 1.17134 1.20617 1.16954 1.12149 1.06806 1.35917 1.09489
threshold=0.3523916380863672 0.069468828327368046 0.59820249108281798 0.11504430366138162 0.64445680447280262 0.4837048011039492 0.76310580699378427 0.58317824005720664 0.49924379915305511 0.29436992675964307 0.27659908088005858 0.25519188996346237 0.89102653546071708 0.72561970731770298
decision_type=2 2 2 2 2 2 2 2 2 2 2 2 2 2
left_child=1 5 3 -3 6 -1 -4 8 -5 -7 -9 13 -13 -6
right_child=-2 2 4 7 11 9 -8 10 -10 -11 -12 12 -14 -15
leaf_value=0.014568377161917357 -0.009801994610680655 0.031787128512868218 -0.043325912011878763 -0.019541556079982564 0.021383572741525733 -0.026392352093471856 0.015850877560076429 -0.0012837651293825041 0.015010334047514338 -0.0026204211731111061 0.032428795067932906 -0.02007470274834177 0.031738431685933134 -0.019416785530077803
leaf_weight=9.1642267968632023 20.468117402080679 11.225903799899244 2.8680583273235238 6.856422669799942 1.3758636613347315 4.9290030262516202 0.57936910819262255 4.9734989247517642 2.8568013551557669 43.168046703247228 3.7564389756880701 0.93475582159589965 4.0152092969074147 4.7712201001122594
leaf_count=18966 813 590 324 862 41 7669 9 90 193 6639 52 49 112 287
internal_value=0.00017507 0.00226352 0.00787589 0.0143326 -0.00536986 -0.0021308 -0.0320529 0.00262006 -0.0089268 -0.00554451 0.0150645 0.00488393 0.0202245 -0.0085705
internal_weight=121.943 101.475 44.2135 29.6691 14.5445 57.2613 3.44743 18.4432 9.71322 48.097 8.72994 11.097 4.94997 6.14708
internal_count=36696 35883 2609 1787 822 33274 333 1197 1055 14308 142 489 161 328
is_linear=0
shrinkage=0.05


Tree=184
num_leaves=15
num_cat=0
split_feature=1 16 5 5 1 2 0 14 11 15 2 7 3 11
split_gain=1.01331 1.14706 0.746778 0.849712 0.723851 0.813389 1.38696 1.53629 1.18948 0.899164 0.706342 1.25784 1.1595 1.23157
threshold=0.0007798083147404982 0.30595848658409713 0.044466403162055343 0.061669829222011391 0.0019380458319146075 0.75593437511664863 0.0012729122681115685 0.024885943725356623 0.63199500728104852 0.11084761358403449 0.81310734462726952 0.77768232662825365 0.16904810505545351 0.63199500728104852
decision_type=2 2 2 2 2 2 2 2 2 2 2 2 2 2
left_child=1 -1 -3 -4 -2 6 -6 -8 -9 -10 11 -7 13 -12
right_child=4 2 3 -5 5 10 7 8 9 -11 12 -13 -14 -15
leaf_value=-0.017463146600080564 0.017969177821122964 -0.022261517705699549 0.035163285938515976 -0.0059399282534187544 0.026605098212357819 -0.024360506346814637 0.011566753241872459 -0.044577321353210214 -0.024291338340690138 0.026340749991212969 0.00027847037871471427 0.016505457092912252 -0.022537054868087845 0.033015795518014299
leaf_weight=14.065369700270141 5.3698084821126022 0.54983581287979078 1.9685486391063025 1.749646670144102 0.99020283911158724 1.2665805450010328 2.1546484697755659 4.0856977961611847 0.6618292757648303 0.87202128581702709 65.655861118197208 13.469360431554376 4.3094314720042339 2.0052080767527505
leaf_count=26175 855 132 40 362 326 507 80 2178 102 4 4438 698 724 98
internal_value=-0.000346784 -0.0108382 0.010165 0.0186621 0.00164831 0.000553583 -0.0131422 -0.0206601 -0.0328972 0.00352917 0.00207203 0.0116681 -2.57355e-05 0.0017154
internal_weight=119.174 18.3334 4.26803 3.7182 100.841 95.4708 8.7644 7.7742 5.61955 1.53385 86.7064 14.7359 71.9705 67.6611
internal_count=36719 26709 534 402 10010 9155 2690 2364 2284 106 6465 1205 5260 4536
is_linear=0
shrinkage=0.05


Tree=185
num_leaves=15
num_cat=0
split_feature=3 18 9 13 12 8 18 17 17 5 9 9 18 5
split_gain=0.723344 0.892735 1.37162 1.62063 1.49092 1.47546 1.49441 1.34246 1.5406 1.37305 1.10792 1.30097 1.10034 0.892187
threshold=0.015267274422459341 0.5484010231235551 0.54174242424242436 0.48597928092590242 0.63156894293899202 0.62882653061224503 0.45637732753668786 0.7617673891826785 0.64324612238751755 0.27097902097902099 0.51202409638554236 0.46472409909909912 0.55256771566881602 0.96303763440860235
decision_type=2 2 2 2 2 2 2 2 2 2 2 2 2 2
left_child=-1 2 3 7 10 -4 -7 8 -2 -10 11 -5 -3 -14
right_child=1 12 5 4 -6 6 -8 -9 9 -11 -12 -13 13 -15
leaf_value=0.022310578558955033 -0.016698149385062297 0.029317756575995224 -0.042541497658956637 0.0085631832444599317 -0.024892751697214326 0.02131990204780573 -0.023819834547372271 -0.026002928558022154 0.040480653276724038 -0.018318554918638052 0.034859653342247963 -0.027383110819644216 -0.00029145591684506036 0.023672234766030642
leaf_weight=2.4135429239249779 3.9270318649466835 2.7469998246806417 3.7768355232838058 22.192843547881704 2.7248206412359641 2.3914336625412034 3.0184936813966488 8.9857181489138593 2.2755574511390937 0.74402238570837642 2.6092495548073193 1.8453049107774848 56.448227859572853 3.169330569333396
leaf_count=489 18558 241 1240 1456 245 249 323 3005 921 586 33 98 9156 47
internal_value=-0.000383781 -0.00103784 -0.00566075 -0.00188954 0.00506342 -0.0222474 -0.0036529 -0.0142498 0.00231249 0.0250396 0.00891615 0.0048203 0.00302705 0.00135198
internal_weight=119.269 116.856 54.4913 45.3045 29.3722 9.18676 5.40993 15.9323 6.94661 3.01958 26.6474 24.0381 62.3646 59.6176
internal_count=36647 36158 26714 24902 1832 1812 572 23070 20065 1507 1587 1554 9444 9203
is_linear=0
shrinkage=0.05


Tree=186
num_leaves=15
num_cat=0
split_feature=0 6 6 18 16 14 4 4 4 18 14 5 7 17
split_gain=0.628607 1.05791 1.71727 1.65203 1.44238 1.38254 1.78667 1.60981 1.58134 1.26763 1.1995 1.95115 1.12547 1.07348
threshold=0.080118741443447591 0.053991265656338223 0.038954308777680829 0.7154789199591246 0.4440841350244002 0.018127053669222345 0.3352713178294574 0.072227052540057138 0.44093023255813962 0.58340724859526982 0.16359388275276129 0.47493734335839605 0.95660739959981977 0.98749490836287246
decision_type=2 2 2 2 2 2 2 2 2 2 2 2 2 2
left_child=-1 2 10 4 5 12 7 -7 -8 -4 11 -2 -3 -12
right_child=1 3 9 -5 -6 6 8 -9 -10 -11 13 -13 -14 -15
leaf_value=-0.0029149255822619839 -0.042347900418315709 0.022385415863460073 0.04564705476598168 0.021695558599958194 0.022294357779258249 0.014988061637971922 0.016570660957267329 -0.035843129547392105 -0.027917601398845034 -0.012793113286967472 0.033138065189537873 0.0048290348885185463 -0.0096347917050394003 -0.0086883239299748623
leaf_weight=63.381186810941699 1.7088262329343766 4.145487594418233 4.0055266450563058 5.5351060544344355 3.0427755243144921 1.2553358675613733 5.0727189520293896 9.7292012560465064 1.9811345453199463 0.68019888011622232 4.1297023713232184 10.698988185002234 5.011648325365968 1.6896359633683458
leaf_count=33693 61 58 122 156 35 120 307 1077 363 41 192 165 84 161
internal_value=0.000516322 0.00420882 0.0123529 -0.00120156 -0.00595321 -0.00979231 -0.01751 -0.0292681 0.00216081 0.0364057 0.00459775 -0.00434212 0.0056377 0.0215006
internal_weight=122.067 58.6863 22.9129 35.7734 30.2383 27.1955 18.0384 10.9845 7.05385 4.68573 18.2272 12.4078 9.15714 5.81934
internal_count=36635 2942 742 2200 2044 2009 1867 1197 670 163 579 226 142 353
is_linear=0
shrinkage=0.05


Tree=187
num_leaves=15
num_cat=0
split_feature=14 3 9 5 2 8 17 0 18 4 7 3 12 18
split_gain=0.929777 2.1076 1.15258 1.08762 1.45763 1.48296 1.27159 3.1711 3.31873 1.29534 2.0119 1.20993 1.17545 1.98959
threshold=0.27139267767408476 0.19518002322880376 0.28321111642488983 0.69782608695652182 0.92596775318541746 0.30495169082125612 0.97483370067314612 0.35574350125417403 0.66153829291675781 0.081238214959145211 0.71267966105800473 0.073066052548937513 0.56666308353808359 0.55049829733105338
decision_type=2 2 2 2 2 2 2 2 2 2 2 2 2 2
left_child=3 2 -2 6 12 -6 -1 8 -8 10 -10 -9 13 -5
right_child=1 -3 -4 4 5 -7 7 11 9 -11 -12 -13 -14 -15
leaf_value=2.1334179210238134e-05 -0.0025576121997016518 -0.012076615712844664 0.030560148317794574 0.030174504568300016 0.020342040039192669 -0.033511917655771495 -0.037593731585035706 -0.0027595369850930899 -0.032494925131088294 -0.022254642113561041 0.025723506479949934 0.035838028760521945 -0.003832076571900888 -0.0056581276980376119
leaf_weight=46.391897122196951 3.4210372653660697 6.407109093683288 8.5654737411614388 10.598484989041031 1.0714132774592133 3.1024424388160696 12.933893372279732 4.2268578527509808 1.0171667704780682 2.9584157519275323 5.3256248849102121 2.6879367138026282 8.6145095250667492 5.4005587774008736
leaf_count=7347 1192 23241 1936 359 28 137 1235 252 273 124 162 31 225 190
internal_value=-0.000184742 0.00987759 0.021639 -0.0020357 0.00609573 -0.018428 -0.00517358 -0.0131677 -0.022154 0.000881105 0.0132333 0.0148765 0.0108115 0.0184577
internal_weight=122.723 18.3936 11.9865 104.329 28.7874 4.17386 75.5418 29.1499 22.2351 9.30121 6.34279 6.91479 24.6136 15.999
internal_count=36732 26369 3128 10363 939 165 9424 2077 1794 559 435 283 774 549
is_linear=0
shrinkage=0.05


Tree=188
num_leaves=15
num_cat=0
split_feature=1 1 5 18 9 5 6 11 12 14 18 0 10 13
split_gain=1.17986 1.37121 1.47785 1.31197 1.49859 0.93213 1.65394 1.67757 1.54227 1.49238 1.77582 1.65578 1.34237 1.16317
threshold=0.37985604323701555 0.31832769826953095 0.73993558776167478 0.57955225868988347 0.18001925545571248 0.42020373514431247 1.4025952212100601e-08 0.29197454844006571 0.044658538658785829 0.055674773485932291 0.59820249108281798 0.015022566865182338 0.59821428571428581 0.56436388696869921
decision_type=2 2 2 2 2 2 2 2 2 2 2 2 2 2
left_child=1 5 -3 4 -2 6 7 8 -1 10 -7 -12 -9 -11
right_child=3 2 -4 -5 -6 9 -8 12 -10 13 11 -13 -14 -15
leaf_value=0.018763631960856328 0.015988584561755996 -0.010834125118978894 0.038526710597256923 0.0125472653091854 -0.024029367848272629 -0.032502348411761126 0.0088771437687215262 -0.037513597882230992 -0.021788115530867236 0.010938417212543921 0.025182453086909862 -0.018086968793391691 0.0051487725069725753 -0.018664629238359216
leaf_weight=6.0572182860628363 2.1009848511093905 1.6590256883355312 3.9560113109764643 3.9042187098093555 12.49249437149774 7.54128073224547 48.98964122729376 5.1034142154971951 2.5519089677585498 13.142676701997972 2.9897987320618995 3.9633510120329447 2.3283824149939392 3.3677178310545051
leaf_count=15281 73 160 74 101 538 443 6957 4330 5841 2164 123 79 226 269
internal_value=0.000348881 0.00248774 0.0245094 -0.0109296 -0.0176122 0.000960854 0.00434603 -0.00920104 0.00572681 -0.00605328 -0.0172262 0.0013455 -0.025122 0.00417904
internal_weight=120.148 101.65 5.61504 18.4977 14.5935 96.0354 65.0306 16.0409 8.60913 31.0048 14.4944 6.95315 7.4318 16.5104
internal_count=36659 35947 234 712 611 35713 32635 25678 21122 3078 645 202 4556 2433
is_linear=0
shrinkage=0.05


Tree=189
num_leaves=15
num_cat=0
split_feature=1 1 5 6 6 13 12 14 15 11 11 8 18 11
split_gain=1.18834 2.3663 1.73765 1.70287 1.52828 1.50866 1.46148 1.60564 1.36718 1.24932 1.77524 1.23349 1.19014 1.16525
threshold=0.15927641521554692 0.1220985112053538 0.35388994307400384 6.1060539977982851e-09 0.017630837578010546 0.67622171069250037 0.026713100935572217 0.013873295910184444 0.46831495646910176 0.2310308738880168 0.16674942072161539 0.57321428571428579 0.59820249108281798 0.51224528713087081
decision_type=2 2 2 2 2 2 2 2 2 2 2 2 2 2
left_child=1 2 3 6 5 -4 12 -8 -6 10 -5 -11 -1 -7
right_child=-2 -3 4 9 8 13 7 -9 -10 11 -12 -13 -14 -15
leaf_value=0.019729399967774206 -0.0068241410484227993 0.028356750057072701 0.0089151050078286852 0.0097934031864961441 -0.039928107621237247 -0.042428911136687952 0.013764825596298947 -0.036058173121969503 -0.0023830475728957934 0.019844013792274854 -0.031934403303089026 -0.012632272039229559 -0.024935259478336684 0.012555880363643544
leaf_weight=4.5279072097905537 37.654934185611182 7.7681683896789755 11.481132105068129 7.0326591478506071 5.0796747878957813 2.0004170213633183 1.5994291879369482 5.0725666204191384 4.2569014094187878 25.51689234824244 2.7499677207697459 2.6049044706751365 1.1026125318071534 0.8713253189343958
leaf_count=14463 1964 420 2779 1367 613 238 103 8371 84 3199 867 474 1782 18
internal_value=0.000416064 0.00379664 0.000870678 0.00611295 -0.0100373 0.000486053 -0.00951338 -0.0238771 -0.0246965 0.0112989 -0.00381038 0.0165053 0.00854128 -0.0268118
internal_weight=119.319 81.6646 73.8964 50.2069 23.6895 14.3529 12.3025 6.672 9.33658 37.9044 9.78263 28.1218 5.63052 2.87174
internal_count=36742 34778 34358 30626 3732 3035 24719 8474 697 5907 2234 3673 16245 256
is_linear=0
shrinkage=0.05


Tree=190
num_leaves=15
num_cat=0
split_feature=1 18 12 2 5 11 17 17 5 6 13 15 8 2
split_gain=0.981541 1.26582 1.59251 1.34423 1.07314 1.21572 1.10406 1.01651 0.961429 2.91758 1.6381 1.49937 1.05214 1.01953
threshold=0.3523916380863672 0.57955225868988347 0.38377401025343416 0.9440289292018621 0.72902097902097907 0.4941751612232162 0.96597904655220845 0.9062274921351855 0.47493734335839605 0.0022418192597816254 0.73707072163581122 0.89153270701183984 0.98611111111111127 0.046639894374467659
decision_type=2 2 2 2 2 2 2 2 2 2 2 2 2 2
left_child=4 2 7 -4 8 6 -6 -2 13 10 -10 12 -11 -1
right_child=1 -3 3 -5 5 -7 -8 -9 9 11 -12 -13 -14 -15
leaf_value=-0.020675817767665541 -0.0019919756939646011 0.013279086199024823 -0.011781656843260154 0.025479198708757558 0.0026412828147073172 -0.011535691378062859 0.040362065560741192 -0.047479243670177002 0.017467137994356986 -0.041596632297585284 -0.034723763481352685 0.011628984611366619 0.0050882425989019634 0.0056930451376040279
leaf_weight=2.9025429934283684 1.8168990544109025 4.4816711357343584 8.9665130033681617 2.2069255745736873 3.2223625689148303 2.089790967922454 4.5132448484364431 3.4811044060770655 9.2225117326715917 6.7129548717512062 0.81366613651880548 1.6411881239619104 1.1904134509604771 67.542482451098749
leaf_count=6082 146 120 174 34 106 149 56 320 1082 683 91 30 74 27538
internal_value=0.00133722 -0.00825811 -0.0145427 -0.00293361 0.00341265 0.0182936 0.0267501 -0.034673 0.00160542 -0.0079391 0.0104729 -0.0264566 -0.0347832 0.00433238
internal_weight=120.804 20.9531 16.4714 11.1734 99.8512 9.8254 7.73561 5.298 90.0258 19.5807 10.0362 9.54456 7.90337 70.445
internal_count=36685 794 674 208 35891 311 162 466 35580 1960 1173 787 757 33620
is_linear=0
shrinkage=0.05


Tree=191
num_leaves=15
num_cat=0
split_feature=14 9 18 7 18 17 14 0 6 11 14 0 9 11
split_gain=1.49983 4.07443 1.3841 1.06502 1.13553 0.681004 0.654744 1.64096 2.40842 1.61344 1.52479 1.52291 1.48512 1.42159
threshold=0.0064309346567411095 0.36896466244292336 0.46342124674325785 0.89618700937791895 0.50710217184874651 0.84223045556927434 0.11171991639295313 0.064377551022189464 0.026753388373066563 0.26637102734663715 0.059765276183186639 0.026549355426966865 0.40026583961010193 0.23693957115009748
decision_type=2 2 2 2 2 2 2 2 2 2 2 2 2 2
left_child=1 2 -1 -3 -5 -4 9 8 11 13 -11 -8 -9 -2
right_child=6 3 5 4 -6 -7 7 12 -10 10 -12 -13 -14 -15
leaf_value=0.0058912827404681758 0.0027489562226937934 -0.015678734317483775 -0.004679368983702587 -0.011394647317492929 0.026969925616661002 -0.05530500954420408 -0.0028470748451829317 0.0023807306809924059 0.028115187702949608 0.00083151778056434931 -0.0195937926376538 -0.038156879533416219 0.02704734054316299 0.033223850348228952
leaf_weight=1.1730135671678024 12.904958959016087 2.7124417159939167 0.97536977662093693 2.0591491316445172 5.666916883084923 4.6487433944348595 16.466561603932298 10.986473999240845 4.3481719525698272 28.641950495133642 12.365505818332165 2.804954248545072 13.342729789670555 4.5679615653680221
leaf_count=45 1950 75 57 22 62 89 28425 1390 451 984 928 1310 917 115
internal_value=0.0010893 -0.0121796 -0.0396102 0.00758333 0.016611 -0.048557 0.0033315 0.00759814 -0.00180948 -0.000235706 -0.00564741 -0.00961516 0.0164423 0.0120833
internal_weight=123.665 17.2356 6.79713 10.4385 7.72607 5.62411 106.429 47.9489 23.6197 58.4804 41.0075 19.2715 24.3292 17.4729
internal_count=36820 350 191 159 84 146 36470 32493 30186 3977 1912 29735 2307 2065
is_linear=0
shrinkage=0.05


Tree=192
num_leaves=15
num_cat=0
split_feature=6 16 9 9 3 9 6 3 11 15 16 17 3 6
split_gain=1.07062 1.48128 1.01213 1.43654 1.76385 1.4144 1.39813 0.990704 1.03247 0.980122 0.890617 1.0324 1.0034 2.11819
threshold=0.074631372154655415 0.4440841350244002 0.37160349373764012 0.29489002693821981 0.039312276634791858 0.49023129251700687 0.87642481571845388 0.068709763948497871 0.23827838827838829 0.9683600246133518 0.35672485264614989 0.52752147999656607 0.24009803921568632 0.035857103106096251
decision_type=2 2 2 2 2 2 2 2 2 2 2 2 2 2
left_child=10 2 3 9 -5 -4 7 -7 -9 -2 12 -12 -1 -14
right_child=1 -3 5 4 -6 6 -8 8 -10 -11 11 -13 13 -15
leaf_value=0.0075855062936166749 -0.017346203136351681 0.016025668995911648 0.009238030429701222 0.0068259781566762864 -0.052422997790978768 0.0016397713457229927 0.0085479725106863257 0.013727677594223234 -0.047549554992928643 0.014096627297955026 0.014403649471797243 -0.026166503065113603 -0.012265616979087783 0.033585398192685967
leaf_weight=55.250922542181797 6.1622242223311314 4.9747331610997199 10.100488921241778 1.3866271154256526 4.1016789203385997 1.7969502878186157 3.1632381684612483 0.35493748777662393 3.7713088103046175 2.8932005767710507 1.5021985501152801 4.155369139468803 16.060436949095678 1.9757259741454607
leaf_count=6091 591 105 647 95 372 79 33 10 347 49 215 330 27658 78
internal_value=-0.000605108 -0.00731172 -0.0111159 -0.0206199 -0.0387088 -0.00324731 -0.0166659 -0.029421 -0.0406288 -0.00689741 0.00273337 -0.0148488 0.00427229 -0.00574254
internal_weight=117.65 38.7054 33.7307 14.5437 5.48831 19.1869 9.08643 5.9232 4.12625 9.05542 78.9447 5.65757 73.2871 18.0362
internal_count=36700 2328 2223 1107 467 1116 469 436 357 640 34372 545 33827 27736
is_linear=0
shrinkage=0.05


Tree=193
num_leaves=15
num_cat=0
split_feature=14 14 11 11 11 12 8 13 12 8 13 13 0 9
split_gain=0.712664 1.65186 1.73981 1.61473 2.2043 1.46699 1.36656 1.25627 1.08715 1.08239 1.32864 1.0796 1.3796 1.37682
threshold=0.11171991639295313 0.12275320202346358 0.2310308738880168 0.26637102734663715 0.33440860215053775 0.10834946429005836 0.034297052154195019 0.49881041069493409 0.27297732457628149 0.26778819635962497 0.65637018655493751 0.71398684493559539 0.0099014753233983427 0.36695075757575762
decision_type=2 2 2 2 2 2 2 2 2 2 2 2 2 2
left_child=3 5 6 8 11 -2 -3 -4 -1 -6 -11 12 -5 -13
right_child=1 2 7 4 9 -7 -8 -9 -10 10 -12 13 -14 -15
leaf_value=0.016078589950096412 -0.019499246850469415 0.0084796746075593479 0.0093898970204994298 0.0073241816677224944 -0.018926538339910062 0.033969509797110456 -0.029916005655985251 -0.021912540551755417 -0.0071443033900954831 -0.011424599839205919 0.0094477799983774986 -0.026637913402475639 -0.049796377969136593 0.015034547494265665
leaf_weight=13.743114526308092 0.88263107844249944 2.9182266625018638 28.818401492628713 1.0112762849221306 6.5287615026845733 6.0476421748785469 5.9976661802387525 2.6387197437361456 6.9433883147157749 10.809431631765621 20.595192560751457 3.521636404999299 4.6750255761580775 2.6638231112156063
leaf_count=1095 151 8998 10526 80 506 271 12222 263 1102 716 424 88 260 40
internal_value=4.39558e-06 0.00469608 0.000583501 -0.0031656 -0.00800337 0.0255597 -0.0177611 0.00616993 0.00831386 -0.00188488 0.00213268 -0.0258883 -0.0400617 -0.00909657
internal_weight=117.795 47.3033 40.373 70.4916 49.8051 6.93027 8.91589 31.4571 20.6865 37.9334 31.4046 11.8718 5.6863 6.18546
internal_count=36742 32431 32009 4311 2114 422 21220 10789 2197 1646 1140 468 340 128
is_linear=0
shrinkage=0.05


Tree=194
num_leaves=15
num_cat=0
split_feature=4 4 17 9 3 4 15 2 6 4 17 2 0 4
split_gain=1.28589 1.22488 2.69475 1.72171 1.31668 1.27637 0.998164 1.18356 1.17049 1.70668 2.27234 1.40868 2.13963 1.25705
threshold=0.25976661593099953 0.20087719298245618 0.99000982561640416 0.29187984496124036 0.10987804878048782 0.17257053291536054 0.45476961743594962 0.67587452860585107 0.10835178010770001 0.12650953004510407 0.92940802399055034 0.81675308578515071 0.0095574696915547309 0.062781531531531543
decision_type=2 2 2 2 2 2 2 2 2 2 2 2 2 2
left_child=1 5 4 -4 -3 6 8 -8 9 11 -11 13 -13 -1
right_child=-2 2 3 -5 -6 -7 7 -9 -10 10 -12 12 -14 -15
leaf_value=-0.00069520521259344454 -0.0087215609575800913 0.044854364162596166 0.014127796068529416 -0.035103071865833793 -0.00077601558797144119 -0.021606127809715769 -0.015256803156945845 0.019694685280167438 -0.01545941727530974 -0.023875692435394887 0.038652792418438532 0.018992035445985239 -0.028099924500304765 0.021252853581187003
leaf_weight=28.441033865557642 24.991842600677046 5.8461401426175126 3.0203996790296515 2.280456280677754 2.0119317862463504 4.6133590075769453 2.1526576713936256 13.079061170083149 9.0735089495283301 1.1585530016336623 5.1772509435832035 2.5297198251191713 7.7653793273420888 7.4429971512563489
leaf_count=29624 1476 154 92 160 119 350 433 300 602 300 215 296 1811 839
internal_value=0.00115105 0.0038234 0.0174015 -0.00926139 0.0344027 0.00144481 0.00308897 0.0141195 0.000178959 0.00311934 0.0255229 -0.000430269 -0.0158715 0.00431
internal_weight=119.584 94.5924 13.1589 5.30086 7.85807 81.4335 76.8202 15.2317 61.5884 52.5149 6.3358 46.1791 10.2951 35.884
internal_count=36771 35295 525 252 273 34770 34420 733 33687 33085 515 32570 2107 30463
is_linear=0
shrinkage=0.05


Tree=195
num_leaves=15
num_cat=0
split_feature=4 11 8 17 17 16 4 18 6 18 16 14 17 1
split_gain=0.841635 1.3565 1.07567 1.40881 1.06505 1.26432 1.17764 1.09775 1.06413 1.70558 1.61816 1.02548 1.01801 1.20283
threshold=0.05581516095534788 0.27798663324979117 0.26201372997711675 0.65575574194789676 0.64324612238751755 0.32338046620063976 0.080229885057471279 0.49522746148945079 0.053991265656338223 0.60062306331364435 0.358131209585211 0.32268272764393635 0.99967881633045186 0.021375062745529621
decision_type=2 2 2 2 2 2 2 2 2 2 2 2 2 2
left_child=1 11 -3 -4 5 -2 -6 -8 9 10 -9 -1 -5 -14
right_child=4 2 3 12 6 -7 7 8 -10 -11 -12 -13 13 -15
leaf_value=0.012678654260589606 -0.037458679694798346 -0.025874807954416459 0.016803339738280212 -0.023529336489934816 0.018829325048633327 0.020617901353299974 -0.0085314740303092836 0.024390381826471467 -1.6249258250082712e-05 -0.016862778066736188 -0.027663292887133036 -0.020247862513941558 0.019522931533591182 -0.02530555231030502
leaf_weight=12.537934724682144 2.0506456174939554 7.7032080861097283 4.8070030466246889 7.2474673865881396 12.702927711205573 0.60543311681249168 15.665927063906564 16.599695272936522 28.395888502935122 2.8546792387387532 0.81034241151064534 1.9324113091704465 3.3754011048667962 1.2967784075808593
leaf_count=5900 980 4996 1083 1203 934 13 1306 733 1381 335 21 17417 229 195
internal_value=0.00139028 -0.00456406 -0.011576 -0.00390265 0.00431756 -0.0222021 0.0055048 0.00262558 0.00631698 0.0147748 0.0205965 0.00725696 -0.0129073 0.00481286
internal_weight=118.586 38.9002 24.4299 16.7266 79.6855 2.65608 77.0295 64.3265 48.6606 20.2647 17.41 14.4703 11.9196 4.67218
internal_count=36726 31023 7706 2710 5703 993 4710 3776 2470 1089 754 23317 1627 424
is_linear=0
shrinkage=0.05


Tree=196
num_leaves=15
num_cat=0
split_feature=6 6 4 0 6 7 13 12 12 18 6 16 14 12
split_gain=0.809593 1.87059 1.04209 1.10634 1.92126 1.30042 2.51901 1.39544 1.12648 0.961139 1.32922 0.959924 0.950316 1.98613
threshold=0.053991265656338223 0.038954308777680829 0.31096096096096099 0.061263582645503377 3.5625186534102634e-07 0.50678063645291027 0.37840914847786783 0.12880509524320424 0.062507973972952297 0.46154631710881217 0.029088864660584374 0.4440841350244002 0.27440442427680095 0.15447250059180939
decision_type=2 2 2 2 2 2 2 2 2 2 2 2 2 2
left_child=1 2 3 5 12 -1 -7 8 9 -8 -11 -2 13 -5
right_child=11 -3 -4 4 -6 6 7 -9 -10 10 -12 -13 -14 -15
leaf_value=0.014704429357927954 -0.0075863180787737218 0.024651810362802451 -0.019340672953115937 -0.029591412128664469 -0.031421230382286551 -0.029538086850471969 0.015994226217240375 -0.014459802402038516 0.017889080791183433 -0.030362523341589176 0.020477994734872114 0.013258160524814835 0.038524090455272081 0.019471833416935026
leaf_weight=8.7905908170397407 38.420781465616528 8.3671671707834303 4.904522358585381 1.6597217007074494 1.214376648507822 7.5538431267607384 2.3048151643488444 8.3449798994110989 11.795143739265312 3.7453038670355454 0.97352591541130085 5.4917840256239279 3.6759850359885595 8.990508755668996
leaf_count=19906 2571 406 249 92 228 8756 228 2463 922 426 11 120 156 107
internal_value=0.000549154 0.00378296 0.000715143 0.0026753 0.0136868 -0.00147703 -0.00587119 0.00152534 0.0089857 -0.00633223 -0.0181271 -0.00474231 0.0193111 0.00994217
internal_weight=116.233 72.3205 63.9533 59.0488 15.5406 43.5082 34.7176 27.1638 18.8188 7.02364 4.71883 43.9126 14.3262 10.6502
internal_count=36641 33950 33544 33295 583 32712 12806 4050 1587 665 437 2691 355 199
is_linear=0
shrinkage=0.05


Tree=197
num_leaves=15
num_cat=0
split_feature=1 8 6 6 8 7 13 14 2 3 1 18 13 15
split_gain=1.02366 0.992756 0.804049 1.63669 1.67315 2.30793 1.15346 2.12084 1.65401 1.43852 1.23198 1.1251 1.11296 1.0745
threshold=0.46780333895370624 0.30495169082125612 0.0028630915191114356 0.015729368792027149 0.17724358974358975 0.7945789949748745 0.60549799009541205 0.1154812524159258 0.89391329000647934 0.19142369319674288 0.0038197827914484583 0.74297900490782565 0.085522340184545562 0.35568759803317046
decision_type=2 2 2 2 2 2 2 2 2 2 2 2 2 2
left_child=2 -2 -1 12 11 -6 7 10 9 -9 -7 -5 -4 -10
right_child=1 -3 3 4 5 6 -8 8 13 -11 -12 -13 -14 -15
leaf_value=0.0074634036714669033 0.022610181451650686 -0.01527888012376178 0.021240026616003584 -0.033437189107558621 0.025608681921672788 0.011186182606096903 0.0065004270839120297 -0.037439599354085078 0.030273579332665775 0.012923054170972665 -0.04222549153791022 0.0071092982620602797 -0.032094662148572026 -0.015389840167187514
leaf_weight=43.722393011809913 1.0676851569951384 13.652057132985645 0.45129474953591753 4.1969300010387078 9.4800814366708419 0.89029655711783462 20.607011371685076 2.4024347680078773 4.2819187437780784 1.7553248814492688 4.6232426712667802 2.1009767194937012 5.0479421902955437 1.0200360124435972
leaf_count=30322 51 412 336 719 610 30 449 784 498 152 411 111 1729 83
internal_value=0.000612485 -0.0112671 0.00244485 -0.00147661 0.00148683 0.00498418 -0.00106091 -0.0112227 0.00354082 -0.0177943 -0.0332076 -0.0207902 -0.0251231 0.0204404
internal_weight=115.3 14.7197 100.58 56.8575 51.3583 45.0603 35.5803 14.9733 9.45971 4.15776 5.51354 6.29791 5.49924 5.30195
internal_count=36697 463 36234 5912 3847 3017 2407 1958 1517 936 441 830 2065 581
is_linear=0
shrinkage=0.05


Tree=198
num_leaves=15
num_cat=0
split_feature=6 6 2 9 9 17 14 15 12 6 2 12 8 18
split_gain=1.02801 0.901646 1.23748 0.887654 1.39537 1.06459 1.0338 0.991208 1.13096 0.875723 2.97506 0.932208 1.27514 0.829055
threshold=0.077017037850772463 0.10426047270998322 0.60091490818905768 0.38918128654970768 0.49023129251700687 0.91582220694942384 0.066965626313787524 0.3367573281543807 0.14170176135143456 0.038954308777680829 0.92013670046671092 0.045635749590403653 0.24744897959183676 0.51794138423712377
decision_type=2 2 2 2 2 2 2 2 2 2 2 2 2 2
left_child=9 2 -2 7 5 -5 13 -3 -9 -1 11 -11 -13 -6
right_child=1 3 -4 4 6 -7 -8 8 -10 10 -12 12 -14 -15
leaf_value=0.00099668317737859288 0.018297401254722727 -0.024616678837754292 -0.037797880271478616 -0.0094222943897486616 -0.022095951496779516 0.026731513411581965 -0.037392226309344988 0.020681424086056582 -0.013431588628265512 0.044312920042562029 -0.039770743639121205 -0.025677408245377165 0.018751604183062043 0.0095692599399468097
leaf_weight=64.282778048169916 0.62600547245528959 6.8356859311061262 3.1757925628335215 2.2134704218042334 1.9725527157424929 6.4932006674207514 1.4430354127125609 3.0575741402280965 5.0563882873975672 2.6723595928633577 1.3424643898906641 0.9984988578780748 10.100707445049919 5.7860964504652657
leaf_count=33677 35 854 358 182 72 217 233 71 154 160 112 128 440 99
internal_value=0.000435741 -0.00638535 -0.0266743 -0.00331935 0.00412158 0.0175164 -0.00902733 -0.0119325 0.00028193 0.00362549 0.0140506 0.0216343 0.0129628 -8.48829e-05
internal_weight=116.057 36.6598 3.8018 32.858 17.9084 8.70667 9.20168 14.9496 8.11396 79.3968 15.114 13.7716 11.0992 7.75865
internal_count=36792 2275 393 1882 803 399 404 1079 225 34517 840 728 568 171
is_linear=0
shrinkage=0.05


Tree=199
num_leaves=15
num_cat=0
split_feature=14 18 17 9 8 12 1 15 17 17 14 14 13 9
split_gain=0.749267 1.58972 3.35601 1.70151 1.19958 1.35057 1.31113 1.27619 1.34362 1.17989 1.37119 1.1286 1.10197 1.00667
threshold=0.18937152590998749 0.55818097057315941 0.7617673891826785 0.27779098014364179 0.25863991081382393 0.1508765564128027 0.21518961900360409 0.2024011413686089 0.8237710437335769 0.92940802399055034 0.1930863776032776 0.10435607460516914 0.15463003874787598 0.56676356589147303
decision_type=2 2 2 2 2 2 2 2 2 2 2 2 2 2
left_child=4 2 3 -2 5 7 -7 8 11 10 -3 -1 -12 -5
right_child=1 9 -4 13 -6 6 -8 -9 -10 -11 12 -13 -14 -15
leaf_value=0.010746091284033782 -0.017614252485781089 0.031078320192806309 -0.03085416330091946 0.037127080836151571 0.0022012831416386514 -0.047638084117762124 0.0087345558785070204 0.010803261079966167 -0.030674716241617897 0.029037382895170952 0.017477132574614123 -0.027947443318870464 -0.030239593210777672 -0.016940404097265944
leaf_weight=6.0119357312055453 1.8285857689182892 1.3002332837895654 5.5771493536165053 4.740629560412799 66.065815963391742 2.9068591180233621 1.0299761778042009 7.5599721588441744 5.3942254011099067 8.9898775772085155 1.0247792075997497 1.5773315534092942 2.6580542263934603 0.41963982966808533
leaf_count=537 16667 39 2949 2737 2943 2097 52 323 620 1474 2189 676 2387 925
internal_value=0.000860112 0.00808543 -0.00469352 0.0174318 -0.00132281 -0.0105465 -0.0341077 -0.00465776 -0.0137891 0.0191236 -0.000625658 0.000386654 -0.0160652 0.030694
internal_weight=117.085 26.5389 12.566 6.98886 90.5461 24.4803 3.93684 20.5435 12.9835 13.9729 4.98307 7.58927 3.68283 5.16027
internal_count=36615 29367 23278 20329 7248 4305 2149 2156 1833 6089 4615 1213 4576 3662
is_linear=0
shrinkage=0.05


Tree=200
num_leaves=15
num_cat=0
split_feature=18 17 12 4 0 18 15 14 13 8 7 4 17 4
split_gain=1.06183 1.77518 1.52172 1.51265 1.53371 1.39894 2.23244 1.36458 1.47815 1.59286 1.44248 1.29289 1.12864 1.09219
threshold=0.5484010231235551 0.89102653546071708 0.63156894293899202 0.44093023255813962 0.0099014753233983427 0.52135472566557917 0.49753420713047036 0.22599446786090624 0.54566137722973085 0.24744897959183676 0.79876372234166271 0.10495716034271728 0.90215185987458035 0.074696610405914368
decision_type=2 2 2 2 2 2 2 2 2 2 2 2 2 2
left_child=2 11 5 4 12 -1 -7 8 -6 10 -10 13 -3 -2
right_child=1 3 -4 -5 7 6 -8 -9 9 -11 -12 -13 -14 -15
leaf_value=0.0022878045268304886 -0.0061609716661174437 0.023638558097528482 -0.026607282574651166 -0.030963618078287306 -0.011372980503846046 -0.035735620385973638 0.015485635828892751 0.032356727244903884 0.010449892743165743 0.020885687884929192 -0.044581910380235241 -0.028103984482430351 -0.023308699767972226 0.026215065580230651
leaf_weight=41.239446786692838 12.186923563257325 0.83789262491336458 5.9265424377147147 1.1841153440036567 5.7607454075259765 5.3712981556880086 2.4983220452413661 8.5293184586735133 2.1512028266442971 19.125879805098521 1.0512662773253394 4.563606696909118 3.9440940465074164 2.2462198727516798
leaf_count=24946 5465 60 466 113 424 1683 66 791 40 369 44 483 1623 167
internal_value=0.000341568 0.00481524 -0.00466078 0.010413 0.0122988 -0.00153411 -0.0195621 0.0157708 0.0097952 0.01551 -0.0139251 -0.00762643 -0.0124171 0.000249826
internal_weight=116.617 61.5813 55.0356 42.5845 41.4004 49.1091 7.86962 36.6184 28.0891 22.3283 3.20247 18.9968 4.78199 14.4331
internal_count=36740 9579 27161 3464 3351 26695 1749 1668 877 453 84 6115 1683 5632
is_linear=0
shrinkage=0.05


Tree=201
num_leaves=15
num_cat=0
split_feature=1 16 14 18 17 17 17 6 3 13 5 14 16 9
split_gain=1.72691 1.04556 1.04087 2.20828 2.23853 1.53982 1.11729 1.20841 1.07689 1.05035 0.971533 0.922566 0.902497 0.99644
threshold=0.36432065220452875 0.88841992257794711 0.18937152590998749 0.55818097057315941 0.7617673891826785 0.64589956630680201 0.96597904655220845 0.0088527565039045134 0.19518002322880376 0.24116438249285646 0.044466403162055343 0.17425814158179306 0.4440841350244002 0.56676356589147303
decision_type=2 2 2 2 2 2 2 2 2 2 2 2 2 2
left_child=1 2 11 4 5 -4 7 8 -5 -8 -3 -1 13 -2
right_child=12 10 3 6 -6 -7 9 -9 -10 -11 -12 -13 -14 -15
leaf_value=-0.00023607485054758846 -0.0088330097366034182 -0.019744104408259473 -0.0087481380720844278 0.035245645332265312 -0.02783977811434081 0.036013074981456408 -0.0029282677448572475 -0.022700513923761611 -0.0096350623030050479 0.040404149052040587 0.02945948885493457 -0.027910983472388837 0.020586871773464403 -0.036807080375363677
leaf_weight=64.102864014888041 16.46407449449908 0.48355149870258074 3.3462540831773158 2.3534405034843071 5.1566913448546075 2.7102565776672236 1.5382687131977926 1.7779161859780286 1.6454896502639256 6.9984491719696962 4.9422226554734152 2.1607794570825254 1.0789744182256971 3.3150214185989162
leaf_count=5909 635 66 18903 271 2883 1484 570 689 3892 671 162 555 17 101
internal_value=0.000348248 0.00317413 0.00178885 0.0101625 -0.00620679 0.0135472 0.022554 0.00437439 0.0185449 0.0331076 0.0226842 -0.00154005 -0.0123654 -0.0150672
internal_weight=118.074 97.2162 91.7904 25.5268 11.2132 6.05651 14.3136 5.77685 3.99893 8.53672 5.42577 66.2636 20.8581 19.7791
internal_count=36808 36055 35827 29363 23270 20387 6093 4852 4163 1241 228 6464 753 736
is_linear=0
shrinkage=0.05


Tree=202
num_leaves=15
num_cat=0
split_feature=1 4 14 14 8 14 0 6 14 15 7 5 3 17
split_gain=1.72651 1.61123 1.16574 2.4447 1.52084 1.45915 1.42849 1.16254 1.08736 0.934569 0.910948 1.3496 0.800135 0.785874
threshold=0.46780333895370624 0.31096096096096099 0.27139267767408476 0.32268272764393635 0.30217391304347835 0.23389454819845315 0.030997253376268651 0.17602596244514307 0.2224471434997751 0.52689527905334999 0.99988972209969129 0.69782608695652182 0.13877217553688145 0.96943593019796803
decision_type=2 2 2 2 2 2 2 2 2 2 2 2 2 2
left_child=2 9 5 4 12 8 -5 -3 10 -2 11 -1 -4 -9
right_child=1 7 3 6 -6 -7 -8 13 -10 -11 -12 -13 -14 -15
leaf_value=-0.001484964771813911 -0.028012556046826217 -0.05313826098640953 -0.005572738473242589 -0.018525988071324714 -0.0080601297196084797 -0.033850473620006954 0.013534702767744367 0.020963049222843731 0.033436101476295291 0.0052393935237346687 -0.029370378035714448 0.015806996534596079 0.054736964715904383 -0.02222459719850798
leaf_weight=63.762802948498802 1.7171549186969048 2.6137833846587446 0.42061799479052098 4.7398667188829204 1.1403450806928956 1.9978000466151105 7.8076496523708556 0.82435395664651889 1.6081965090813799 8.593288838863371 1.4580539833405044 12.676303202315465 4.187930470110814 1.5646284349604684
leaf_count=7482 153 84 163 22512 448 1400 1751 19 423 119 86 521 1348 105
internal_value=0.000590701 -0.0145058 0.00302802 0.0140791 0.0383475 0.000406624 0.000950153 -0.0351145 0.00167721 -0.00228563 0.000606065 0.00154974 0.0492204 -0.00553376
internal_weight=115.113 15.3132 99.7996 18.2964 5.74889 81.5032 12.5475 5.00277 79.5054 10.3104 77.8972 76.4391 4.60855 2.38898
internal_count=36614 480 36134 26222 1959 9912 24263 208 8512 272 8089 8003 1511 124
is_linear=0
shrinkage=0.05


Tree=203
num_leaves=15
num_cat=0
split_feature=4 13 4 14 14 14 4 14 1 4 8 2 2 0
split_gain=1.63636 2.00422 0.782392 0.656973 1.87065 1.38326 1.35139 0.892765 0.858243 1.13987 0.991989 0.826802 0.778519 1.06424
threshold=0.44093023255813962 0.58317824005720664 0.58195386702849394 0.30059576580729819 0.32268272764393635 0.23389454819845315 0.24552883132901637 0.2224471434997751 0.00038400041781456632 0.012270400481782597 0.27386363636363642 0.87581251749402755 0.58397975153462911 0.0058000090921808091
decision_type=2 2 2 2 2 2 2 2 2 2 2 2 2 2
left_child=3 -2 -3 5 -5 7 8 12 9 -6 -10 -12 13 -1
right_child=1 2 -4 4 6 -7 -8 -9 10 -11 11 -13 -14 -15
leaf_value=-0.0031281059049218943 -0.04656403148627717 -0.020866314321554929 0.019450484654053486 0.040760688323281113 -0.01910101600129133 -0.029676757234216262 0.026781394117413093 0.029819376060871046 -0.035129193186832323 0.02791784082003881 -0.015549513934294469 0.024544447649105426 0.0018150304301511194 -0.037885028452160081
leaf_weight=9.5131981024092038 3.0785697217397674 0.96468976105097715 2.1917714508599602 2.8852363448834231 1.2837303998491036 2.8679827062259156 2.7292820680759169 1.5836371603695614 2.9550088538767341 2.1636052140688662 2.0646700254378634 1.2190793102181485 79.416603384840528 1.9535235937364621
leaf_count=4144 374 33 51 823 18846 2471 305 424 2835 1090 1104 125 3889 241
internal_value=-0.000293393 -0.0233349 0.00507299 0.00120254 0.0104791 -0.000379601 0.000928077 0.000836877 -0.00818118 0.0100508 -0.0182523 0.00159018 1.28191e-05 -0.0116134
internal_weight=116.871 6.23503 3.15646 110.636 15.3006 95.3349 12.4154 92.467 9.68609 3.44734 6.23876 3.28375 90.8833 11.4667
internal_count=36755 458 84 36297 25128 11169 24305 8698 24000 19936 4064 1229 8274 4385
is_linear=0
shrinkage=0.05


Tree=204
num_leaves=15
num_cat=0
split_feature=14 3 6 11 0 3 17 4 4 4 4 18 3 11
split_gain=1.23957 2.27338 1.94563 1.11928 1.10795 0.950024 1.49608 1.5023 2.06835 0.928989 1.49789 1.06257 0.848995 0.808948
threshold=0.27139267767408476 0.19518002322880376 4.3298055344375885e-08 0.26637102734663715 0.064377551022189464 0.073066052548937513 0.92542118574360122 0.092450142450142464 0.50287356321839094 0.21020142949967513 0.40642170329670335 0.58179537971333006 0.26126082616954832 0.26096575606002315
decision_type=2 2 2 2 2 2 2 2 2 2 2 2 2 2
left_child=5 2 4 -4 -2 6 7 -1 -9 11 -11 -8 -3 -7
right_child=1 12 3 -5 -6 13 9 8 -10 10 -12 -13 -14 -15
leaf_value=0.0080233184704466241 -0.0076883767873158586 -0.034798687537585048 -0.015929970088625036 0.019498260857367899 0.054630557147610392 0.01036990686536501 -0.012590361310290767 -0.050444941516082878 0.014957561357080191 -0.038314042792675397 0.0065882995880697003 0.030388131616610994 0.0014227546012057395 -0.001066946159959133
leaf_weight=2.0442130023584477 0.56468553827289891 1.4135858431091026 2.5412104848351191 5.3245207488344022 4.1394347578243469 19.796235803066224 1.5110181006602941 4.5409541456938314 1.0528328206419244 1.9087659488141069 4.4983479084585269 3.1687021504621953 4.6837906897191033 59.67631409292153
leaf_count=127 311 1377 1214 1499 109 5215 78 256 40 128 287 48 21785 4167
internal_value=0.00174878 0.0132069 0.0247347 0.00754656 0.0471134 -0.000540576 -0.0103697 -0.0259763 -0.0377337 0.00164167 -0.0101553 0.0167375 -0.0106945 0.00187538
internal_weight=116.865 18.6672 12.5699 7.86573 4.70412 98.1974 18.7248 7.638 5.59379 11.0868 6.40711 4.67972 6.09738 79.4725
internal_count=36641 26295 3133 2713 420 10346 964 423 296 541 415 126 23162 9382
is_linear=0
shrinkage=0.05


Tree=205
num_leaves=15
num_cat=0
split_feature=14 3 11 8 13 3 2 2 14 11 3 6 1 13
split_gain=1.28128 1.74422 1.17854 0.903198 0.900585 0.978141 0.835316 1.13442 1.74283 2.40755 1.77317 1.52788 1.09473 1.50642
threshold=0.27139267767408476 0.19518002322880376 0.16530045465743914 0.31866537717601556 0.22605145007917085 0.26126082616954832 0.81675308578515071 0.89391329000647934 0.0099256194276144041 0.32489316239316246 0.064183447123556031 0.040562337493242735 0.17884888211227465 0.62925816197553419
decision_type=2 2 2 2 2 2 2 2 2 2 2 2 2 2
left_child=6 2 -2 -4 -3 -6 -1 8 -8 11 -11 -10 13 -9
right_child=1 4 3 -5 5 -7 7 12 9 10 -12 -13 -14 -15
leaf_value=0.0044964223918903421 -0.0097966145354188364 -0.028665602170172083 0.035323752153217092 -0.0013603282371285842 -0.026421614453789301 0.018205705092299001 0.0072575709794122385 0.021384679268760073 0.012757326341579188 0.018726235761975015 -0.044055940471092937 -0.031438587028893988 -0.0049883893100183341 -0.020180188002114491
leaf_weight=35.52816006761509 1.8570363791627666 2.1344329412956986 8.4720351585929148 1.9511855854225348 0.76441066687311865 3.2064656025139584 6.7022068812511888 9.0365549205998814 5.6713092287527642 0.71959860096103412 8.3858937934473925 1.7665023948975429 27.991955659883388 1.9334093892248336
leaf_count=7148 817 19866 1549 762 369 2986 102 389 453 13 1016 160 1043 53
internal_value=0.000772542 0.0125195 0.0227845 0.0289387 -0.00842853 0.00602773 -0.00154165 -0.00500672 -0.0134982 -0.0218414 -0.0377322 -0.000221249 0.000270472 0.0129851
internal_weight=116.121 18.3856 12.2803 10.4232 6.10531 3.97088 97.7356 62.2074 23.2455 16.5433 9.10549 7.43781 38.9619 10.97
internal_count=36726 26349 3128 2311 23221 3355 10377 3229 1744 1642 1029 613 1485 442
is_linear=0
shrinkage=0.05


Tree=206
num_leaves=15
num_cat=0
split_feature=18 16 17 4 0 13 14 3 17 6 5 5 16 18
split_gain=1.14726 1.34081 1.19146 1.44425 1.29315 1.2543 1.22889 1.06812 1.57285 1.34927 1.84859 1.48203 1.03262 1.02685
threshold=0.5484010231235551 0.4440841350244002 0.89102653546071708 0.44093023255813962 0.0099014753233983427 0.47288740359329712 0.20440038684719539 0.24009803921568632 0.90895136076866756 6.4530645615691421e-08 0.71130952380952395 0.048809523809523817 0.358131209585211 0.58179537971333006
decision_type=2 2 2 2 2 2 2 2 2 2 2 2 2 2
left_child=1 7 5 4 -4 6 -2 8 9 -1 11 -11 13 -6
right_child=2 -3 3 -5 12 -7 -8 -9 -10 10 -12 -13 -14 -15
leaf_value=0.021171116127586577 0.019943548167015074 0.018695831169313684 -0.012270070584881809 -0.030159553543721958 0.031710980404597501 -0.015525513084058931 -0.017777824682045931 -0.024898762298037128 -0.012171784628103199 0.012063370625674875 0.018985298521548268 -0.031583855757638633 -0.010411485367356558 0.011511009491228467
leaf_weight=7.8927637956330754 6.1455309708053409 4.7013456274862611 4.1507737635224649 1.1984716004517384 8.6926767912209453 10.645011017561954 2.2043511115327874 6.1635336623209005 24.480491699429876 2.1984709326670764 4.3448598310515081 5.191682527984085 2.9970422936603418 24.540053305496258
leaf_count=805 869 327 1670 114 378 893 4389 21759 1629 626 199 1812 63 1234
internal_value=0.000736506 -0.00445114 0.00544032 0.0101044 0.0119994 -0.00476391 0.00914887 -0.00693823 -0.00393215 0.0064365 -0.00435799 -0.0187092 0.0150348 0.0175667
internal_weight=115.547 54.9731 60.5739 41.579 40.3805 18.9949 8.34988 50.2718 44.1083 19.6278 11.735 7.39015 36.2298 33.2327
internal_count=36767 27157 9610 3459 3345 6151 5258 26830 5071 3442 2637 2438 1675 1612
is_linear=0
shrinkage=0.05


Tree=207
num_leaves=15
num_cat=0
split_feature=6 4 4 9 15 8 12 7 1 6 12 12 6 11
split_gain=0.624267 1.17571 1.74089 1.10873 1.04915 1.37821 1.71467 1.26959 1.99244 1.26261 1.01655 1.00603 1.09293 1.48166
threshold=0.0033047972796848512 0.19752141982864138 0.1623310810810811 0.51202409638554236 0.43024942019246371 0.21980676328502416 0.017902814470262134 0.85143725482423549 0.14134749347130982 0.013954660552571418 0.045635749590403653 0.63156894293899202 2.2220649392030722e-08 0.30830398415144183
decision_type=2 2 2 2 2 2 2 2 2 2 2 2 2 2
left_child=11 2 4 -3 5 6 -2 9 -9 -7 -6 12 13 -1
right_child=1 3 -4 -5 10 7 -8 8 -10 -11 -12 -13 -14 -15
leaf_value=0.0100179728644927 0.0090465342031934726 -0.0011865040176521607 -0.036506919957154098 0.023338404268183954 0.033449573441379235 -0.024221519722231008 -0.043113657609617301 -0.031014907284903942 0.011979571634008989 0.020186372076547082 -0.0016907130711704859 -0.022808681036618553 0.012481511340299963 -0.014330713389340452
leaf_weight=11.289590728178611 1.7989084633754888 21.451634369193929 4.2317423131280512 4.8396813149029176 1.9828482100274394 1.1290022697085103 4.4034655386597024 5.6567528079985987 3.8158055146104743 6.5848891987552634 6.3536781581169635 2.4247239736160955 24.313216854285201 11.750429324952163
leaf_count=21941 502 1457 374 194 18 471 1179 890 234 600 209 463 3246 4833
internal_value=-0.000624999 -0.00393479 -0.00970095 0.00401776 -0.0051191 -0.0104501 -0.0288298 -0.00259663 -0.0142054 0.0116531 0.00935488 0.00350994 0.00530143 -0.00247945
internal_weight=112.026 62.2484 35.9571 26.2913 31.7254 23.3888 6.20237 17.1864 9.47256 7.71389 8.33653 49.778 47.3532 23.04
internal_count=36611 6128 4477 1651 4103 3876 1681 2195 1124 1071 227 30483 30020 26774
is_linear=0
shrinkage=0.05


Tree=208
num_leaves=15
num_cat=0
split_feature=8 17 9 8 0 13 9 11 9 18 11 9 5 14
split_gain=0.733725 1.6746 1.53707 0.883628 1.43806 1.1786 1.15867 1.81808 1.68427 0.958407 1.67946 1.61715 1.57499 1.66683
threshold=0.37668918918918926 0.84062944033223486 0.57722122838401924 0.25863991081382393 0.1035440953254325 0.69377914912243088 0.35358592501449643 0.49924379915305511 0.3200877192982457 0.5484010231235551 0.16530045465743914 0.29489002693821981 0.19677419354838713 0.1154812524159258
decision_type=2 2 2 2 2 2 2 2 2 2 2 2 2 2
left_child=3 2 -2 6 -5 -6 8 -8 9 12 -11 -12 13 -1
right_child=1 -3 -4 4 5 -7 7 -9 -10 10 11 -13 -14 -15
leaf_value=0.021976921996587389 -0.037971986509922478 0.00054001568966167697 0.0024205664226196588 0.017364934536942569 -0.026060059471174974 0.0096165973740671012 -0.035434587844867478 0.0078217166318776312 0.027099294404395444 -0.015489087544290642 0.023962142723322838 -0.026887740095839902 -0.038686369970189115 -0.022328929747081443
leaf_weight=3.4824218250155408 5.1349451336191105 37.459209462663239 3.6385100625038831 19.91384608063743 3.318784928538661 4.1714188855839893 4.3994052955795251 3.8714104873133692 5.1345990067247831 5.2836675803980588 9.0959944265553041 0.99493799876108902 2.9631622461804454 3.0345762166972463
leaf_count=337 1127 1966 687 2385 477 71 1546 1670 818 3877 1475 258 4365 15612
internal_value=0.000517886 -0.00425468 -0.0226868 0.00389155 0.0105742 -0.00739868 -0.00104238 -0.0165274 0.00362379 -0.00208644 0.00555458 0.0169762 -0.013826 0.0011204
internal_weight=111.897 46.2327 8.77346 65.6642 27.404 7.4902 38.2602 8.27082 29.9894 24.8548 15.3746 10.0909 9.48016 6.517
internal_count=36671 3780 1814 32891 2933 548 29958 3216 26742 25924 5610 1733 20314 15949
is_linear=0
shrinkage=0.05


Tree=209
num_leaves=15
num_cat=0
split_feature=18 2 18 14 14 18 18 14 9 14 12 5 0 7
split_gain=0.866731 0.994528 0.730765 0.870874 1.13059 0.96548 1.14243 1.64967 0.968335 0.947302 1.05235 0.919351 0.903949 0.855204
threshold=0.14638670509795929 0.12250418370436565 0.43234709152393286 0.49330343796711512 0.32268272764393635 0.77826070667843283 0.7154789199591246 0.10773836941501615 0.51783253842077392 0.54295175023651854 0.0091772796511584015 0.40824915824915831 0.0238329299839652 0.98551375106549943
decision_type=2 2 2 2 2 2 2 2 2 2 2 2 2 2
left_child=1 -1 13 4 5 6 -4 8 -8 -5 -11 -6 -7 -2
right_child=2 -3 3 9 11 12 7 -9 -10 10 -12 -13 -14 -15
leaf_value=-0.017017098696360807 -0.01892354082737055 0.039239943995506094 -5.7835157498663889e-05 0.039067493284910541 -0.029395847969892138 -0.036810329581569538 -0.020773986556689397 0.036186182733980714 0.019442168351863177 0.02169554530028571 -0.027962667036752344 0.0160614467256638 0.0025526694439946618 0.01129161600778604
leaf_weight=0.45605137403629159 9.2187261674678194 1.6722876259850634 73.176140641125244 1.9378235194520801 4.4240807053233757 2.2019231551021212 2.5658930166650844 4.5238338827643929 1.610982857935596 1.2302970640162132 1.0539473339852063 0.71701347199268628 2.4565160603087861 2.3083145968703311
leaf_count=3811 11739 3460 7780 872 3425 481 175 315 35 2089 2153 220 70 111
internal_value=-0.000351276 0.0255991 -0.00109677 0.000382882 -0.000740495 0.000722467 0.00207877 0.0182019 -0.00450361 0.0202462 -0.00275446 -0.021473 -0.0192704 -0.0124545
internal_weight=109.554 2.12834 107.425 95.8985 91.6764 86.5353 81.8769 8.70071 4.17688 4.22207 2.28424 5.14109 4.65844 11.527
internal_count=36736 7271 29465 17615 12501 8856 8305 525 210 5114 4242 3645 551 11850
is_linear=0
shrinkage=0.05


Tree=210
num_leaves=15
num_cat=0
split_feature=13 6 2 11 2 15 6 12 5 9 5 8 7 9
split_gain=0.68269 1.48462 1.01689 1.14142 1.45037 1.16374 1.09934 0.984424 0.908389 1.74432 0.873921 0.848295 0.94581 0.763831
threshold=0.53802688382324815 8.348062092572949e-10 0.82069886153299454 0.29442724458204339 0.89391329000647934 0.46083448330304327 5.3510526693405395e-09 0.11893845101482721 0.23205128205128209 0.34321421497399723 0.35388994307400384 0.21980676328502416 0.47290679044201483 0.77555470867208676
decision_type=2 2 2 2 2 2 2 2 2 2 2 2 2 2
left_child=1 -1 7 6 5 -5 -4 8 9 -3 -10 12 -2 -13
right_child=11 2 3 4 -6 -7 -8 -9 10 -11 -12 13 -14 -15
leaf_value=-0.026638688824472314 0.011396507667951351 0.013906118914021529 0.019597928107076321 -0.032999784169615819 0.01152713157809985 0.010909666110289519 -0.026759690975524986 -0.021742584758954808 0.027169440688707559 -0.036787250485324656 -0.0034869145712222703 0.0070647040127228694 -0.019651020828264958 -0.021086842815679348
leaf_weight=5.5662845415146185 2.8750480997132382 3.8686610652189364 0.75589819926972435 3.3618630796036078 10.101816758138737 1.7001641572278456 7.9043261081019409 1.59135436658289 8.003327723286473 1.6203890231440707 2.8521573922803318 51.041767622701627 6.4151528117804446 1.5730837489536487
leaf_count=24773 255 1362 67 1282 897 58 1633 470 1172 1319 485 1555 1213 94
internal_value=-6.61961e-05 -0.0045347 -0.00103433 -0.00766899 0.000834545 -0.0188852 -0.0211036 0.00771803 0.0116746 -0.00442171 0.0195001 0.00336774 -0.00986893 0.00584542
internal_weight=109.231 47.3262 41.76 23.8241 15.1638 5.06203 8.66022 17.9359 16.3445 5.48905 10.8555 61.9051 9.2902 52.6149
internal_count=36635 33518 8745 3937 2237 1340 1700 4808 4338 2681 1657 3117 1468 1649
is_linear=0
shrinkage=0.05


Tree=211
num_leaves=15
num_cat=0
split_feature=14 3 6 13 3 18 14 0 17 14 9 11 9 11
split_gain=0.417083 1.26178 1.09469 1.04857 0.975846 0.861106 0.830584 0.714189 0.703075 1.69575 1.60176 1.25076 1.15451 0.991488
threshold=0.27139267767408476 0.19518002322880376 4.3298055344375885e-08 0.22605145007917085 0.26126082616954832 0.61257909626642459 0.23389454819845315 0.064377551022189464 0.97773886634222962 0.028943620675211532 0.24451493015506862 0.33114701647736366 0.43929349959786057 0.47212509712509715
decision_type=2 2 2 2 2 2 2 2 2 2 2 2 2 2
left_child=6 2 7 -3 -5 -6 8 -2 -1 13 -11 -12 -13 -10
right_child=1 3 -4 4 5 -7 -8 -9 9 10 11 12 -14 -15
leaf_value=0.0037821720939720145 -0.0062093924433378102 -0.032828057936420123 0.0037675294980815803 -0.02633027673473784 0.028800047558946169 -0.019191275221963178 -0.0279399624747191 0.041737959534160513 0.014376467916949482 0.0091013495545659989 -0.041286827863701532 0.0068501512363568114 -0.023597222112180613 -0.012821907817457867
leaf_weight=53.784258170499015 0.65312481131332045 1.9500977767781922 7.2955164941295152 0.78273146891660905 2.5707520391059693 0.48974248311651525 1.7022756846793061 3.5063520131225232 11.399975969312434 5.0135917972597808 4.6262397895616223 4.8526468977870518 6.2032001832267269 3.7199442215787704
leaf_count=6662 313 19845 2707 378 2362 609 1428 105 325 558 424 259 555 111
internal_value=0.000744369 0.00764655 0.0167864 -0.0102362 0.00563838 0.0182854 -0.000628269 0.0344649 0.000193277 -0.00515251 -0.0141706 -0.0217103 -0.0107735 0.00730458
internal_weight=108.55 17.2483 11.455 5.79332 3.84323 3.06049 91.3021 4.15948 89.5999 35.8156 20.6957 15.6821 11.0558 15.1199
internal_count=36641 26319 3125 23194 3349 2971 10322 418 8894 2232 1796 1238 814 436
is_linear=0
shrinkage=0.05


Tree=212
num_leaves=15
num_cat=0
split_feature=18 18 0 13 3 5 18 12 6 5 3 1 1 1
split_gain=0.763548 0.661836 0.712471 0.589708 0.510214 0.464189 1.27767 1.17448 2.46813 1.65362 0.951406 0.903256 1.05594 1.22542
threshold=0.77826070667843283 0.75192560176723378 0.013811433761203439 0.91855527524659863 0.91841114128054668 0.25866188769414583 0.61012033138019384 0.029389128529091178 0.026753388373066563 0.032795698924731186 0.028630934457492725 0.0084891797008149594 0.025541855992726951 0.043041637634648723
decision_type=2 2 2 2 2 2 2 2 2 2 2 2 2 2
left_child=1 5 -3 4 -2 6 7 9 10 -1 -9 -7 -13 -14
right_child=3 2 -4 -5 -6 11 -8 8 -10 -11 -12 12 13 -15
leaf_value=-0.027398073916530666 -0.029023776850335969 -0.016901474717126799 0.025989311985631747 0.011114689518372224 0.011895660822230536 0.015276013017249471 -0.022256129779729406 0.010679779776835365 0.012115300841653104 0.022757453457938243 -0.041980212111168425 -0.017367612880806654 0.022370810793166079 0.00019556615731993856
leaf_weight=1.1270662338123481 3.6227483475679487 0.47393352683502499 3.964381900812441 0.94558819352823764 0.34661724824536566 11.84584368708647 6.3351381483334981 0.61979268968570789 5.6000303859436826 7.9519922312840663 3.726951288806049 6.1910940032394128 6.1205444130987408 49.960213291785294
leaf_count=5729 1297 258 95 27 126 4890 2536 78 690 10647 5704 956 570 3125
internal_value=0.00117634 0.00215147 0.0191437 -0.016319 -0.0237758 0.00121037 -0.0045136 0.00221059 -0.00924273 0.0144306 -0.0338784 0.00320297 0.000701201 0.00296525
internal_weight=108.832 103.917 4.43832 4.91495 3.96937 99.4787 25.361 19.0258 9.94677 9.07906 4.34674 74.1177 62.2719 56.0808
internal_count=36728 35278 353 1450 1423 34925 25384 22848 6472 16376 5782 9541 4651 3695
is_linear=0
shrinkage=0.05


Tree=213
num_leaves=15
num_cat=0
split_feature=4 0 17 18 2 17 0 6 17 5 3 2 2 6
split_gain=0.695966 0.456238 0.806633 0.367724 0.681627 0.495033 0.925877 0.857853 0.772033 1.21756 0.635863 0.631597 0.59991 1.03811
threshold=0.44093023255813962 0.77490021215406646 0.89102653546071708 0.14638670509795929 0.12250418370436565 0.62533840948554065 0.0058000090921808091 0.00085763392239170512 0.66726884615091786 0.13484848484848486 0.17286835121726088 0.05885649027248701 0.89391329000647934 0.084228235827108491
decision_type=2 2 2 2 2 2 2 2 2 2 2 2 2 2
left_child=3 -2 -3 4 -1 6 7 11 9 -7 -8 -5 13 -10
right_child=1 2 -4 5 -6 8 10 -9 12 -11 -12 -13 -14 -15
leaf_value=-0.015894240368252745 -0.03225002444204713 0.019673595696832524 -0.021633379075525719 0.0061334494492684749 0.031181541716159829 -0.026872663538702893 -0.03729098598063512 0.022913303093445324 0.00086596703544757319 0.030023331951313754 -0.0011949443955310769 -0.025841374499991909 0.0054488961293427968 -0.01569466825185423
leaf_weight=0.40502494444649428 1.6906763180631958 1.2737750271626282 1.4720696449476236 2.6536842140048957 1.3896445411594411 0.35549594723124656 2.4999960113409543 2.2482781313392479 41.042232087314801 3.6559102835849444 1.9777268959662704 1.9069262448221023 34.691747273649526 11.262768296321154
leaf_count=3760 173 47 247 4283 3460 220 1317 199 10218 960 931 8838 1577 541
internal_value=-0.000126987 -0.0175701 -0.00233482 0.000776594 0.0186716 0.000284921 -0.00914467 0.00278138 0.00154104 0.020625 -0.0244767 -0.00947905 0.000436695 -0.00292755
internal_weight=108.526 4.43652 2.74584 104.089 1.79467 102.295 11.2866 6.80889 91.0082 4.01141 4.47772 4.56061 86.9967 52.305
internal_count=36771 467 294 36304 7220 29084 15568 13320 13516 1180 2248 13121 12336 10759
is_linear=0
shrinkage=0.05


Tree=214
num_leaves=15
num_cat=0
split_feature=18 18 13 12 12 3 13 0 8 8 18 0 2 13
split_gain=0.51711 0.799137 0.629809 0.501789 0.704828 0.596675 0.490029 0.469236 0.448856 1.5764 1.2745 0.83722 0.833924 2.28438
threshold=0.77826070667843283 0.75192560176723378 0.4535236721859266 0.0055166979158175053 0.11362902752508951 0.91841114128054668 0.3865297877418879 0.15525630092654272 0.31174089068825916 0.29356060606060613 0.57955225868988347 0.012896365192845469 0.89391329000647934 0.53802688382324815
decision_type=2 2 2 2 2 2 2 2 2 2 2 2 2 2
left_child=1 8 6 -2 5 7 -3 -5 9 -1 11 -11 13 -10
right_child=3 2 -4 4 -6 -7 -8 -9 12 10 -12 -13 -14 -15
leaf_value=0.00070960100543979827 0.019077097907079676 -0.009106440791523859 0.00048954347169757135 -0.039922331590157116 0.007387614783078528 0.011805169170177158 0.040989055623117825 0.0058930153092260733 -0.027339438809500811 -0.015070478645519648 -0.014707682730453239 0.037420738560464441 0.0044736578472166786 0.0025356901402270211
leaf_weight=37.681446581759701 0.29002410026941916 0.20308793735784947 2.2564159701714743 2.6305294293658799 1.6010213001802638 0.3428670953794607 2.0563797536487982 0.38350179915141769 8.6966274582231353 0.31890414189342564 1.1255377694615161 5.8753620643456088 27.335138512478807 18.377713704896451
leaf_count=29373 308 216 96 869 174 87 40 29 3041 267 150 244 1096 672
internal_value=0.00166279 0.00248083 0.021015 -0.0123414 -0.0170728 -0.0277568 0.0350739 -0.034077 0.00143798 0.00507793 0.0247774 0.0329991 -0.00160988 -0.00769259
internal_weight=109.175 103.927 4.51588 5.24794 4.95792 3.3569 2.25947 3.01403 99.4107 45.0013 7.3198 6.19427 54.4095 27.0743
internal_count=36662 35195 352 1467 1159 985 256 898 34843 30034 661 511 4809 3713
is_linear=0
shrinkage=0.05


Tree=215
num_leaves=15
num_cat=0
split_feature=8 8 18 5 9 12 1 18 9 0 0 10 18 6
split_gain=0.467989 1.97401 1.17295 1.34872 1.08565 1.64391 1.49432 1.24289 1.06919 1.01144 0.870921 1.07217 0.991415 0.856323
threshold=0.31174089068825916 0.29356060606060613 0.60579148875054967 0.34891304347826091 0.42414507469654533 0.1508765564128027 0.21518961900360409 0.5311151303598507 0.3200877192982457 0.012896365192845469 0.020823934728455288 0.40178571428571436 0.39035936261182452 0.028074639990188475
decision_type=2 2 2 2 2 2 2 2 2 2 2 2 2 2
left_child=1 4 3 -2 5 8 -7 -8 10 -3 11 12 -1 -10
right_child=2 9 -4 -5 -6 6 7 -9 13 -11 -12 -13 -14 -15
leaf_value=-0.014141874873712747 -0.032186146803780007 -0.020222376233591237 0.0073103387933146444 -0.0044820704233439973 -0.018109709243264643 -0.037949331971933196 -0.026395375372650971 0.026154592364956777 0.030407196575865204 0.029068785386837714 -0.0092515068443218048 -0.02783844968422099 0.021843777215153903 -0.001668981822005826
leaf_weight=1.6606015057050214 4.1052851601816647 0.47452324548112113 16.908623419778451 35.33716401050151 6.9185225970550155 3.3330552541319767 0.87683040429692516 1.8975335465656824 5.9276860415002357 7.6287046671805001 10.104071541521987 0.73040423121301579 8.4913829591916947 2.8311972525771125
leaf_count=13049 1549 305 1011 2436 2798 3579 101 45 1358 356 1465 814 7390 376
internal_value=-0.000312275 0.003132 -0.0034222 -0.00809014 -0.00133733 0.00230283 -0.0194434 0.00695327 0.00725501 0.0242779 0.000855099 0.0102277 0.0152172 0.0209304
internal_weight=107.226 50.8745 56.3511 39.4424 42.7713 35.8528 6.10742 2.77436 29.7453 8.10323 20.9865 10.8824 10.152 8.75888
internal_count=36632 31636 4996 3985 30975 28177 3725 146 24452 661 22718 21253 20439 1734
is_linear=0
shrinkage=0.05


Tree=216
num_leaves=15
num_cat=0
split_feature=14 11 12 5 5 1 9 1 12 14 1 2 9 4
split_gain=0.807775 1.35888 0.78007 0.686979 0.940059 0.920463 1.02026 1.26485 1.09292 1.11372 0.93511 1.26665 0.91427 0.910875
threshold=0.49330343796711512 0.16530045465743914 0.031005749111997032 0.24500000000000002 0.054093567251461992 0.0084891797008149594 0.57280733121586291 0.094114505432550968 0.090330882788793518 0.0099256194276144041 0.15927641521554692 0.8043141667817596 0.59055695589638446 0.1623310810810811
decision_type=2 2 2 2 2 2 2 2 2 2 2 2 2 2
left_child=3 -2 -3 4 -1 -5 7 8 -7 -10 11 -8 -12 -9
right_child=1 2 -4 5 -6 6 10 13 9 -11 12 -13 -14 -15
leaf_value=0.004752786637177632 -0.02360351523449903 0.037057084414400664 -0.0068564309416590035 0.011599469096402502 -0.015697454976428826 -0.00092850941403496408 -0.012374959136324309 0.011085215589463425 0.00053037500436569306 -0.040667903779766937 0.013308250223554538 0.028055564774478743 -0.023578407378590082 -0.0055725979476395288
leaf_weight=7.9334033525656222 0.84954594972373243 3.3844996218006145 0.95440428953895651 14.619733828203264 15.539194270292283 5.6266841759515938 1.9333113071988899 10.947117919297396 2.2097694465192035 5.0941253521141334 2.2730540371630914 6.8124963318296068 2.5830811502200959 25.216410078293848
leaf_count=1841 12432 4184 1308 4940 7402 781 249 635 50 1210 64 275 266 1013
internal_value=-0.000509892 0.0170351 0.0279227 -0.00157157 -0.00887379 0.000730342 -0.00194648 -0.00530887 -0.0181102 -0.0296407 0.00972197 0.0187654 -0.00698835 -0.000367488
internal_weight=105.977 5.18845 4.3389 100.788 23.4726 77.3158 62.696 49.0941 12.9306 7.30389 13.6019 8.74581 4.85614 36.1635
internal_count=36650 17924 5492 18726 9243 9483 4543 3689 2041 1260 854 524 330 1648
is_linear=0
shrinkage=0.05


Tree=217
num_leaves=15
num_cat=0
split_feature=14 11 12 14 14 5 6 13 3 9 18 18 10 9
split_gain=0.88526 1.42107 0.942035 0.578316 1.36082 0.982622 0.972309 0.781115 0.769644 0.650571 0.584822 1.26367 0.993495 1.0071
threshold=0.49330343796711512 0.16530045465743914 0.021874595521615327 0.32268272764393635 0.28629868826127697 0.32795698924731187 0.30218275940770406 0.27481608878116842 0.13877217553688145 0.56147670388910298 0.48420727487494475 0.46342124674325785 0.46428571428571436 0.29489002693821981
decision_type=2 2 2 2 2 2 2 2 2 2 2 2 2 2
left_child=3 -2 -3 4 7 8 9 -1 -6 -5 11 -9 13 -12
right_child=1 2 -4 6 5 -7 -8 10 -10 -11 12 -13 -14 -15
leaf_value=-0.02846015452740959 -0.023699275853855131 0.0407197802769938 -0.0040545740353228367 -0.029456305211842476 -0.012632292027063105 -0.017083146483558059 0.022517173282243386 -0.0004931306048865813 0.042476109598834855 0.0054672075203102679 0.0050050963009151631 -0.028208239087625393 0.006372265729937346 -0.014933780092746358
leaf_weight=1.5408564186225238 0.85026368909529892 3.2106579004619107 1.3959881913514207 4.3449004596562295 0.29264152117320907 0.47968360025379286 0.69522471528762242 16.539103388883294 2.8985879826150267 1.4070027829507123 10.784436671038295 4.4903994851860025 43.7309812885469 13.117343110905493
leaf_count=1590 12485 3350 2119 5709 129 374 84 2905 889 649 2592 566 2107 1163
internal_value=0.000310277 0.0182583 0.0288483 -0.000836565 0.000225015 0.0265452 -0.0142484 -0.00112542 0.0356143 -0.021369 -0.000338257 -0.00742294 0.00194069 -0.00609768
internal_weight=105.778 5.45691 4.60665 100.321 93.874 3.67091 6.44713 90.2031 3.19123 5.7519 88.6623 21.0295 67.6328 23.9018
internal_count=36711 17954 5469 18757 12315 1392 6442 10923 1018 6358 9333 3471 5862 3755
is_linear=0
shrinkage=0.05


Tree=218
num_leaves=15
num_cat=0
split_feature=9 15 15 2 3 2 6 13 9 9 13 7 13 10
split_gain=0.629414 1.21677 1.0904 0.698776 1.07934 1.04971 1.0432 1.73369 0.855083 0.772415 0.826266 1.47349 0.874214 1.11922
threshold=0.71506770900542815 0.11084761358403449 0.22562638432039561 0.81310734462726952 0.19865281683752156 0.86371029923023712 2.7053913991704769e-08 0.91855527524659863 0.19658260242700956 0.22626396237507351 0.44777305932054051 0.50678063645291027 0.87099463987094261 0.53571428571428581
decision_type=2 2 2 2 2 2 2 2 2 2 2 2 2 2
left_child=3 -2 -3 4 -1 6 -5 -8 -6 -10 11 -11 -12 -14
right_child=1 2 -4 5 8 -7 7 -9 9 10 12 -13 13 -15
leaf_value=0.019111399941051758 -0.03512124584377959 0.025872266592413779 -0.019453706726596964 0.0083247531609030017 -0.021089354543265451 -0.00040020376380896488 -0.036332571034227122 0.013525050278530661 0.021853906897517025 0.019274322952057089 0.012179765285309988 -0.028835827700304913 -0.032763954858229576 0.01581038895356545
leaf_weight=9.1406851657757198 2.7943169961781669 1.7735819451918362 1.5798373041470766 2.5597982981107616 3.1321583524130601 52.066746121789947 6.2441020232622577 1.7150300499051807 3.6468231031234408 1.4770164501960632 11.12471788919447 4.2223855406414259 1.9151923482713749 1.2160764178261159
leaf_count=1269 1043 53 74 360 19933 3495 1467 28 2319 1809 783 3985 56 23
internal_value=-0.00129922 -0.0156259 0.00495506 -0.00025657 0.00522197 -0.00342969 -0.0170885 -0.0252788 -4.47924e-05 0.00349165 -0.000746776 -0.015352 0.00571579 -0.0146387
internal_weight=104.608 6.14774 3.35342 98.4607 35.8751 62.5857 10.5189 7.95913 26.7344 23.6022 19.9554 5.6994 14.256 3.13127
internal_count=36697 1170 127 35527 30177 5350 1855 1495 28908 8975 6656 5794 862 79
is_linear=0
shrinkage=0.05


Tree=219
num_leaves=15
num_cat=0
split_feature=14 11 12 13 11 8 5 6 0 16 7 9 5 18
split_gain=0.769749 1.35674 0.745375 0.5354 0.933399 1.7645 1.15938 1.15036 0.965356 0.874686 0.830058 0.82718 0.984875 0.999231
threshold=0.49330343796711512 0.16530045465743914 0.021874595521615327 0.54566137722973085 0.26637102734663715 0.2247448979591837 0.38585607940446659 0.00092054496776850729 0.1087491434284084 0.98726013601026474 0.78954605653108112 0.42414507469654533 0.96303763440860235 0.53702306754997997
decision_type=2 2 2 2 2 2 2 2 2 2 2 2 2 2
left_child=3 -2 -3 -1 8 -6 7 -7 -5 10 -8 -12 -13 -14
right_child=1 2 -4 4 5 6 9 -9 -10 -11 11 12 13 -15
leaf_value=-0.004245966329948038 -0.02360077715442303 0.037902060976938531 -0.0026751398613528402 0.0030259054436436654 -0.03188476829179504 -0.012535023284927905 0.026484914598144973 0.021805319180606922 0.027851964765509642 0.025049529331839421 -0.019637763428108704 0.0073555771326276791 -0.031344678868547166 0.0076079942390415269
leaf_weight=42.215942050734782 0.83035411068453768 3.3621581514316858 1.3592447840725297 10.171890151580554 3.1490149349137928 2.4345889353280645 0.89810800530540902 9.7903903123515175 5.6687710654223329 1.506200169736984 8.6763390887281293 11.031614863939469 3.2222563691902897 2.1678277407772839
leaf_count=15788 12496 3366 2153 1371 283 113 10 261 89 31 342 360 78 31
internal_value=0.00107089 0.0176786 0.0277945 -7.07701e-06 0.00306064 -0.000838069 0.00234533 0.0145358 0.0130365 -0.00339327 -0.00590808 -0.00803764 -0.00113336 -0.0169394
internal_weight=106.485 5.55176 4.7214 100.933 58.717 42.8763 39.7273 12.225 15.8407 27.5023 25.9961 25.098 16.4217 5.39008
internal_count=36772 18015 5519 18757 2969 1509 1226 374 1460 852 821 811 469 109
is_linear=0
shrinkage=0.05


Tree=220
num_leaves=15
num_cat=0
split_feature=18 2 17 6 6 13 16 17 3 15 3 2 1 4
split_gain=0.426011 0.755856 0.602713 0.734432 0.819334 0.609359 0.595219 0.577558 1.04474 1.00178 1.40915 1.63466 1.08946 1.08731
threshold=0.14638670509795929 0.12250418370436565 0.62533840948554065 0.0022418192597816254 0.00075611325789924882 0.54566137722973085 0.32338046620063976 0.74001702732454 0.19142369319674288 0.2024011413686089 0.18035431927458132 0.81310734462726952 0.36432065220452875 0.069605943152454788
decision_type=2 2 2 2 2 2 2 2 2 2 2 2 2 2
left_child=1 -1 3 4 5 -2 -5 8 -4 10 11 -9 13 -13
right_child=2 -3 7 6 -6 -7 -8 9 -10 -11 -12 12 -14 -15
leaf_value=-0.016948675063133686 -0.023239975748016724 0.032510359663152084 -0.0060391687053185329 -0.035369391424842384 0.024069163845261986 0.0065957011941974609 0.0046315841508109265 0.031792862268692559 0.02361703646107035 0.0040555442931073894 -0.018908859095006204 -0.032785656178833431 -0.036449215058882281 0.0034876545944372978
leaf_weight=0.40900054245150741 2.7518137572548067 1.3546202030461243 4.6807419798933534 2.8630551618912254 1.4122660227922095 2.5076142610555507 0.9464084072242257 2.6250302714615854 5.8065477542309054 44.573674418708947 13.934803411965957 1.320667797815992 1.3745575893190096 17.837298036020002
leaf_count=3768 13201 3397 700 1691 293 341 61 246 2561 1726 6217 380 294 1766
internal_value=-0.000320343 0.0190579 -0.000834012 -0.0116377 -0.00078153 -0.0102337 -0.026535 0.0005065 0.0110073 -0.000958814 -0.00693282 0.000758053 -0.00450191 -0.000515262
internal_weight=104.398 1.76362 102.634 10.4812 6.67169 5.25943 3.80946 92.1533 10.4873 81.666 37.0924 23.1576 20.5325 19.158
internal_count=36642 7165 29477 15587 13835 13542 1752 13890 3261 10629 8903 2686 2440 2146
is_linear=0
shrinkage=0.05


Tree=221
num_leaves=15
num_cat=0
split_feature=11 14 15 8 0 12 8 18 8 18 18 17 13 14
split_gain=0.638129 1.24186 0.875097 1.21684 0.760021 0.924651 0.975868 1.67945 1.61152 0.851475 1.2187 1.06443 1.3826 1.04302
threshold=0.15022935779816518 0.49330343796711512 0.67087281944312205 0.04210992907801419 0.0013878644228162084 0.039386191834576693 0.31174089068825916 0.48709201604084545 0.29356060606060613 0.5088580946375062 0.51794138423712377 0.89102653546071708 0.69377914912243088 0.0968564845292956
decision_type=2 2 2 2 2 2 2 2 2 2 2 2 2 2
left_child=2 4 3 -1 -2 -6 8 -8 -7 -9 -11 -12 13 -13
right_child=1 -3 -4 -5 5 6 7 9 -10 10 11 12 -14 -15
leaf_value=-0.0019974676594120199 0.013793018020986002 0.022823515098282936 0.013343055992224552 -0.042305706731478293 -0.020380221518094585 -0.00095408904715686661 -0.020063066212846533 0.015980128647447935 0.025123026094323094 -0.037902079397385741 -0.015111836730939594 -0.027646609543779212 0.015035675988895944 0.0032501218539841559
leaf_weight=4.1470255639233056 6.8636084227949814 4.7566999756614896 1.6978888546027517 2.5788691027472055 5.6392338606237891 20.737063207502619 12.676386619661569 6.1354322173356186 7.2561779212765023 1.3321871629013902 8.0264253795194254 3.3507205929054198 13.427225358173017 6.8577845245508797
leaf_count=10609 4461 5636 153 8395 1134 2173 1493 293 422 120 813 224 233 671
internal_value=-0.0009152 0.000287954 -0.0133375 -0.020928 -0.00110556 -0.00244815 -0.000944382 -0.00498022 0.00643878 0.00028417 -0.00301878 -0.000435571 0.00495943 -0.00845286
internal_weight=105.483 97.0589 8.42378 6.72589 92.3022 85.4386 79.7994 51.8062 27.9932 39.1298 32.9943 31.6622 23.6357 10.2085
internal_count=36830 17673 19157 19004 12037 7576 6442 3847 2595 2354 2061 1941 1128 895
is_linear=0
shrinkage=0.05


Tree=222
num_leaves=15
num_cat=0
split_feature=1 5 17 6 13 13 11 11 14 14 17 4 9 13
split_gain=0.81544 0.827999 1.10775 1.611 0.484622 0.939343 0.601345 1.34802 1.00719 0.873314 0.967882 1.55002 1.51987 0.915713
threshold=0.46780333895370624 0.86038961038961048 0.96943593019796803 0.069213178580328064 0.062258019140472777 0.085522340184545562 0.24499799919967991 0.26096575606002315 0.14519475304510779 0.1154812524159258 0.85028050829646551 0.12758985200845668 0.21058723196881093 0.49253669584893339
decision_type=2 2 2 2 2 2 2 2 2 2 2 2 2 2
left_child=4 -2 -3 -4 -1 -6 -7 8 -8 13 -11 12 -12 -9
right_child=1 2 3 -5 5 6 7 9 -10 10 11 -13 -14 -15
leaf_value=-0.024156103248473462 -0.031022122685542587 0.011707863923274992 0.0092961293352442163 -0.040974714403585077 0.034021527922539603 -0.0070230658185124811 0.038267069930534948 -0.025198489660124997 -0.0063925150967324932 0.017728108362832517 0.025275511403905427 0.012915581463584378 -0.028409694384864931 -0.0009596541532399948
leaf_weight=0.83495047815699663 2.9732509716050108 5.0820837378269044 2.3945641450409312 2.4599069108662661 1.2102428915491135 17.631618040084732 3.3654333527265399 3.358392344962339 1.4181735514853242 12.18643705865202 0.84155295355821902 7.8609936875618587 5.2420013630328413 37.66136864877717
leaf_count=10502 209 95 58 121 2221 13366 99 514 675 4794 146 667 1779 1440
internal_value=-0.000380468 -0.0116654 -0.0035664 -0.0188253 0.00131858 0.00181355 0.0010075 0.00304515 0.026211 0.0010345 0.00801402 -0.00109353 -0.0184635 -0.0034966
internal_weight=104.521 12.9098 9.93655 4.85447 91.6112 90.7762 89.566 71.9344 4.78361 67.1507 26.131 13.9445 6.08355 41.0198
internal_count=36686 483 274 179 36203 25701 23480 10114 774 9340 7386 2592 1925 1954
is_linear=0
shrinkage=0.05


Tree=223
num_leaves=15
num_cat=0
split_feature=6 9 3 14 14 5 9 5 13 9 3 8 6 13
split_gain=0.535233 0.925202 0.802157 0.844916 1.00918 0.919688 0.801669 1.63139 1.55488 1.01054 0.876895 1.04836 1.49129 1.06731
threshold=0.81728924923489099 0.50562934851359909 0.064183447123556031 0.32268272764393635 0.28629868826127697 0.32795698924731187 0.43929349959786057 0.32795698924731187 0.78957288011169935 0.47794691647150672 0.73348909657320882 0.12931995540691196 0.0028630915191114356 0.49253669584893339
decision_type=2 2 2 2 2 2 2 2 2 2 2 2 2 2
left_child=2 -2 -1 4 6 -6 8 -8 10 -9 11 12 -4 -13
right_child=1 -3 3 -5 5 -7 7 9 -10 -11 -12 13 -14 -15
leaf_value=0.0101234879876844 -0.02181448000525699 0.008790536964276471 0.030821314017569247 -0.016801918519785731 0.033492062050783193 -0.017261935601724621 -0.028830432839059242 -0.026989315332558678 0.021328041851437139 0.0032509547607151436 -0.031288063118253689 -0.018002511233475221 -0.021698160917642009 0.0031433449042690301
leaf_weight=16.543340375170374 6.0728122544096532 3.1118961737083737 4.1922393250997692 7.2879411342722724 2.784130624184399 0.48883332542141023 5.9778751446519918 2.202762667673599 8.108625209073578 19.152099160630314 1.3820077444167953 8.1226008306630337 1.0312825358564621 16.580371948321954
leaf_count=1843 228 70 949 23333 957 373 1028 223 363 1133 3817 1427 202 796
internal_value=-0.000712547 -0.0116001 0.000463991 -0.00170587 7.97623e-05 0.0236459 -0.00140773 -0.00783906 0.00313552 -0.000936119 -0.00209048 0.000225955 0.018632 -0.00423953
internal_weight=103.039 9.18471 93.8541 77.3108 70.0228 3.27296 66.7499 27.3327 39.4171 21.3549 31.3085 29.9265 5.22352 24.703
internal_count=36742 298 36444 34601 11268 1330 9938 2384 7554 1356 7191 3374 1151 2223
is_linear=0
shrinkage=0.05


Tree=224
num_leaves=15
num_cat=0
split_feature=14 11 17 5 17 5 9 13 11 11 1 1 1 18
split_gain=0.742754 1.09335 0.665244 0.627675 0.595386 0.738581 0.521917 0.829529 0.745682 1.61202 0.672816 1.34472 1.04121 1.62892
threshold=0.49330343796711512 0.16530045465743914 0.17653207564044035 0.26006441223832533 0.50759969016287954 0.59629629629629644 0.27272582084281932 0.33674846122177254 0.27798663324979117 0.23693957115009748 0.012959745148945035 0.025541855992726951 0.043041637634648723 0.66480416130005382
decision_type=2 2 2 2 2 2 2 2 2 2 2 2 2 2
left_child=2 -2 -1 -3 5 -4 7 -6 9 -9 -8 -12 -13 -14
right_child=1 3 4 -5 6 -7 10 8 -10 -11 11 12 13 -15
leaf_value=0.019516158504697859 -0.023111191406588794 0.028167961378578778 -0.029243346813147931 -0.015055708688116433 -0.033540290749720113 0.011593165219886799 0.0070846446745965463 -0.0095608497285201294 -0.029692725846074769 0.025225408701363885 -0.02846757197669679 0.016141597648383098 -0.00094722413003749605 -0.034722206988335967
leaf_weight=2.1195668013497189 0.78370062706909394 4.4810692045923588 3.4339496635739115 0.34770773001559963 2.1920600260136238 0.87176652298876423 18.317351082193454 12.807066880641292 1.7028269306920254 3.3911291165386492 4.0144581665736032 6.3750348133617072 36.289271598598134 2.9671156782424069
leaf_count=1218 12492 4835 4323 677 2964 144 2503 3178 338 222 550 529 2520 197
internal_value=-0.00220268 0.0140456 -0.00330487 0.0230065 -0.00403201 -0.0203486 -0.00301464 -0.00988742 -0.00536974 -0.00123497 -0.000868816 -0.00388527 -0.00115852 -0.00429915
internal_weight=100.094 5.61248 94.4816 4.82878 92.362 4.30572 88.0563 20.0931 17.901 16.1982 67.9632 49.6459 45.6314 39.2564
internal_count=36690 18004 18686 5512 17468 4467 13001 6702 3738 3400 6299 3796 3246 2717
is_linear=0
shrinkage=0.05


Tree=225
num_leaves=15
num_cat=0
split_feature=7 3 6 6 6 6 1 3 5 7 18 15 16 18
split_gain=0.558985 0.763514 0.638835 2.07973 1.0433 0.688878 0.931791 1.33644 0.650285 0.8726 1.15726 0.754315 0.667652 0.661357
threshold=0.24310632657850997 0.015267274422459341 0.0028630915191114356 0.015729368792027149 0.0024952245723899313 0.053991265656338223 0.27164594370502848 0.10566242986373527 0.22653958944281527 0.89287080555251963 0.64754591254512228 0.29073801853401804 0.4440841350244002 0.6271454222645011
decision_type=2 2 2 2 2 2 2 2 2 2 2 2 2 2
left_child=-1 -2 4 -4 -3 6 7 -5 -7 13 12 -12 -11 -10
right_child=1 2 3 5 -6 8 -8 -9 9 10 11 -13 -14 -15
leaf_value=-0.025993571428413638 0.02503470285780119 0.0023176631986358406 -0.034577442017855314 -0.032643728967932002 0.036835199882786399 0.0062285996390587456 0.03054561161389412 0.0087055183759948383 -0.0037800849537886422 -0.012609098223186857 0.023781933864096758 -0.0091568705330835193 0.015074750794861206 -0.038429733111960011
leaf_weight=1.0467444572619786 2.0517580004234324 42.913296799218131 4.0096880259168293 1.3995477529815605 1.3195636957698287 10.421592878945374 2.6062509688927085 9.5475017477765487 2.6072783166055187 17.274078498167007 4.3344091095786998 1.9310598875163121 1.6210780426627014 2.6333545248780865
leaf_count=12792 301 17532 1891 287 110 985 75 1045 290 1060 139 45 29 155
internal_value=-0.000114028 0.000388315 -0.000341313 -0.0037481 0.00413898 -0.000891395 0.00849611 0.00112926 -0.0041367 -0.00777513 -0.00347409 0.0137669 -0.00959568 -0.0245592
internal_weight=105.717 104.67 102.619 58.3858 44.2329 54.3762 13.5533 10.947 40.8229 30.4013 25.1606 6.26547 18.8952 5.24063
internal_count=36736 23944 23643 6001 17642 4110 1407 1332 2703 1718 1273 184 1089 445
is_linear=0
shrinkage=0.05


Tree=226
num_leaves=15
num_cat=0
split_feature=3 6 6 14 8 8 1 4 18 3 6 9 5 17
split_gain=0.989896 1.2202 1.20512 1.57329 0.858061 0.793131 0.73816 0.711257 0.779338 0.702566 1.37163 1.27913 1.05227 0.703225
threshold=0.19865281683752156 0.086390242906240006 0.02326141691478836 0.055674773485932291 0.17724358974358975 0.63762626262626265 0.010998406549545542 0.21020142949967513 0.66153829291675781 0.16183473389355746 2.2220649392030722e-08 0.59055695589638446 0.36754385964912284 0.69537569474207805
decision_type=2 2 2 2 2 2 2 2 2 2 2 2 2 2
left_child=5 2 3 6 -4 9 -2 8 -7 11 -11 -1 13 -12
right_child=1 -3 4 -5 -6 7 -8 -9 -10 10 12 -13 -14 -15
leaf_value=0.003960444877952129 -0.0048572351896895936 -0.030567210797479712 -0.019866800018122018 -0.018345093430867595 0.026792195552922216 -0.03538111321858655 0.022960821110934442 0.0027055847823030097 0.0087309134670128987 -0.027835710092224315 -0.0034051688213160023 -0.034501421680748955 -0.0056419988004203963 0.036307899271675936
leaf_weight=54.049605621210048 4.4281375766127082 3.9154422549454457 0.47032004723632681 13.026604503800113 3.7017996887880145 2.6953481293639912 3.5405090146796283 4.4701242469745921 0.91196472503725079 0.72426462033763428 1.1309628381472956 1.2545074187555645 2.3147905663299753 6.0762681229689406
leaf_count=4597 875 142 95 28433 155 394 184 180 41 187 389 351 250 384
internal_value=-8.64611e-05 -0.00774268 -0.00315929 -0.00815773 0.0187082 0.00300095 0.00868448 -0.010934 -0.0247546 0.00485658 0.0162694 0.00249071 0.0219507 0.0304205
internal_weight=102.711 29.0828 25.1674 20.9953 4.17212 73.6278 7.96865 8.07744 3.60731 65.5504 10.2463 55.3041 9.52202 7.20723
internal_count=36657 29884 29742 29492 250 6773 1059 615 435 6158 1210 4948 1023 773
is_linear=0
shrinkage=0.05


Tree=227
num_leaves=15
num_cat=0
split_feature=10 15 15 2 6 7 12 2 7 8 13 18 18 11
split_gain=1.04511 1.96414 2.14031 1.00577 0.796853 2.20312 1.17753 0.85719 0.889015 0.843962 1.77207 1.26491 1.86401 0.719429
threshold=0.86607142857142871 0.73170385787556935 0.11084761358403449 0.89391329000647934 0.81728924923489099 0.82583410421183412 0.024281171891367553 0.89715585648243334 0.89287080555251963 0.52919501133786861 0.73707072163581122 0.64754591254512228 0.44452505962310279 0.80151515151515162
decision_type=2 2 2 2 2 2 2 2 2 2 2 2 2 2
left_child=4 2 3 -2 9 6 -6 8 -7 -1 11 12 -11 -14
right_child=1 -3 -4 -5 5 7 -8 -9 -10 10 -12 -13 13 -15
leaf_value=0.0024675834503418642 -0.030061958433977888 -0.034788971754384786 0.040537915111675538 0.01557821059582591 0.0043332987543323147 -0.012919490188207797 -0.058027379870156416 -0.018281631001112197 0.026443375443836809 0.0021696147744258362 0.0095056968031621645 0.0093783246491998019 -0.051070583608661763 0.0081484833008743113
leaf_weight=69.036466851113232 1.4467911349292957 0.79674887476721856 5.1781958205101546 1.4999955284656605 0.82356925358180744 1.4463750743307171 2.14974792578505 2.2544096460624132 3.17050735745579 2.7617778829182971 6.4736465242749537 1.9943935495748517 4.6332835415200861 0.28706375739238854
leaf_count=34494 223 25 92 64 35 30 105 77 41 370 142 153 801 42
internal_value=5.19043e-06 0.0154544 0.0236539 -0.00876913 -0.00159104 -0.0143564 -0.044011 0.00243676 0.0140071 3.36431e-05 -0.00990785 -0.0225695 -0.0309885 -0.0468228
internal_weight=103.953 8.92173 8.12498 2.94679 95.0312 9.84461 2.97332 6.87129 4.61688 85.1866 16.1502 9.67652 7.68213 4.92035
internal_count=36694 404 379 287 36290 288 140 148 71 36002 1508 1366 1213 843
is_linear=0
shrinkage=0.05


Tree=228
num_leaves=15
num_cat=0
split_feature=9 6 16 8 0 15 11 12 11 5 10 14 13 18
split_gain=0.617787 0.654168 0.760251 0.870618 0.839986 0.733348 1.02511 0.899306 0.705744 0.780171 0.695324 0.644952 0.771686 0.717593
threshold=0.11242737835875093 0.074631372154655415 0.4440841350244002 0.47295321637426907 0.17030647585137945 0.24613419911053888 0.32489316239316246 0.63156894293899202 0.45872641509433965 0.60357142857142865 0.66964285714285732 0.10061032339697072 0.46024464791203223 0.46342124674325785
decision_type=2 2 2 2 2 2 2 2 2 2 2 2 2 2
left_child=-1 -2 3 4 -3 8 7 -7 -5 -10 -8 13 -13 -6
right_child=1 2 -4 5 11 6 10 -9 9 -11 -12 12 -14 -15
leaf_value=-0.020744895894337322 0.0047621387753652234 -0.026714541660283871 0.016171130586936221 0.031551109176825055 0.0088851015338039987 -0.039616085579345768 0.016494505234816111 0.0087911950189851189 -0.021125200408981106 0.020218450751990066 -0.017907461670018422 -0.0091234316010897609 0.024950374162425678 -0.026125750192280823
leaf_weight=2.0766441534250353 68.456173700220063 6.3418889928289053 3.2727956278831689 2.386453016253653 1.5980319910304368 1.9762478939956039 4.0609658371540718 0.96062848856672634 1.4458211981618663 1.1474815841356756 1.1462509968550874 2.6031063477566931 2.2618304649586207 3.3387560046248836
leaf_count=4473 30021 568 100 138 77 48 85 14 142 83 49 676 80 186
internal_value=0.00135585 0.00200921 -0.00375154 -0.00644004 -0.0138765 0.00304236 -0.00608336 -0.0255713 0.0164884 -0.00229586 0.00725675 -0.00386589 0.00827139 -0.0152051
internal_weight=103.073 100.996 32.5403 29.2675 16.1436 13.1238 8.14409 2.93688 4.97976 2.5933 5.20722 9.80172 4.86494 4.93679
internal_count=36740 32267 2246 2146 1587 559 196 62 363 225 134 1019 756 263
is_linear=0
shrinkage=0.05


Tree=229
num_leaves=15
num_cat=0
split_feature=18 9 9 4 14 0 14 0 3 14 8 6 2 14
split_gain=0.502015 1.25453 2.16177 1.06215 0.967699 0.678912 1.17329 1.05467 0.66465 0.653276 0.642953 0.584715 0.556859 1.04223
threshold=0.48420727487494475 0.29971039906477503 0.35055909325452683 0.067874692874692888 0.028943620675211532 0.069468828327368046 0.12275320202346358 0.0013538988784107813 0.10566242986373527 0.020949761535535596 0.12793235133660666 0.23427127984393914 0.90965314617321147 0.0064309346567411095
decision_type=2 2 2 2 2 2 2 2 2 2 2 2 2 2
left_child=1 4 3 -3 -1 7 9 -4 -8 -7 -6 -11 -2 -14
right_child=12 2 5 -5 10 6 8 -9 -10 11 -12 -13 13 -15
leaf_value=0.0038861610839847969 -0.00026637828584458759 0.041247299716770054 0.010121158414287601 -0.008030133027840709 -0.0067540757576299223 0.0066333515339441571 -0.0019229503095939155 -0.034262459178394843 0.035078840901671245 -0.034777365740205193 -0.043897963952072148 0.0086540914649955204 -0.021452271345046098 0.012684840483621796
leaf_weight=2.4778393889869248 54.515184870077974 3.1413675720164091 1.4001371130632367 1.097370402609158 2.2415682351244754 1.8970616959850284 2.0026408756839378 3.2918173317125365 1.7392275709535168 2.362882536988764 2.9993954430238432 0.56475870574649878 1.6025056196376706 19.173986361125571
leaf_count=202 12703 777 1012 222 15269 43 255 1892 96 132 2822 37 28 1168
internal_value=0.000381114 -0.00559199 0.00201887 0.0293922 -0.0210974 -0.00817998 0.000639895 -0.0215666 0.0190463 -0.0144545 -0.0316392 -0.0263289 0.00242865 0.00918762
internal_weight=100.508 25.2161 17.4973 4.23874 7.7188 13.2585 8.56657 4.69195 3.74187 4.8247 5.24096 2.92764 75.2917 20.7765
internal_count=36658 22759 4466 999 18293 3467 563 2904 351 212 18091 169 13899 1196
is_linear=0
shrinkage=0.05


Tree=230
num_leaves=15
num_cat=0
split_feature=3 3 11 9 10 15 2 4 3 6 17 11 4 11
split_gain=0.650875 1.01921 0.828944 0.784613 0.744428 1.57248 0.968537 0.884099 0.752494 0.69524 0.649376 0.93863 0.865908 0.607087
threshold=0.064183447123556031 0.073066052548937513 0.52041666666666686 0.27556411320509072 0.86607142857142871 0.11084761358403449 0.89715585648243334 0.14650406504065042 0.10140031335683512 0.81728924923489099 0.99000982561640416 0.31622242491807712 0.1623310810810811 0.21819354701128099
decision_type=2 2 2 2 2 2 2 2 2 2 2 2 2 2
left_child=2 10 3 -1 -3 6 -6 -7 -9 13 12 -12 -2 -5
right_child=1 4 -4 9 5 7 -8 8 -10 -11 11 -13 -14 -15
leaf_value=-0.004026391637367073 0.0040745563521928157 -0.002440594213530399 -0.026658092457905447 -0.011400699651967149 -0.03325091732844293 0.043365141322883362 0.014285800983361305 -0.024523185629824383 0.01881394951610961 -0.014546212617041976 0.021188329648197522 -0.025857371657975709 -0.048871022754298582 0.024271824690466282
leaf_weight=5.8222350679334403 0.86631691298316527 71.542392500052301 0.67770790820395532 0.75233188688798414 1.494640021301165 2.6372672046418302 1.1173869058548005 0.66293257664074223 1.5307236463995648 0.8445900487458865 1.2841701866491351 0.97947763428237511 1.809358737329603 10.129941415545543
leaf_count=775 83 34148 183 159 219 26 30 38 29 67 41 81 99 761
internal_value=-0.000450999 -0.0023275 0.00786095 0.0105593 -0.000814949 0.0132492 -0.0145903 0.0282225 0.0021394 0.0175483 -0.0223053 -0.00085375 -0.0352838 0.0210537
internal_weight=102.151 83.9247 18.2268 17.5491 78.9853 7.44295 2.61203 4.83092 2.19366 11.7269 4.93932 2.26365 2.67568 10.8823
internal_count=36739 34794 1945 1762 34490 342 249 93 67 987 304 122 182 920
is_linear=0
shrinkage=0.05


Tree=231
num_leaves=15
num_cat=0
split_feature=12 12 9 18 15 15 5 6 0 13 2 3 8 18
split_gain=0.712658 1.82276 1.19553 1.03955 1.42242 1.50308 1.01271 1.00244 0.968455 0.962509 0.954374 0.882027 1.11734 1.08127
threshold=0.061348918829755773 0.045635749590403653 0.35358592501449643 0.5484010231235551 0.28335762995129204 0.37984238588611124 0.21583850931677021 0.0020690905150592327 0.42447299430912094 0.91855527524659863 0.029841852722706817 0.16904810505545351 0.69504830917874405 0.7210592532407597
decision_type=2 2 2 2 2 2 2 2 2 2 2 2 2 2
left_child=1 2 7 -2 6 -6 -5 -1 9 -7 -4 12 13 -8
right_child=3 -3 10 4 5 8 11 -9 -10 -11 -12 -13 -14 -15
leaf_value=0.017167323169659413 -0.0030567280910142889 -0.038542043741902239 0.016309395875935422 -0.017482690072775357 -0.033690363921589771 -0.0012572502452416097 0.033661481792967886 -0.0065762850695651595 -0.025890128674601956 0.026574248286767584 -0.02679527813599682 0.0063965889560944414 -0.020582521760593598 -0.015392778204425226
leaf_weight=8.4236223855329033 36.027757552259061 2.7967524521698115 0.91615209170845346 1.3494018699684627 2.2471479004361745 8.2352854849286796 11.717288081928926 7.6446464544878827 1.3543484195834015 3.9072917007142669 4.9072794454550603 9.9192741914386016 0.50036318236379962 0.66597191303299119
leaf_count=17552 7647 1966 595 990 256 455 737 1379 41 61 2943 1877 75 92
internal_value=0.000660831 -0.0065571 -0.00096573 0.00306264 0.00852825 -0.00307903 0.0159162 0.00614759 0.00398996 0.00903906 -0.0186176 0.0185441 0.0267623 0.0300703
internal_weight=100.613 24.6885 21.8917 75.9241 39.8964 15.7441 24.1523 16.0683 13.4969 12.1426 5.82343 22.8029 12.8836 12.3833
internal_count=36666 24435 22469 12231 4584 813 3771 18931 557 516 3538 2781 904 829
is_linear=0
shrinkage=0.05


Tree=232
num_leaves=15
num_cat=0
split_feature=12 12 9 10 1 1 12 2 3 11 15 6 6 15
split_gain=0.513251 1.15369 0.957227 0.905371 0.869444 0.964147 0.75219 0.974614 0.961275 1.02721 0.735571 0.652996 0.620181 1.13872
threshold=0.061348918829755773 0.045635749590403653 0.57280733121586291 0.3303571428571429 0.15927641521554692 0.1220985112053538 0.238496729712143 0.81310734462726952 0.064183447123556031 0.26637102734663715 0.35568759803317046 0.074631372154655415 0.36764247357636948 0.28914927021886189
decision_type=2 2 2 2 2 2 2 2 2 2 2 2 2 2
left_child=1 2 3 -1 5 12 7 -6 -9 -10 -7 -5 -2 -14
right_child=4 -3 -4 11 6 10 -8 8 9 -11 -12 -13 13 -15
leaf_value=-0.00602384377218075 0.0012412045553254472 -0.029949674295418588 -0.02870023781419298 0.020087170193600613 0.016767970988857898 0.035060791454791691 0.0021154119294621992 0.006261798905736974 0.011636600736006288 -0.036092445767856175 0.0014710769241285462 -0.010399576822938553 -0.0091982672293835343 0.034252073493841878
leaf_weight=11.841585396471269 31.814325165926391 2.9729478072795237 1.7041098511058397 7.2520110000136793 1.3962146132498698 3.9775031040103377 21.013956227750896 2.2124101611680071 0.86582934733360151 5.5200024977912108 2.5585288828024204 1.5582993608804825 1.8572713672401722 3.0230324635340367
leaf_count=18759 9947 1960 1155 2387 77 240 927 212 62 555 57 195 84 57
internal_value=0.000899381 -0.00511978 -0.000676913 0.00285419 0.00299376 0.00750598 -0.00333497 -0.0139448 -0.0201595 -0.0289217 0.0238521 0.0141845 0.00403889 0.0189642
internal_weight=99.568 25.329 22.356 20.6519 74.2391 43.2307 31.0084 9.99446 8.59824 6.38583 6.53603 8.81031 36.6946 4.8803
internal_count=36674 24456 22496 21341 12218 10385 1833 906 829 617 297 2582 10088 141
is_linear=0
shrinkage=0.05


Tree=233
num_leaves=15
num_cat=0
split_feature=6 11 17 9 5 14 11 15 11 12 6 11 8 2
split_gain=0.823579 0.958122 0.613637 0.583352 0.664107 0.432681 0.997095 1.38443 1.12789 0.972643 0.969049 0.959313 1.05324 0.957352
threshold=0.81728924923489099 0.47668139420716749 0.8237710437335769 0.28602820438520249 0.64852941176470602 0.1267136150234742 0.26637102734663715 0.099031640064268386 0.29442724458204339 0.14842578530521797 3.3455769249356806e-08 0.30830398415144183 0.74456521739130443 0.013038707371923216
decision_type=2 2 2 2 2 2 2 2 2 2 2 2 2 2
left_child=5 3 -3 -2 -5 6 7 9 -8 -1 11 -10 13 -13
right_child=1 2 -4 4 -6 -7 8 -9 10 -11 -12 12 -14 -15
leaf_value=0.0080769434564910998 0.00066966779692869479 -0.01606599889838882 0.023147610232447817 -0.03998258267181351 0.00062709854702484142 -0.002437687224293085 -0.024808651635707935 0.0002272417365893426 0.022320509279446035 0.042052403953172036 0.0073153512833281954 0.015979915287969403 0.013120586934993414 -0.032070942097831255
leaf_weight=4.4836396513919698 2.0092097191973135 0.70015128905652124 1.7789304016623644 3.2461204873543466 1.2796202094323232 31.993009822414365 3.0523861509009285 9.188695642337505 0.97437183478541367 4.2866561271886212 28.896888691960157 0.60498239303706203 1.6145196678698992 5.5462495425399538
leaf_count=562 105 46 31 71 31 31659 186 1054 22 815 1377 19 41 543
internal_value=0.000709641 -0.0129134 0.0106381 -0.022074 -0.0304649 0.00219054 0.00471381 0.0141845 0.000293795 0.0272876 0.00291902 -0.010875 -0.0171112 -0.0257714
internal_weight=99.6554 9.01403 2.47908 6.53495 4.52574 90.6414 58.6484 17.959 40.6894 8.7703 37.637 8.74012 7.76575 6.15123
internal_count=36562 284 77 207 102 36278 4619 2431 2188 1377 2002 625 603 562
is_linear=0
shrinkage=0.05


Tree=234
num_leaves=15
num_cat=0
split_feature=17 0 13 17 4 13 16 0 9 0 2 16 4 8
split_gain=1.03332 2.36857 1.69927 1.38614 1.45773 1.06811 1.39691 1.08703 0.873642 1.35082 0.917082 0.8593 0.73701 1.19025
threshold=0.88456276504383036 0.40890110355287052 0.6160201720503985 0.90215185987458035 0.040818215475749729 0.6160201720503985 0.32040359867760443 0.0045677248415975742 0.46757825937392505 0.0087098777921466603 0.056707568385981531 0.1670733360649149 0.14650406504065042 0.2247448979591837
decision_type=2 2 2 2 2 2 2 2 2 2 2 2 2 2
left_child=1 5 11 -4 -5 8 7 -7 9 10 -1 -2 13 -6
right_child=2 -3 3 4 12 6 -8 -9 -10 -11 -12 -13 -14 -15
leaf_value=-0.023794612580324406 -0.0025004153930296663 -0.049628767352614719 0.041219750585706261 -0.020492665635102127 -0.01719973425142202 -0.0011036833375222543 0.010652281373739431 -0.039336372548343747 0.014362652431925317 -0.017519177761528278 0.017383134679236828 -0.033731942832257195 0.0044976496172202587 0.026907195594885632
leaf_weight=0.74740109111957309 29.087226441456554 1.9933214451666561 2.4954443161841473 3.1918555304023384 1.0938465856879727 2.8854824985005489 2.9979229661466889 4.5464903203774156 8.8870872059746926 8.1017447335425441 6.3443743306032729 1.4049029941083961 17.327536447919556 9.3651566042899486
leaf_count=5555 5238 180 43 383 63 433 176 231 3010 2549 17995 123 434 228
internal_value=-0.000321818 -0.00692718 0.00349631 0.0111242 0.00748669 -0.00313262 -0.0157377 -0.0263838 0.00273675 -0.00453055 0.0106391 -0.00496482 0.0113009 0.0211959
internal_weight=100.47 36.5038 63.966 33.4738 30.9784 34.5105 10.4299 7.43197 24.0806 15.1935 7.09178 30.4921 27.7865 10.459
internal_count=36641 30129 6512 1151 1108 29949 840 664 29109 26099 23550 5361 725 291
is_linear=0
shrinkage=0.05


Tree=235
num_leaves=15
num_cat=0
split_feature=14 13 11 6 15 6 8 8 1 13 14 15 12 13
split_gain=0.551348 1.01363 1.00822 0.92607 1.00055 0.66516 0.966922 1.26024 1.20646 1.06526 0.932477 0.878689 1.31298 1.12251
threshold=0.49330343796711512 0.28305058297192026 0.16530045465743914 0.044916048330011282 0.6825183623234391 0.20805987623293221 0.60990338164251223 0.72613636363636369 0.0007798083147404982 0.54566137722973085 0.032879293303681743 0.25432659479785125 0.14842578530521797 0.71398684493559539
decision_type=2 2 2 2 2 2 2 2 2 2 2 2 2 2
left_child=1 3 -2 4 -1 6 8 -8 9 -3 -11 12 -10 -13
right_child=2 5 -4 -5 -6 -7 7 -9 11 10 -12 13 -14 -15
leaf_value=-0.038874051803880094 -0.022962726794363595 -0.030641580276448484 0.021901609317781217 0.0042302239330067474 0.014056966979598077 -0.0084503658077238128 -0.028670412940588509 0.0049679232634859231 0.0048302549130422763 -0.016133292559293553 0.018557799778821691 0.0072047832096091115 0.026997703976999167 -0.017273375245750445
leaf_weight=3.8493895674034198 0.73182606105035475 3.2138230778322718 4.6790987089801774 2.5601282880197687 0.55748780388785224 18.746759321038553 4.4911387550200725 5.1430596084919671 19.031495610918686 2.7479154758188997 3.0227443803319147 13.782061750731375 9.7915689213227761 5.8567755371623198
leaf_count=7236 12523 4112 5533 699 49 822 403 468 2224 385 800 547 895 128
internal_value=-0.00100292 -0.00196289 0.0131984 -0.0190237 -0.0308167 -0.000374844 0.00197297 -0.0119346 0.00446966 -0.011511 0.00209537 0.00760518 0.0130136 -0.000578429
internal_weight=98.2053 92.7943 5.41092 6.96701 4.40688 85.8273 67.0806 9.6342 57.4464 8.98448 5.77066 48.4619 28.8231 19.6388
internal_count=36824 18768 18056 7984 7285 10784 9962 871 9091 5297 1185 3794 3119 675
is_linear=0
shrinkage=0.05


Tree=236
num_leaves=15
num_cat=0
split_feature=17 17 12 11 7 6 11 2 17 12 4 0 0 2
split_gain=0.394603 0.74635 0.702517 0.641698 0.774653 0.76049 0.6411 0.625067 0.566078 0.504278 0.499602 0.705175 0.51894 0.465115
threshold=0.10672710785882573 0.45453962452939828 0.022387402645632347 0.12721755368814194 0.47290679044201483 0.45324157080834043 0.12917130144605118 0.029841852722706817 0.46087254612117384 0.040901842830602789 0.0090499590499590523 0.0013878644228162084 0.0019026989659655879 0.84736215311969609
decision_type=2 2 2 2 2 2 2 2 2 2 2 2 2 2
left_child=2 7 -1 5 -5 8 -6 -2 -3 -4 -8 -12 -13 -9
right_child=1 3 9 4 6 -7 10 13 -10 -11 11 12 -14 -15
leaf_value=-0.016178904610125441 0.010811737298768396 0.013072918097275815 0.042042828949452632 0.024804843676189917 0.029610085295212987 0.014286744496666757 -0.02157239042711313 -0.03616458001064779 -0.030891028463902653 -0.0092946115228532324 0.024636166285343868 -0.027860807596827648 -0.00031424472744728105 0.0029163133634041859
leaf_weight=0.39669446976324607 0.76705031332517037 0.30085427100675532 0.93990611857293493 2.2265974017875569 0.77297281743767499 0.8957840431939984 1.7911860473969898 2.4638164771395172 3.4733167509641589 0.22527889916955246 1.7944987658861453 0.74758247137015033 80.23037980295112 0.79535146720263572
leaf_count=6589 1016 145 180 1751 47 49 2876 9492 4850 255 585 426 7965 363
internal_value=-0.000814571 -0.00131679 0.0185698 -0.000291139 0.000755969 -0.0165953 -0.000151549 -0.0200801 -0.0253823 0.0324086 -0.000766471 -6.40967e-05 -0.000905308 -0.028182
internal_weight=97.8213 96.2594 1.56188 92.2332 87.5632 4.66996 85.3366 4.02622 3.77417 1.16519 84.5636 82.7725 80.978 3.25917
internal_count=36589 29565 7024 18694 13650 5044 11899 10871 4995 435 11852 8976 8391 9855
is_linear=0
shrinkage=0.05


Tree=237
num_leaves=15
num_cat=0
split_feature=14 3 18 5 14 13 11 14 14 5 11 11 2 2
split_gain=0.44901 1.33188 0.872326 0.596259 0.593011 0.563367 0.549414 0.494525 0.560825 0.867635 0.718322 1.30589 0.931421 1.05315
threshold=0.28629868826127697 0.19518002322880376 0.44252804698128662 0.40824915824915831 0.23389454819845315 0.43209583423032027 0.16530045465743914 0.2224471434997751 0.1267136150234742 0.34891304347826091 0.26096575606002315 0.23693957115009748 0.94800296922283755 0.87864552880623903
decision_type=2 2 2 2 2 2 2 2 2 2 2 2 2 2
left_child=4 6 -3 -4 7 -6 -2 8 10 -10 11 12 13 -1
right_child=1 2 3 -5 5 -7 -8 -9 9 -11 -12 -13 -14 -15
leaf_value=0.0088213997419120983 -0.0078158640205551033 0.010857987881807271 -0.03587864824047466 0.010597442538139368 -0.031732026244369146 0.012995410724507599 0.02068517932211587 0.021829955550330699 -0.023792846479695592 0.00056988139172075973 -0.0032999687366963982 0.032695452502229654 0.024586407042828877 -0.016943071307727372
leaf_weight=7.1105064261606739 1.4884510096874226 1.6474419999411782 2.3162199911003545 0.38872696326109224 1.8951361973129786 0.3250101876581083 8.9848019279324927 1.25853992012503 5.8261661213479083 7.7672438747729302 47.484338177849168 3.2085171831386097 2.489314759586704 6.854419312076061
leaf_count=2121 785 15507 7152 154 1867 114 2196 429 2223 1406 2416 127 54 188
internal_value=-0.000693025 0.00704991 -0.0141093 -0.028142 -0.0021228 -0.023182 0.0163064 -0.00128018 -0.00190306 -0.0107869 2.72986e-05 0.00783328 0.00138979 -0.00411175
internal_weight=99.0448 14.8256 4.35239 2.70495 84.2192 2.22015 10.4733 81.999 80.7405 13.5934 67.1471 19.6628 16.4542 13.9649
internal_count=36739 25794 22813 7306 10945 1981 2981 8964 8535 3629 4906 2490 2363 2309
is_linear=0
shrinkage=0.05


Tree=238
num_leaves=15
num_cat=0
split_feature=3 3 5 11 4 2 13 8 15 11 6 18 12 15
split_gain=0.545366 1.23495 0.738879 0.700244 0.696189 0.669294 0.633918 1.15281 1.03108 1.07022 0.92826 0.884392 0.815418 0.785164
threshold=0.064183447123556031 0.073066052548937513 0.59629629629629644 0.52041666666666686 0.072227052540057138 0.93861029132396301 0.60549799009541205 0.57697368421052642 0.13064481061414104 0.15022935779816518 0.0012768543318192481 0.73242328179312299 0.38377401025343416 0.17266433386890626
decision_type=2 2 2 2 2 2 2 2 2 2 2 2 2 2
left_child=3 5 6 4 -1 -2 7 8 9 -3 -11 -9 -10 -8
right_child=1 2 -4 -5 -6 -7 13 11 12 10 -12 -13 -14 -15
leaf_value=0.029216785339261361 -0.033179105701846366 -0.026763238506805107 0.0078133415998460267 -0.023974764769641856 0.0053025805024118806 0.0029902283678423084 -0.0050503754746124424 -0.044621678728343328 -0.024842166250756463 0.015192843959544964 -0.006095009780963054 0.011390902064898673 0.012829277228655135 0.013296231545622884
leaf_weight=3.1943375378887202 3.2822609965787697 1.7969789419929707 25.118021013178804 0.60134802176889834 13.505566663114221 1.6036275756341636 11.105086076963746 2.0579758975948148 6.2884452191397022 11.016780257482312 8.177766266847355 0.46674396614798741 1.1273782475836922 10.425719412228316
leaf_count=436 189 15945 1251 190 1348 96 989 861 2745 9049 2765 36 268 435
internal_value=0.000991271 -0.000733005 0.000930437 0.00880104 0.0112691 -0.0228166 -0.00244945 -0.00694406 -0.00346831 0.00235428 0.00627053 -0.0339728 -0.0182713 0.00402932
internal_weight=99.768 82.4668 77.5809 17.3013 16.6999 4.88589 52.4629 30.9321 28.4073 20.9915 19.1945 2.52472 7.41582 21.5308
internal_count=36603 34629 34344 1974 1784 285 33093 31669 30772 27759 11814 897 3013 1424
is_linear=0
shrinkage=0.05


Tree=239
num_leaves=15
num_cat=0
split_feature=18 4 0 6 18 11 14 18 11 9 4 6 11 10
split_gain=0.734578 0.663972 1.4774 0.58636 0.495542 0.584675 0.994587 0.915332 0.895137 0.793716 0.790662 0.689548 1.03219 0.871987
threshold=0.77826070667843283 0.44093023255813962 0.77490021215406646 0.45324157080834043 0.75192560176723378 0.24499799919967991 0.1154812524159258 0.14638670509795929 0.16674942072161539 0.54174242424242436 0.42211097912777878 2.2220649392030722e-08 0.30830398415144183 0.93750000000000011
decision_type=2 2 2 2 2 2 2 2 2 2 2 2 2 2
left_child=1 4 -3 -4 5 6 8 -8 -1 -10 -9 12 -7 -14
right_child=-2 2 3 -5 -6 11 7 10 9 -11 -12 -13 13 -15
leaf_value=0.014635179363578747 -0.017366875174689909 -0.043852586151015782 0.022749739031494146 -0.011914690578050648 0.017366830315837765 0.014151596289018353 0.020867187884701464 -0.030639442016623726 -0.016041022350306997 0.023637749624052976 0.015547608709733455 0.0060767109103117174 -0.02075858411400594 0.016974755915096493
leaf_weight=6.3324653319931503 4.6255368934253047 1.5395296087426675 1.4372123925495546 1.5502081595768684 4.1182002013854335 3.413999834349851 0.46952437929769431 5.8603425698610749 6.0816610909866995 0.61391920479945827 0.45164511876646418 53.018842702473194 7.9859491503491409 1.060919317173102
leaf_count=1452 1469 173 69 227 351 1330 6380 14554 493 7 25 5790 4364 37
internal_value=0.000190405 0.00122879 -0.0156151 0.00628502 0.00224493 0.00132197 -0.00601158 -0.0201712 0.00227147 -0.00980403 -0.0256603 0.00359764 -0.00661821 -0.0150845
internal_weight=98.56 93.9344 4.52695 2.98742 89.4075 85.2893 19.8096 6.78151 13.028 6.69558 6.31199 65.4797 12.4609 9.04687
internal_count=36721 35252 469 296 34783 34432 22911 20959 1952 500 14579 11521 5731 4401
is_linear=0
shrinkage=0.05


Tree=240
num_leaves=15
num_cat=0
split_feature=14 8 1 17 0 4 11 11 15 11 3 6 11 17
split_gain=0.804533 0.748478 0.891537 1.30623 0.95398 0.802563 0.676239 0.583706 0.648128 0.742798 0.595425 0.613131 0.558936 0.72427
threshold=0.18937152590998749 0.24744897959183676 0.0007798083147404982 0.84062944033223486 0.12182516172499454 0.4099474822366389 0.49924379915305511 0.16530045465743914 0.51245369366961124 0.34045454545454551 0.19518002322880376 0.00092054496776850729 0.16354895104895106 0.97483370067314612
decision_type=2 2 2 2 2 2 2 2 2 2 2 2 2 2
left_child=1 2 -1 -4 6 12 -5 -2 9 -9 11 -11 13 -3
right_child=7 5 3 4 -6 -7 -8 8 -10 10 -12 -13 -14 -15
leaf_value=-0.030415196171461864 -0.012368480784864477 0.033315338867026208 0.015870703476077781 -0.035566896230768114 0.0067830938911628688 -0.021390203686155428 0.0094179006203731711 0.019467491707099913 -0.022444393005123575 0.023152474951993799 -0.014648084992949926 -0.0074876486132058502 -0.0013059033631591731 -0.009965467346439414
leaf_weight=4.489103382518862 2.7471288415209782 1.6351708246208994 3.8422032930402548 3.8332251963211093 2.3410146868409356 3.7747279661089115 0.57404092988872424 10.789166014281937 0.60154485013526837 2.6253084356476375 3.1667543830101295 2.2885562722608483 51.815955107430455 0.94481178136311417
leaf_count=3020 17176 164 452 403 109 254 72 6165 104 271 4492 1290 2725 49
internal_value=-0.00188376 -0.0044069 -0.013963 -0.00496675 -0.0173479 -0.00173556 -0.0290496 0.00626613 0.00937097 0.0114637 -0.000189818 0.0100292 -1.0143e-05 0.0191092
internal_weight=95.4687 73.2503 15.0796 10.5905 6.74828 58.1707 4.40727 22.2185 19.4713 18.8698 8.08062 4.91386 54.3959 2.57998
internal_count=36746 7248 4056 1036 584 3192 475 29498 12322 12218 6053 1561 2938 213
is_linear=0
shrinkage=0.05


Tree=241
num_leaves=15
num_cat=0
split_feature=18 2 2 11 8 17 5 1 9 8 0 0 8 18
split_gain=0.607504 0.665671 0.585803 0.568962 0.560913 0.992003 0.863806 0.881104 0.850177 1.1174 0.950727 0.792928 0.781713 0.688433
threshold=0.14638670509795929 0.12250418370436565 0.55025067066573541 0.25257841573631051 0.31866537717601556 0.84062944033223486 0.73993558776167478 0.10621467231402823 0.54517309316070939 0.38705936920222639 0.0056665728118274038 0.061263582645503377 0.35067567567567576 0.45235299325473982
decision_type=2 2 2 2 2 2 2 2 2 2 2 2 2 2
left_child=1 -1 3 -2 6 8 7 13 9 -6 -11 -8 -7 -4
right_child=2 -3 4 -5 5 12 11 -9 -10 10 -12 -13 -14 -15
leaf_value=-0.014853356601388765 -0.02815312504409604 0.032402448110404519 -0.016935230529525284 -0.0032909252093283022 0.0056074532052657602 -0.023945409191669095 -0.0099216291333339077 -0.01370281440088145 0.0012797402007338006 0.0050687845616176411 -0.051103079330580718 0.035519360286349576 0.0017672469916265882 0.0080299447064730214
leaf_weight=0.3756346250430046 2.8216960435401557 1.5949949771431873 2.1441433817987017 6.5803747325210225 1.44077157834681 2.2020853257745321 0.80691736588596485 6.5072634757686947 3.4655597308787947 0.72211937683005123 2.9526347471335157 2.6488150537770707 37.462565544154586 25.382403407367292
leaf_count=3773 14147 3437 2002 4549 310 222 71 862 687 163 628 109 2031 3689
internal_value=-0.000856646 0.0214269 -0.00153629 -0.0127416 -0.000174739 -0.0037072 0.00434944 0.0015908 -0.0181463 -0.029364 -0.0413418 0.0250634 -0.000214004 0.00555982
internal_weight=97.108 1.97063 95.1373 9.40207 85.7353 48.2457 37.4895 34.0338 8.58109 5.11553 3.67475 3.45573 39.6647 27.5265
internal_count=36680 7210 29470 18696 10774 4041 6733 6553 1788 1101 791 180 2253 5691
is_linear=0
shrinkage=0.05


Tree=242
num_leaves=15
num_cat=0
split_feature=6 3 3 3 1 4 13 8 4 15 1 0 18 14
split_gain=1.28817 1.58524 1.06988 1.00584 1.06642 0.816529 0.578054 0.580974 0.89663 0.957746 1.21573 0.768845 0.703044 0.794809
threshold=0.99978480517996682 0.073066052548937513 0.021505475802871103 0.18035431927458132 0.0084891797008149594 0.023122159850307408 0.20973718103907643 0.57321428571428579 0.20087719298245618 0.61842786472102407 0.033741088618499976 0.39336496019939821 0.77826070667843283 0.063000063000063014
decision_type=2 2 2 2 2 2 2 2 2 2 2 2 2 2
left_child=2 -2 5 -3 -5 -1 -4 12 9 10 -9 -12 13 -8
right_child=1 3 6 4 -6 -7 7 8 -10 -11 11 -13 -14 -15
leaf_value=0.035895012776499119 -0.048822729410818583 0.013010150227149167 -0.016334537885412483 0.0051958350948325821 -0.044987345482420171 -0.0098224335747284838 -0.0035789518545634815 0.0038938052540962464 0.0042247022634253938 0.010729308994466835 -0.045113225329424578 0.0023238278090007601 -0.017862057459489846 0.008098020686386492
leaf_weight=2.4627099166755211 2.0654875209220318 3.3296594666317105 4.7143123789143706 1.6710757054243006 1.2227312247268853 0.86069602573297732 22.857860986568312 2.3086004556362258 7.9457267356046932 1.76378573270631 3.991474508560259 0.91631898164632719 3.0598362938410437 37.089262021331479
leaf_count=233 68 56 21367 60 17 387 1783 373 257 33 603 39 630 10825
internal_value=-0.00161043 -0.0193189 0.000256518 -0.00412361 -0.0221162 0.0245217 -0.000971368 0.00012536 -0.00783217 -0.0178546 -0.0252964 -0.0373622 0.002352 0.00365992
internal_weight=96.2595 8.28895 87.9706 6.22347 2.89381 3.32341 84.6472 79.9329 16.9259 8.98018 7.21639 4.90779 63.007 59.9471
internal_count=36731 201 36530 133 77 620 35910 14543 1305 1048 1015 642 13238 12608
is_linear=0
shrinkage=0.05


Tree=243
num_leaves=15
num_cat=0
split_feature=18 15 6 9 5 9 2 12 6 15 13 9 4 6
split_gain=2.17612 1.09146 1.84338 2.54627 1.1152 1.70615 0.952798 0.905016 0.800576 0.778183 1.28185 1.16587 1.02424 0.874987
threshold=0.14638670509795929 0.69405402688251272 0.99978480517996682 0.31581106169854506 0.73993558776167478 0.29489002693821981 0.12250418370436565 0.040901842830602789 0.062226055120044095 0.10699878087387608 0.65637018655493751 0.43929349959786057 0.21020142949967513 0.086390242906240006
decision_type=2 2 2 2 2 2 2 2 2 2 2 2 2 2
left_child=6 4 8 -4 9 -6 -1 -8 -3 11 -11 -2 13 -13
right_child=1 2 3 -5 5 -7 7 -9 -10 10 -12 12 -14 -15
leaf_value=-0.013932177738432555 0.00046686363067427483 -0.012831819306516347 -0.060984600555134154 0.0042947027226727576 0.040288485574258764 -0.00029640801505103703 0.054075353182238717 -0.011767930645267221 0.0089755985852426595 -0.0031493749659498881 0.019475209293096568 -0.014024225552758791 0.0074379221966103292 -0.048349227613321444
leaf_weight=0.34308645457423326 25.682565253725429 7.812386545177846 2.7362940770108244 2.2832063087262213 3.2573162241642404 6.5736293000018122 2.1752648203880089 0.25004606914080785 7.1025394307507668 16.91205836269285 8.7362041462474718 9.2296307357115079 2.9130419130869987 1.9493840029253977
leaf_count=3788 19956 302 25 31 133 404 3358 71 160 3531 417 3998 289 295
internal_value=-0.000584611 -0.00203904 -0.0121384 -0.0355106 0.000760325 0.0156289 0.0366949 0.0458332 -0.0025356 -0.0016756 0.00499856 -0.0059964 -0.0170261 -0.0234882
internal_weight=97.9567 95.1883 19.9344 5.0195 75.2538 9.83095 2.7684 2.42531 14.9149 65.4229 25.6483 39.7746 14.0921 11.179
internal_count=36758 29541 518 56 29023 537 7217 3429 462 28486 3948 24538 4582 4293
is_linear=0
shrinkage=0.05


Tree=244
num_leaves=15
num_cat=0
split_feature=16 18 9 13 18 5 12 3 13 14 11 9 12 14
split_gain=0.465338 0.802589 0.753645 0.736398 0.514796 0.387391 0.510781 0.461656 0.386162 0.683585 0.639338 0.368585 0.718611 0.596897
threshold=0.4440841350244002 0.40669869591926805 0.59055695589638446 0.60549799009541205 0.50710217184874651 0.29099462365591405 0.031005749111997032 0.2066711697393516 0.54566137722973085 0.12275320202346358 0.45227743271221538 0.11864301276065985 0.015585323821149714 0.54295175023651854
decision_type=2 2 2 2 2 2 2 2 2 2 2 2 2 2
left_child=1 8 3 4 -2 6 -5 -8 9 -1 -11 -3 -13 -14
right_child=2 11 -4 5 -6 -7 7 -9 -10 10 -12 12 13 -15
leaf_value=0.011991497227854135 0.01073906480558475 -0.019692588004247336 -0.020115092355050355 0.01977334586860266 -0.027304687215405056 0.032436782314052545 0.012459808068746222 -0.030220525325792825 -0.033908163707943542 -0.030833780712062372 0.007341124984938727 0.022311213093766324 -0.00021725162187289 -0.028515029952927668
leaf_weight=1.9802093306046789 1.0471620163043533 1.4289165357040463 0.89713713341552637 1.1438233349472287 0.70230197789351212 3.3222484645748409 0.35018861386924971 0.56537002760342148 1.5254127961452466 2.3330008793520851 1.1521523724111373 2.4790511504917268 75.75746510920186 0.91097918105157205
leaf_count=416 149 1213 108 24 112 93 6 56 336 15244 1338 2904 13006 1810
internal_value=-0.000919215 -0.0020125 0.0099078 0.0156942 -0.00890945 0.0238352 0.00389208 -0.0159135 -0.0171278 -0.00792417 -0.0193906 -0.000507219 8.05333e-05 -0.000916296
internal_weight=95.5954 87.5672 8.02823 7.13109 1.74946 5.38163 2.05938 0.915559 6.99078 5.46536 3.48515 80.5764 79.1475 76.6684
internal_count=36815 36267 548 440 261 179 86 62 17334 16998 16582 18933 17720 14816
is_linear=0
shrinkage=0.05


Tree=245
num_leaves=15
num_cat=0
split_feature=6 1 7 18 8 14 8 2 9 6 2 18 7 1
split_gain=0.633211 1.2631 1.26963 1.25697 1.08575 1.19567 1.14606 1.0334 1.01898 1.591 0.911878 0.785971 0.767146 0.764599
threshold=0.0033047972796848512 0.2404072697395227 0.86115688292925707 0.47874028228456117 0.21980676328502416 0.18555630674135601 0.31174089068825916 0.72408611441216586 0.38518709370540677 0.41423686418708217 0.94800296922283755 0.75192560176723378 0.98551375106549943 0.3523916380863672
decision_type=2 2 2 2 2 2 2 2 2 2 2 2 2 2
left_child=-1 2 3 -2 5 10 -6 -7 -4 11 -5 12 -10 -3
right_child=1 13 8 4 6 7 -8 -9 9 -11 -12 -13 -14 -15
leaf_value=0.0047191757731835128 -0.027547481176944274 0.019804811679380471 -0.037848856165132005 -0.033836687276905794 0.027002280758919008 0.033058833014836427 -0.0089242758982106506 -0.0081424256906319787 -0.034737469826014493 0.014773927600562188 0.0076089245734600715 0.0083393681549825908 -0.00076323582445732513 -0.0011401201778267593
leaf_weight=41.698885467494392 2.4793480308342195 6.5756185710142772 3.9133419742911455 3.3078744579916037 6.3349950519018403 1.7217853287975229 2.6026769150494147 2.7668599982680462 5.6551269699912137 3.8224428896210147 1.4639681505504993 1.5233030273957409 2.2753287677332992 10.017424986499462
leaf_count=30485 1242 322 447 261 421 344 450 734 1046 87 38 59 137 568
internal_value=0.00014382 -0.00338135 -0.00836191 0.000108622 0.00511517 -0.00659894 0.0166951 0.0108055 -0.017997 -0.0099041 -0.0220062 -0.0203409 -0.0261669 0.00781403
internal_weight=96.159 54.4601 37.8671 20.6775 18.1982 9.26049 8.93767 4.48865 17.1895 13.2762 4.77184 9.45376 7.93046 16.593
internal_count=36641 6156 5266 3490 2248 1377 871 1078 1776 1329 299 1242 1183 890
is_linear=0
shrinkage=0.05


Tree=246
num_leaves=15
num_cat=0
split_feature=6 11 18 4 18 18 17 2 18 3 6 17 18 18
split_gain=0.737759 1.33311 0.608617 0.518216 0.432241 0.65606 1.05241 1.34068 1.22017 1.61071 1.02386 1.21653 0.694549 0.649926
threshold=0.81728924923489099 0.4050118778040277 0.57593220643603604 0.48234316576651443 0.77826070667843283 0.5484010231235551 0.84739230639417074 0.89715585648243334 0.49884965715934376 0.059563229265216025 0.043609557587500215 0.9219610393770995 0.51959525620708935 0.44772794442567149
decision_type=2 2 2 2 2 2 2 2 2 2 2 2 2 2
left_child=3 -2 -3 4 5 6 -1 13 10 -10 11 -9 -11 -8
right_child=1 2 -4 -5 -6 -7 7 8 9 12 -12 -13 -14 -15
leaf_value=0.0062930932129889707 -0.027234182242477818 -0.010806019747511827 0.021738435750372223 0.018393082743492113 -0.013669512582303736 0.0059647367649379819 0.001301522820864681 0.0096528261628323099 -0.026725506745946561 0.033696379938978414 0.0045365257574179942 -0.045621963875649846 -0.0024996896376279949 -0.029635770776317669
leaf_weight=16.797620982650699 5.284644933190064 1.7557372309238419 2.237267185933888 3.296049869451962 4.017886247022715 39.399813486765311 2.0328443441937925 1.0033632851554997 1.0720344870933329 4.1819754039606778 3.7470815683554974 2.2441327560736681 1.6048026620956077 7.2767354653516918
leaf_count=23547 185 74 39 271 1455 7854 855 37 79 76 230 123 97 1765
internal_value=-2.99604e-05 -0.0127035 0.00813029 0.00145605 0.000576455 0.00145883 -0.003021 -0.00975642 0.000376756 0.014344 -0.0134004 -0.0302921 0.0247691 -0.0234093
internal_weight=95.952 9.27765 3.993 86.6743 83.3783 79.3604 39.9606 23.163 13.8534 6.85881 6.99458 3.2475 5.78678 9.30958
internal_count=36687 298 113 36389 36118 34663 26809 3262 642 252 390 160 173 2620
is_linear=0
shrinkage=0.05


Tree=247
num_leaves=15
num_cat=0
split_feature=5 14 15 18 3 3 13 1 11 15 17 0 1 13
split_gain=0.810598 1.04947 0.897724 0.870362 0.75516 0.775671 0.707271 0.566422 0.561153 0.53986 1.14874 1.02112 0.938869 0.666456
threshold=0.72902097902097907 0.27139267767408476 0.099031640064268386 0.48246530829906481 0.19518002322880376 0.29273785981103057 0.24116438249285646 0.36432065220452875 0.16530045465743914 0.18348400563957964 0.84062944033223486 0.0013878644228162084 0.043041637634648723 0.39109027430995535
decision_type=2 2 2 2 2 2 2 2 2 2 2 2 2 2
left_child=1 9 3 -2 8 -6 -7 -5 -3 11 12 -1 -11 -13
right_child=2 4 -4 7 5 6 -8 -9 -10 10 -12 13 -14 -15
leaf_value=0.009086736953560914 -0.014508642371499096 -0.007984754698376428 0.0029423701467235453 0.041431503778288747 -0.026875676388277581 -0.016248399539147879 0.021354239520838196 -0.0022598339619877231 0.020543240849546746 0.00040789589358034581 0.0063229958163402954 -0.029983617211741483 -0.03574321030135099 -0.0088927013983298425
leaf_weight=5.7814341571979062 0.53976277294896391 1.5119757357474544 15.231500695736029 3.1932000364904529 1.610053376654945 1.1362615432714167 2.2309057361103442 0.78018995253660239 9.3952229673977836 3.7374635495040165 20.517630313590985 3.9118793309976381 2.4181720893211605 23.865254532132894
leaf_count=3917 183 781 421 83 1846 18988 2422 65 2311 1003 903 1463 187 2187
internal_value=0.000637971 -0.00172898 0.00940613 0.0267302 0.00933581 -0.00600015 0.0078501 0.0341231 0.0162502 -0.00475181 0.000571376 -0.00887693 -0.0168041 -0.0128017
internal_weight=95.8609 76.1163 19.7447 4.51315 15.8844 4.97722 3.36717 3.97339 10.9072 60.2318 26.6733 33.5586 6.15564 27.7771
internal_count=36760 36008 752 331 26348 23256 21410 148 3092 9660 2093 7567 1190 3650
is_linear=0
shrinkage=0.05


Tree=248
num_leaves=15
num_cat=0
split_feature=18 7 12 14 14 2 18 10 13 10 6 14 6 7
split_gain=0.676702 0.703107 0.674215 0.768096 1.1152 0.63904 0.449904 0.506549 0.799627 0.57742 0.981376 0.86525 0.785081 1.04538
threshold=0.14638670509795929 0.29105240419194928 0.011245399009165928 0.54295175023651854 0.49330343796711512 0.12250418370436565 0.77826070667843283 0.2678571428571429 0.26399309744529403 0.40178571428571436 0.14550484547812084 0.10061032339697072 4.3298055344375885e-08 0.90367250441719116
decision_type=2 2 2 2 2 2 2 2 2 2 2 2 2 2
left_child=5 -2 -3 4 6 -1 7 8 -4 10 -9 -12 13 -11
right_child=1 2 3 -5 -6 -7 -8 9 -10 12 11 -13 -14 -15
leaf_value=-0.014027071754619716 -0.030821525402795581 0.021466176760910484 -0.022761640010217101 -0.030123571899805621 0.030369560689945924 0.03307105083515937 -0.016548789690598597 -0.023512768928954 0.015640981190223384 0.017691339822028983 -0.016532788443347327 0.027040470927285704 -0.0037815614445086119 -0.004744866230777087
leaf_weight=0.353663972637832 0.95052310463512313 2.3769573876256791 0.7003796819355993 1.252403234542611 1.827368422170365 1.6693246981272976 3.7230071626454437 6.0175824012776484 7.6421026366072624 10.711376822972456 1.1492650206710098 1.5907066148938609 47.986931466872647 8.71331968531649
leaf_count=3761 7215 1489 1421 3380 1079 3428 707 4898 1902 2562 68 154 4191 463
internal_value=-0.000375192 -0.00110759 -0.000483829 -0.00128154 -0.000554066 0.0229208 -0.00152766 -0.000680144 0.0103257 -0.00200375 -0.0133724 0.00923017 -0.000352945 0.00788759
internal_weight=96.6649 94.6419 93.6914 91.3144 90.062 2.02299 88.2347 84.5117 8.34248 76.1692 8.75755 2.73997 67.4116 19.4247
internal_count=36718 29529 22314 20825 17445 7189 16366 15659 3323 12336 5120 222 7216 3025
is_linear=0
shrinkage=0.05


Tree=249
num_leaves=15
num_cat=0
split_feature=18 2 12 18 4 4 6 17 8 11 2 5 3 13
split_gain=0.53675 0.527907 0.538192 0.481824 0.919537 0.89379 1.1641 1.05429 0.691048 0.682771 0.663548 0.63773 0.620925 0.609673
threshold=0.14638670509795929 0.12250418370436565 0.040901842830602789 0.49884965715934376 0.041166501906510382 0.072227052540057138 0.0033047972796848512 0.45647144198183548 0.04210992907801419 0.48376152832674574 0.056707568385981531 0.267948717948718 0.24009803921568632 0.53802688382324815
decision_type=2 2 2 2 2 2 2 2 2 2 2 2 2 2
left_child=1 -1 -3 5 8 6 7 -2 13 -10 -9 -12 -13 -5
right_child=3 2 -4 4 -6 -7 -8 10 9 -11 11 12 -14 -15
leaf_value=-0.013445982801761217 -0.016985813825448032 0.03779498670235109 -0.011173159738348919 0.028256852392518218 0.0038731609526060484 -0.015399182282279135 -0.024650764428388844 -0.017401375251898575 -0.020788887772630028 0.0025875099838278052 0.038681855169382134 0.016971807555759017 -0.0183344741575069 -0.017078871868835842
leaf_weight=0.33575778356043784 1.8068484461102245 1.4230190355710872 0.23873116284448759 1.181713074225853 51.289963541727047 13.810826058243263 1.9676332139030126 0.41209846960833818 9.0436773720709862 4.2393562889933483 2.7283515511295491 3.289717624750665 0.83366267237624914 0.32787965354509641
leaf_count=3750 8466 3358 70 1758 4127 1979 988 1952 5875 1176 1757 371 1013 60
internal_value=-0.000894711 0.0199422 0.0292054 -0.00156438 0.000689555 -0.00735319 0.00315668 0.0110375 -0.00989515 -0.0136694 0.0192202 0.0233585 0.00764827 0.0155283
internal_weight=92.9292 1.99751 1.66175 90.9317 66.0826 24.8491 11.0383 9.07068 14.7926 13.283 7.26383 6.85173 4.12338 1.50959
internal_count=36700 7178 3428 29522 12996 16526 14547 13559 8869 7051 5093 3141 1384 1818
is_linear=0
shrinkage=0.05


Tree=250
num_leaves=15
num_cat=0
split_feature=4 7 14 13 1 7 1 15 13 7 12 18 2 5
split_gain=0.917621 0.605274 0.545033 1.01975 0.877936 1.58055 1.27561 0.811609 0.791624 0.680642 0.82661 0.664114 0.653811 0.592391
threshold=0.44093023255813962 0.98551375106549943 0.27139267767408476 0.53802688382324815 0.0082402122296875904 0.91593377606181747 0.0017329980895928597 0.12655308568818516 0.062258019140472777 0.66485374359086535 0.03781401943297108 0.66153829291675781 0.80922637455517998 0.22653958944281527
decision_type=2 2 2 2 2 2 2 2 2 2 2 2 2 2
left_child=2 -2 3 4 6 12 -1 8 -4 10 -5 -10 -6 -11
right_child=1 -3 7 9 5 -7 -8 -9 11 13 -12 -13 -14 -15
leaf_value=-0.013952957612139001 -0.028074986734080529 0.011917911571126897 -0.017972135841240199 0.0028164452314511715 -0.0078391926964302486 -6.4309459640201467e-05 0.020365039603711364 -0.013031180650068126 0.022728234606950917 0.022216323269193178 -0.033608079353183669 -0.010523389610117046 -0.043120518930309569 0.0048094853523919356
leaf_weight=4.1059925630171978 2.9689085819118186 0.62394625983142749 0.82206679626773294 4.0121417850386925 2.5701971991079509 8.7782322080183786 4.8464848191447345 2.1700170561226733 11.270163713891689 4.7466875191021236 1.4121039438755358 1.1236586203609693 3.6522544876443135 40.606833194643286
leaf_count=4206 429 32 10204 241 719 748 464 1660 12613 121 903 1659 928 1728
internal_value=0.00179313 -0.020047 0.00287433 0.00104877 -0.00726977 -0.0143259 0.00480485 0.0111361 0.0157419 0.00503745 -0.0104214 0.0191529 -0.0316506 0.00707126
internal_weight=93.7097 3.59285 90.1168 74.7309 23.9532 15.0007 8.95248 15.3859 13.2159 50.7778 5.42425 12.3938 6.22245 45.3535
internal_count=36655 461 36194 10058 7065 2395 4670 26136 24476 2993 1144 14272 1647 1849
is_linear=0
shrinkage=0.05


Tree=251
num_leaves=15
num_cat=0
split_feature=12 15 6 13 6 9 10 15 7 15 6 6 9 5
split_gain=0.440596 0.557551 0.475116 0.862352 0.813959 0.77367 1.36153 1.10565 0.770526 0.577171 0.498198 1.08344 0.809735 0.761811
threshold=0.56666308353808359 0.9683600246133518 0.0033047972796848512 0.14381731861061722 0.015729368792027149 0.35055909325452683 0.40178571428571436 1.0000000180025095e-35 0.24914435319736386 0.22349583035960327 0.077017037850772463 0.14550484547812084 0.38918128654970768 0.051315789473684217
decision_type=2 2 2 2 2 2 2 2 2 2 2 2 2 2
left_child=2 -2 3 -1 8 7 -7 -5 -4 -10 -6 13 -13 -12
right_child=1 -3 4 5 10 6 -8 -9 9 -11 11 12 -14 -15
leaf_value=-0.026976869736448278 -0.024182150168990085 0.0010673586845452332 0.018456644437481632 0.022588160100577185 0.0060661166780870178 -0.032581509532716518 0.0042518740956548834 -0.0028874866507875093 -0.039261351779827536 0.00072068539052707811 0.0086016579221035797 -0.010009377480494205 0.0080645243150725097 -0.032557452860867246
leaf_weight=1.0935056470933648 3.303248119439842 4.2806329017348617 0.33491019091525176 10.873620571702761 16.189707089818967 1.8939520773888059 17.874386754064744 6.3200013736050655 2.4582333626467521 1.1733878633467609 1.0023688431247162 10.025974711701567 13.149787787754574 3.8105526969629864
leaf_count=16158 654 90 67 7612 1851 1255 2077 2926 1693 124 91 925 595 580
internal_value=-0.000662726 -0.0114663 0.000408363 0.00452057 -0.00286791 0.00613849 -0.000675924 0.0135799 -0.0220618 -0.0289766 -0.000694419 -0.00467933 0.000155038 -0.0239803
internal_weight=93.7843 7.58388 86.2004 38.0555 48.1449 36.962 19.7683 17.1936 3.96653 3.63162 44.1784 27.9887 23.1758 4.81292
internal_count=36698 744 35954 30028 5926 13870 3332 10538 1884 1817 4042 2191 1520 671
is_linear=0
shrinkage=0.05


Tree=252
num_leaves=15
num_cat=0
split_feature=7 6 9 9 2 5 2 14 7 4 7 18 4 5
split_gain=0.507811 1.02463 0.71164 0.727202 0.894303 0.61978 1.33184 0.843015 0.750375 0.735752 0.609111 0.607617 0.544357 0.400564
threshold=0.50678063645291027 0.0088527565039045134 0.33144748212250624 0.21966374852447587 0.12250418370436565 0.21583850931677021 0.86371029923023712 0.11927343089962665 0.63141675104098927 0.074696610405914368 0.57418061582460445 0.61012033138019384 0.11050061050061051 0.38799283154121872
decision_type=2 2 2 2 2 2 2 2 2 2 2 2 2 2
left_child=1 2 3 4 -1 6 9 11 -9 10 -2 -8 -11 -7
right_child=5 -3 -4 -5 -6 13 7 8 -10 12 -12 -13 -14 -15
leaf_value=-0.024179276553885687 -0.0063463837174903273 -0.016539369495011974 -0.018754712322557848 0.038522155598680746 0.017672093101251528 0.0054742446302224607 0.028864080629172041 0.0092640924411367623 -0.026552999971802018 0.020057811208339986 -0.047097235855641323 -0.0087293220601770589 -0.020504761693389339 -0.0022491868387578915
leaf_weight=0.82154786393840407 1.6937143041576499 1.9427771215387108 0.43380527824160697 2.8639548631219895 3.5166638715969611 25.705783619870658 2.5147590192791545 1.9839762491610597 2.1898950933414199 0.90404254656937133 2.6699366667706386 1.0012516251299528 0.47720264880649665 44.250119926789523
leaf_count=12012 1510 448 853 1293 5655 6509 71 142 687 141 2594 32 302 4527
internal_value=-1.7409e-05 0.0103094 0.0182646 0.0225091 0.00670172 -0.00131172 -0.0107459 0.00309823 -0.011028 -0.026989 -0.0354123 0.0185962 0.00331811 0.000625995
internal_weight=92.9694 9.57875 7.63597 7.20217 4.33821 83.3907 13.4348 7.68988 4.17387 5.7449 4.36365 3.51601 1.38125 69.9559
internal_count=36776 20261 19813 18960 17667 16515 5479 932 829 4547 4104 103 443 11036
is_linear=0
shrinkage=0.05


Tree=253
num_leaves=15
num_cat=0
split_feature=18 3 8 1 18 13 6 6 9 6 6 13 3 0
split_gain=0.395973 0.592386 0.85154 0.596418 0.513229 0.59847 0.536719 0.829578 0.763118 0.906175 0.755548 0.705673 0.624463 0.972694
threshold=0.77826070667843283 0.17659736308316434 0.19722222222222227 0.012780685844090093 0.73788112676091211 0.3865297877418879 0.0028630915191114356 0.00085763392239170512 0.36695075757575762 0.043609557587500215 3.0934829885801842e-05 0.62925816197553419 0.11776661884265903 0.021275482590772037
decision_type=2 2 2 2 2 2 2 2 2 2 2 2 2 2
left_child=4 3 -3 -2 6 -6 7 10 -8 11 -1 -10 -11 -14
right_child=1 2 -4 -5 5 -7 8 -9 9 12 -12 -13 13 -15
leaf_value=0.0040449185977104243 0.022183223403109246 -0.044597996437423792 0.0021338925556733347 -0.017413124786595242 -0.017358531418800446 0.021947401764988272 -0.010423303638151799 0.023128177445184597 -0.030161075312501492 0.011454839250666822 -0.022064756593103169 0.0042749799759511488 0.013535898731942709 -0.021882424380281713
leaf_weight=31.925689950201104 1.2874163689193654 1.1513249646104671 1.6239552383476619 0.69923940679291252 0.4071153420779855 4.2691227832538061 19.22383454266253 4.3653383392829701 2.408434216948538 16.458256046335013 2.0314679715859247 2.2528599380966625 2.6240444669829222 3.3071866378413688
leaf_count=26533 76 1127 215 57 392 205 2855 962 1441 1067 1354 99 70 317
internal_value=0.000710248 -0.0120085 -0.0239308 0.00708257 0.00151419 0.0160702 0.000531243 0.0048416 -0.0030653 0.0023489 0.00189641 -0.0157024 0.0066177 -0.00652077
internal_weight=94.0353 4.76194 2.77528 1.98666 89.2734 4.67624 84.5971 38.3225 46.2746 27.0508 33.9572 4.66129 22.3895 5.93123
internal_count=36770 1475 1342 133 35295 597 34698 28849 5849 2994 27887 1540 1454 387
is_linear=0
shrinkage=0.05


Tree=254
num_leaves=15
num_cat=0
split_feature=2 11 1 9 14 9 5 11 11 6 17 0 6 18
split_gain=0.676031 1.0072 0.668241 0.802956 0.672737 0.696248 0.622068 0.508347 1.26394 1.13744 0.814523 0.7359 0.719413 0.715906
threshold=0.046639894374467659 0.39412194231471348 0.0084891797008149594 0.47219601677148854 0.32268272764393635 0.28321111642488983 0.088932806324110686 0.29442724458204339 0.26637102734663715 4.3298055344375885e-08 0.90215185987458035 0.20519325518298112 0.99978480517996682 0.45450157372045552
decision_type=2 2 2 2 2 2 2 2 2 2 2 2 2 2
left_child=1 -1 3 4 -2 -6 -7 8 9 13 -11 -12 -10 -4
right_child=2 -3 7 -5 5 6 -8 -9 12 10 11 -13 -14 -15
leaf_value=-0.04096291521379955 0.015440073664485632 0.0065808944712902094 -0.011951320945668288 -0.011090851531809207 -0.022898517728594296 0.024551605939759965 -0.017262228370413944 0.00021886884390400217 -0.03779512030326352 -0.031671466541499396 -0.017366956297442209 0.0098970503488567986 0.011007752131981149 0.023905350210594086
leaf_weight=1.4979995586709542 15.89336881156874 1.5811999757439705 1.2192783920563695 4.2461281985870292 1.8979387941831753 1.5150352926348207 0.52199702311372664 45.639418460119032 3.5282226296085351 2.4676612146319021 3.4389688249943884 4.6286688682594104 0.4454244291409849 4.0786934675170414
leaf_count=4880 3143 1698 208 1451 16792 762 772 4689 527 792 399 321 8 293
internal_value=-0.00101413 -0.0209205 -0.000105876 0.00685029 0.0110403 -0.00625807 0.0116808 -0.00272929 -0.00920652 -0.00215795 -0.0113747 -0.00235829 -0.0312113 0.0150659
internal_weight=92.6 3.0792 89.5208 24.0745 19.8283 3.93497 2.03703 65.4463 19.8069 15.8333 10.5353 8.06764 3.97365 5.29797
internal_count=36735 6578 30157 22920 21469 18326 1534 7237 2548 2013 1512 720 535 501
is_linear=0
shrinkage=0.05


Tree=255
num_leaves=15
num_cat=0
split_feature=2 5 8 18 8 8 14 1 8 8 12 15 13 9
split_gain=0.654717 0.94776 0.771088 0.932586 0.770784 1.06171 0.964302 0.808425 0.745903 0.875303 1.09645 0.687956 0.695041 0.643745
threshold=0.046639894374467659 0.29814814814814822 0.31866537717601556 0.60579148875054967 0.20483682983682985 0.10102040816326532 0.10061032339697072 0.0069597638928187789 0.45889639639639646 0.39009661835748799 0.37218384673900695 0.11924420011304032 0.60549799009541205 0.14938889435372812
decision_type=2 2 2 2 2 2 2 2 2 2 2 2 2 2
left_child=1 -1 3 11 5 6 -5 -8 9 -4 -11 13 -13 -2
right_child=2 -3 8 4 -6 -7 7 -9 -10 10 -12 12 -14 -15
leaf_value=-0.035881131501424281 -0.0097737554963565083 0.012029005412106735 -0.0030515115314229571 -0.023311752674291437 0.0069158098307575662 -0.032292839423708905 0.028029476680587126 -0.017818431546381446 0.00035455417675239178 -0.042185587791938303 0.0071490346282080692 -0.01436196418057907 0.011584402847913648 0.017912065549191628
leaf_weight=1.8391621449961797 1.7153605602300164 1.0018184830568087 8.2931722208877527 1.3751891276024233 7.0428028817277664 3.3103727613242881 2.4006337730131695 0.56425051504447754 33.035914480793963 3.0594096364720818 1.2023824117786714 4.1410723203121034 4.1949129732965957 18.982580628358448
leaf_count=4667 7068 1937 1007 152 638 879 1754 149 2623 864 29 1798 180 12999
internal_value=-3.59461e-05 -0.0202533 0.00082424 0.00550533 -0.00455584 -0.014695 0.00226133 0.0170107 -0.0036873 -0.0135642 -0.0295534 0.0105792 -0.00146272 0.0152729
internal_weight=92.159 2.84098 89.3181 43.7272 14.6932 7.65045 4.34007 2.96488 45.5909 12.555 4.26179 29.0339 8.33599 20.6979
internal_count=36744 6604 30140 25617 3572 2934 2055 1903 4523 1900 893 22045 1978 20067
is_linear=0
shrinkage=0.05


Tree=256
num_leaves=15
num_cat=0
split_feature=5 7 4 9 14 14 8 8 8 14 14 4 3 0
split_gain=0.390676 0.457147 0.863441 0.808181 0.716625 0.757199 0.865994 0.655052 0.754621 0.49323 0.485372 0.751906 0.684714 0.504773
threshold=0.032795698924731186 0.57418061582460445 0.013606071825249909 0.16653333333333337 0.54295175023651854 0.49330343796711512 0.20673076923076925 0.31174089068825916 0.45889639639639646 0.35607908351810796 0.081745887760038716 0.013606071825249909 0.87897727272727277 0.085204135434762615
decision_type=2 2 2 2 2 2 2 2 2 2 2 2 2 2
left_child=-1 3 -3 -2 5 6 -4 -8 -9 -10 -5 12 -12 -13
right_child=1 2 4 10 -6 -7 7 8 9 -11 11 13 -14 -15
leaf_value=-0.019004056004094827 -0.0095118440567244725 -0.021853771295606006 -0.013460422787861229 -0.0023605758165725107 -0.029663923093269935 0.029686620719978959 0.010444764218970228 -0.0098686555203819359 0.0022161744835044149 0.02733569945095847 0.039816429224620406 -0.019797473313802143 -0.011832987601019113 0.014964097321755056
leaf_weight=1.3721393180657049 3.0341538245772304 3.2234658575419806 7.9526957728071457 2.0825905731310268 0.82200288166813962 1.4076505667100025 19.914991111726522 13.253334380877275 32.127808765773352 1.1021353678484036 3.8112306871136354 0.83819588181222604 0.2884975573314249 1.4181527214896048
leaf_count=5965 8062 5188 1591 376 919 341 1722 1582 1973 259 7122 580 816 104
internal_value=0.00105369 0.00155789 0.000164506 0.0104599 0.00136105 0.00207976 0.00117005 0.00309609 -0.000205986 0.00382356 0.0178877 0.0239412 0.0345742 -6.33106e-05
internal_weight=92.649 91.2769 79.8041 11.4728 76.5806 75.7586 74.351 66.3983 46.4833 33.2299 8.43867 6.35608 4.09973 2.25635
internal_count=36600 30635 13575 17060 8387 7468 7127 5536 3814 2232 8998 8622 7938 684
is_linear=0
shrinkage=0.05


Tree=257
num_leaves=15
num_cat=0
split_feature=14 14 11 18 17 13 11 18 5 7 14 2 18 2
split_gain=0.477052 0.817659 1.01181 0.768716 2.1259 1.05083 0.966116 0.751083 0.740466 0.932294 0.702965 0.6462 0.634483 0.570673
threshold=0.18937152590998749 0.1267136150234742 0.56070175438596503 0.55818097057315941 0.7617673891826785 0.14381731861061722 0.34045454545454551 0.45637732753668786 0.081666666666666679 0.4837048011039492 0.54295175023651854 0.92596775318541746 0.41777552812286184 0.81310734462726952
decision_type=2 2 2 2 2 2 2 2 2 2 2 2 2 2
left_child=1 8 7 4 5 -2 10 12 -1 -10 -5 -9 -3 -8
right_child=3 2 -4 6 -6 -7 13 11 9 -11 -12 -13 -14 -15
leaf_value=-0.020003531407765802 -0.020016640775465038 -0.022200311751035536 0.010090373612995931 0.028164212953583845 -0.027564806367926888 0.023569088157250881 -0.02287109769103943 -0.04482060687528918 0.025619078087641398 -0.00038602108694797856 -0.0089909964400476106 -0.0024869817958694026 0.017741491448828466 0.0098410293912930668
leaf_weight=3.4188422853658258 0.96896629851508631 0.75959532566923682 2.202938639678905 7.0375995633601729 4.2692818756736131 4.9769287836131184 1.5410448674658703 3.0433320485815329 2.6711034809804906 55.901724375838967 1.0246398278461581 1.318262947599578 1.2865806721414399 1.9506237481164133
leaf_count=302 14380 550 226 2543 2976 6011 1598 1296 385 4180 1538 115 196 446
internal_value=-0.000365991 -0.00236689 -0.0159372 0.00594235 -0.00390436 0.014607 0.0142657 -0.0250394 -0.000258882 0.00121003 0.022971 -0.0348758 0.000493664 -0.00647406
internal_weight=92.3715 70.6024 8.61071 21.7691 10.2152 5.9459 11.5539 6.40777 61.9917 58.5728 8.06224 4.36159 2.04618 3.49167
internal_count=36742 7250 2383 29492 23367 20391 6125 2157 4867 4565 4081 1411 746 2044
is_linear=0
shrinkage=0.05


Tree=258
num_leaves=15
num_cat=0
split_feature=2 0 7 11 9 17 9 9 15 12 17 17 14 13
split_gain=0.70013 1.25409 0.894652 0.744817 0.631937 0.621082 0.592398 0.580358 0.520196 0.505184 0.667561 0.991807 0.635385 1.09811
threshold=0.046639894374467659 0.00076804905357129229 0.41345241709283492 0.3409526297457332 0.51783253842077392 0.13584348069482696 0.11242737835875093 0.1708731000353482 1.0000000180025095e-35 0.062507973972952297 0.73804873226577472 0.98361458090037091 0.28629868826127697 0.44777305932054051
decision_type=2 2 2 2 2 2 2 2 2 2 2 2 2 2
left_child=4 2 5 8 -1 -2 -3 -8 -4 10 -9 -12 13 -11
right_child=1 6 3 -5 -6 -7 7 9 -10 12 11 -13 -14 -15
leaf_value=-0.033317369832824552 0.017705287583229989 -0.0237433598393633 0.048881528310257751 -0.0094874550576596953 0.0083995408187814823 -0.023431568699609745 0.013643040324284606 0.00366791589638378 -0.0080013972255544297 -0.017292588282216061 -0.036480071831700357 -0.0031110504503685287 0.01452471345639943 0.0013894665834712008
leaf_weight=1.9319908989734238 0.79877544631267372 1.8661833722642303 2.3921402348253205 0.41716233392116908 0.82694577049119278 0.91477539551112841 5.5927545321574135 5.1158533584900843 0.16697210448046451 8.3399498697272048 3.1497346982205254 5.2548761626512714 5.8490569191567365 49.112021902617926
leaf_count=5856 7257 750 1492 362 695 8312 1199 2499 259 2014 1359 864 1515 2218
internal_value=-0.000768346 0.000123292 0.0228499 0.0359709 -0.0219053 -0.00479753 -0.00139445 -0.000609806 0.0439648 -0.00180942 -0.0102207 -0.0181658 0.000118158 -0.00157194
internal_weight=91.7292 88.9703 4.68983 2.97627 2.75894 1.71355 84.2804 82.4142 2.55911 76.8215 13.5205 8.40461 63.301 57.452
internal_count=36651 30100 17682 2113 6551 15569 12418 11668 1751 10469 4722 2223 5747 4232
is_linear=0
shrinkage=0.05


Tree=259
num_leaves=15
num_cat=0
split_feature=4 9 6 18 12 11 12 11 1 17 9 13 10 5
split_gain=0.758255 1.35181 0.930577 0.817053 1.22646 0.728661 0.901394 1.03136 0.990871 0.913682 0.901249 0.773259 0.845152 0.753434
threshold=0.08179356482956357 0.11864301276065985 0.30218275940770406 0.48246530829906481 0.34359172575377972 0.30830398415144183 0.045635749590403653 0.15022935779816518 0.0056354152752136873 0.48594459960297864 0.3061393676147775 0.54566137722973085 0.3303571428571429 0.23205128205128209
decision_type=2 2 2 2 2 2 2 2 2 2 2 2 2 2
left_child=1 -1 3 -2 -5 6 7 -3 9 -9 -8 13 -13 -7
right_child=2 5 -4 4 -6 11 10 8 -10 -11 -12 12 -14 -15
leaf_value=-0.033829020526203096 -0.021734698259070508 -0.0066935373631434071 0.0077628901415943835 -0.0096736533795304582 0.013282862675015168 -0.028604477715436186 -0.010449738326060309 -0.0023246516088716957 -0.0076070889871619673 0.049292351472639134 0.016497455385432045 -0.02649319711666296 0.01116056729349469 -0.00025404576560815169
leaf_weight=1.2184818045221266 7.8212397321919971 1.6405493278236942 10.882651834743227 22.881044960837247 6.7483827583837401 2.6062339344669017 5.2258891720529146 0.92046590856057253 0.91364702731516434 4.2457315953481611 5.2407935162163994 0.71155828809605637 13.294402987570718 6.744727445339322
leaf_count=4310 1372 10146 660 2172 198 4273 6907 1423 491 1042 468 118 575 2639
internal_value=-0.000366847 0.00442832 -0.0046131 -0.00831775 -0.00418213 0.00631919 0.0135391 0.0254436 0.0338359 0.0412102 0.00330508 0.000372257 0.00760958 -0.0101558
internal_weight=91.0958 42.7625 48.3333 37.4507 29.6294 41.544 18.1871 7.72039 6.07984 5.1662 10.4667 23.3569 14.006 9.35096
internal_count=36794 32392 4402 3742 2370 28082 20477 13102 2956 2465 7375 7605 693 6912
is_linear=0
shrinkage=0.05


Tree=260
num_leaves=15
num_cat=0
split_feature=6 11 11 9 2 17 2 17 15 14 2 14 18 14
split_gain=0.648433 1.03001 0.95099 0.855505 0.777057 0.730211 0.699479 0.656548 0.543191 0.545964 0.524069 0.687819 0.60428 0.539634
threshold=3.1540580001101022e-09 0.30830398415144183 0.47668139420716749 0.21966374852447587 0.89715585648243334 0.10672710785882573 0.046639894374467659 0.90895136076866756 0.11084761358403449 0.040474128852589462 0.95178891735142079 0.0099256194276144041 0.74297900490782565 0.44582150257079278
decision_type=2 2 2 2 2 2 2 2 2 2 2 2 2 2
left_child=1 3 -3 4 5 -1 -5 -8 9 -4 13 -12 -13 -2
right_child=10 2 8 6 -6 -7 7 -9 -10 -11 11 12 -14 -15
leaf_value=0.01521155370636066 -0.0020057683793746929 -0.021406889937406096 0.013116178288122921 -0.013324843203405271 0.023942307896985093 -0.031357539842910724 0.040115901327925897 -0.011370793562562584 0.023206242580469442 -0.021963532962280586 0.010410853375462381 -0.030702572720907952 0.010054344255939056 0.015627142207189929
leaf_weight=0.56309267070793412 66.409015927127484 3.2763799043885893 1.2492549634334866 0.313334810328456 0.86039895573048841 1.3916803496068721 4.4848579040692584 0.26775557219661994 2.324416240161554 1.2725210156072533 1.3365081539377559 3.6986895994286897 0.61735650982154755 3.6403449587295418
leaf_count=6302 6445 2738 64 882 11 13580 1091 143 113 1684 18 701 29 2866
internal_value=-0.000212909 0.00862336 -0.00381556 0.0204295 -0.00175035 -0.0173347 0.0310116 0.0357428 0.00970482 -0.00579564 -0.00216901 -0.0155843 -0.0240781 -0.000882366
internal_weight=91.7056 16.0037 8.12257 7.88112 2.81517 1.95477 5.06595 4.75261 4.84619 2.52178 75.7019 5.65255 4.31605 70.0494
internal_count=36667 26608 4599 22009 19893 19882 2116 1234 1861 1748 10059 748 730 9311
is_linear=0
shrinkage=0.05


Tree=261
num_leaves=15
num_cat=0
split_feature=7 4 3 11 17 16 17 3 3 14 9 15 12 10
split_gain=0.690225 0.906953 1.00741 0.774757 0.716864 0.587231 0.908756 0.561179 0.667798 0.59822 0.952583 0.58268 0.564621 0.575087
threshold=0.50678063645291027 0.023122159850307408 0.76974057117942019 0.15022935779816518 0.63214083109475949 0.44514445539305497 0.059517688127025646 0.077337819185645293 0.09278618732261118 0.020949761535535596 0.48288577502060659 0.49134681040429773 0.238496729712143 0.40178571428571436
decision_type=2 2 2 2 2 2 2 2 2 2 2 2 2 2
left_child=1 2 3 -1 5 6 -2 -6 9 -9 11 12 13 -11
right_child=4 -3 -4 -5 7 -7 -8 8 -10 10 -12 -13 -14 -15
leaf_value=0.0061038328356650242 0.015714961390959344 -0.010253351174756535 -0.0082210977193044391 0.04494579585679577 -0.0080917723006473843 0.0063064370521278461 -0.031784087035417963 0.031522623422699576 -0.00012061433837103644 0.020192303076262928 -0.028675092785038991 -0.010317284014011448 0.038174695379726377 -0.021940992683624167
leaf_weight=2.5255107432458299 0.6039830761255861 2.7569132700626824 1.8629215325875348 2.6881895772510234 17.048779477772769 1.6783770720558093 4.2515089194136522 2.3653399720787993 50.950610469606914 0.5955226931837394 0.78554761248597049 1.1270433181198312 1.4706850247457621 0.64982551355205942
leaf_count=13527 112 892 3559 2206 1306 161 5633 27 8914 50 124 34 27 100
internal_value=-0.000309922 0.0115595 0.0202747 0.0301411 -0.00186429 -0.0165674 -0.0242009 -0.000382115 0.00198506 0.0154209 0.00305404 0.0141214 0.0243098 -0.00177324
internal_weight=91.3608 9.83354 7.07662 5.2137 81.5272 6.53387 4.85549 74.9934 57.9446 6.99396 4.62862 3.84308 2.71603 1.24535
internal_count=36672 20184 19292 15733 16488 5906 5745 10582 9276 362 335 211 177 150
is_linear=0
shrinkage=0.05


Tree=262
num_leaves=15
num_cat=0
split_feature=7 4 3 14 13 17 16 5 6 18 13 18 14 6
split_gain=0.369576 0.774403 0.759077 0.717239 0.585458 0.493835 0.635684 0.454612 0.496339 0.755056 1.26056 0.984719 0.796454 0.952545
threshold=0.50678063645291027 0.023122159850307408 0.76974057117942019 0.081745887760038716 0.062258019140472777 0.61954293818429684 0.32338046620063976 0.72902097902097907 0.36764247357636948 0.5484010231235551 0.47288740359329712 0.52135472566557917 0.12275320202346358 0.086390242906240006
decision_type=2 2 2 2 2 2 2 2 2 2 2 2 2 2
left_child=1 2 3 -1 -5 6 -2 8 9 11 -11 -7 13 -12
right_child=5 -3 -4 4 -6 7 -8 -9 -10 10 12 -13 -14 -15
leaf_value=-0.006667779630134452 -0.021741915886171387 -0.010921343316589035 -0.0069893971752917495 -0.010645283674527649 0.038494407146141468 -0.0051183287419088157 0.0088947903609780093 0.006878055715942407 0.0078908982037658084 0.012295481600487157 0.0034340610664094721 -0.032822825816885053 -0.035348083334701123 -0.023449123251756604
leaf_weight=1.0232323202981186 4.6516588189559505 2.7658977220442011 1.9562773141659304 0.26568775291281088 3.8039951905105909 13.621953226986422 1.7676191053490127 18.440132132795043 9.5227449907797546 12.494673058998275 12.005279181597418 3.4141728588796232 1.3258864648191764 3.4439304658444589
leaf_count=190 5469 905 3552 8894 6586 4072 202 646 471 3254 957 903 316 146
internal_value=0.000208652 0.00889235 0.0170576 0.0259257 0.0338193 -0.000943582 -0.0132439 0.000281407 -0.00198015 -0.00413401 0.000798239 -0.0121825 -0.00797526 -0.00361995
internal_weight=90.5031 9.81509 7.04919 5.09292 4.06968 80.6881 6.41928 74.2688 55.8286 46.3059 29.2698 17.0361 16.7751 15.4492
internal_count=36563 20127 19222 15670 15480 16436 5671 10765 10119 9648 4673 4975 1419 1103
is_linear=0
shrinkage=0.05


Tree=263
num_leaves=15
num_cat=0
split_feature=18 2 14 14 8 0 13 6 14 8 8 1 8 9
split_gain=0.34809 0.456847 0.295279 0.792778 0.461257 0.389883 0.373833 0.32755 0.317062 0.561102 0.379954 0.630871 0.544912 0.681497
threshold=0.14638670509795929 0.12250418370436565 0.49330343796711512 0.54295175023651854 0.13762626262626265 0.094358030200270684 0.078073081916069681 2.2220649392030722e-08 0.40118019774404684 0.69309262166405039 0.63995726495726502 0.03989304187042244 0.52565789473684221 0.54174242424242436
decision_type=2 2 2 2 2 2 2 2 2 2 2 2 2 2
left_child=1 -1 8 5 6 7 -5 -4 10 -10 12 -12 13 -2
right_child=2 -3 3 4 -6 -7 -8 -9 9 -11 11 -13 -14 -15
leaf_value=-0.013089774113848651 -0.00012143765066422639 0.02658329354338276 -0.0064538919642589026 -0.012993936838688448 -0.025189502741401727 -0.0089859809088241073 0.019630790661098772 0.04055533615055161 -0.029268788539237357 0.015742512888534354 0.0088812797390361228 -0.017801346542593962 0.0085425345902552987 -0.018656932913193296
leaf_weight=0.33029194557099018 53.78447999998798 1.4698002461990425 0.14526273501030473 0.60744478045933226 0.8312383499763597 0.18207472944595782 1.1462342874518752 1.4774608779856633 1.3217070624796168 0.25864831255876186 2.4654511647413511 6.2605742333726084 15.093886430836163 4.464206222842221
leaf_count=3770 12199 3416 1105 5112 1945 90 3011 355 3047 75 404 646 648 808
internal_value=-0.000131057 0.0172288 -0.000675518 0.0106829 -0.00694095 0.0293999 0.00771522 0.0354909 -0.00139075 -0.0186561 -0.000837693 -0.0101244 0.00038853 -0.00183292
internal_weight=89.8388 1.80009 88.0387 4.38972 2.58492 1.8048 1.75368 1.62272 83.649 1.58036 82.0686 8.72603 73.3426 58.2487
internal_count=36631 7186 29445 11618 10068 1550 8123 1460 17827 3122 14705 1050 13655 13007
is_linear=0
shrinkage=0.05


Tree=264
num_leaves=15
num_cat=0
split_feature=4 4 3 5 3 7 18 12 18 17 18 7 0 13
split_gain=0.375686 0.78236 0.56487 0.482266 0.522479 0.545373 0.490716 0.600821 0.419938 0.790697 0.370872 0.333514 0.330609 1.03606
threshold=0.011976477337923123 0.012422839506172841 0.30309886192239138 0.061669829222011391 0.87526824034334771 0.90367250441719116 0.6209063901557349 0.024996844231254738 0.35811546620843898 0.059517688127025646 0.68621224690667215 0.56015866501813105 0.0087098777921466603 0.76240804275914786
decision_type=2 2 2 2 2 2 2 2 2 2 2 2 2 2
left_child=3 11 8 -1 5 -5 7 -6 9 -3 -4 -2 13 -10
right_child=1 2 10 4 6 -7 -8 -9 12 -11 -12 -13 -14 -15
leaf_value=0.0070584906662498701 0.03441063743632157 0.015794500638993528 -0.023550526796245173 -0.038214449144211904 0.015080316899249447 0.0036299244422768602 0.016549274359288327 -0.029794984947980354 0.020360662591280727 -0.032914350074473256 0.0029686086639876996 -0.0080317339673161448 0.0010485806214350103 -0.019673968678409436
leaf_weight=2.4904106086842699 1.396682644553265 0.57633867607364564 2.8780430876865912 2.0702884504985382 0.42712104324232336 0.82690520837513748 1.3104722275656966 0.99554617919793031 5.8558395170839495 1.2542057312381301 1.690416676341101 0.17064795876103733 66.61605572180838 1.2480863551027139
leaf_count=12433 231 21 2234 8071 410 162 986 3383 974 967 251 176 6319 79
internal_value=0.00023048 0.00129029 0.000414455 -0.00940274 -0.0166503 -0.0284045 8.05778e-05 -0.0156587 0.00152792 -0.0174165 -0.014967 0.0284611 0.00222513 0.0117672
internal_weight=89.8071 81.6863 80.119 8.12074 5.63033 2.89719 2.73314 1.42267 75.5505 1.83054 4.56846 1.56733 73.72 7.10393
internal_count=36697 11252 10845 25445 13012 8233 4779 3793 8360 988 2485 407 7372 1053
is_linear=0
shrinkage=0.05


Tree=265
num_leaves=15
num_cat=0
split_feature=9 9 13 14 2 2 11 11 9 8 18 12 13 13
split_gain=0.51552 0.89889 0.828324 0.689403 1.03491 0.867184 1.00768 0.786898 1.29326 0.896938 0.845132 1.31573 0.793212 0.738583
threshold=0.46472409909909912 0.47794691647150672 0.78957288011169935 0.18200220831799782 0.60091490818905768 0.86840723125704999 0.26637102734663715 0.16244961934617108 0.38918128654970768 0.41346153846153849 0.43395993715440445 0.098853331211969278 0.52884782865134039 0.30022945930477352
decision_type=2 2 2 2 2 2 2 2 2 2 2 2 2 2
left_child=2 -2 3 7 -5 13 -7 12 10 -10 -9 -12 -1 -6
right_child=1 -3 -4 4 5 6 -8 8 9 -11 11 -13 -14 -15
leaf_value=-0.012798706036155238 -0.03412612658971529 -0.0027689595503515903 0.012487161190329074 0.025360444162127262 -0.031317325389050125 -0.0085919674342182697 0.024674770731624864 0.0053996013521703801 -0.012490654987145782 0.017291156692489994 -0.0030224852103171601 -0.036479403721456298 0.02213935031906469 0.0017184145580503381
leaf_weight=1.7226295077505849 1.5249464513253794 26.949798726732752 14.506246391574676 4.3114027819877405 2.247712645980469 3.4955806824696083 3.9471722322732603 2.7154437475558124 3.3625396316620009 5.1899659205600983 5.0271044330397654 6.8021002145678722 3.5422362466224513 3.3277410143023189
leaf_count=1482 348 4535 560 21508 2669 831 674 507 393 202 532 902 813 791
internal_value=-0.000117901 -0.00554911 0.00249986 -0.000870456 0.00675798 -0.00077245 0.00988356 -0.00560296 -0.00955425 0.0055002 -0.0181909 -0.023605 0.0104896 -0.0143371
internal_weight=88.6726 28.4747 60.1979 45.6916 17.3296 13.0182 7.44275 28.362 23.0972 8.55251 14.5446 11.8292 5.26487 5.57545
internal_count=36747 4883 31864 31304 26473 4965 1505 4831 2536 595 1941 1434 2295 3460
is_linear=0
shrinkage=0.05


Tree=266
num_leaves=15
num_cat=0
split_feature=14 13 17 5 6 9 13 11 17 8 15 0 16 1
split_gain=0.678855 0.777824 1.75787 1.03754 1.04427 0.786209 0.678753 1.33022 0.787409 0.773365 0.768013 0.663876 0.93102 0.588102
threshold=0.18937152590998749 0.58317824005720664 0.97773886634222962 0.59629629629629644 0.032778291947424036 0.18001925545571248 0.62925816197553419 0.35304104663936892 0.82680556155883889 0.46546310832025123 0.38639622229716158 0.088892557889775736 0.35606880612204317 0.022471141575882866
decision_type=2 2 2 2 2 2 2 2 2 2 2 2 2 2
left_child=1 2 3 4 -1 -4 7 9 -9 -3 -8 -12 -13 -6
right_child=-2 6 5 -5 13 -7 10 8 -10 -11 11 12 -14 -15
leaf_value=-0.021185587195442418 0.0069475557079582695 0.035143954372861511 0.0082454592837716001 0.012387272483953604 0.023362777757974736 -0.035077307156577274 -0.0090418542114280159 0.015101735539875661 -0.026870039091702942 -0.013082152934646285 0.013555083526757354 -0.014487793930704247 0.020958807267211652 -0.011847740513417367
leaf_weight=6.7850025313332534 21.286617189902927 3.9846017743961957 0.83476166216723768 7.2753403457218146 1.975748406883213 6.1288234165945141 17.679222814072318 1.068144136661431 1.7019072991352002 0.4607653180064516 9.5974330814628974 5.8703013005433595 1.5753322355449197 1.1788552661455467
leaf_count=3087 29520 335 140 458 78 895 1399 58 135 34 283 141 18 171
internal_value=-0.000621158 -0.00312517 -0.0100739 -0.00102738 -0.0110811 -0.0295007 0.00102231 0.0139617 -0.0109727 0.0286608 -0.00198211 0.00543641 -0.00539446 0.0105202
internal_weight=87.4029 66.1162 24.1785 17.2149 9.93961 6.96359 41.9377 7.21542 2.77005 4.44537 34.7223 17.0431 7.44563 3.1546
internal_count=36752 7232 4829 3794 3336 1035 2403 562 193 369 1841 442 159 249
is_linear=0
shrinkage=0.05


Tree=267
num_leaves=15
num_cat=0
split_feature=9 18 18 14 17 2 2 18 18 17 2 4 13 6
split_gain=0.544678 0.646876 0.614262 0.541547 0.975816 0.778848 0.785019 0.609056 0.717072 0.600415 0.480153 0.615498 0.946305 1.48153
threshold=0.43929349959786057 0.70428801804228713 0.77826070667843283 0.0064309346567411095 0.88701551063598816 0.89715585648243334 0.69154052660020315 0.5037590851828907 0.51959525620708935 0.84416197892125411 0.046639894374467659 0.13126566416040103 0.52884782865134039 0.14550484547812084
decision_type=2 2 2 2 2 2 2 2 2 2 2 2 2 2
left_child=10 3 -3 9 -5 6 -6 -7 -9 -2 -1 -12 13 -13
right_child=1 2 -4 4 5 7 -8 8 -10 -11 11 12 -14 -15
leaf_value=-0.020998000393237237 -0.016267582239730339 0.018841194252189913 -0.013390339755140436 0.0010236260175880019 0.0061899197320380399 -0.021418819529806035 -0.034157427149102353 0.02726580746946666 -0.010859384048390345 0.014759396130178737 0.0089786453257913491 -0.028851296263744663 0.005871618758568474 0.0084605481486211276
leaf_weight=0.97312091734965989 1.3205621921733861 3.9976756819778521 1.2758694599549469 9.6234716145288548 1.0995409178040043 1.5720483418263027 6.7563080562308642 1.5095599113265055 1.6318495828018056 4.0407273315358907 29.560356721438325 5.2488250470696602 15.616827205318257 4.0044687064182654
leaf_count=5459 58 277 336 3482 248 106 1025 18 103 62 23472 1000 463 661
internal_value=0.000410235 -0.00461087 0.0101518 -0.00769285 -0.0110513 -0.0196904 -0.0284489 -0.00266832 0.0096211 0.00576112 0.00341433 0.00422172 -0.00156082 -0.0134538
internal_weight=88.2312 32.8276 5.27355 27.5541 22.1928 12.5693 7.85585 4.71346 3.14141 5.36129 55.4036 54.4305 24.8701 9.25329
internal_count=36770 5715 613 5102 4982 1500 1273 227 121 120 31055 25596 2124 1661
is_linear=0
shrinkage=0.05


Tree=268
num_leaves=15
num_cat=0
split_feature=1 1 13 11 10 11 5 3 1 11 9 18 18 4
split_gain=0.368896 1.12576 0.71282 1.36951 1.0461 0.849569 0.71104 0.567972 0.530796 0.516473 0.659868 0.834651 0.510066 0.893154
threshold=0.1220985112053538 0.14615305673284945 0.52884782865134039 0.26637102734663715 0.53571428571428581 0.32227517106549369 0.40370370370370373 0.11776661884265903 0.85223789977105857 0.47212509712509715 0.45635928277090992 0.58340724859526982 0.68621224690667215 0.17257053291536054
decision_type=2 2 2 2 2 2 2 2 2 2 2 2 2 2
left_child=12 -2 4 8 -3 6 -5 -8 -4 -7 -11 -12 13 -1
right_child=1 2 3 5 -6 9 7 -9 -10 10 11 -13 -14 -15
leaf_value=-0.0021031608597330974 0.025926384410323272 -0.033753033841364917 0.030138108613803744 0.011240649866092826 0.0022501243445622265 0.010042511859635341 -0.041277307574451527 0.006533624536900158 0.0030749380120028893 0.01559311117484162 -0.032330687251322231 0.0075056035817524045 0.005452039166170191 -0.02260795372165288
leaf_weight=33.458903709360186 4.0407202511096321 2.3741836391240012 4.5112824611132991 0.66523547255201565 4.7335863574901396 7.829907171222656 2.0538575456303083 0.4714249507524072 3.0710904800216667 1.2169711726110106 2.3777716681797756 1.6395283817255402 13.830239553498471 5.3744451725851823
leaf_count=30411 246 625 81 23 664 244 100 9 69 79 154 50 3172 878
internal_value=9.82953e-05 0.00401396 0.000430645 0.00461989 -0.0124557 -0.0037018 -0.02332 -0.0330303 0.0208122 0.00240679 -0.00879412 -0.0178172 -0.00252929 -0.0054373
internal_weight=87.6491 34.9856 30.9448 23.8371 7.10777 16.2547 3.19052 2.52528 7.58237 13.0642 5.23427 4.0173 52.6636 38.8333
internal_count=36805 2344 2098 809 1289 659 132 109 150 527 283 204 34461 31289
is_linear=0
shrinkage=0.05


Tree=269
num_leaves=15
num_cat=0
split_feature=3 3 3 12 10 15 15 13 6 6 0 15 15 17
split_gain=0.47356 0.673754 0.765778 0.544973 0.928221 0.756535 0.583749 0.707575 0.576308 0.976254 0.998135 0.663505 0.544183 0.638036
threshold=0.064183447123556031 0.077337819185645293 0.09278618732261118 0.090330882788793518 0.59821428571428581 0.6825183623234391 0.80485557401891106 0.52884782865134039 0.99978480517996682 0.086390242906240006 0.1087491434284084 0.52087474848374948 0.9683600246133518 0.86686360516114769
decision_type=2 2 2 2 2 2 2 2 2 2 2 2 2 2
left_child=-1 -2 -3 4 -4 8 -7 -8 9 10 -5 -11 -9 -14
right_child=1 2 3 5 -6 6 7 12 -10 11 -12 -13 13 -15
leaf_value=0.00661515493089131 -0.018160696623245248 0.013008768160796389 -0.0020656547734401991 -0.014360947908874159 0.022145697235216425 0.022166753803452635 -0.030995868892907827 -0.017887921055581145 0.0099514186778275945 -0.044503973674815997 0.012892224589035379 0.0097629935530217718 -0.014044415237820457 0.020231975469852295
leaf_weight=15.394532804329627 5.5036785999172926 7.2801053813400349 22.089290906556872 15.641599382154803 3.789189356298265 2.2197236152933311 0.79640427741378506 1.1612107227847444 2.0348859997648097 2.5308914047272988 3.3782060814446586 0.29469817999051873 1.0819737104575322 3.8377864526046324
leaf_count=1983 443 448 25505 7272 380 90 70 33 62 249 117 13 34 68
internal_value=-0.00107632 -0.00279744 -0.00126749 -0.00322121 0.00217146 -0.00739237 0.00452288 -0.00326286 -0.0119308 -0.0143155 -0.00911819 -0.0377716 0.00423364 0.0115947
internal_weight=87.0342 71.6396 66.136 58.8559 25.8785 32.9774 9.0971 6.87738 23.8803 21.8454 19.0198 2.82559 6.08097 4.91976
internal_count=36767 34784 34341 33893 25885 8008 295 205 7713 7651 7389 262 135 102
is_linear=0
shrinkage=0.05


Tree=270
num_leaves=15
num_cat=0
split_feature=4 0 14 8 14 2 15 0 8 11 13 2 2 17
split_gain=0.612424 0.823354 0.765467 0.81004 0.65218 0.801587 0.630273 0.594702 0.670139 0.555181 1.56569 0.655337 0.700356 0.946265
threshold=0.011237373737373739 0.0013878644228162084 0.49330343796711512 0.20673076923076925 0.54295175023651854 0.52827795298234881 0.35724263732529965 0.68105151005161402 0.051956815114709856 0.23693957115009748 0.53802688382324815 0.95178891735142079 0.87864552880623903 0.7343744423605082
decision_type=2 2 2 2 2 2 2 2 2 2 2 2 2 2
left_child=-1 -2 3 6 -4 -6 7 8 -3 10 -5 12 -11 -14
right_child=1 2 4 9 5 -7 -8 -9 -10 11 -12 -13 13 -15
leaf_value=-0.012516473293666803 0.027233868388834338 -0.00080424118352961048 0.034769668905678286 -0.040525921838460981 0.02518803904697935 -0.017574546619574118 0.0071422255023858745 0.016155322450929786 -0.031344558668207491 -0.00081497895795089358 0.002703427670242866 -0.021598050246404328 -0.024314617244473195 0.013093289269808156
leaf_weight=7.4143552323211557 2.0298067545147651 2.603802023892511 1.9293061119953439 1.8670865537847001 0.8641665704823257 1.6590402449734822 2.5025877660564211 0.41234576782881038 5.2043167386766527 27.163770002194497 7.3660406209673965 1.4990149970835762 0.91053013770761282 23.071394592574507
leaf_count=24993 944 243 495 473 349 2071 177 23 1717 3498 188 216 275 1044
internal_value=0.000319457 0.00166414 0.000650278 -0.000697245 0.0187206 6.33723e-05 -0.0127558 -0.018931 -0.0224077 0.00156206 -0.00914426 0.00357525 0.00471308 0.0107566
internal_weight=86.4976 79.0832 77.0534 72.6009 4.45251 2.52321 10.7231 8.22046 7.80812 61.8778 9.23313 52.6447 51.1457 23.9819
internal_count=36706 11713 10769 7854 2915 2420 2160 1983 1960 5694 661 5033 4817 1319
is_linear=0
shrinkage=0.05


Tree=271
num_leaves=15
num_cat=0
split_feature=1 13 8 15 18 8 8 9 13 18 10 2 6 3
split_gain=0.838445 1.28775 0.521813 0.442825 0.442342 0.871166 0.802023 1.08816 0.863603 0.984196 1.02152 0.800893 0.940561 1.10278
threshold=0.51938691533828918 0.52884782865134039 0.74456521739130443 0.52689527905334999 0.61012033138019384 0.46546310832025123 0.18065268065268067 0.20960061443932418 0.48597928092590242 0.57015425468262904 0.93750000000000011 0.72408611441216586 0.0061453904117273689 0.91841114128054668
decision_type=2 2 2 2 2 2 2 2 2 2 2 2 2 2
left_child=4 2 -2 -3 6 11 7 -1 9 10 -8 12 13 -6
right_child=1 3 -4 -5 5 -7 8 -9 -10 -11 -12 -13 -14 -15
leaf_value=-0.0055220083354718431 -0.049663586453816327 -0.023892001412569086 0.0050816336146176817 0.0024448777695922695 -0.031110733039110092 0.0088630792569064226 -0.019853506197033181 0.026072026872199883 0.0067306486542216288 0.012000481947806473 0.020182381974399918 -0.017258397924813873 0.020548241189679673 0.018129664753068365
leaf_weight=3.6098972895910872 1.5204938111592117 0.96517016674624567 0.31759378872811783 7.7589026626083069 1.9198944290135451 8.7868448659110054 10.424452040960116 7.2913396813871714 25.850773499088746 3.8171565477117602 1.0275904861555325 10.972834311769473 3.1487237501387426 1.0328335898167322
leaf_count=18779 133 119 4 160 3208 484 5847 3418 1536 691 109 1330 292 712
internal_value=0.000119718 -0.012456 -0.0417469 -0.0026262 0.00196149 -0.00329945 0.00458974 0.0160249 0.0012497 -0.00787289 -0.0149288 -0.00970265 0.00440241 -0.0136578
internal_weight=88.4445 10.5622 1.83809 8.72407 77.8823 25.8611 52.0212 10.9012 41.12 15.2692 11.452 17.0743 6.10145 2.95273
internal_count=36822 416 137 279 36406 6026 30380 22197 8183 6647 5956 5542 4212 3920
is_linear=0
shrinkage=0.05


Tree=272
num_leaves=15
num_cat=0
split_feature=18 18 17 5 3 2 12 18 5 18 12 17 13 13
split_gain=0.575999 0.548914 0.526335 0.564278 0.562563 0.478732 0.453487 0.405766 0.739025 0.924491 0.810911 0.79387 0.762648 0.911059
threshold=0.43234709152393286 0.43395993715440445 0.10672710785882573 0.86038961038961048 0.87191100435614555 0.94800296922283755 0.022387402645632347 0.57802396158656855 0.267948717948718 0.74297900490782565 0.01990315514921202 0.64324612238751755 0.46699524835111295 0.69377914912243088
decision_type=2 2 2 2 2 2 2 2 2 2 2 2 2 2
left_child=2 -2 6 4 5 -4 -1 -3 9 10 -9 -11 -10 -14
right_child=1 7 3 -5 -6 -7 -8 8 12 11 -12 -13 13 -15
leaf_value=-0.015146502615041134 0.026494736350612797 -0.0040871459233424645 -0.032405652972794657 0.0056965922638493073 0.0073593950894871654 0.0052628947416071721 0.023436024327688917 0.0081597722942005884 0.021066592745107832 -0.024658862338854844 -0.026160098481242657 0.016871042850205568 -0.012155701428926337 0.0099896314979248668
leaf_weight=0.38032792859462361 0.94027342977574235 37.073424726022495 5.0789898287053159 1.8337114179485068 0.93078332243644002 0.68386303291572392 1.0114045509650393 1.8371120594380252 6.8218036347354909 0.52941303954025887 5.2107704976484115 4.3746713223287088 6.1992226605425484 12.166636622337135
leaf_count=6641 134 9753 10034 114 1734 143 437 1267 1423 579 2317 1018 727 381
internal_value=-0.00131653 0.000239398 -0.0120475 -0.0165607 -0.022606 -0.0278184 0.0109679 -0.000441095 0.00321019 -0.00666783 -0.0173119 0.00897052 0.00797311 0.00227298
internal_weight=85.0724 75.1533 9.91908 8.52735 6.69364 5.76285 1.39173 74.2131 37.1396 11.952 7.04788 4.90408 25.1877 18.3659
internal_count=36702 17599 19103 12025 11911 10177 7078 17465 7712 5181 3584 1597 2531 1108
is_linear=0
shrinkage=0.05


Tree=273
num_leaves=15
num_cat=0
split_feature=3 8 6 4 9 3 18 14 14 5 6 4 11 0
split_gain=0.379526 0.665944 0.550667 0.509401 0.965337 0.795442 1.10315 0.923986 1.70679 1.10409 1.26764 0.623629 0.787255 0.756441
threshold=0.09278618732261118 0.69504830917874405 0.81728924923489099 0.080229885057471279 0.19658260242700956 0.18035431927458132 0.75192560176723378 0.0064309346567411095 0.040474128852589462 0.73993558776167478 0.062226055120044095 0.06872933396315542 0.20874183006535951 0.03351032332244059
decision_type=2 2 2 2 2 2 2 2 2 2 2 2 2 2
left_child=1 2 -1 4 -2 7 -7 -5 9 -9 -11 12 -6 -14
right_child=3 -3 -4 5 11 6 -8 8 -10 10 -12 -13 13 -15
leaf_value=0.0098550881457922356 -0.018034294228384852 -0.025051898227823846 -0.012337271356514396 0.019335691889679086 0.023339653876520036 -0.037814093319703888 0.013282582669935792 -0.049159612737665448 0.0045369090982192014 -0.02845118620515846 0.018527133675161886 0.023596164255786048 0.0033809472600748814 -0.019856522156693705
leaf_weight=25.468804798256777 3.8127341348871928 0.68071481501829012 2.2704172122284936 3.1815514916088494 3.1296372864997073 2.7249555396949741 0.89093310388852831 2.0560659390903337 11.730249802672231 1.9761244276887739 1.8377368944347834 3.386084792339715 21.55223502375657 3.1461543825657818
leaf_count=2593 20206 95 151 55 2596 654 24 95 1404 72 46 373 7712 602
internal_value=0.00141753 0.00606389 0.00767259 -0.000868188 0.00297013 -0.00627871 -0.0250741 -0.00200742 -0.00669769 -0.0265409 -0.00666806 0.00601596 0.00313251 -0.000236602
internal_weight=87.8444 28.4199 27.7392 59.4245 35.0268 24.3976 3.61589 20.7817 17.6002 5.86993 3.81386 31.2141 27.828 24.6984
internal_count=36678 2839 2744 33839 31489 2350 678 1672 1617 213 118 11283 10910 8314
is_linear=0
shrinkage=0.05


Tree=274
num_leaves=15
num_cat=0
split_feature=4 4 9 15 5 9 10 9 12 10 6 9 7 1
split_gain=0.532094 0.643051 0.830255 0.968474 1.22178 0.870757 0.827705 0.811072 0.778651 0.709821 0.636065 1.09718 0.998691 0.755047
threshold=0.23979166666666671 0.15203632361034677 0.41477272727272735 0.11084761358403449 0.73993558776167478 0.27779098014364179 0.86607142857142871 0.61375695732838598 0.03781401943297108 0.46428571428571436 0.17602596244514307 0.36695075757575762 0.96436342210848636 0.101260384279881
decision_type=2 2 2 2 2 2 2 2 2 2 2 2 2 2
left_child=1 2 5 4 -4 8 9 -3 -1 -5 13 -12 -13 -2
right_child=10 7 3 6 -6 -7 -8 -9 -10 -11 11 12 -14 -15
leaf_value=0.006753098850069722 -0.029273119812451884 -0.020562317721238496 -0.022623432706642507 0.013528799178446883 0.018123697799230076 0.012547090666813716 0.027463502851545692 0.008229088582149437 -0.016826365230748371 -0.014208594742844031 -0.0044175424207106651 0.03561560822001391 -0.0075994283328729905 0.0029367006583984174
leaf_weight=6.5276745768665041 1.0811567457894877 8.1582787260836067 10.314367081333218 2.7909234297067069 1.4213803997336061 16.076595390217108 1.7979149488965047 2.7142311019379113 5.6733797358144784 5.0058895147149087 4.3501828483103946 4.8444483606981521 1.3335135287852606 13.546084231473285
leaf_count=16350 266 766 4866 214 94 3479 28 148 8694 246 420 254 100 647
internal_value=-0.000296125 -0.002834 -0.000325749 -0.00758128 -0.0166528 0.00521927 0.00403898 -0.0132871 -0.0046552 -0.00387056 0.00568071 0.0144677 0.0265285 -0.00116492
internal_weight=85.636 60.4806 49.6081 21.3305 11.7357 28.2776 9.59473 10.8725 12.2011 7.79681 25.1554 10.5281 6.17796 14.6272
internal_count=36572 34885 33971 5448 4960 28523 488 914 25044 460 1687 774 354 913
is_linear=0
shrinkage=0.05


Tree=275
num_leaves=15
num_cat=0
split_feature=17 17 17 18 5 17 6 2 9 6 8 18 11 14
split_gain=0.3891 0.562979 0.64759 0.556649 0.625631 0.460424 0.736374 0.484967 0.916835 0.826983 0.676157 0.571454 0.715879 1.09578
threshold=0.64324612238751755 0.56900383541146182 0.50759969016287954 0.14638670509795929 0.59629629629629644 0.66726884615091786 0.00092054496776850729 0.89391329000647934 0.38518709370540677 2.7053913991704769e-08 0.69504830917874405 0.57802396158656855 0.29197454844006571 0.044444625832571506
decision_type=2 2 2 2 2 2 2 2 2 2 2 2 2 2
left_child=1 2 3 -1 -5 6 -2 11 -9 -10 -11 -7 -13 -14
right_child=5 -3 -4 4 -6 7 -8 8 9 10 -12 12 13 -15
leaf_value=0.010583750817658255 0.034682535108707162 -0.025370864664087552 0.016858347852288524 -0.026601622379427287 0.011781690676111657 -0.0094328466715902035 -0.010748809958816916 -0.0025136117755432735 -0.019701369339788707 0.020658244848715857 -0.010701417352879772 0.013728867356904243 0.010146340087761578 -0.015402933876111783
leaf_weight=1.6466150719498367 1.446590082836223 2.3748682985261089 2.4198558241843671 3.3374872601288246 0.76844769317858652 17.233757138214685 0.81230823345589431 17.388762006589786 0.85895052016712625 12.780493931135423 1.339709414540265 7.8109695720650079 6.7296824511722653 8.2951910975857555
leaf_count=7186 448 2042 1681 12209 146 6095 185 1394 35 506 97 2566 190 1881
internal_value=0.000369714 -0.00818444 -0.000968629 -0.00985373 -0.0185174 0.00166974 0.0200601 0.000830906 0.0052984 0.0139569 0.0171719 -0.00281904 0.00235861 -0.0040403
internal_weight=85.2437 10.5473 8.17241 5.75255 4.10593 74.6964 2.2589 72.4375 32.3679 14.9792 14.1202 40.0696 22.8358 15.0249
internal_count=36661 23264 21222 19541 12355 13397 633 12764 2032 638 603 10732 4637 2071
is_linear=0
shrinkage=0.05


Tree=276
num_leaves=15
num_cat=0
split_feature=14 2 0 6 18 17 18 17 8 13 8 4 12 17
split_gain=0.413939 0.818553 0.95433 1.2066 0.758178 1.09638 0.670066 0.641501 0.626791 0.611042 0.582849 0.556729 0.815181 0.727035
threshold=0.18937152590998749 0.60091490818905768 0.042350097300898462 0.026753388373066563 0.55818097057315941 0.7617673891826785 0.66153829291675781 0.7041975902033718 0.24744897959183676 0.062258019140472777 0.19722222222222227 0.1623310810810811 0.12599530550974156 0.77938608740047799
decision_type=2 2 2 2 2 2 2 2 2 2 2 2 2 2
left_child=8 9 3 -3 5 7 -6 -4 -1 -2 -11 -10 -13 -14
right_child=1 2 4 -5 6 -7 -8 -9 11 10 -12 12 13 -15
leaf_value=-0.011460506783338402 -0.014772367837738793 -0.026287661324427482 -0.010723615168440583 0.018237910091287619 0.025339678575496682 -0.026039700340673128 -0.012972460967312183 0.031341047467964678 0.0055086360734019945 0.034151591291502408 -0.0045708667975298918 -0.030396364322899216 -0.029807311259452126 0.00095976166224058719
leaf_weight=13.011297509796803 0.39448868282231586 4.4300910352096698 0.87286861207848998 1.307890094552931 5.142651942496741 2.1911165551919112 0.75090375166837464 1.2190175393589013 25.940744216990311 3.6614848686790822 0.95445413665947842 1.7691697743030115 1.0946078543638602 22.439824386561668
leaf_count=4042 9952 4437 438 174 529 700 248 86 2093 11019 1859 236 144 738
internal_value=-9.24121e-05 0.00585252 -7.96542e-05 -0.0149382 0.0088852 -0.00636632 0.0192846 0.0159975 -0.00208841 0.0215731 0.0267566 0.000465047 -0.00471839 -0.00162783
internal_weight=85.1806 20.925 15.9145 5.73798 10.1766 4.283 5.89356 2.09189 64.2556 5.01043 4.61594 51.2443 25.3036 23.5344
internal_count=36695 29442 6612 4611 2001 1224 777 524 7253 22830 12878 3211 1118 882
is_linear=0
shrinkage=0.05


Tree=277
num_leaves=15
num_cat=0
split_feature=18 17 14 6 18 2 2 0 2 18 3 13 2 9
split_gain=0.406459 1.45147 0.660081 0.619352 0.580661 0.568155 0.7163 0.491604 0.477949 0.472347 0.688514 0.444393 0.801305 1.16161
threshold=0.48420727487494475 0.89655325759150994 0.0064309346567411095 4.2500584884739026e-05 0.40669869591926805 0.58397975153462911 0.60900591553476946 0.1035440953254325 0.12250418370436565 0.39411431768498217 0.068709763948497871 0.58317824005720664 0.88265247327430008 0.22626396237507351
decision_type=2 2 2 2 2 2 2 2 2 2 2 2 2 2
left_child=1 3 -3 4 8 -2 -7 -6 -1 -4 -11 12 13 -8
right_child=5 2 9 -5 7 6 11 -9 -10 10 -12 -13 -14 -15
leaf_value=-0.021656182394918243 -0.011690047548446299 0.0077025647259348325 -0.00043514483576585306 -0.0077494447900117213 0.027336093531625485 0.030131255474415659 0.013649750661689159 -0.013398027980063324 0.010328274373936415 -0.0027291131913901186 -0.043005107992322822 0.0060097533848748295 0.0054420420736042297 -0.019191481507833508
leaf_weight=1.0452103394653014 6.4321983351359782 1.1315932539291669 1.3350956457966274 5.6494110326454461 4.0166900720635397 1.3399745370779772 2.7869396921389606 0.25591963343322266 1.7925094591887498 1.5508672627256599 3.7401043904460494 28.851837832888123 13.530048294282095 9.835328437079168
leaf_count=10099 7931 20 324 2887 3181 113 717 33 5120 207 978 997 1421 2742
internal_value=-0.000667108 -0.00660287 -0.0223128 0.00387587 0.0129292 0.00134601 0.0030121 0.0228179 -0.00402574 -0.0277766 -0.03351 0.00182522 -0.00284256 -0.0114706
internal_weight=83.2937 20.5174 7.75766 12.7597 7.11033 62.7763 56.3441 4.27261 2.83772 6.62607 5.29097 55.0042 26.1523 12.6223
internal_count=36770 22849 1529 21320 18433 13921 5990 3214 15219 1509 1185 5877 4880 3459
is_linear=0
shrinkage=0.05


Tree=278
num_leaves=15
num_cat=0
split_feature=14 15 18 14 18 3 14 11 13 5 13 2 0 5
split_gain=0.483885 0.571506 0.717438 0.643473 0.573308 0.696989 0.687565 0.68084 0.896392 0.501976 1.11121 0.890593 0.781876 0.755951
threshold=0.18937152590998749 0.12655308568818516 0.58179537971333006 0.23389454819845315 0.66153829291675781 0.021505475802871103 0.54295175023651854 0.42533979178716025 0.29436992675964307 0.32795698924731187 0.58317824005720664 0.86371029923023712 0.073913648161274756 0.38799283154121872
decision_type=2 2 2 2 2 2 2 2 2 2 2 2 2 2
left_child=9 4 -3 -4 6 -6 7 -2 -9 10 11 -1 -13 -11
right_child=1 2 3 -5 5 -7 -8 8 -10 13 -12 12 -14 -15
leaf_value=-0.034743047063975033 0.02493814190274497 -0.024224651934634359 0.023387881155913004 -0.016822702583855938 0.017947860710442114 -0.028106859404466191 -0.0077410111741544572 -0.027198913186309126 0.016293551241216706 0.014938718744361403 0.001869001573227545 0.020794027391572295 -0.018079673099927047 -0.001889738618268552
leaf_weight=4.306134568825402 9.1680494122343585 2.0989782656635034 1.6192532584268522 0.72298418745049264 0.50076009431359025 1.083896132394784 2.4074108784621009 1.0079699474314332 1.898500357422108 7.00811529525157 10.765299691803646 1.3166687102275321 1.9323235839292463 39.145745014838212
leaf_count=2054 7800 1835 139 339 46 2496 14581 1650 605 956 868 58 234 3077
internal_value=0.000255108 0.00675909 -0.00786555 0.00965627 0.0110257 -0.0122401 0.0141977 0.0188293 -0.00189115 -0.0018853 -0.00865429 -0.0221147 -0.0011397 0.000928153
internal_weight=84.9821 20.5078 4.44122 2.34224 16.0666 1.58466 14.4819 12.0745 2.90647 64.4743 18.3204 7.55513 3.24899 46.1539
internal_count=36738 29491 2313 478 27178 2542 24636 10055 2255 7247 3214 2346 292 4033
is_linear=0
shrinkage=0.05


Tree=279
num_leaves=15
num_cat=0
split_feature=12 14 14 12 13 14 15 15 6 2 11 4 13 18
split_gain=0.316455 0.423634 0.770149 0.759748 0.561222 0.59106 0.682818 0.574425 0.736765 0.543591 0.564832 0.783683 0.492839 0.871879
threshold=0.0053185807545213853 0.49330343796711512 0.54295175023651854 0.019175942364040677 0.26399309744529403 0.18937152590998749 0.49753420713047036 0.50465057161991267 0.30218275940770406 0.93218586739431852 0.34045454545454551 0.14839839839839844 0.49253669584893339 0.58785290226984943
decision_type=2 2 2 2 2 2 2 2 2 2 2 2 2 2
left_child=-1 4 -3 -4 7 12 9 8 -2 10 -7 -12 13 -6
right_child=1 2 3 -5 5 6 -8 -9 -10 -11 11 -13 -14 -15
leaf_value=-0.020487419266551107 -0.030250464281379005 0.032093392503820421 0.015608055026329427 -0.027107837769754478 -0.018673734677536552 0.028411423650301911 -0.019461257875286693 0.013002311511313988 0.014931929438218514 -0.0098280355408822823 -0.013261690100334598 0.025147436324203423 0.0020978681683644744 0.0070434336055036524
leaf_weight=0.64372025836496405 3.1776155647558251 2.0132441826776803 1.3282693823292677 0.91446052946800183 7.2877978383664566 5.5992182671241952 0.71118778320487841 0.80541350799899181 0.49698494503536483 1.2092833051065106 2.2953536350537438 1.2364969823938734 52.488706618722517 4.7734073104547861
leaf_count=10333 6332 1503 3881 2865 2104 2919 120 106 118 222 1381 144 3817 836
internal_value=0.00128001 0.00168428 0.0154392 -0.00479754 0.000771865 0.00186852 0.0120332 -0.0146984 -0.0222526 0.0157244 0.0197445 0.00276713 -2.87914e-05 -0.00873576
internal_weight=84.9812 84.3374 4.25597 2.24273 80.0815 75.6015 11.0515 4.48001 3.6746 10.3404 9.13107 3.53185 64.5499 12.0612
internal_count=36681 26348 8249 6746 18099 11543 4786 6556 6450 4666 4444 1525 6757 2940
is_linear=0
shrinkage=0.05


Tree=280
num_leaves=15
num_cat=0
split_feature=11 8 8 2 9 1 15 18 0 15 8 6 12 15
split_gain=0.425967 0.499528 0.580721 0.524507 1.13016 0.942931 0.93833 0.727333 0.626564 0.622395 0.513069 0.507924 0.462366 0.544463
threshold=0.15022935779816518 0.31866537717601556 0.34738243123336293 0.89391329000647934 0.52865836579838577 0.46780333895370624 0.75860098362924289 0.82764858938128005 0.034459292468999557 0.82080523395525951 0.69504830917874405 0.18999114479189508 0.1334078017409196 0.21707146965765658
decision_type=2 2 2 2 2 2 2 2 2 2 2 2 2 2
left_child=12 -2 -3 4 6 9 7 8 -4 10 -5 -7 13 -1
right_child=1 2 3 5 -6 11 -8 -9 -10 -11 -12 -13 -14 -15
leaf_value=-0.026086931820700196 0.0067203133735773265 -0.021437069345976847 -0.0089369779841136834 0.020712208276174163 0.0052682998047490961 0.00027151376753027938 0.013095526980147189 0.015710975776589354 -0.04140991224878196 -0.013066170357357899 -0.010537997404657731 -0.027384895698407876 0.0083992627402916572 0.0070190828708363287
leaf_weight=3.373519528049882 34.843337315969904 2.3097943201057083 3.2631223045289079 10.312149859516467 10.943423670365972 5.4529267829784649 1.3754102088860234 0.4035047079596551 3.4899636305676722 1.1750137327762775 0.87290494686749376 1.3747508067535816 1.7693218555905899 1.2371307115743091
leaf_count=15635 12924 411 1049 499 1634 178 34 11 636 35 99 102 2912 469
internal_value=0.00131871 0.00240627 -0.0013351 0.000376026 -0.00527214 0.00608605 -0.017926 -0.0247626 -0.0288954 0.0139329 0.0176087 -0.00808417 -0.0101801 -0.0175361
internal_weight=82.1963 75.8163 40.973 38.6632 19.4754 19.1877 8.532 7.15659 6.75309 12.3601 11.1851 6.82768 6.37997 4.61065
internal_count=36628 17612 4688 4277 3364 913 1730 1696 1685 633 598 280 19016 16104
is_linear=0
shrinkage=0.05


Tree=281
num_leaves=15
num_cat=0
split_feature=8 15 9 6 0 9 3 9 18 0 6 11 14 11
split_gain=0.396407 0.615965 1.50417 0.938155 0.768618 0.402035 0.300726 0.300368 0.294158 0.571285 0.473781 0.802244 0.742689 0.609106
threshold=0.58653846153846168 0.67087281944312205 0.7070342258767307 0.30218275940770406 0.088892557889775736 0.47219601677148854 0.064183447123556031 0.71506770900542815 0.43234709152393286 0.0016909985628558776 2.2220649392030722e-08 0.2468147794234751 0.059765276183186639 0.30830398415144183
decision_type=2 2 2 2 2 2 2 2 2 2 2 2 2 2
left_child=8 2 3 6 -3 -5 -2 -4 9 -1 13 12 -12 -10
right_child=1 4 7 5 -6 -7 -8 -9 10 -11 11 -13 -14 -15
leaf_value=0.010984807822531625 0.0038050510209473873 0.017108717777412824 0.025963898540751873 0.020704013094263223 -0.016099807415016307 -0.014593434293959996 -0.036467529050100964 -0.00061138607065115615 0.0064481355161419528 -0.012816962662663989 -0.017709222948593322 0.010589043265582089 0.0053944210308149512 -0.014599240497198457
leaf_weight=2.9715998907846721 0.31024941954819762 4.2157189886202096 1.1505897591523537 0.89752507384400793 1.6958546833484431 0.49680926107248524 4.8153029026575496 2.0144806434054772 6.0890877374507664 6.1835386435422492 4.7051059934074138 34.536970133836348 8.0779261043526258 5.8116553747496482
leaf_count=16097 14 77 37 36 40 30 733 522 7843 2750 277 3811 1860 2593
internal_value=0.00155635 -0.00541168 -0.0126951 -0.0252186 0.00663113 0.00728503 -0.0338066 0.0129637 0.00320086 -0.00477038 0.00449191 0.00671026 -0.00377731 -0.00416516
internal_weight=83.9724 15.5965 9.68496 6.51989 5.91157 1.39433 5.12555 3.16507 68.3759 9.15514 59.2207 47.32 12.783 11.9007
internal_count=36720 1489 1372 813 117 66 747 559 35231 18847 16384 5948 2137 10436
is_linear=0
shrinkage=0.05


Tree=282
num_leaves=15
num_cat=0
split_feature=8 8 3 8 6 6 3 8 7 0 15 15 9 4
split_gain=0.28772 1.11621 0.44911 0.334655 0.312674 0.632277 2.20995 0.674225 0.637146 0.577412 0.65702 0.865271 0.707089 0.549022
threshold=0.76136363636363646 0.90326340326340337 0.10140031335683512 0.72613636363636369 0.36764247357636948 0.077017037850772463 0.09278618732261118 0.63995726495726502 0.8291576899702503 0.36446748781606081 0.12676942692997628 0.43024942019246371 0.39425641025641028 0.43475232198142422
decision_type=2 2 2 2 2 2 2 2 2 2 2 2 2 2
left_child=3 -2 -3 4 5 7 9 -1 -8 10 12 -12 -7 -6
right_child=1 2 -4 -5 13 6 8 -9 -10 -11 11 -13 -14 -15
leaf_value=0.0025852292309016876 -0.037119356935012504 -0.017706826998615019 0.016558122541600457 0.01870850466865066 0.012434933952984525 -0.0067372513471472195 -0.0019058820412162993 -0.023231264502408339 -0.045990135151568981 -0.018868969953031084 -0.032143871918173909 0.007844342986863137 0.03288663216192541 -0.01124769054348812
leaf_weight=51.003072781121645 1.354320206277406 0.43329453769547432 2.2738329540775339 1.5049497095567392 9.565330633427946 1.2085556134215933 1.1391500229792644 1.6612652166354553 3.0557069031328865 1.4324075542290291 0.89114335483100138 3.8561395177603117 2.6174373038302292 2.3349240993120466
leaf_count=33449 350 48 277 92 379 305 193 359 347 289 95 118 191 309
internal_value=-3.74386e-06 -0.0115701 0.00777676 0.000716647 0.000142645 -0.00121552 -0.010204 0.00135314 -0.03669 0.00322499 0.00850182 -0.0039489 0.0215677 0.00727652
internal_weight=84.3315 4.06145 2.70713 80.2701 78.7651 66.8649 14.2005 52.6643 4.19486 10.0057 8.57328 4.74728 3.82599 11.9003
internal_count=36801 675 325 36126 36034 35346 1538 33808 540 998 709 213 496 688
is_linear=0
shrinkage=0.05


Tree=283
num_leaves=15
num_cat=0
split_feature=14 18 17 17 15 9 9 2 1 0 13 13 0 14
split_gain=0.825452 0.619623 1.83702 0.623513 0.598058 0.565315 0.680242 0.542153 1.05725 0.962753 0.919232 0.758079 0.594577 0.75775
threshold=0.18937152590998749 0.55818097057315941 0.7617673891826785 0.79033030633940682 0.3727952856303211 0.48031007751937987 0.27779098014364179 0.89715585648243334 0.19102530080051708 0.13089663405470475 0.78957288011169935 0.62925816197553419 0.090349509890929783 0.089603705609881637
decision_type=2 2 2 2 2 2 2 2 2 2 2 2 2 2
left_child=4 2 5 -3 7 6 -2 9 11 12 -10 -9 13 -1
right_child=1 3 -4 -5 -6 -7 -8 8 10 -11 -12 -13 -14 -15
leaf_value=-0.0028549389888966356 -0.0051854624115932925 -0.0096680491668403867 -0.024888489903627423 0.020879560869862663 0.0033963438871961122 -0.012960183517801996 0.030671984610744402 0.024156945422856929 -0.025386014350776982 -0.036479444259821171 0.010617245379520428 -0.014812125023483613 0.014444170678036545 -0.023221286436622423
leaf_weight=15.435304692414784 1.4743215387496933 1.3770443081225483 3.616318141528069 9.6021304938901704 25.877567285748 0.77642348895585644 3.7662591984644678 4.6742621032717562 3.397837115546281 2.1505539709014547 2.2350341139244847 0.87164057744666923 2.1308054105247711 5.7009839438490522
leaf_count=2256 16756 3395 2944 2711 1131 1440 2219 192 415 215 56 37 73 2901
internal_value=0.000534375 0.00896845 -0.000428449 0.0165609 -0.00234579 0.0157243 0.0213698 -0.00638844 0.00263191 -0.0103051 -0.0116535 0.0167051 -0.00648225 -0.00914911
internal_weight=83.0865 20.6125 9.63332 10.9792 62.474 6.017 5.24058 36.5964 11.1788 25.4176 5.63287 5.5459 23.2671 21.1363
internal_count=36741 29465 23359 6106 7276 20415 18975 6145 700 5445 471 229 5230 5157
is_linear=0
shrinkage=0.05


Tree=284
num_leaves=15
num_cat=0
split_feature=18 13 14 2 18 13 14 12 4 1 15 5 3 6
split_gain=0.415366 1.04803 1.09447 1.19198 0.779621 1.07652 0.774394 0.734263 0.78662 0.728195 0.593848 0.833932 0.597181 0.607098
threshold=0.5484010231235551 0.47288740359329712 0.070467677862044067 0.90509320492887912 0.52135472566557917 0.58317824005720664 0.0064309346567411095 0.7090004683352823 0.26471402852790477 0.082264499666183863 0.40980714870124374 0.6159754224270354 0.21063505872118313 0.1380226831830009
decision_type=2 2 2 2 2 2 2 2 2 2 2 2 2 2
left_child=4 -2 7 -4 -1 -6 -7 8 9 10 12 -12 13 -3
right_child=1 2 3 -5 5 6 -8 -9 -10 -11 11 -13 -14 -15
leaf_value=-0.00013649981894735429 0.012803955161345672 -0.041617236586555459 -0.032142358405998404 0.0096192047509191213 -0.037872403354259003 -0.026353402457650929 0.011904524329281567 0.030106626196119337 -0.024619512157088946 0.014093118494905441 0.021983092263246337 -0.022919638163312536 0.001018834152539935 -0.0012639614648262093
leaf_weight=32.648403038169718 17.09818338444336 1.4858453756023791 4.2656468223576658 1.9703141397258148 2.5816439576673238 0.93804800632642571 3.1662685536546178 1.2429679805591138 1.8385801205295127 7.9190254801214897 2.627738781688095 0.5372122237458824 3.8636404605397274 1.5945862871594725
leaf_count=25364 7528 133 817 99 1581 23 192 40 76 204 128 13 482 46
internal_value=0.000181814 0.00345766 -0.00263178 -0.0194415 -0.00351351 -0.0178406 -0.000289307 0.0029887 -6.94523e-05 0.00359654 -0.00515452 0.0106884 -0.0128118 -0.0261574
internal_weight=83.7781 44.4437 27.3456 6.23596 39.3344 6.68596 4.10432 21.1096 19.8666 18.028 10.109 3.16495 6.94407 3.08043
internal_count=36726 9566 2038 916 27160 1796 215 1122 1082 1006 802 141 661 179
is_linear=0
shrinkage=0.05


Tree=285
num_leaves=15
num_cat=0
split_feature=17 12 0 18 8 9 3 17 12 2 11 2 18 14
split_gain=0.561142 0.797542 0.437284 0.548262 0.425861 0.461037 0.423396 1.03239 0.730825 0.627625 0.912998 0.844761 0.931708 0.78459
threshold=0.64589956630680201 0.022863833557475181 0.0035822825064009659 0.13129835975134571 0.04210992907801419 0.57722122838401924 0.24009803921568632 0.79033030633940682 0.063948557999268921 0.81675308578515071 0.56830143540669864 0.88265247327430008 0.49522746148945079 0.044444625832571506
decision_type=2 2 2 2 2 2 2 2 2 2 2 2 2 2
left_child=1 2 3 -1 -3 -6 9 -8 -9 10 -2 -11 -13 -14
right_child=6 4 -4 -5 5 -7 7 8 -10 11 -12 12 13 -15
leaf_value=-0.016077211544233201 0.017518615800911779 0.0094069510332806909 -0.012763016351384427 0.022870601491725678 -0.029059685906983865 0.0052038142779550515 0.014023109158280945 -0.032896728647719191 -0.0028930824529163437 -0.010386168890404446 -0.014670752420573014 -0.0088304645566197951 -0.0025993460422434984 0.015017598916635852
leaf_weight=0.42460195028246372 10.835353977598059 0.54933613124370584 1.3648249110453887 2.5547624544752807 5.2244487453944117 0.84047645811256178 2.9797280352066178 2.9688207434647325 4.5942184756274855 13.341455762993233 1.9044928914545369 9.530691086845307 9.461592056424708 16.577809764612539
leaf_count=6462 1198 839 945 8098 6582 497 3012 2164 2448 1763 321 807 264 1323
internal_value=-0.000711624 -0.0107468 0.00527931 0.0146747 -0.0205835 -0.024247 0.000937641 -0.00787832 -0.0171371 0.00254691 0.0119891 -0.000103392 0.00393196 0.00875697
internal_weight=83.1526 10.9585 4.34419 2.97936 6.61426 6.06493 72.1942 10.5428 7.56304 61.6514 12.7398 48.9115 35.5701 26.0394
internal_count=36723 23423 15505 14560 7918 7079 13300 7624 4612 5676 1519 4157 2394 1587
is_linear=0
shrinkage=0.05


Tree=286
num_leaves=15
num_cat=0
split_feature=12 17 9 13 8 1 4 9 8 3 6 13 8 13
split_gain=0.346137 0.92893 0.955629 0.575739 0.473463 0.784293 0.600739 0.466356 0.549256 0.565686 0.446152 0.50424 1.03331 1.05281
threshold=0.033831757545586413 0.69839326469132101 0.54517309316070939 0.53802688382324815 0.20942982456140355 0.0084891797008149594 0.41578014184397166 0.3031355218855219 0.31174089068825916 0.21443030653556971 1.0000000180025095e-35 0.71398684493559539 0.5913729128014843 0.58317824005720664
decision_type=2 2 2 2 2 2 2 2 2 2 2 2 2 2
left_child=-1 2 -2 -4 6 7 -3 -6 -9 -10 -7 12 -12 -14
right_child=1 4 3 -5 5 10 -8 8 9 -11 11 -13 13 -15
leaf_value=0.0062357708805158511 -0.028150213747272008 -0.01898868871766141 -0.013900890637801295 0.02421626969822745 -0.014728585355800719 0.018867066830376658 0.014569469216616622 0.029019097783046732 -0.018318101213418723 0.014682590206123822 -0.00094007400989010593 0.0040795095696081153 -0.003535644959595555 -0.044475539856647393
leaf_weight=14.041861243594552 5.0952248460484943 4.9441683316296396 0.9605516594242548 1.1409009527706073 0.46232076241949283 1.6610903888540622 0.92145558328775212 4.0308737270547681 1.114059797699156 2.3975481782683801 20.487210072370775 18.075004595484643 3.4713748287190347 2.1871644978491531
leaf_count=20383 6755 3984 590 27 388 87 70 280 201 303 2595 469 531 137
internal_value=-0.00063658 -0.00214854 -0.017933 0.00792894 1.64501e-05 0.00156462 -0.0123627 0.01506 0.0183964 0.00247345 -0.00106088 -0.00221011 -0.00654834 -0.0236629
internal_weight=80.9908 66.9489 7.19668 2.10145 59.7523 53.8866 5.86562 8.0048 7.54248 3.51161 45.8818 44.2208 26.1457 5.65854
internal_count=36800 16417 7372 617 9045 4991 4054 1172 784 504 3819 3732 3263 668
is_linear=0
shrinkage=0.05


Tree=287
num_leaves=15
num_cat=0
split_feature=8 8 11 4 1 8 11 6 15 17 17 15 13 18
split_gain=0.532596 0.59101 0.639223 0.765442 0.704773 0.559985 0.533357 0.518586 0.497548 0.46714 0.811462 0.982605 0.631269 1.34324
threshold=0.57321428571428579 0.47613636363636369 0.2468147794234751 0.40642170329670335 0.098699019137945918 0.37668918918918926 0.32489316239316246 0.24501178837003398 0.6825183623234391 0.83363857211957904 0.92940802399055034 0.9011343297999489 0.58317824005720664 0.55049829733105338
decision_type=2 2 2 2 2 2 2 2 2 2 2 2 2 2
left_child=1 5 3 -3 -4 9 7 -7 -8 -1 11 -11 13 -12
right_child=-2 2 4 -5 -6 6 8 -9 -10 10 12 -13 -14 -15
leaf_value=0.0064258159753488074 -0.0088655868289295569 -0.029665169924738173 -0.0017191060373407657 0.015472012102431982 0.026155490852464193 0.010416240543172582 -0.034020443875314062 -0.024413883632977158 0.0078691493404174796 -0.026183688291440604 -0.030639140219632179 0.018093465122438201 0.0092780056319123963 0.004542945911301585
leaf_weight=18.93689771057646 17.30508776376837 1.0695695292788503 3.3213604250531699 0.87450447479568527 5.4333360933069343 2.7126465007499401 2.4374845554164044 0.5009561932984069 0.48334454279392947 5.1519011849573273 3.0126610690309139 0.81889482287260751 10.856660787362214 7.7426046423082653
leaf_count=27018 1597 138 438 39 308 373 839 64 12 2162 1266 23 688 1735
internal_value=-0.00135153 0.000806838 0.0109795 -0.0110024 0.0164883 -0.00142625 -0.0144713 0.000481215 -0.0268494 0.000562301 -0.00354727 -0.0183866 0.00118428 -0.00708
internal_weight=80.6579 63.3528 10.6988 1.94407 8.7547 52.6541 6.13443 3.2136 2.92083 46.5196 27.5827 5.9708 21.6119 10.7553
internal_count=36700 35103 923 177 746 34180 1288 437 851 32892 5874 2185 3689 3001
is_linear=0
shrinkage=0.05


Tree=288
num_leaves=15
num_cat=0
split_feature=18 0 1 12 1 6 0 18 4 14 14 14 14 18
split_gain=0.512696 0.658201 0.65706 0.597465 0.8676 0.643141 0.553133 0.680392 0.585846 0.456456 0.524986 0.764207 0.526528 0.501803
threshold=0.77826070667843283 0.018625363508328212 0.012780685844090093 0.25353447376590349 0.27164594370502848 0.28955445466791813 0.35574350125417403 0.61509331756227925 0.25625390869293313 0.54295175023651854 0.49330343796711512 0.32268272764393635 0.30454763844498761 0.68621224690667215
decision_type=2 2 2 2 2 2 2 2 2 2 2 2 2 2
left_child=3 -2 -3 6 -5 -6 8 -8 9 10 11 12 13 -1
right_child=1 2 -4 4 5 -7 7 -9 -10 -11 -12 -13 -14 -15
leaf_value=0.00031278053555673375 -0.030728068237618755 0.018278787652177633 -0.021776655565571304 -0.025054228913789951 0.0042727821840145789 -0.021566878258922409 0.0035509512785236309 0.031672863605343597 -0.019852332824830732 -0.016740212496999429 0.026298039639994743 -0.01638618592066618 0.027134939858060814 0.014003392753977349
leaf_weight=32.094890467993821 1.9531318716307158 1.6458524164045232 0.68570371226087434 3.7738062460278767 12.366624758516988 1.9376021372590919 5.9857917157778484 2.6411195598484483 2.0551624882691604 1.8728620605258175 1.4808680447522977 3.8219019934135181 1.4729776616632069 7.4727675413735133
leaf_count=6745 1328 93 58 2748 435 192 556 127 498 15309 1689 5605 575 690
internal_value=0.000106764 -0.0149659 0.00349806 0.00112691 -0.0065964 -0.000407876 0.00356803 0.0145562 0.00143526 0.00272756 0.00385127 0.00255307 0.00466461 0.00317985
internal_weight=81.2611 4.28469 2.33156 76.9764 18.078 14.3042 58.8983 8.62691 50.2714 48.2163 46.3434 44.8625 41.0406 39.5677
internal_count=36648 1479 151 35169 3375 627 31794 683 31111 30613 15304 13615 8010 7435
is_linear=0
shrinkage=0.05


Tree=289
num_leaves=15
num_cat=0
split_feature=12 18 5 6 18 1 3 10 11 12 13 12 12 1
split_gain=0.587794 0.883235 0.436386 0.304918 0.70221 0.447563 0.479397 0.326821 0.275492 0.398112 0.356114 0.267756 0.414502 0.666165
threshold=0.56666308353808359 0.55454230861454445 0.89117647058823535 0.71101296243826362 0.48709201604084545 0.39885362052954781 0.22950180072028814 0.59821428571428581 0.15357871240224183 0.99730346401161596 0.71398684493559539 0.34359172575377972 0.10399915708248673 0.0056354152752136873
decision_type=2 2 2 2 2 2 2 2 2 2 2 2 2 2
left_child=3 8 -3 11 -5 6 7 -6 -2 -10 -11 12 -1 -14
right_child=1 2 -4 4 5 -7 -8 -9 9 10 -12 -13 13 -15
leaf_value=0.0033584023304031405 0.0083505901554246156 -0.013509321526831096 0.025491595272232156 -0.016026580672244238 0.030090212517640748 -0.011976562217466057 -0.0085958079240519604 -0.0017392466012551774 -0.034516971813738723 -0.023103623903081131 0.0059671773145949869 0.01108817280285853 -0.025575036020537529 -0.0020113152221972975
leaf_weight=32.024226821978658 0.2617657336734841 0.32585840400315613 1.1652409858070314 1.2260643078616329 4.4152859644018463 0.55542676925688272 0.72070828893993155 0.82387784961611021 2.6844135800927234 0.73318818354891879 1.9282743644434956 4.4079082424139804 2.4156217556419817 26.556683317016109
leaf_count=28380 120 143 26 121 121 65 42 11 372 34 51 1060 3211 2966
internal_value=0.000207375 -0.0125851 0.0149669 0.00160187 0.0103736 0.0168131 0.0208314 0.0256084 -0.0210677 -0.0235971 -0.00616404 0.000423054 -0.00051408 -0.00476373
internal_weight=80.2445 7.09874 1.4911 73.1458 7.74136 6.5153 5.95987 5.23916 5.60764 5.34588 2.66146 65.4044 60.9965 28.9723
internal_count=36723 746 169 35977 360 239 174 132 577 457 85 35617 34557 6177
is_linear=0
shrinkage=0.05


Tree=290
num_leaves=15
num_cat=0
split_feature=1 3 12 17 9 9 17 4 13 8 13 6 7 10
split_gain=0.473777 0.502366 0.723682 0.384773 0.29004 0.703904 0.546982 0.524206 0.508262 0.477382 0.550632 0.455616 0.409129 0.435843
threshold=0.85223789977105857 0.097194107062528137 0.99730346401161596 0.9364267879475151 0.22861106625365182 0.27779098014364179 0.92542118574360122 0.012270400481782597 0.78957288011169935 0.025978407557354928 0.44281962551938309 0.11393833057646431 0.54596500377253909 0.40178571428571436
decision_type=2 2 2 2 2 2 2 2 2 2 2 2 2 2
left_child=4 3 -3 -2 6 8 9 -7 -6 -1 -11 -8 -9 -14
right_child=1 2 -4 -5 5 7 11 12 -10 10 -12 -13 13 -15
leaf_value=0.013293860426651517 0.02029702549173145 -0.039887836596897611 0.0018436319553490821 -0.01030724383983468 -0.022691032928366377 -0.013423759615383111 0.022031693412679767 0.023078357780070308 0.0073477015824900491 -0.028604534310170411 0.0030739451147877919 -0.0068680741794623834 -0.0086939197379362326 0.0042540588387471028
leaf_weight=2.1335150294493115 0.93261393695138317 1.4833523608976975 1.6410401532775722 1.2821922320508747 4.1490110337765591 4.0184616104681927 5.8770405269297044 1.5564324079896312 1.385440930171171 1.4743071189389096 2.695548869845652 1.201281229712549 6.6034655835305776 45.521201358232247
leaf_count=6028 24 28 65 123 1837 3654 1659 266 58 14443 1558 147 2182 4611
internal_value=0.000774805 -0.0123806 -0.0228364 0.00488465 0.00183928 0.000375545 0.00824898 0.00210277 -0.0151977 -0.00243175 -0.0114929 0.016884 0.00348929 0.00248096
internal_weight=81.9549 5.3392 3.12439 2.21481 76.6157 63.234 13.3817 57.6996 5.53445 6.30337 4.16986 7.07832 53.6811 52.1247
internal_count=36683 240 93 147 36443 12608 23835 10713 1895 22029 16001 1806 7059 6793
is_linear=0
shrinkage=0.05


Tree=291
num_leaves=15
num_cat=0
split_feature=8 8 0 15 18 18 14 9 13 6 10 12 14 7
split_gain=0.461064 0.768551 0.386869 0.361226 0.701391 0.759202 0.50809 0.721371 0.686909 0.703587 0.792214 0.775806 1.00968 0.631953
threshold=0.76136363636363646 0.90326340326340337 0.13089663405470475 0.45476961743594962 0.49884965715934376 0.46342124674325785 0.18555630674135601 0.48586582173853154 0.42252551757204032 0.10835178010770001 0.3303571428571429 0.10399915708248673 0.066965626313787524 0.95660739959981977
decision_type=2 2 2 2 2 2 2 2 2 2 2 2 2 2
left_child=3 -2 -3 6 5 -5 8 13 -1 10 -10 -12 -13 -8
right_child=1 2 -4 4 -6 -7 7 -9 9 -11 11 12 -14 -15
leaf_value=-0.02285979041535317 -0.034078783274955053 0.014641855441749112 -0.017743370062173382 0.0044097371307704634 0.011680918911458341 -0.025326501815400332 0.004590373258513354 -0.018847705365061328 -0.016114646017020968 -0.01376763256906971 0.017198835898068442 -0.015653430492890814 0.011971011824788269 0.033286057701906423
leaf_weight=3.7284957001750163 1.5714972788464359 1.7233513546739234 0.42963991951546621 5.6667852970610992 15.288926445774676 2.2438706841703606 14.238513770375762 1.7778779698667211 3.8091723304249916 8.5667527291298011 8.2551121233736939 5.7096257336452236 5.5464477351131336 1.3139777923024656
leaf_count=1891 344 270 47 339 640 137 26348 2430 1459 555 590 704 815 65
internal_value=-0.000318803 -0.0154779 0.00460144 0.000613691 0.00568243 -0.00592068 -0.00167147 0.00516176 -0.00504665 -0.00233202 0.00226222 0.00646067 -0.00217533 0.00887925
internal_weight=79.87 3.72449 2.15299 76.1456 23.1996 7.91066 52.946 17.3304 35.6156 31.8871 23.3204 19.5112 11.2561 15.5525
internal_count=36634 661 317 35973 1116 476 34857 28843 6014 4123 3568 2109 1519 26413
is_linear=0
shrinkage=0.05


Tree=292
num_leaves=15
num_cat=0
split_feature=8 3 3 15 8 2 1 18 15 8 9 9 2 13
split_gain=0.664611 1.18361 0.484583 0.361696 0.739655 0.815554 0.666186 0.560574 1.24627 0.533743 0.689402 0.684456 0.569706 0.554528
threshold=0.76136363636363646 0.1260882731470967 0.10140031335683512 0.45476961743594962 0.58653846153846168 0.81310734462726952 0.36432065220452875 0.60309222964286124 0.70872396265835691 0.47613636363636369 0.36695075757575762 0.35563128283371886 0.89391329000647934 0.24116438249285646
decision_type=2 2 2 2 2 2 2 2 2 2 2 2 2 2
left_child=3 2 -2 4 6 -6 9 -5 -9 11 -11 13 -12 -1
right_child=1 -3 -4 7 5 -7 -8 8 -10 10 12 -13 -14 -15
leaf_value=-0.010161620375919223 -0.018342367749439349 -0.039009633734298166 0.018175400248645363 0.00085380958647066681 0.0045871001904986431 -0.031430448284410634 -0.022684644456429454 0.03211131317958809 -0.0086115212233407509 -0.018478251293274565 0.0025176273806345045 -0.0078442118232879172 0.031165742446612001 0.0085301107142713422
leaf_weight=4.0137348491269647 0.43615809126640614 1.8840949543564418 1.709211275407142 16.359200657599903 2.2429407800414074 2.9326977877876743 1.8697077379692917 3.9727865087413639 2.4617767183463002 0.64116329993021182 3.2670801290623785 16.386801650710936 3.2298121634012205 19.784742823954161
leaf_count=19918 53 531 80 845 347 352 346 153 110 215 503 5685 93 7547
internal_value=-0.000201237 -0.0178168 0.00728005 0.000934835 -0.00129358 -0.0176064 0.000739281 0.00608113 0.0174686 0.00211502 0.0137923 -0.00024371 0.019017 0.00509501
internal_weight=81.1919 4.02946 2.14537 77.1624 54.3687 5.17564 49.193 22.7938 6.43456 47.3233 7.13806 40.1853 6.49689 23.7985
internal_count=36778 664 133 36114 35006 699 34307 1108 263 33961 811 33150 596 27465
is_linear=0
shrinkage=0.05


Tree=293
num_leaves=15
num_cat=0
split_feature=8 0 18 6 7 1 4 4 15 17 6 4 2 10
split_gain=1.47819 0.684325 0.923225 0.88764 0.950176 0.839089 0.585649 0.490215 0.484716 0.991939 0.818605 0.63687 0.643927 0.577051
threshold=0.76136363636363646 0.21144784400123992 0.7154789199591246 0.36764247357636948 0.96436342210848636 0.34034135036637964 0.49045470322804585 0.38044464609800371 0.46083448330304327 0.8237710437335769 0.16827698748521155 0.10495716034271728 0.67587452860585107 0.59821428571428581
decision_type=2 2 2 2 2 2 2 2 2 2 2 2 2 2
left_child=1 8 3 5 6 7 -5 -3 9 13 11 12 -10 -1
right_child=-2 2 -4 4 -6 -7 -8 -9 10 -11 -12 -13 -14 -15
leaf_value=0.0033098683781682334 -0.030252164129856103 -0.040045085027885167 0.020028166835615265 0.024526778386704504 -0.020259542747872079 0.00075513933919605107 -0.013615409732201881 -0.0078999256243950013 -0.011595759439339199 -0.0065633334996107254 0.028890830486746899 -0.0052672296588036618 0.023366302981500376 0.023334353124825603
leaf_weight=15.196995779158813 3.128698318156693 3.8165533449177946 1.6138673388268205 3.0604614302174009 1.8227052266011012 2.9771271523632095 0.62609059443639115 2.3616192426106863 1.0801624700790196 23.971589083579175 3.3267536488128817 8.0189553046347992 4.2175945912240422 3.9031199087686721
leaf_count=26840 661 464 79 163 202 227 111 279 408 6277 76 248 156 617
internal_value=-0.00111458 0.000462369 -0.00832357 -0.0125231 0.00311302 -0.0213123 0.016526 -0.0305699 0.00295507 9.35791e-05 0.00993532 0.00351267 0.0155285 0.00835921
internal_weight=79.1223 75.9936 16.2784 14.6646 5.50926 9.1553 3.68655 6.17817 59.7152 43.0717 16.6435 13.3167 5.29776 19.1001
internal_count=36808 36147 1525 1446 476 970 274 743 34622 33734 888 812 564 27457
is_linear=0
shrinkage=0.05


Tree=294
num_leaves=15
num_cat=0
split_feature=1 17 15 15 15 2 1 18 12 5 9 5 0 13
split_gain=0.369491 0.583141 0.706043 0.775379 0.864016 0.648333 0.462623 1.17561 0.662706 0.462307 0.461859 0.454318 0.363428 0.356729
threshold=0.3523916380863672 0.82680556155883889 0.52689527905334999 0.74528458762562544 0.9683600246133518 0.94800296922283755 0.28935525968652032 0.48071619843810115 0.27297732457628149 0.44722222222222224 0.73299083431044976 0.8666007905138341 0.68105151005161402 0.87099463987094261
decision_type=2 2 2 2 2 2 2 2 2 2 2 2 2 2
left_child=6 -2 5 -4 -5 10 8 -8 12 -9 -3 -6 -1 -10
right_child=1 2 3 4 11 -7 7 9 13 -11 -12 -13 -14 -15
leaf_value=0.00037621438262813842 -0.03112375248070744 -0.039755129000868361 0.024349283808627106 -0.025980517655139382 -0.011676429317588999 0.0059783458569218802 -0.026005792838626165 -0.007449860958636461 -0.0044266221806845999 0.03217033531776272 0.0066370901764304492 0.016100452548406544 0.016677612298984516 -0.033026858559747241
leaf_weight=55.483417606313964 1.2610458876742985 1.7439923821693808 2.3091656351753027 2.0028430951060727 1.375212031882256 1.2933384978696265 0.54251925871358153 0.49912107252748716 2.9614358343553411 3.0604103518271586 0.34915247359640478 3.3095127739943564 2.6474607971904325 1.1615551713439343
leaf_count=32864 139 225 64 46 34 202 85 71 2572 78 28 60 126 97
internal_value=-0.000494887 -0.0076879 -0.00315406 0.0044226 -0.00473027 -0.0197021 0.00107634 0.015551 -0.000108204 0.0261993 -0.0323727 0.00732685 0.00138812 -0.0173581
internal_weight=80.0002 13.6443 12.3832 8.99673 6.68757 3.38648 66.3559 4.10205 62.2539 3.55953 2.09314 4.68472 58.1309 4.12299
internal_count=36691 798 659 204 140 455 35893 234 35659 149 253 94 32990 2669
is_linear=0
shrinkage=0.05


Tree=295
num_leaves=15
num_cat=0
split_feature=7 7 6 18 18 2 14 8 15 14 9 11 18 0
split_gain=0.38948 0.821534 0.774797 0.54918 0.578965 0.503814 0.383961 0.722891 0.770398 0.83298 0.948886 0.6657 0.826949 0.996826
threshold=0.98551375106549943 0.97690628926199063 0.11890886649355796 0.53305106109260647 0.42832325271287486 0.91543403543016899 0.10061032339697072 0.39009661835748799 0.55376731554879621 0.0064309346567411095 0.59055695589638446 0.26637102734663715 0.57802396158656855 0.023520394634542589
decision_type=2 2 2 2 2 2 2 2 2 2 2 2 2 2
left_child=1 6 -2 4 -4 -3 7 -1 9 -9 -11 -8 -13 -14
right_child=2 5 3 -5 -6 -7 11 8 -10 10 -12 12 13 -15
leaf_value=0.00078407669811357723 0.017105044124301892 -0.040551592427813019 0.010263867987356214 0.0094463439447221593 -0.032684830119515916 0.005086761561942689 -0.0076689689437692832 0.0073269831957702303 -0.00086955465013923306 -0.044295004344020512 -0.0032033088750126741 -0.0022664056795015041 -0.0068509390997034281 0.025553709994654717
leaf_weight=20.849421395924082 6.3354157616231515 1.2033944700087875 0.56841414326481832 1.7384687677258623 1.6179992014440356 0.555425761220249 10.232341525791741 1.3540858048945645 6.6764762140228413 3.5715489272770355 2.2683189984672936 10.991122054855625 2.8059109826825743 7.4229523218155009
leaf_count=2703 303 71 37 68 72 64 23037 34 139 401 202 6817 1937 793
internal_value=-0.00137621 -0.00276877 0.0072707 -0.00885348 -0.0218022 -0.0295195 -0.00162887 -0.00518651 -0.0136104 -0.0238856 -0.031136 0.00233716 0.00729014 0.0168462
internal_weight=78.1913 67.931 10.2603 3.92488 2.18641 1.75882 66.1722 34.7199 13.8704 7.19395 5.83987 31.4523 21.22 10.2289
internal_count=36678 36198 480 177 109 135 36063 3479 776 637 603 32584 9547 2730
is_linear=0
shrinkage=0.05


Tree=296
num_leaves=15
num_cat=0
split_feature=14 2 2 11 12 12 0 13 9 2 2 4 13 2
split_gain=0.25627 0.404337 0.665453 0.842098 0.839693 0.608738 0.516748 0.458554 0.399598 0.392382 0.380382 0.546011 0.573169 0.393962
threshold=0.18937152590998749 0.90193149839826814 0.87581251749402755 0.31719043151969989 0.065632274229248486 0.087086350536840315 0.073913648161274756 0.062258019140472777 0.95762253296499888 0.80922637455517998 0.75593437511664863 0.072227052540057138 0.42252551757204032 0.94800296922283755
decision_type=2 2 2 2 2 2 2 2 2 2 2 2 2 2
left_child=10 2 3 4 7 -4 8 -2 -5 -8 -1 -12 13 -13
right_child=1 -3 5 6 -6 -7 9 -9 -10 -11 11 12 -14 -15
leaf_value=-0.0080791933965147222 -0.012708931446954248 -0.0061476645249954193 -0.0064148420909839014 -0.026325656009838751 -0.020122436539795133 0.038239264510851051 -0.016964248575713832 0.024531099803399334 0.0081516982243884199 0.01612749683323619 0.010302235747908992 -0.027923413519728546 0.00060034606540275654 0.0039305097278943954
leaf_weight=12.111616739165752 0.32316948547364344 4.5692725794760909 0.67811540492652911 2.7852437497080023 0.67711219519975419 2.0410647091143801 0.37305920572544016 5.7272771204594619 0.57417620003548098 1.8990258122576049 12.006130120007581 2.1673513665255082 32.997046094105826 1.0801147536913047
leaf_count=4416 9097 1140 283 5815 3652 207 104 8812 197 191 891 394 1485 87
internal_value=0.00111835 0.00592775 0.00974182 0.00382573 0.0148124 0.0283727 -0.00955374 0.0210216 -0.0199148 0.00717008 -0.000518176 0.00150526 -0.00160715 -0.0188977
internal_weight=80.0098 19.6475 15.0782 12.3591 6.72756 2.71918 5.6315 6.05045 3.35942 2.27209 60.3623 48.2506 36.2445 3.24747
internal_count=36771 29498 28358 27868 21561 490 6307 17909 6012 295 7273 2857 1966 481
is_linear=0
shrinkage=0.05


Tree=297
num_leaves=15
num_cat=0
split_feature=14 14 2 2 8 14 12 10 7 14 3 2 4 8
split_gain=0.37888 0.540399 0.447884 0.498234 0.768175 0.660638 0.887076 0.565545 0.487683 0.385126 0.380167 0.506515 1.08644 0.746404
threshold=0.18937152590998749 0.0099256194276144041 0.90193149839826814 0.87581251749402755 0.30217391304347835 0.32268272764393635 0.01990315514921202 0.40178571428571436 0.24310632657850997 0.48253781102618315 0.051151229722658301 0.89715585648243334 0.12758985200845668 0.29057017543859659
decision_type=2 2 2 2 2 2 2 2 2 2 2 2 2 2
left_child=1 -1 3 4 5 -2 8 -5 -7 -10 -3 12 -12 -14
right_child=2 10 -4 7 -6 6 -8 -9 9 -11 11 -13 13 -15
leaf_value=0.0067896184993430564 0.021652311811132051 -0.020031813125654628 -0.0069281450158757878 -0.0089005180194402962 -0.014651310028177942 -0.01500220448732454 -0.023878453588099775 0.034758988884127005 -0.010152105178201037 0.028696787282101677 -0.0017551378729860777 0.0036870248698032148 0.0040086570463373026 -0.035117220788697792
leaf_weight=12.673601032826808 5.368706907607562 2.6872567862155838 4.4905081028146006 0.51708820731891991 2.9247370563876975 0.42360731854407196 1.7635519170023028 2.1557854871462041 0.2722836957514122 1.9381388243702984 20.596981866229076 16.132049907078908 1.3794497801936803 3.8080890902338069
leaf_count=477 3439 324 1129 202 2347 11572 6374 288 838 3174 5250 716 100 351
internal_value=9.6315e-05 -0.00197455 0.0058787 0.00981648 0.00470724 0.011327 -0.00295462 0.026189 0.0137703 0.0222397 -0.00455905 -0.00312345 -0.00736298 -0.0257466
internal_weight=77.1318 57.2774 19.8544 15.3639 12.691 9.76629 4.39758 2.67287 2.63403 2.21042 44.6038 41.9166 25.7845 5.18754
internal_count=36581 7218 29363 28234 27744 25397 21958 490 15584 4012 6741 6417 5701 451
is_linear=0
shrinkage=0.05


Tree=298
num_leaves=15
num_cat=0
split_feature=17 4 7 12 8 17 18 4 18 1 6 6 7 0
split_gain=0.311197 0.563515 0.436474 0.446078 0.684317 0.418678 0.407396 0.380984 0.784867 0.46717 0.42822 0.383178 0.979946 0.468514
threshold=0.64324612238751755 0.015628815628815632 0.39337646715181757 0.019175942364040677 0.30217391304347835 0.66726884615091786 0.59027565063382659 0.018350168350168353 0.66153829291675781 0.0010232738716694158 0.00092054496776850729 1.2182124092038e-09 0.85684458733221358 0.061263582645503377
decision_type=2 2 2 2 2 2 2 2 2 2 2 2 2 2
left_child=1 2 -1 -4 6 -2 -5 8 -7 10 -9 12 -11 -13
right_child=5 -3 3 4 -6 7 -8 9 -10 11 -12 13 -14 -15
leaf_value=-0.018653584807613498 0.019568596813773261 -0.020283182600769542 0.023663940853929796 -0.028327668397574418 0.016847643415958336 -0.027534775241066657 0.0063657196390332601 -0.0069320106387479527 0.0078582995181878997 -0.021333780188627013 0.023899305147617896 -0.0075096338159860087 0.024486247727193072 0.002564850274554809
leaf_weight=0.99886623670528063 2.222124646040526 3.6841766272907535 1.7147265584492286 1.3913003341190808 1.679042160979719 2.2813891145539449 0.83370966989269835 1.0271971717365875 2.3376667897172752 0.72854027845937608 3.1963432958987141 15.234297720867515 3.4368546533769404 38.926859333293123
leaf_count=14012 656 2325 1735 4007 592 4062 637 232 1616 515 511 2922 218 2643
internal_value=0.000724196 -0.00698882 0.00210348 0.00805429 -0.00222908 0.00195229 -0.0173851 0.00109099 -0.0114119 0.00217931 0.0165093 0.00088086 0.0138935 -0.00035364
internal_weight=79.6931 10.3018 6.61764 5.61878 3.90405 69.3913 2.22501 67.1691 4.61906 62.5501 4.22354 58.3266 4.16539 54.1612
internal_count=36683 23308 20983 6971 5236 13375 4644 12719 5678 7041 743 6298 733 5565
is_linear=0
shrinkage=0.05


Tree=299
num_leaves=15
num_cat=0
split_feature=15 12 15 15 11 5 1 15 4 1 15 1 6 18
split_gain=0.209783 0.458455 0.811776 1.01507 0.742738 0.343512 0.442825 0.546548 0.32714 0.308237 0.69251 0.508731 0.492795 0.581078
threshold=0.9683600246133518 0.33683977681216648 0.74528458762562544 0.65052257170800376 0.25511055486024198 0.72902097902097907 0.27164594370502848 0.14368946027448082 0.049081601927130389 0.1220985112053538 0.43410736689929114 0.056824806701478707 0.086390242906240006 0.69335535179535568
decision_type=2 2 2 2 2 2 2 2 2 2 2 2 2 2
left_child=1 5 3 4 -3 6 9 -8 -2 11 -11 12 -1 -14
right_child=8 2 -4 -5 -6 -7 7 -9 -10 10 -12 -13 13 -15
leaf_value=0.004993378478594687 -0.011303940222164993 0.013304803262545004 -0.034807219056129803 0.024334160484057538 -0.024775586099115343 0.01298832666627626 -0.032754665282876537 0.0020706172058288 0.011782914735268829 0.01539217925509829 -0.018009349626048412 -0.011758976860543878 -0.019588191079922157 0.006536697541963123
leaf_weight=31.235503886446608 1.0358661040163477 1.1414480895172676 1.4711561270378295 1.7028710311394659 2.9367839912125646 5.1035933679149812 1.1587540935634018 2.1257747820855002 7.6217209822643781 7.4607234232266801 1.0208141442931262 6.7163753621979927 3.9863869404953212 3.0382288239761692
leaf_count=30389 68 1285 80 65 396 311 382 128 179 869 80 1421 689 182
internal_value=0.00123308 0.000264444 -0.0108197 -0.000482589 -0.0135962 0.00171568 0.000494405 -0.0149928 0.00813616 0.00170379 0.00989665 -2.28427e-05 0.00228442 -0.00888237
internal_weight=77.756 69.0984 7.25226 5.7811 4.07823 61.8462 56.7426 3.28453 8.65759 53.458 8.48154 44.9765 38.2601 7.02462
internal_count=36524 36277 1826 1746 1681 34451 34140 510 247 33630 949 32681 31260 871
is_linear=0
shrinkage=0.05


end of trees

feature_importances:
bm25=308
bm25_rank=301
nbr_bm25_mean=300
logical_loc=295
def_match=275
avg_cc=271
ppr=253
combined=234
max_cc=232
avg_depth=230
nbr_bm25_max=221
file_rank=213
pagerank=204
in_deg=201
out_deg=184
bc=177
complexity=124
str_match=100
max_depth=77

parameters:
[boosting: gbdt]
[objective: lambdarank]
[metric: ndcg]
[tree_learner: serial]
[device_type: cpu]
[data_sample_strategy: bagging]
[data: ]
[valid: ]
[num_iterations: 300]
[learning_rate: 0.05]
[num_leaves: 15]
[num_threads: 4]
[seed: 42]
[deterministic: 0]
[force_col_wise: 0]
[force_row_wise: 0]
[histogram_pool_size: -1]
[max_depth: -1]
[min_data_in_leaf: 20]
[min_sum_hessian_in_leaf: 0.001]
[bagging_fraction: 0.9]
[pos_bagging_fraction: 1]
[neg_bagging_fraction: 1]
[bagging_freq: 1]
[bagging_seed: 400]
[bagging_by_query: 0]
[feature_fraction: 0.9]
[feature_fraction_bynode: 1]
[feature_fraction_seed: 30056]
[extra_trees: 0]
[extra_seed: 12879]
[early_stopping_round: 0]
[early_stopping_min_delta: 0]
[first_metric_only: 0]
[max_delta_step: 0]
[lambda_l1: 0]
[lambda_l2: 1]
[linear_lambda: 0]
[min_gain_to_split: 0]
[drop_rate: 0.1]
[max_drop: 50]
[skip_drop: 0.5]
[xgboost_dart_mode: 0]
[uniform_drop: 0]
[drop_seed: 17869]
[top_rate: 0.2]
[other_rate: 0.1]
[min_data_per_group: 100]
[max_cat_threshold: 32]
[cat_l2: 10]
[cat_smooth: 10]
[max_cat_to_onehot: 4]
[top_k: 20]
[monotone_constraints: ]
[monotone_constraints_method: basic]
[monotone_penalty: 0]
[feature_contri: ]
[forcedsplits_filename: ]
[refit_decay_rate: 0.9]
[cegb_tradeoff: 1]
[cegb_penalty_split: 0]
[cegb_penalty_feature_lazy: ]
[cegb_penalty_feature_coupled: ]
[path_smooth: 0]
[interaction_constraints: ]
[verbosity: -1]
[saved_feature_importance_type: 0]
[use_quantized_grad: 0]
[num_grad_quant_bins: 4]
[quant_train_renew_leaf: 0]
[stochastic_rounding: 1]
[linear_tree: 0]
[max_bin: 255]
[max_bin_by_feature: ]
[min_data_in_bin: 3]
[bin_construct_sample_cnt: 200000]
[data_random_seed: 175]
[is_enable_sparse: 1]
[enable_bundle: 1]
[use_missing: 1]
[zero_as_missing: 0]
[feature_pre_filter: 1]
[pre_partition: 0]
[two_round: 0]
[header: 0]
[label_column: ]
[weight_column: ]
[group_column: ]
[ignore_column: ]
[categorical_feature: ]
[forcedbins_filename: ]
[precise_float_parser: 0]
[parser_config_file: ]
[objective_seed: 16083]
[num_class: 1]
[is_unbalance: 0]
[scale_pos_weight: 1]
[sigmoid: 1]
[boost_from_average: 1]
[reg_sqrt: 0]
[alpha: 0.9]
[fair_c: 1]
[poisson_max_delta_step: 0.7]
[tweedie_variance_power: 1.5]
[lambdarank_truncation_level: 30]
[lambdarank_norm: 1]
[label_gain: ]
[lambdarank_position_bias_regularization: 0]
[eval_at: 1,2,3,4,5]
[multi_error_top_k: 1]
[auc_mu_weights: ]
[num_machines: 1]
[local_listen_port: 12400]
[time_out: 120]
[machine_list_filename: ]
[machines: ]
[gpu_platform_id: -1]
[gpu_device_id: -1]
[gpu_device_id_list: ]
[gpu_use_dp: 0]
[num_gpu: 1]

end of parameters

pandas_categorical:[]
