instance_id,file_id,rerank,rerank_rank
pydata__xarray-2905,xarray/tests/test_variable.py,0.5327655076980591,14
pydata__xarray-2905,xarray/core/variable.py,0.6239269375801086,1
pydata__xarray-2905,xarray/tests/test_dataset.py,0.5405358076095581,12
pydata__xarray-2905,xarray/core/indexing.py,0.5617918968200684,6
pydata__xarray-2905,xarray/tests/test_dataarray.py,0.6035580039024353,3
pydata__xarray-2905,xarray/core/dataarray.py,0.5424755215644836,11
pydata__xarray-2905,xarray/core/common.py,0.6110106706619263,2
pydata__xarray-2905,xarray/core/coordinates.py,0.46645671129226685,33
pydata__xarray-2905,xarray/core/dataset.py,0.5847217440605164,5
pydata__xarray-2905,xarray/conventions.py,0.5482865571975708,8
pydata__xarray-2905,xarray/tests/test_sparse.py,0.5308202505111694,16
pydata__xarray-2905,xarray/testing.py,0.4898451566696167,23
pydata__xarray-2905,xarray/tests/test_indexing.py,0.5230305790901184,17
pydata__xarray-2905,xarray/coding/variables.py,0.5885108113288879,4
pydata__xarray-2905,xarray/core/merge.py,0.5327655076980591,14
pydata__xarray-2905,xarray/tests/test_dask.py,0.4703473448753357,29
pydata__xarray-2905,xarray/core/arithmetic.py,0.5502207279205322,7
pydata__xarray-2905,xarray/core/alignment.py,0.4645129144191742,34
pydata__xarray-2905,xarray/backends/netCDF4_.py,0.47229403257369995,27
pydata__xarray-2905,xarray/core/ops.py,0.5113261938095093,19
pydata__xarray-2905,xarray/convert.py,0.54635089635849,9
pydata__xarray-2905,xarray/tests/test_ufuncs.py,0.4586881399154663,36
pydata__xarray-2905,xarray/tests/test_utils.py,0.4432148039340973,42
pydata__xarray-2905,xarray/tests/test_conventions.py,0.49179762601852417,22
pydata__xarray-2905,xarray/backends/zarr.py,0.46840155124664307,30
pydata__xarray-2905,xarray/backends/api.py,0.43936243653297424,43
pydata__xarray-2905,xarray/core/utils.py,0.5444138646125793,10
pydata__xarray-2905,xarray/tests/test_backends.py,0.46645671129226685,33
pydata__xarray-2905,xarray/tests/test_units.py,0.4470740258693695,41
pydata__xarray-2905,xarray/tests/test_coding.py,0.4703473448753357,29
pydata__xarray-2905,xarray/core/extensions.py,0.4278508424758911,47
pydata__xarray-2905,xarray/core/parallel.py,0.4470740258693695,41
pydata__xarray-2905,xarray/core/duck_array_ops.py,0.454811155796051,37
pydata__xarray-2905,xarray/backends/memory.py,0.49960941076278687,21
pydata__xarray-2905,properties/test_pandas_roundtrip.py,0.41641688346862793,48
pydata__xarray-2905,xarray/core/missing.py,0.5074213147163391,20
pydata__xarray-2905,xarray/tests/test_formatting.py,0.48594123125076294,24
pydata__xarray-2905,xarray/core/groupby.py,0.46645671129226685,33
pydata__xarray-2905,xarray/backends/common.py,0.47618991136550903,26
pydata__xarray-2905,xarray/tests/test_interp.py,0.4278508424758911,47
pydata__xarray-2905,xarray/tests/test_computation.py,0.5308202505111694,16
pydata__xarray-2905,xarray/core/computation.py,0.521081268787384,18
pydata__xarray-2905,asv_bench/benchmarks/indexing.py,0.4586881399154663,36
pydata__xarray-2905,xarray/core/rolling.py,0.4509396255016327,38
pydata__xarray-2905,xarray/core/pycompat.py,0.4470740258693695,41
pydata__xarray-2905,xarray/core/concat.py,0.4355173707008362,44
pydata__xarray-2905,properties/test_encode_decode.py,0.3680422008037567,50
pydata__xarray-2905,xarray/tests/test_extensions.py,0.43168002367019653,45
pydata__xarray-2905,xarray/plot/utils.py,0.3901040256023407,49
pydata__xarray-2905,xarray/tests/test_duck_array_ops.py,0.47618991136550903,26
pydata__xarray-2922,xarray/tests/test_dataset.py,0.6294102072715759,1
pydata__xarray-2922,xarray/core/rolling_exp.py,0.4820389747619629,18
pydata__xarray-2922,xarray/tests/test_dataarray.py,0.5656346678733826,3
pydata__xarray-2922,xarray/core/dataarray.py,0.5249791741371155,9
pydata__xarray-2922,doc/examples/_code/accessor_example.py,0.43168002367019653,35
pydata__xarray-2922,xarray/tests/test_variable.py,0.5093739032745361,11
pydata__xarray-2922,xarray/core/common.py,0.5502207279205322,5
pydata__xarray-2922,xarray/tests/test_duck_array_ops.py,0.46840155124664307,23
pydata__xarray-2922,xarray/core/dataset.py,0.4645129144191742,24
pydata__xarray-2922,xarray/core/dask_array_compat.py,0.4470740258693695,28
pydata__xarray-2922,xarray/core/resample.py,0.5502207279205322,5
pydata__xarray-2922,xarray/core/computation.py,0.5405358076095581,7
pydata__xarray-2922,xarray/core/variable.py,0.5035156011581421,15
pydata__xarray-2922,xarray/core/groupby.py,0.5960569977760315,2
pydata__xarray-2922,xarray/tests/test_units.py,0.54635089635849,6
pydata__xarray-2922,xarray/core/rolling.py,0.4820389747619629,18
pydata__xarray-2922,xarray/core/ops.py,0.4781389832496643,20
pydata__xarray-2922,xarray/core/duck_array_ops.py,0.5074213147163391,12
pydata__xarray-2922,asv_bench/benchmarks/rolling.py,0.47229403257369995,22
pydata__xarray-2922,xarray/tests/test_groupby.py,0.42021888494491577,39
pydata__xarray-2922,xarray/core/nanops.py,0.5035156011581421,15
pydata__xarray-2922,xarray/tests/test_computation.py,0.47229403257369995,22
pydata__xarray-2922,asv_bench/benchmarks/combine.py,0.3572086691856384,49
pydata__xarray-2922,asv_bench/benchmarks/indexing.py,0.41641688346862793,41
pydata__xarray-2922,xarray/core/dask_array_ops.py,0.40131235122680664,44
pydata__xarray-2922,xarray/core/combine.py,0.4625701606273651,25
pydata__xarray-2922,xarray/core/parallel.py,0.4432148039340973,31
pydata__xarray-2922,xarray/core/alignment.py,0.5230305790901184,10
pydata__xarray-2922,xarray/tests/test_dask.py,0.41641688346862793,41
pydata__xarray-2922,xarray/tests/test_sparse.py,0.4820389747619629,18
pydata__xarray-2922,xarray/plot/dataset_plot.py,0.43936243653297424,32
pydata__xarray-2922,asv_bench/benchmarks/interp.py,0.3753400444984436,48
pydata__xarray-2922,xarray/tests/test_ufuncs.py,0.5054685473442078,13
pydata__xarray-2922,asv_bench/benchmarks/reindexing.py,0.3975641429424286,46
pydata__xarray-2922,xarray/plot/plot.py,0.3975641429424286,46
pydata__xarray-2922,xarray/ufuncs.py,0.5308202505111694,8
pydata__xarray-2922,xarray/tests/test_combine.py,0.4432148039340973,31
pydata__xarray-2922,xarray/core/concat.py,0.4278508424758911,37
pydata__xarray-2922,xarray/tests/test_concat.py,0.408843070268631,42
pydata__xarray-2922,xarray/core/npcompat.py,0.4781389832496643,20
pydata__xarray-2922,xarray/core/accessor_dt.py,0.4432148039340973,31
pydata__xarray-2922,xarray/tests/test_accessor_dt.py,0.38269495964050293,47
pydata__xarray-2922,xarray/convert.py,0.454811155796051,27
pydata__xarray-2922,xarray/plot/utils.py,0.4050721228122711,43
pydata__xarray-2922,xarray/tutorial.py,0.43168002367019653,35
pydata__xarray-2922,xarray/tests/test_interp.py,0.4278508424758911,37
pydata__xarray-2922,asv_bench/benchmarks/dataarray_missing.py,0.34651920199394226,50
pydata__xarray-2922,xarray/core/missing.py,0.43168002367019653,35
pydata__xarray-2922,xarray/core/merge.py,0.42021888494491577,39
pydata__xarray-2922,xarray/core/coordinates.py,0.4586881399154663,26
pydata__xarray-3095,xarray/core/dataset.py,0.6492228507995605,7
pydata__xarray-3095,xarray/tests/test_dataset.py,0.650999903678894,6
pydata__xarray-3095,xarray/core/variable.py,0.6598217487335205,4
pydata__xarray-3095,xarray/core/dataarray.py,0.7428696751594543,1
pydata__xarray-3095,xarray/tests/test_variable.py,0.7030196189880371,2
pydata__xarray-3095,xarray/conventions.py,0.6754221320152283,3
pydata__xarray-3095,xarray/core/indexing.py,0.4781389832496643,41
pydata__xarray-3095,xarray/tests/test_dataarray.py,0.638474702835083,8
pydata__xarray-3095,xarray/core/alignment.py,0.5771140456199646,15
pydata__xarray-3095,xarray/core/coordinates.py,0.5444138646125793,25
pydata__xarray-3095,xarray/core/indexes.py,0.5502207279205322,24
pydata__xarray-3095,xarray/tests/test_utils.py,0.5269270539283752,29
pydata__xarray-3095,xarray/tests/test_backends.py,0.5809227228164673,13
pydata__xarray-3095,xarray/tests/test_indexing.py,0.5752062797546387,16
pydata__xarray-3095,xarray/backends/netCDF4_.py,0.622092068195343,9
pydata__xarray-3095,xarray/coding/strings.py,0.5885108113288879,11
pydata__xarray-3095,xarray/tests/test_coding_strings.py,0.5230305790901184,30
pydata__xarray-3095,xarray/core/common.py,0.5308202505111694,27
pydata__xarray-3095,xarray/coding/variables.py,0.5637142658233643,17
pydata__xarray-3095,xarray/tests/test_conventions.py,0.5771140456199646,15
pydata__xarray-3095,xarray/core/utils.py,0.5093739032745361,34
pydata__xarray-3095,xarray/testing.py,0.6580659747123718,5
pydata__xarray-3095,xarray/tests/test_dask.py,0.4625701606273651,46
pydata__xarray-3095,xarray/convert.py,0.5866175889968872,12
pydata__xarray-3095,xarray/core/groupby.py,0.5617918968200684,18
pydata__xarray-3095,xarray/tests/test_ufuncs.py,0.5015625357627869,37
pydata__xarray-3095,xarray/core/computation.py,0.5579416155815125,21
pydata__xarray-3095,xarray/core/merge.py,0.5171807408332825,32
pydata__xarray-3095,xarray/tests/test_concat.py,0.5132781267166138,33
pydata__xarray-3095,xarray/backends/zarr.py,0.4898451566696167,39
pydata__xarray-3095,xarray/core/ops.py,0.5502207279205322,24
pydata__xarray-3095,xarray/tests/test_computation.py,0.47424158453941345,43
pydata__xarray-3095,xarray/core/concat.py,0.5171807408332825,32
pydata__xarray-3095,xarray/core/combine.py,0.4126248061656952,48
pydata__xarray-3095,xarray/core/accessor_str.py,0.5269270539283752,29
pydata__xarray-3095,xarray/tests/test_groupby.py,0.5502207279205322,24
pydata__xarray-3095,xarray/core/arithmetic.py,0.5015625357627869,37
pydata__xarray-3095,xarray/ufuncs.py,0.5054685473442078,35
pydata__xarray-3095,xarray/tests/test_merge.py,0.4645129144191742,44
pydata__xarray-3095,xarray/backends/common.py,0.5579416155815125,21
pydata__xarray-3095,properties/test_encode_decode.py,0.37168383598327637,50
pydata__xarray-3095,xarray/backends/api.py,0.5579416155815125,21
pydata__xarray-3095,xarray/backends/h5netcdf_.py,0.5885108113288879,11
pydata__xarray-3095,xarray/tests/test_coding.py,0.4509396255016327,47
pydata__xarray-3095,xarray/backends/memory.py,0.5385949611663818,26
pydata__xarray-3095,asv_bench/benchmarks/indexing.py,0.4839898645877838,40
pydata__xarray-3095,asv_bench/benchmarks/reindexing.py,0.3753400444984436,49
pydata__xarray-3095,xarray/tests/test_options.py,0.49375033378601074,38
pydata__xarray-3095,xarray/tests/test_combine.py,0.47424158453941345,43
pydata__xarray-3095,xarray/coding/cftimeindex.py,0.4625701606273651,46
pydata__xarray-3114,xarray/tests/test_dataarray.py,0.5288740992546082,8
pydata__xarray-3114,xarray/core/dataarray.py,0.6035580039024353,2
pydata__xarray-3114,xarray/tests/test_dataset.py,0.6438668966293335,1
pydata__xarray-3114,xarray/core/variable.py,0.5598676800727844,3
pydata__xarray-3114,xarray/core/indexing.py,0.5579416155815125,4
pydata__xarray-3114,xarray/core/dataset.py,0.48008865118026733,18
pydata__xarray-3114,xarray/tests/test_variable.py,0.5288740992546082,8
pydata__xarray-3114,xarray/tests/test_indexing.py,0.5191313028335571,11
pydata__xarray-3114,xarray/core/common.py,0.4898451566696167,15
pydata__xarray-3114,xarray/tests/test_backends.py,0.43168002367019653,37
pydata__xarray-3114,xarray/core/coordinates.py,0.47618991136550903,21
pydata__xarray-3114,xarray/tests/test_dask.py,0.4126248061656952,42
pydata__xarray-3114,asv_bench/benchmarks/indexing.py,0.41641688346862793,41
pydata__xarray-3114,xarray/backends/zarr.py,0.47424158453941345,22
pydata__xarray-3114,xarray/tests/test_nputils.py,0.4470740258693695,29
pydata__xarray-3114,xarray/core/alignment.py,0.5015625357627869,13
pydata__xarray-3114,xarray/tests/test_conventions.py,0.43168002367019653,37
pydata__xarray-3114,xarray/core/groupby.py,0.5191313028335571,11
pydata__xarray-3114,xarray/core/computation.py,0.4432148039340973,31
pydata__xarray-3114,xarray/conventions.py,0.4432148039340973,31
pydata__xarray-3114,xarray/backends/netCDF4_.py,0.5074213147163391,12
pydata__xarray-3114,xarray/tests/test_computation.py,0.43936243653297424,33
pydata__xarray-3114,asv_bench/benchmarks/reindexing.py,0.34651920199394226,49
pydata__xarray-3114,xarray/tests/test_interp.py,0.4470740258693695,29
pydata__xarray-3114,xarray/tests/test_groupby.py,0.454811155796051,26
pydata__xarray-3114,xarray/tests/test_concat.py,0.393827885389328,45
pydata__xarray-3114,xarray/convert.py,0.48594123125076294,17
pydata__xarray-3114,xarray/core/ops.py,0.5308202505111694,6
pydata__xarray-3114,asv_bench/benchmarks/dataset_io.py,0.408843070268631,43
pydata__xarray-3114,xarray/backends/memory.py,0.4878930151462555,16
pydata__xarray-3114,xarray/backends/pydap_.py,0.3901040256023407,46
pydata__xarray-3114,xarray/backends/rasterio_.py,0.4355173707008362,34
pydata__xarray-3114,asv_bench/benchmarks/unstacking.py,0.32904666662216187,50
pydata__xarray-3114,xarray/backends/common.py,0.5249791741371155,9
pydata__xarray-3114,xarray/core/duck_array_ops.py,0.5347096920013428,5
pydata__xarray-3114,xarray/core/nputils.py,0.46645671129226685,25
pydata__xarray-3114,xarray/tests/test_ufuncs.py,0.49765628576278687,14
pydata__xarray-3114,xarray/testing.py,0.4781389832496643,19
pydata__xarray-3114,xarray/core/indexes.py,0.3680422008037567,48
pydata__xarray-3114,xarray/backends/pynio_.py,0.47618991136550903,21
pydata__xarray-3114,xarray/core/rolling.py,0.3680422008037567,48
pydata__xarray-3114,xarray/tests/test_options.py,0.43168002367019653,37
pydata__xarray-3114,xarray/coding/variables.py,0.46840155124664307,24
pydata__xarray-3114,xarray/core/concat.py,0.4509396255016327,27
pydata__xarray-3114,xarray/tests/test_duck_array_ops.py,0.42021888494491577,38
pydata__xarray-3114,xarray/tests/test_accessor_dt.py,0.41641688346862793,41
pydata__xarray-3114,xarray/tests/test_combine.py,0.41641688346862793,41
pydata__xarray-3114,xarray/backends/cfgrib_.py,0.43936243653297424,33
pydata__xarray-3114,xarray/backends/api.py,0.47229403257369995,23
pydata__xarray-3114,xarray/tests/test_extensions.py,0.40131235122680664,44
pydata__xarray-3151,xarray/tests/test_combine.py,0.8387326598167419,1
pydata__xarray-3151,xarray/core/combine.py,0.8176327347755432,2
pydata__xarray-3151,xarray/tests/test_dataset.py,0.6035580039024353,18
pydata__xarray-3151,xarray/core/coordinates.py,0.6923092603683472,5
pydata__xarray-3151,xarray/tests/test_concat.py,0.5385949611663818,34
pydata__xarray-3151,xarray/core/merge.py,0.7078896164894104,4
pydata__xarray-3151,xarray/core/concat.py,0.6165664792060852,12
pydata__xarray-3151,xarray/tests/test_dataarray.py,0.6492228507995605,8
pydata__xarray-3151,xarray/tests/test_merge.py,0.5637142658233643,25
pydata__xarray-3151,xarray/core/groupby.py,0.5656346678733826,23
pydata__xarray-3151,xarray/tests/test_backends.py,0.7603660821914673,3
pydata__xarray-3151,xarray/tests/test_computation.py,0.5540844202041626,28
pydata__xarray-3151,xarray/core/dataarray.py,0.5809227228164673,22
pydata__xarray-3151,xarray/core/dataset.py,0.6072905659675598,14
pydata__xarray-3151,xarray/core/computation.py,0.6474416255950928,9
pydata__xarray-3151,xarray/core/alignment.py,0.6348603367805481,11
pydata__xarray-3151,xarray/tests/test_groupby.py,0.6054258346557617,17
pydata__xarray-3151,xarray/tests/test_interp.py,0.6016871333122253,20
pydata__xarray-3151,asv_bench/benchmarks/combine.py,0.49960941076278687,41
pydata__xarray-3151,xarray/tests/test_dask.py,0.5540844202041626,28
pydata__xarray-3151,xarray/backends/api.py,0.6527729034423828,7
pydata__xarray-3151,xarray/core/variable.py,0.54635089635849,29
pydata__xarray-3151,xarray/tests/test_indexing.py,0.5054685473442078,40
pydata__xarray-3151,xarray/tests/test_variable.py,0.5152297019958496,36
pydata__xarray-3151,xarray/testing.py,0.6054258346557617,17
pydata__xarray-3151,xarray/core/common.py,0.5998133420944214,21
pydata__xarray-3151,xarray/tests/test_conventions.py,0.6110106706619263,13
pydata__xarray-3151,xarray/core/indexing.py,0.6016871333122253,20
pydata__xarray-3151,asv_bench/benchmarks/reindexing.py,0.42021888494491577,50
pydata__xarray-3151,xarray/tests/test_ufuncs.py,0.49765628576278687,45
pydata__xarray-3151,xarray/tests/test_missing.py,0.6054258346557617,17
pydata__xarray-3151,xarray/tests/test_utils.py,0.49179762601852417,46
pydata__xarray-3151,xarray/__init__.py,0.6420735120773315,10
pydata__xarray-3151,xarray/core/indexes.py,0.5113261938095093,38
pydata__xarray-3151,xarray/tests/test_duck_array_ops.py,0.4625701606273651,49
pydata__xarray-3151,xarray/core/missing.py,0.5444138646125793,31
pydata__xarray-3151,xarray/core/rolling.py,0.46645671129226685,48
pydata__xarray-3151,xarray/conventions.py,0.5424755215644836,32
pydata__xarray-3151,xarray/core/ops.py,0.5637142658233643,25
pydata__xarray-3151,xarray/core/nputils.py,0.5444138646125793,31
pydata__xarray-3151,xarray/convert.py,0.5385949611663818,34
pydata__xarray-3151,xarray/core/resample.py,0.5054685473442078,40
pydata__xarray-3151,xarray/core/utils.py,0.49765628576278687,45
pydata__xarray-3151,xarray/tests/test_plot.py,0.6771324872970581,6
pydata__xarray-3151,asv_bench/benchmarks/indexing.py,0.49765628576278687,45
pydata__xarray-3151,xarray/ufuncs.py,0.47618991136550903,47
pydata__xarray-3151,xarray/tests/test_formatting.py,0.5598676800727844,26
pydata__xarray-3151,xarray/tests/test_options.py,0.49765628576278687,45
pydata__xarray-3151,xarray/core/arithmetic.py,0.521081268787384,35
pydata__xarray-3151,xarray/core/duck_array_ops.py,0.5132781267166138,37
pydata__xarray-3156,xarray/core/groupby.py,0.7276659607887268,1
pydata__xarray-3156,xarray/tests/test_dataset.py,0.6771324872970581,2
pydata__xarray-3156,xarray/tests/test_dataarray.py,0.5847217440605164,6
pydata__xarray-3156,xarray/tests/test_groupby.py,0.6239269375801086,4
pydata__xarray-3156,xarray/core/common.py,0.6438668966293335,3
pydata__xarray-3156,xarray/tests/test_computation.py,0.4645129144191742,29
pydata__xarray-3156,xarray/core/computation.py,0.5308202505111694,11
pydata__xarray-3156,xarray/tests/test_dask.py,0.6016871333122253,5
pydata__xarray-3156,xarray/core/dataarray.py,0.5152297019958496,15
pydata__xarray-3156,xarray/tests/test_duck_array_ops.py,0.4703473448753357,27
pydata__xarray-3156,xarray/core/rolling.py,0.5308202505111694,11
pydata__xarray-3156,xarray/tests/test_indexing.py,0.4432148039340973,37
pydata__xarray-3156,xarray/core/resample.py,0.4839898645877838,23
pydata__xarray-3156,xarray/core/variable.py,0.4898451566696167,22
pydata__xarray-3156,xarray/core/nanops.py,0.4509396255016327,35
pydata__xarray-3156,xarray/core/dataset.py,0.5113261938095093,17
pydata__xarray-3156,xarray/core/indexing.py,0.5035156011581421,19
pydata__xarray-3156,xarray/core/combine.py,0.3975641429424286,47
pydata__xarray-3156,xarray/tests/test_ufuncs.py,0.5191313028335571,14
pydata__xarray-3156,xarray/tests/test_cftimeindex.py,0.5444138646125793,7
pydata__xarray-3156,asv_bench/benchmarks/reindexing.py,0.3790105879306793,48
pydata__xarray-3156,xarray/core/alignment.py,0.4781389832496643,26
pydata__xarray-3156,xarray/tests/test_variable.py,0.43936243653297424,38
pydata__xarray-3156,xarray/core/duck_array_ops.py,0.5191313028335571,14
pydata__xarray-3156,xarray/tests/test_concat.py,0.408843070268631,44
pydata__xarray-3156,xarray/backends/common.py,0.4898451566696167,22
pydata__xarray-3156,xarray/tests/test_backends.py,0.42021888494491577,43
pydata__xarray-3156,xarray/tests/test_options.py,0.5074213147163391,18
pydata__xarray-3156,xarray/tests/test_interp.py,0.4625701606273651,32
pydata__xarray-3156,xarray/tests/test_accessor_str.py,0.4781389832496643,26
pydata__xarray-3156,xarray/core/dask_array_compat.py,0.4240303635597229,42
pydata__xarray-3156,xarray/ufuncs.py,0.5347096920013428,9
pydata__xarray-3156,xarray/tests/test_combine.py,0.4355173707008362,39
pydata__xarray-3156,xarray/core/ops.py,0.521081268787384,12
pydata__xarray-3156,asv_bench/benchmarks/indexing.py,0.43168002367019653,40
pydata__xarray-3156,xarray/core/indexes.py,0.4509396255016327,35
pydata__xarray-3156,asv_bench/benchmarks/unstacking.py,0.35362908244132996,50
pydata__xarray-3156,xarray/tests/test_missing.py,0.4645129144191742,29
pydata__xarray-3156,xarray/core/missing.py,0.4625701606273651,32
pydata__xarray-3156,xarray/testing.py,0.4898451566696167,22
pydata__xarray-3156,xarray/tests/test_backends_common.py,0.3753400444984436,49
pydata__xarray-3156,asv_bench/benchmarks/dataarray_missing.py,0.4278508424758911,41
pydata__xarray-3156,asv_bench/benchmarks/rolling.py,0.4050721228122711,45
pydata__xarray-3156,xarray/core/resample_cftime.py,0.5132781267166138,16
pydata__xarray-3156,xarray/core/arithmetic.py,0.4781389832496643,26
pydata__xarray-3156,xarray/core/nputils.py,0.4432148039340973,37
pydata__xarray-3156,xarray/core/concat.py,0.4625701606273651,32
pydata__xarray-3156,xarray/backends/scipy_.py,0.40131235122680664,46
pydata__xarray-3156,xarray/tests/test_utils.py,0.454811155796051,33
pydata__xarray-3156,xarray/backends/api.py,0.5366528630256653,8
pydata__xarray-3159,xarray/core/dataarray.py,0.6685341000556946,2
pydata__xarray-3159,xarray/tests/test_dataarray.py,0.5675531625747681,8
pydata__xarray-3159,xarray/core/variable.py,0.7315191626548767,1
pydata__xarray-3159,xarray/tests/test_variable.py,0.622092068195343,3
pydata__xarray-3159,xarray/core/common.py,0.5998133420944214,6
pydata__xarray-3159,xarray/tests/test_dataset.py,0.5093739032745361,23
pydata__xarray-3159,xarray/core/ops.py,0.5308202505111694,14
pydata__xarray-3159,xarray/tests/test_computation.py,0.6035580039024353,4
pydata__xarray-3159,xarray/tests/test_sparse.py,0.5424755215644836,12
pydata__xarray-3159,xarray/tests/test_ufuncs.py,0.43936243653297424,44
pydata__xarray-3159,xarray/tests/test_concat.py,0.5998133420944214,6
pydata__xarray-3159,xarray/core/indexing.py,0.4820389747619629,31
pydata__xarray-3159,xarray/tests/test_dask.py,0.48594123125076294,29
pydata__xarray-3159,xarray/core/duck_array_ops.py,0.48008865118026733,32
pydata__xarray-3159,xarray/core/alignment.py,0.43936243653297424,44
pydata__xarray-3159,asv_bench/benchmarks/indexing.py,0.43936243653297424,44
pydata__xarray-3159,asv_bench/benchmarks/dataarray_missing.py,0.47618991136550903,33
pydata__xarray-3159,xarray/core/arithmetic.py,0.5152297019958496,22
pydata__xarray-3159,xarray/conventions.py,0.5171807408332825,19
pydata__xarray-3159,xarray/core/dataset.py,0.5828235149383545,7
pydata__xarray-3159,xarray/tests/test_interp.py,0.5656346678733826,9
pydata__xarray-3159,xarray/tests/test_indexing.py,0.4586881399154663,38
pydata__xarray-3159,xarray/tests/test_missing.py,0.5366528630256653,13
pydata__xarray-3159,xarray/core/computation.py,0.48594123125076294,29
pydata__xarray-3159,xarray/tests/test_conventions.py,0.5054685473442078,25
pydata__xarray-3159,xarray/backends/rasterio_.py,0.4625701606273651,36
pydata__xarray-3159,xarray/tests/test_duck_array_ops.py,0.4432148039340973,41
pydata__xarray-3159,xarray/convert.py,0.5482865571975708,11
pydata__xarray-3159,xarray/core/nanops.py,0.4586881399154663,38
pydata__xarray-3159,xarray/backends/zarr.py,0.454811155796051,39
pydata__xarray-3159,xarray/tests/test_plot.py,0.47229403257369995,34
pydata__xarray-3159,asv_bench/benchmarks/reindexing.py,0.3790105879306793,50
pydata__xarray-3159,xarray/backends/api.py,0.5152297019958496,22
pydata__xarray-3159,xarray/core/missing.py,0.49375033378601074,27
pydata__xarray-3159,xarray/ufuncs.py,0.4820389747619629,31
pydata__xarray-3159,xarray/coding/variables.py,0.5288740992546082,15
pydata__xarray-3159,xarray/tests/test_backends.py,0.5560138821601868,10
pydata__xarray-3159,xarray/tests/test_nputils.py,0.4240303635597229,45
pydata__xarray-3159,xarray/tests/test_coding.py,0.4470740258693695,40
pydata__xarray-3159,asv_bench/benchmarks/interp.py,0.4050721228122711,47
pydata__xarray-3159,xarray/tests/test_accessor_dt.py,0.5054685473442078,25
pydata__xarray-3159,xarray/core/groupby.py,0.521081268787384,16
pydata__xarray-3159,xarray/plot/plot.py,0.5015625357627869,26
pydata__xarray-3159,xarray/core/rolling.py,0.4625701606273651,36
pydata__xarray-3159,asv_bench/benchmarks/rolling.py,0.4126248061656952,46
pydata__xarray-3159,xarray/tests/test_groupby.py,0.5171807408332825,19
pydata__xarray-3159,xarray/testing.py,0.5152297019958496,22
pydata__xarray-3159,xarray/core/dask_array_ops.py,0.393827885389328,49
pydata__xarray-3159,xarray/tests/test_accessor_str.py,0.5171807408332825,19
pydata__xarray-3159,xarray/core/pycompat.py,0.393827885389328,49
pydata__xarray-3239,xarray/backends/api.py,0.7322856187820435,1
pydata__xarray-3239,xarray/tests/test_backends.py,0.54635089635849,6
pydata__xarray-3239,xarray/core/combine.py,0.6702630519866943,3
pydata__xarray-3239,asv_bench/benchmarks/dataset_io.py,0.454811155796051,22
pydata__xarray-3239,xarray/core/alignment.py,0.6702630519866943,3
pydata__xarray-3239,xarray/tests/test_combine.py,0.47229403257369995,18
pydata__xarray-3239,xarray/core/concat.py,0.5998133420944214,5
pydata__xarray-3239,xarray/backends/zarr.py,0.42021888494491577,25
pydata__xarray-3239,xarray/core/dataset.py,0.5191313028335571,9
pydata__xarray-3239,xarray/__init__.py,0.49179762601852417,15
pydata__xarray-3239,xarray/tests/test_concat.py,0.38269495964050293,35
pydata__xarray-3239,xarray/tests/test_distributed.py,0.3901040256023407,32
pydata__xarray-3239,xarray/core/computation.py,0.6257582902908325,4
pydata__xarray-3239,xarray/backends/common.py,0.5152297019958496,12
pydata__xarray-3239,xarray/tests/test_dataset.py,0.393827885389328,31
pydata__xarray-3239,xarray/conventions.py,0.5230305790901184,8
pydata__xarray-3239,xarray/core/merge.py,0.5171807408332825,11
pydata__xarray-3239,xarray/tests/test_dask.py,0.36080431938171387,40
pydata__xarray-3239,asv_bench/benchmarks/reindexing.py,0.37168383598327637,39
pydata__xarray-3239,xarray/backends/netCDF4_.py,0.5171807408332825,11
pydata__xarray-3239,xarray/tests/test_conventions.py,0.4625701606273651,19
pydata__xarray-3239,asv_bench/benchmarks/combine.py,0.38269495964050293,35
pydata__xarray-3239,xarray/core/groupby.py,0.47229403257369995,18
pydata__xarray-3239,xarray/tests/test_merge.py,0.35006579756736755,42
pydata__xarray-3239,xarray/backends/h5netcdf_.py,0.4878930151462555,16
pydata__xarray-3239,xarray/backends/pseudonetcdf_.py,0.4586881399154663,20
pydata__xarray-3239,xarray/tutorial.py,0.3863929510116577,33
pydata__xarray-3239,xarray/backends/__init__.py,0.37168383598327637,39
pydata__xarray-3239,xarray/core/options.py,0.4278508424758911,24
pydata__xarray-3239,xarray/tests/test_options.py,0.3790105879306793,36
pydata__xarray-3239,xarray/backends/pynio_.py,0.41641688346862793,26
pydata__xarray-3239,xarray/tests/test_backends_api.py,0.32218465209007263,49
pydata__xarray-3239,xarray/tests/test_dataarray.py,0.4432148039340973,23
pydata__xarray-3239,xarray/tests/test_computation.py,0.332505464553833,45
pydata__xarray-3239,xarray/tests/__init__.py,0.3256063163280487,48
pydata__xarray-3239,xarray/tests/test_groupby.py,0.33947718143463135,44
pydata__xarray-3239,asv_bench/benchmarks/indexing.py,0.34298956394195557,43
pydata__xarray-3239,xarray/testing.py,0.4126248061656952,29
pydata__xarray-3239,xarray/backends/cfgrib_.py,0.37168383598327637,39
pydata__xarray-3239,xarray/core/dataarray.py,0.5093739032745361,13
pydata__xarray-3239,xarray/backends/scipy_.py,0.4126248061656952,29
pydata__xarray-3239,asv_bench/benchmarks/unstacking.py,0.35006579756736755,42
pydata__xarray-3239,xarray/backends/rasterio_.py,0.454811155796051,22
pydata__xarray-3239,xarray/backends/pydap_.py,0.40131235122680664,30
pydata__xarray-3239,xarray/tests/test_sparse.py,0.3256063163280487,48
pydata__xarray-3239,xarray/core/variable.py,0.5347096920013428,7
pydata__xarray-3239,xarray/tests/test_utils.py,0.3256063163280487,48
pydata__xarray-3239,xarray/core/coordinates.py,0.5054685473442078,14
pydata__xarray-3239,xarray/tests/test_missing.py,0.29551446437835693,50
pydata__xarray-3239,xarray/convert.py,0.4126248061656952,29
pydata__xarray-3302,xarray/tests/test_missing.py,0.7531762719154358,3
pydata__xarray-3302,xarray/core/missing.py,0.7531762719154358,3
pydata__xarray-3302,xarray/core/dataset.py,0.7902714610099792,1
pydata__xarray-3302,xarray/core/dataarray.py,0.7182783484458923,4
pydata__xarray-3302,asv_bench/benchmarks/dataarray_missing.py,0.5790196061134338,5
pydata__xarray-3302,xarray/core/resample.py,0.393827885389328,15
pydata__xarray-3302,asv_bench/benchmarks/interp.py,0.35362908244132996,27
pydata__xarray-3302,xarray/tests/test_interp.py,0.4432148039340973,6
pydata__xarray-3302,xarray/tests/test_dataarray.py,0.393827885389328,15
pydata__xarray-3302,xarray/core/nanops.py,0.34651920199394226,28
pydata__xarray-3302,xarray/core/rolling.py,0.3863929510116577,17
pydata__xarray-3302,xarray/tests/test_dataset.py,0.41641688346862793,7
pydata__xarray-3302,xarray/tests/test_units.py,0.393827885389328,15
pydata__xarray-3302,xarray/core/groupby.py,0.3680422008037567,23
pydata__xarray-3302,xarray/core/duck_array_ops.py,0.40131235122680664,11
pydata__xarray-3302,xarray/core/common.py,0.3863929510116577,17
pydata__xarray-3302,xarray/core/ops.py,0.4126248061656952,8
pydata__xarray-3302,xarray/core/nputils.py,0.37168383598327637,21
pydata__xarray-3302,xarray/tests/test_duck_array_ops.py,0.3086901903152466,42
pydata__xarray-3302,xarray/core/rolling_exp.py,0.3187819719314575,40
pydata__xarray-3302,xarray/core/resample_cftime.py,0.35362908244132996,27
pydata__xarray-3302,xarray/core/variable.py,0.3680422008037567,23
pydata__xarray-3302,xarray/tests/test_cftimeindex.py,0.3572086691856384,25
pydata__xarray-3302,xarray/tests/test_groupby.py,0.37168383598327637,21
pydata__xarray-3302,asv_bench/benchmarks/rolling.py,0.33598238229751587,29
pydata__xarray-3302,xarray/tests/test_plot.py,0.28905048966407776,47
pydata__xarray-3302,xarray/core/dask_array_ops.py,0.32904666662216187,34
pydata__xarray-3302,asv_bench/benchmarks/reindexing.py,0.332505464553833,31
pydata__xarray-3302,xarray/tests/test_combine.py,0.3572086691856384,25
pydata__xarray-3302,xarray/coding/times.py,0.3187819719314575,40
pydata__xarray-3302,xarray/plot/utils.py,0.282671183347702,48
pydata__xarray-3302,xarray/core/alignment.py,0.3790105879306793,19
pydata__xarray-3302,xarray/core/pdcompat.py,0.332505464553833,31
pydata__xarray-3302,xarray/coding/cftime_offsets.py,0.2610294222831726,49
pydata__xarray-3302,xarray/core/dtypes.py,0.393827885389328,15
pydata__xarray-3302,xarray/tests/test_conventions.py,0.2987777292728424,45
pydata__xarray-3302,xarray/tests/test_variable.py,0.3187819719314575,40
pydata__xarray-3302,xarray/plot/plot.py,0.29551446437835693,46
pydata__xarray-3302,xarray/tests/test_cftime_offsets.py,0.408843070268631,9
pydata__xarray-3302,xarray/core/indexing.py,0.32218465209007263,37
pydata__xarray-3302,xarray/coding/cftimeindex.py,0.3256063163280487,35
pydata__xarray-3302,xarray/tests/test_accessor_str.py,0.24915480613708496,50
pydata__xarray-3302,xarray/core/combine.py,0.2987777292728424,45
pydata__xarray-3302,xarray/core/formatting.py,0.2987777292728424,45
pydata__xarray-3302,xarray/coding/variables.py,0.40131235122680664,11
pydata__xarray-3302,xarray/tests/test_sparse.py,0.32904666662216187,34
pydata__xarray-3302,xarray/tests/test_concat.py,0.3086901903152466,42
pydata__xarray-3302,xarray/core/computation.py,0.32218465209007263,37
pydata__xarray-3302,xarray/core/merge.py,0.38269495964050293,18
pydata__xarray-3302,xarray/core/accessor_str.py,0.32904666662216187,34
pydata__xarray-3305,xarray/tests/test_options.py,0.6668006181716919,3
pydata__xarray-3305,xarray/tests/test_dataarray.py,0.6527729034423828,5
pydata__xarray-3305,xarray/core/dataset.py,0.8087327480316162,1
pydata__xarray-3305,xarray/core/dataarray.py,0.8059989213943481,2
pydata__xarray-3305,xarray/core/groupby.py,0.6545414924621582,4
pydata__xarray-3305,xarray/tests/test_groupby.py,0.4898451566696167,14
pydata__xarray-3305,xarray/tests/test_variable.py,0.5152297019958496,11
pydata__xarray-3305,xarray/core/variable.py,0.6072905659675598,7
pydata__xarray-3305,xarray/tests/test_dataset.py,0.5617918968200684,8
pydata__xarray-3305,xarray/tests/test_computation.py,0.49179762601852417,13
pydata__xarray-3305,xarray/tests/test_sparse.py,0.4278508424758911,21
pydata__xarray-3305,xarray/core/common.py,0.4586881399154663,16
pydata__xarray-3305,xarray/core/ops.py,0.5269270539283752,10
pydata__xarray-3305,xarray/tests/test_dask.py,0.4050721228122711,29
pydata__xarray-3305,xarray/convert.py,0.4645129144191742,15
pydata__xarray-3305,xarray/tests/test_duck_array_ops.py,0.49179762601852417,13
pydata__xarray-3305,xarray/tests/test_ufuncs.py,0.42021888494491577,24
pydata__xarray-3305,xarray/core/computation.py,0.5385949611663818,9
pydata__xarray-3305,xarray/tests/test_interp.py,0.3975641429424286,32
pydata__xarray-3305,xarray/core/arithmetic.py,0.38269495964050293,35
pydata__xarray-3305,xarray/tests/test_concat.py,0.3863929510116577,34
pydata__xarray-3305,xarray/backends/pydap_.py,0.35006579756736755,46
pydata__xarray-3305,xarray/core/dask_array_compat.py,0.3572086691856384,43
pydata__xarray-3305,xarray/core/coordinates.py,0.4355173707008362,19
pydata__xarray-3305,xarray/tests/test_extensions.py,0.332505464553833,49
pydata__xarray-3305,xarray/ufuncs.py,0.393827885389328,33
pydata__xarray-3305,xarray/backends/zarr.py,0.408843070268631,28
pydata__xarray-3305,xarray/core/duck_array_ops.py,0.40131235122680664,30
pydata__xarray-3305,xarray/tests/test_backends.py,0.3790105879306793,37
pydata__xarray-3305,xarray/core/rolling.py,0.36441558599472046,42
pydata__xarray-3305,xarray/tests/test_accessor_dt.py,0.3753400444984436,39
pydata__xarray-3305,xarray/__init__.py,0.42021888494491577,24
pydata__xarray-3305,xarray/core/options.py,0.6474416255950928,6
pydata__xarray-3305,xarray/backends/common.py,0.4470740258693695,17
pydata__xarray-3305,xarray/backends/memory.py,0.42021888494491577,24
pydata__xarray-3305,xarray/core/combine.py,0.34298956394195557,48
pydata__xarray-3305,xarray/core/extensions.py,0.35362908244132996,44
pydata__xarray-3305,xarray/core/resample.py,0.4432148039340973,18
pydata__xarray-3305,xarray/coding/variables.py,0.3753400444984436,39
pydata__xarray-3305,xarray/core/concat.py,0.35006579756736755,46
pydata__xarray-3305,xarray/core/merge.py,0.4126248061656952,26
pydata__xarray-3305,xarray/core/nanops.py,0.34651920199394226,47
pydata__xarray-3305,xarray/tests/test_plot.py,0.3975641429424286,32
pydata__xarray-3305,xarray/tests/test_utils.py,0.36441558599472046,42
pydata__xarray-3305,xarray/tests/test_conventions.py,0.4126248061656952,26
pydata__xarray-3305,doc/examples/_code/accessor_example.py,0.2671021819114685,50
pydata__xarray-3305,setup.py,0.408843070268631,28
pydata__xarray-3305,xarray/backends/api.py,0.4278508424758911,21
pydata__xarray-3305,xarray/core/accessor_str.py,0.3790105879306793,37
pydata__xarray-3305,xarray/tests/test_indexing.py,0.3680422008037567,40
pydata__xarray-3338,xarray/tests/test_dataset.py,0.8056933879852295,4
pydata__xarray-3338,xarray/core/common.py,0.8309236764907837,2
pydata__xarray-3338,xarray/core/groupby.py,0.8358054161071777,1
pydata__xarray-3338,xarray/tests/test_dataarray.py,0.7198565006256104,9
pydata__xarray-3338,xarray/tests/test_groupby.py,0.7524493932723999,5
pydata__xarray-3338,xarray/tests/test_computation.py,0.7292113304138184,7
pydata__xarray-3338,xarray/core/dataset.py,0.8273265361785889,3
pydata__xarray-3338,xarray/core/computation.py,0.7135114669799805,12
pydata__xarray-3338,xarray/core/dataarray.py,0.7038345336914062,14
pydata__xarray-3338,xarray/core/rolling.py,0.6923092603683472,17
pydata__xarray-3338,xarray/tests/test_concat.py,0.5998133420944214,34
pydata__xarray-3338,xarray/core/resample.py,0.7330507040023804,6
pydata__xarray-3338,xarray/tests/test_sparse.py,0.6402760744094849,25
pydata__xarray-3338,xarray/tests/test_ufuncs.py,0.6956275701522827,16
pydata__xarray-3338,xarray/core/combine.py,0.6633201241493225,20
pydata__xarray-3338,xarray/tests/test_dask.py,0.7174872159957886,10
pydata__xarray-3338,xarray/tests/test_variable.py,0.6527729034423828,22
pydata__xarray-3338,xarray/tests/test_options.py,0.6035580039024353,33
pydata__xarray-3338,xarray/tests/test_combine.py,0.5713839530944824,40
pydata__xarray-3338,xarray/tests/test_duck_array_ops.py,0.6366694569587708,26
pydata__xarray-3338,xarray/tests/test_indexing.py,0.5979365706443787,36
pydata__xarray-3338,xarray/core/coordinates.py,0.6702630519866943,19
pydata__xarray-3338,xarray/tests/test_backends.py,0.5960569977760315,37
pydata__xarray-3338,asv_bench/benchmarks/reindexing.py,0.4898451566696167,48
pydata__xarray-3338,xarray/core/ops.py,0.7070811986923218,13
pydata__xarray-3338,xarray/core/variable.py,0.6580659747123718,21
pydata__xarray-3338,xarray/backends/api.py,0.6110106706619263,31
pydata__xarray-3338,xarray/core/indexing.py,0.7005671858787537,15
pydata__xarray-3338,xarray/core/indexes.py,0.5482865571975708,44
pydata__xarray-3338,xarray/core/duck_array_ops.py,0.622092068195343,27
pydata__xarray-3338,xarray/core/merge.py,0.6054258346557617,32
pydata__xarray-3338,xarray/backends/common.py,0.6456562876701355,24
pydata__xarray-3338,xarray/core/concat.py,0.6492228507995605,23
pydata__xarray-3338,xarray/tests/test_interp.py,0.6184117794036865,30
pydata__xarray-3338,xarray/ufuncs.py,0.7151057720184326,11
pydata__xarray-3338,xarray/tests/test_merge.py,0.5598676800727844,41
pydata__xarray-3338,xarray/core/alignment.py,0.5979365706443787,36
pydata__xarray-3338,asv_bench/benchmarks/indexing.py,0.5560138821601868,42
pydata__xarray-3338,asv_bench/benchmarks/combine.py,0.4839898645877838,49
pydata__xarray-3338,xarray/backends/zarr.py,0.5828235149383545,39
pydata__xarray-3338,asv_bench/benchmarks/rolling.py,0.5502207279205322,43
pydata__xarray-3338,xarray/core/arithmetic.py,0.7261149883270264,8
pydata__xarray-3338,asv_bench/benchmarks/unstacking.py,0.4586881399154663,50
pydata__xarray-3338,xarray/tests/test_extensions.py,0.5269270539283752,46
pydata__xarray-3338,xarray/__init__.py,0.6719873547554016,18
pydata__xarray-3338,xarray/tests/test_accessor_dt.py,0.5074213147163391,47
pydata__xarray-3338,xarray/tests/test_utils.py,0.5308202505111694,45
pydata__xarray-3338,xarray/tests/test_distributed.py,0.5847217440605164,38
pydata__xarray-3338,xarray/backends/netCDF4_.py,0.6184117794036865,30
pydata__xarray-3338,setup.py,0.6184117794036865,30
pydata__xarray-3364,xarray/tests/test_combine.py,0.7681075930595398,3
pydata__xarray-3364,xarray/core/concat.py,0.822531521320343,2
pydata__xarray-3364,xarray/core/combine.py,0.8256459832191467,1
pydata__xarray-3364,xarray/tests/test_concat.py,0.7524493932723999,5
pydata__xarray-3364,xarray/core/merge.py,0.7443591356277466,6
pydata__xarray-3364,xarray/tests/test_backends.py,0.5922893285751343,26
pydata__xarray-3364,xarray/tests/test_merge.py,0.7030196189880371,8
pydata__xarray-3364,xarray/core/dataset.py,0.6633201241493225,11
pydata__xarray-3364,xarray/backends/api.py,0.7610771059989929,4
pydata__xarray-3364,asv_bench/benchmarks/combine.py,0.6294102072715759,19
pydata__xarray-3364,xarray/tests/test_dataset.py,0.6456562876701355,14
pydata__xarray-3364,xarray/core/alignment.py,0.6839264035224915,9
pydata__xarray-3364,xarray/core/computation.py,0.6420735120773315,15
pydata__xarray-3364,xarray/tests/test_dask.py,0.6474416255950928,13
pydata__xarray-3364,xarray/core/variable.py,0.7054604887962341,7
pydata__xarray-3364,xarray/tests/test_variable.py,0.6294102072715759,19
pydata__xarray-3364,xarray/tests/test_computation.py,0.6527729034423828,12
pydata__xarray-3364,xarray/core/coordinates.py,0.6312306523323059,17
pydata__xarray-3364,xarray/core/dataarray.py,0.5922893285751343,26
pydata__xarray-3364,xarray/core/ops.py,0.6719873547554016,10
pydata__xarray-3364,xarray/tests/test_conventions.py,0.6147178411483765,20
pydata__xarray-3364,xarray/tests/test_dataarray.py,0.6016871333122253,22
pydata__xarray-3364,xarray/tests/test_duck_array_ops.py,0.5866175889968872,27
pydata__xarray-3364,xarray/__init__.py,0.5998133420944214,23
pydata__xarray-3364,xarray/tests/test_options.py,0.638474702835083,16
pydata__xarray-3364,xarray/conventions.py,0.5752062797546387,31
pydata__xarray-3364,xarray/tests/test_missing.py,0.5540844202041626,33
pydata__xarray-3364,xarray/core/groupby.py,0.5809227228164673,29
pydata__xarray-3364,xarray/tests/test_sparse.py,0.6072905659675598,21
pydata__xarray-3364,xarray/tests/test_groupby.py,0.4509396255016327,49
pydata__xarray-3364,xarray/coding/variables.py,0.5847217440605164,28
pydata__xarray-3364,xarray/tests/test_ufuncs.py,0.5074213147163391,43
pydata__xarray-3364,xarray/core/resample.py,0.5152297019958496,42
pydata__xarray-3364,asv_bench/benchmarks/reindexing.py,0.4839898645877838,46
pydata__xarray-3364,xarray/convert.py,0.5617918968200684,32
pydata__xarray-3364,xarray/backends/zarr.py,0.5752062797546387,31
pydata__xarray-3364,xarray/core/common.py,0.5444138646125793,35
pydata__xarray-3364,xarray/core/options.py,0.5424755215644836,36
pydata__xarray-3364,xarray/core/indexes.py,0.5308202505111694,39
pydata__xarray-3364,xarray/core/duck_array_ops.py,0.5979365706443787,24
pydata__xarray-3364,xarray/core/missing.py,0.54635089635849,34
pydata__xarray-3364,xarray/core/parallel.py,0.5385949611663818,37
pydata__xarray-3364,xarray/plot/dataset_plot.py,0.5249791741371155,40
pydata__xarray-3364,xarray/tests/test_formatting.py,0.5152297019958496,42
pydata__xarray-3364,xarray/tests/test_interp.py,0.4703473448753357,48
pydata__xarray-3364,xarray/backends/common.py,0.5308202505111694,39
pydata__xarray-3364,xarray/core/utils.py,0.48008865118026733,47
pydata__xarray-3364,asv_bench/benchmarks/dataarray_missing.py,0.5015625357627869,44
pydata__xarray-3364,xarray/core/rolling.py,0.4878930151462555,45
pydata__xarray-3364,xarray/tests/test_utils.py,0.4432148039340973,50
pydata__xarray-3406,xarray/tests/test_dataset.py,0.7111100554466248,4
pydata__xarray-3406,xarray/core/groupby.py,0.761786699295044,1
pydata__xarray-3406,xarray/tests/test_groupby.py,0.6420735120773315,8
pydata__xarray-3406,xarray/tests/test_dataarray.py,0.5904014110565186,16
pydata__xarray-3406,xarray/core/nanops.py,0.638474702835083,9
pydata__xarray-3406,xarray/core/common.py,0.5656346678733826,21
pydata__xarray-3406,xarray/core/dataset.py,0.6110106706619263,15
pydata__xarray-3406,xarray/core/dataarray.py,0.6788381338119507,6
pydata__xarray-3406,xarray/tests/test_computation.py,0.5713839530944824,19
pydata__xarray-3406,xarray/tests/test_sparse.py,0.5637142658233643,23
pydata__xarray-3406,xarray/core/rolling.py,0.5385949611663818,32
pydata__xarray-3406,xarray/core/duck_array_ops.py,0.6348603367805481,10
pydata__xarray-3406,xarray/core/computation.py,0.7539017796516418,2
pydata__xarray-3406,xarray/tests/test_missing.py,0.5366528630256653,33
pydata__xarray-3406,xarray/tests/test_duck_array_ops.py,0.5288740992546082,38
pydata__xarray-3406,xarray/tests/test_units.py,0.5560138821601868,27
pydata__xarray-3406,xarray/tests/test_variable.py,0.5054685473442078,41
pydata__xarray-3406,xarray/core/nputils.py,0.7237783074378967,3
pydata__xarray-3406,asv_bench/benchmarks/dataarray_missing.py,0.47618991136550903,43
pydata__xarray-3406,xarray/tests/test_ufuncs.py,0.5560138821601868,27
pydata__xarray-3406,xarray/core/ops.py,0.6737070679664612,7
pydata__xarray-3406,xarray/core/resample.py,0.5598676800727844,24
pydata__xarray-3406,xarray/core/missing.py,0.6923092603683472,5
pydata__xarray-3406,xarray/core/combine.py,0.6110106706619263,15
pydata__xarray-3406,xarray/core/variable.py,0.5385949611663818,32
pydata__xarray-3406,xarray/core/resample_cftime.py,0.5579416155815125,25
pydata__xarray-3406,xarray/tests/test_concat.py,0.5347096920013428,36
pydata__xarray-3406,xarray/tests/test_combine.py,0.5230305790901184,39
pydata__xarray-3406,asv_bench/benchmarks/reindexing.py,0.3901040256023407,50
pydata__xarray-3406,asv_bench/benchmarks/rolling.py,0.4470740258693695,47
pydata__xarray-3406,xarray/tests/test_backends.py,0.54635089635849,30
pydata__xarray-3406,xarray/core/pdcompat.py,0.47424158453941345,44
pydata__xarray-3406,xarray/tests/test_interp.py,0.5308202505111694,37
pydata__xarray-3406,xarray/tests/test_conventions.py,0.5347096920013428,36
pydata__xarray-3406,xarray/core/alignment.py,0.5347096920013428,36
pydata__xarray-3406,xarray/tests/test_indexing.py,0.5540844202041626,28
pydata__xarray-3406,asv_bench/benchmarks/indexing.py,0.5113261938095093,40
pydata__xarray-3406,xarray/ufuncs.py,0.6110106706619263,15
pydata__xarray-3406,xarray/core/merge.py,0.5656346678733826,21
pydata__xarray-3406,xarray/tests/test_dask.py,0.54635089635849,30
pydata__xarray-3406,xarray/tests/test_utils.py,0.4703473448753357,46
pydata__xarray-3406,xarray/core/arithmetic.py,0.6312306523323059,11
pydata__xarray-3406,xarray/conventions.py,0.5637142658233643,23
pydata__xarray-3406,xarray/core/concat.py,0.6275860667228699,12
pydata__xarray-3406,asv_bench/benchmarks/interp.py,0.4126248061656952,49
pydata__xarray-3406,xarray/core/indexing.py,0.5828235149383545,17
pydata__xarray-3406,xarray/core/rolling_exp.py,0.47229403257369995,45
pydata__xarray-3406,xarray/tests/test_dtypes.py,0.43936243653297424,48
pydata__xarray-3406,xarray/core/dtypes.py,0.5771140456199646,18
pydata__xarray-3406,xarray/core/indexes.py,0.48008865118026733,42
pydata__xarray-3520,xarray/tests/test_dataarray.py,0.7823965549468994,1
pydata__xarray-3520,xarray/tests/test_dataset.py,0.6972792148590088,3
pydata__xarray-3520,xarray/tests/test_indexing.py,0.521081268787384,16
pydata__xarray-3520,xarray/core/indexing.py,0.7222136855125427,2
pydata__xarray-3520,xarray/core/dataarray.py,0.6771324872970581,4
pydata__xarray-3520,xarray/core/dataset.py,0.5941745638847351,5
pydata__xarray-3520,xarray/tests/test_backends.py,0.5922893285751343,6
pydata__xarray-3520,xarray/core/variable.py,0.5694696307182312,8
pydata__xarray-3520,xarray/core/coordinates.py,0.5637142658233643,10
pydata__xarray-3520,xarray/core/indexes.py,0.5521534085273743,12
pydata__xarray-3520,xarray/tests/test_variable.py,0.5074213147163391,21
pydata__xarray-3520,xarray/tests/test_groupby.py,0.454811155796051,36
pydata__xarray-3520,xarray/tests/test_units.py,0.49765628576278687,24
pydata__xarray-3520,asv_bench/benchmarks/indexing.py,0.5152297019958496,19
pydata__xarray-3520,xarray/core/utils.py,0.4278508424758911,44
pydata__xarray-3520,xarray/core/groupby.py,0.454811155796051,36
pydata__xarray-3520,xarray/core/common.py,0.5637142658233643,10
pydata__xarray-3520,xarray/tests/test_sparse.py,0.4050721228122711,48
pydata__xarray-3520,xarray/tests/test_cftimeindex.py,0.5732962489128113,7
pydata__xarray-3520,asv_bench/benchmarks/reindexing.py,0.3790105879306793,50
pydata__xarray-3520,xarray/core/combine.py,0.4625701606273651,30
pydata__xarray-3520,xarray/core/alignment.py,0.49179762601852417,26
pydata__xarray-3520,xarray/tests/test_utils.py,0.48008865118026733,28
pydata__xarray-3520,xarray/tests/test_concat.py,0.5035156011581421,22
pydata__xarray-3520,xarray/core/computation.py,0.4278508424758911,44
pydata__xarray-3520,xarray/core/nputils.py,0.5288740992546082,14
pydata__xarray-3520,xarray/coding/cftimeindex.py,0.5579416155815125,11
pydata__xarray-3520,xarray/tests/test_combine.py,0.43936243653297424,41
pydata__xarray-3520,xarray/core/concat.py,0.54635089635849,13
pydata__xarray-3520,xarray/tests/test_computation.py,0.41641688346862793,47
pydata__xarray-3520,xarray/tests/test_dask.py,0.4820389747619629,27
pydata__xarray-3520,xarray/core/merge.py,0.5171807408332825,18
pydata__xarray-3520,xarray/backends/rasterio_.py,0.4703473448753357,29
pydata__xarray-3520,xarray/tests/test_nputils.py,0.42021888494491577,45
pydata__xarray-3520,xarray/tests/test_ufuncs.py,0.454811155796051,36
pydata__xarray-3520,xarray/tests/test_duck_array_ops.py,0.454811155796051,36
pydata__xarray-3520,xarray/testing.py,0.4432148039340973,39
pydata__xarray-3520,xarray/tests/test_interp.py,0.4586881399154663,31
pydata__xarray-3520,xarray/backends/api.py,0.454811155796051,36
pydata__xarray-3520,xarray/core/ops.py,0.49375033378601074,25
pydata__xarray-3520,xarray/tests/test_formatting_html.py,0.5230305790901184,15
pydata__xarray-3520,xarray/tests/test_accessor_str.py,0.4432148039340973,39
pydata__xarray-3520,xarray/core/accessor_str.py,0.5171807408332825,18
pydata__xarray-3520,xarray/tests/test_missing.py,0.5015625357627869,23
pydata__xarray-3520,xarray/core/missing.py,0.43936243653297424,41
pydata__xarray-3520,xarray/backends/netCDF4_.py,0.5093739032745361,20
pydata__xarray-3520,xarray/core/npcompat.py,0.43168002367019653,42
pydata__xarray-3520,xarray/core/arithmetic.py,0.4470740258693695,37
pydata__xarray-3520,xarray/tests/test_merge.py,0.41641688346862793,47
pydata__xarray-3520,xarray/tests/test_plot.py,0.40131235122680664,49
pydata__xarray-3527,xarray/core/groupby.py,0.7915633916854858,2
pydata__xarray-3527,xarray/tests/test_groupby.py,0.7013859152793884,6
pydata__xarray-3527,xarray/core/common.py,0.6839264035224915,7
pydata__xarray-3527,xarray/core/dataset.py,0.7567892074584961,3
pydata__xarray-3527,xarray/tests/test_dataarray.py,0.6202536225318909,8
pydata__xarray-3527,xarray/tests/test_dataset.py,0.5960569977760315,10
pydata__xarray-3527,xarray/tests/test_units.py,0.8105389475822449,1
pydata__xarray-3527,xarray/tests/test_computation.py,0.4839898645877838,20
pydata__xarray-3527,xarray/core/dataarray.py,0.7022034525871277,5
pydata__xarray-3527,xarray/core/variable.py,0.7030196189880371,4
pydata__xarray-3527,xarray/core/computation.py,0.5308202505111694,14
pydata__xarray-3527,xarray/core/resample.py,0.46840155124664307,25
pydata__xarray-3527,xarray/tests/test_ufuncs.py,0.521081268787384,16
pydata__xarray-3527,xarray/tests/test_dask.py,0.49960941076278687,19
pydata__xarray-3527,xarray/tests/test_sparse.py,0.5113261938095093,17
pydata__xarray-3527,xarray/core/ops.py,0.5385949611663818,13
pydata__xarray-3527,xarray/core/rolling.py,0.5230305790901184,15
pydata__xarray-3527,xarray/tests/test_variable.py,0.6110106706619263,9
pydata__xarray-3527,xarray/core/arithmetic.py,0.5904014110565186,12
pydata__xarray-3527,xarray/core/duck_array_ops.py,0.48008865118026733,24
pydata__xarray-3527,xarray/ufuncs.py,0.5941745638847351,11
pydata__xarray-3527,xarray/core/parallel.py,0.4470740258693695,33
pydata__xarray-3527,xarray/tests/test_concat.py,0.3975641429424286,42
pydata__xarray-3527,xarray/tests/test_duck_array_ops.py,0.4240303635597229,36
pydata__xarray-3527,xarray/tests/test_options.py,0.4432148039340973,34
pydata__xarray-3527,xarray/core/combine.py,0.42021888494491577,39
pydata__xarray-3527,xarray/backends/api.py,0.4355173707008362,35
pydata__xarray-3527,xarray/tests/test_backends.py,0.3975641429424286,42
pydata__xarray-3527,asv_bench/benchmarks/rolling.py,0.34651920199394226,48
pydata__xarray-3527,xarray/tests/test_accessor_dt.py,0.3680422008037567,45
pydata__xarray-3527,asv_bench/benchmarks/indexing.py,0.41641688346862793,40
pydata__xarray-3527,xarray/core/nanops.py,0.4645129144191742,28
pydata__xarray-3527,doc/examples/_code/accessor_example.py,0.35362908244132996,47
pydata__xarray-3527,asv_bench/benchmarks/combine.py,0.3120344877243042,50
pydata__xarray-3527,xarray/core/merge.py,0.454811155796051,31
pydata__xarray-3527,xarray/__init__.py,0.4820389747619629,21
pydata__xarray-3527,asv_bench/benchmarks/reindexing.py,0.36441558599472046,46
pydata__xarray-3527,xarray/plot/dataset_plot.py,0.48008865118026733,24
pydata__xarray-3527,xarray/core/concat.py,0.4509396255016327,32
pydata__xarray-3527,properties/test_pandas_roundtrip.py,0.37168383598327637,44
pydata__xarray-3527,xarray/tests/test_plot.py,0.48008865118026733,24
pydata__xarray-3527,xarray/core/resample_cftime.py,0.5015625357627869,18
pydata__xarray-3527,xarray/core/extensions.py,0.4645129144191742,28
pydata__xarray-3527,xarray/tests/test_combine.py,0.42021888494491577,39
pydata__xarray-3527,xarray/core/missing.py,0.4645129144191742,28
pydata__xarray-3527,xarray/tests/test_indexing.py,0.4625701606273651,30
pydata__xarray-3527,xarray/tests/test_interp.py,0.393827885389328,43
pydata__xarray-3527,xarray/core/accessor_dt.py,0.4625701606273651,30
pydata__xarray-3527,xarray/tests/test_extensions.py,0.42021888494491577,39
pydata__xarray-3527,asv_bench/benchmarks/interp.py,0.33947718143463135,49
pydata__xarray-3631,xarray/coding/times.py,0.7660136818885803,3
pydata__xarray-3631,xarray/core/duck_array_ops.py,0.7322856187820435,5
pydata__xarray-3631,xarray/tests/test_coding_times.py,0.6527729034423828,16
pydata__xarray-3631,xarray/tests/test_interp.py,0.816464900970459,1
pydata__xarray-3631,xarray/tests/test_backends.py,0.6294102072715759,25
pydata__xarray-3631,xarray/tests/test_dataset.py,0.6420735120773315,19
pydata__xarray-3631,xarray/core/accessor_dt.py,0.6580659747123718,14
pydata__xarray-3631,xarray/tests/test_cftimeindex.py,0.6939709186553955,6
pydata__xarray-3631,xarray/tests/test_accessor_dt.py,0.6348603367805481,22
pydata__xarray-3631,xarray/convert.py,0.6615731120109558,12
pydata__xarray-3631,xarray/coding/cftime_offsets.py,0.6805390119552612,8
pydata__xarray-3631,xarray/coding/cftimeindex.py,0.7674110531806946,2
pydata__xarray-3631,xarray/core/missing.py,0.6822351217269897,7
pydata__xarray-3631,xarray/conventions.py,0.638474702835083,20
pydata__xarray-3631,xarray/tests/test_conventions.py,0.6312306523323059,23
pydata__xarray-3631,xarray/tests/test_variable.py,0.6580659747123718,14
pydata__xarray-3631,xarray/core/resample_cftime.py,0.7436150908470154,4
pydata__xarray-3631,xarray/plot/utils.py,0.6545414924621582,15
pydata__xarray-3631,xarray/tests/test_cftimeindex_resample.py,0.5998133420944214,33
pydata__xarray-3631,xarray/tests/test_utils.py,0.6456562876701355,18
pydata__xarray-3631,asv_bench/benchmarks/interp.py,0.6091521978378296,30
pydata__xarray-3631,xarray/tests/test_cftime_offsets.py,0.6492228507995605,17
pydata__xarray-3631,xarray/core/common.py,0.6719873547554016,10
pydata__xarray-3631,xarray/tests/test_duck_array_ops.py,0.5998133420944214,33
pydata__xarray-3631,xarray/tests/test_missing.py,0.6202536225318909,27
pydata__xarray-3631,asv_bench/benchmarks/dataarray_missing.py,0.49375033378601074,45
pydata__xarray-3631,xarray/core/dtypes.py,0.6294102072715759,25
pydata__xarray-3631,xarray/core/variable.py,0.6737070679664612,9
pydata__xarray-3631,xarray/tests/test_dataarray.py,0.5424755215644836,39
pydata__xarray-3631,xarray/tests/test_coding.py,0.5502207279205322,37
pydata__xarray-3631,xarray/tests/test_plot.py,0.5694696307182312,36
pydata__xarray-3631,xarray/tests/test_dtypes.py,0.54635089635849,38
pydata__xarray-3631,asv_bench/benchmarks/dataset_io.py,0.5866175889968872,34
pydata__xarray-3631,asv_bench/benchmarks/reindexing.py,0.47229403257369995,48
pydata__xarray-3631,xarray/core/resample.py,0.5732962489128113,35
pydata__xarray-3631,asv_bench/benchmarks/indexing.py,0.5230305790901184,44
pydata__xarray-3631,xarray/core/dataset.py,0.6202536225318909,27
pydata__xarray-3631,xarray/core/dataarray.py,0.6091521978378296,30
pydata__xarray-3631,asv_bench/benchmarks/rolling.py,0.48594123125076294,47
pydata__xarray-3631,xarray/backends/netCDF4_.py,0.6128658652305603,28
pydata__xarray-3631,xarray/coding/variables.py,0.6366694569587708,21
pydata__xarray-3631,xarray/tests/test_units.py,0.5249791741371155,43
pydata__xarray-3631,xarray/core/nanops.py,0.6054258346557617,31
pydata__xarray-3631,properties/test_pandas_roundtrip.py,0.4645129144191742,49
pydata__xarray-3631,xarray/core/indexing.py,0.6615731120109558,12
pydata__xarray-3631,xarray/tests/test_sparse.py,0.5366528630256653,42
pydata__xarray-3631,xarray/coding/strings.py,0.5385949611663818,41
pydata__xarray-3631,xarray/core/dask_array_compat.py,0.48594123125076294,47
pydata__xarray-3631,properties/test_encode_decode.py,0.4432148039340973,50
pydata__xarray-3631,xarray/tests/test_distributed.py,0.5385949611663818,41
pydata__xarray-3635,xarray/tests/test_variable.py,0.6527729034423828,6
pydata__xarray-3635,xarray/core/variable.py,0.7253374457359314,2
pydata__xarray-3635,xarray/core/dataarray.py,0.800130307674408,1
pydata__xarray-3635,xarray/core/dataset.py,0.6788381338119507,3
pydata__xarray-3635,xarray/tests/test_groupby.py,0.6685341000556946,5
pydata__xarray-3635,xarray/core/groupby.py,0.6719873547554016,4
pydata__xarray-3635,xarray/tests/test_dataarray.py,0.6165664792060852,8
pydata__xarray-3635,xarray/tests/test_duck_array_ops.py,0.408843070268631,47
pydata__xarray-3635,xarray/core/nanops.py,0.5308202505111694,19
pydata__xarray-3635,xarray/tests/test_units.py,0.4278508424758911,42
pydata__xarray-3635,xarray/tests/test_indexing.py,0.5035156011581421,27
pydata__xarray-3635,xarray/core/duck_array_ops.py,0.5579416155815125,16
pydata__xarray-3635,xarray/tests/test_dataset.py,0.5866175889968872,10
pydata__xarray-3635,xarray/core/npcompat.py,0.5054685473442078,26
pydata__xarray-3635,xarray/tests/test_missing.py,0.4898451566696167,30
pydata__xarray-3635,xarray/plot/utils.py,0.6147178411483765,9
pydata__xarray-3635,xarray/core/missing.py,0.49375033378601074,29
pydata__xarray-3635,xarray/tests/test_ufuncs.py,0.5656346678733826,14
pydata__xarray-3635,xarray/core/arithmetic.py,0.5732962489128113,13
pydata__xarray-3635,xarray/core/ops.py,0.5847217440605164,11
pydata__xarray-3635,xarray/tests/test_backends.py,0.5521534085273743,18
pydata__xarray-3635,xarray/tests/test_computation.py,0.5113261938095093,24
pydata__xarray-3635,xarray/tests/test_formatting.py,0.47229403257369995,35
pydata__xarray-3635,asv_bench/benchmarks/indexing.py,0.47424158453941345,34
pydata__xarray-3635,xarray/tests/test_plot.py,0.5732962489128113,13
pydata__xarray-3635,xarray/tests/test_nputils.py,0.4240303635597229,44
pydata__xarray-3635,asv_bench/benchmarks/rolling.py,0.40131235122680664,49
pydata__xarray-3635,xarray/core/indexing.py,0.5093739032745361,25
pydata__xarray-3635,xarray/tests/test_testing.py,0.41641688346862793,45
pydata__xarray-3635,xarray/core/nputils.py,0.5152297019958496,21
pydata__xarray-3635,xarray/tests/test_sparse.py,0.48594123125076294,31
pydata__xarray-3635,xarray/ufuncs.py,0.6202536225318909,7
pydata__xarray-3635,xarray/core/rolling.py,0.48008865118026733,33
pydata__xarray-3635,xarray/tests/test_interp.py,0.5171807408332825,20
pydata__xarray-3635,asv_bench/benchmarks/dataarray_missing.py,0.4126248061656952,46
pydata__xarray-3635,xarray/tests/test_accessor_str.py,0.49960941076278687,28
pydata__xarray-3635,xarray/core/common.py,0.5598676800727844,15
pydata__xarray-3635,xarray/coding/cftime_offsets.py,0.4240303635597229,44
pydata__xarray-3635,xarray/tests/test_cftime_offsets.py,0.46840155124664307,36
pydata__xarray-3635,properties/test_pandas_roundtrip.py,0.43936243653297424,41
pydata__xarray-3635,asv_bench/benchmarks/interp.py,0.3790105879306793,50
pydata__xarray-3635,xarray/core/resample_cftime.py,0.48008865118026733,33
pydata__xarray-3635,asv_bench/benchmarks/reindexing.py,0.40131235122680664,49
pydata__xarray-3635,setup.py,0.5560138821601868,17
pydata__xarray-3635,xarray/core/rolling_exp.py,0.4625701606273651,37
pydata__xarray-3635,xarray/tests/test_accessor_dt.py,0.4470740258693695,40
pydata__xarray-3635,xarray/core/computation.py,0.5132781267166138,22
pydata__xarray-3635,xarray/tests/test_dtypes.py,0.4586881399154663,38
pydata__xarray-3635,xarray/core/dask_array_ops.py,0.454811155796051,39
pydata__xarray-3635,xarray/testing.py,0.5113261938095093,24
pydata__xarray-3637,xarray/core/combine.py,0.6527729034423828,11
pydata__xarray-3637,xarray/tests/test_combine.py,0.6202536225318909,22
pydata__xarray-3637,xarray/core/concat.py,0.7589396834373474,1
pydata__xarray-3637,xarray/core/merge.py,0.7078896164894104,4
pydata__xarray-3637,xarray/core/common.py,0.6257582902908325,20
pydata__xarray-3637,xarray/tests/test_concat.py,0.6822351217269897,6
pydata__xarray-3637,xarray/__init__.py,0.633047342300415,17
pydata__xarray-3637,xarray/core/groupby.py,0.6110106706619263,29
pydata__xarray-3637,xarray/core/dataset.py,0.6650626063346863,10
pydata__xarray-3637,xarray/tests/test_duck_array_ops.py,0.5941745638847351,34
pydata__xarray-3637,xarray/tests/test_dataset.py,0.6110106706619263,29
pydata__xarray-3637,xarray/backends/common.py,0.6420735120773315,12
pydata__xarray-3637,xarray/tests/test_backends.py,0.6239269375801086,21
pydata__xarray-3637,xarray/core/variable.py,0.6702630519866943,7
pydata__xarray-3637,xarray/backends/api.py,0.6402760744094849,14
pydata__xarray-3637,xarray/tests/__init__.py,0.5771140456199646,37
pydata__xarray-3637,xarray/core/duck_array_ops.py,0.6294102072715759,18
pydata__xarray-3637,xarray/tests/test_groupby.py,0.5152297019958496,48
pydata__xarray-3637,xarray/tests/test_variable.py,0.716694712638855,2
pydata__xarray-3637,xarray/tests/test_utils.py,0.633047342300415,17
pydata__xarray-3637,xarray/tests/test_sparse.py,0.6128658652305603,25
pydata__xarray-3637,xarray/core/utils.py,0.712712287902832,3
pydata__xarray-3637,xarray/core/dataarray.py,0.6650626063346863,10
pydata__xarray-3637,xarray/tests/test_distributed.py,0.5809227228164673,36
pydata__xarray-3637,xarray/convert.py,0.6035580039024353,30
pydata__xarray-3637,xarray/tests/test_conventions.py,0.6110106706619263,29
pydata__xarray-3637,xarray/tests/test_dataarray.py,0.6165664792060852,24
pydata__xarray-3637,xarray/tests/test_computation.py,0.5675531625747681,40
pydata__xarray-3637,xarray/testing.py,0.5809227228164673,36
pydata__xarray-3637,asv_bench/benchmarks/combine.py,0.49765628576278687,49
pydata__xarray-3637,xarray/tests/test_dask.py,0.5675531625747681,40
pydata__xarray-3637,xarray/tests/test_merge.py,0.5694696307182312,38
pydata__xarray-3637,asv_bench/benchmarks/dataset_io.py,0.5482865571975708,46
pydata__xarray-3637,xarray/core/computation.py,0.5979365706443787,32
pydata__xarray-3637,xarray/util/print_versions.py,0.6275860667228699,19
pydata__xarray-3637,xarray/core/indexing.py,0.6184117794036865,23
pydata__xarray-3637,xarray/tests/test_plot.py,0.5617918968200684,41
pydata__xarray-3637,xarray/tests/test_units.py,0.6110106706619263,29
pydata__xarray-3637,xarray/core/dtypes.py,0.6402760744094849,14
pydata__xarray-3637,xarray/core/pdcompat.py,0.4781389832496643,50
pydata__xarray-3637,xarray/backends/pydap_.py,0.54635089635849,47
pydata__xarray-3637,xarray/tests/test_indexing.py,0.5540844202041626,44
pydata__xarray-3637,xarray/tests/test_ufuncs.py,0.5979365706443787,32
pydata__xarray-3637,xarray/core/alignment.py,0.6839264035224915,5
pydata__xarray-3637,xarray/tests/test_formatting_html.py,0.5540844202041626,44
pydata__xarray-3637,asv_bench/benchmarks/indexing.py,0.5502207279205322,45
pydata__xarray-3637,xarray/ufuncs.py,0.6366694569587708,15
pydata__xarray-3637,xarray/tests/test_options.py,0.6685341000556946,8
pydata__xarray-3637,xarray/core/parallel.py,0.5598676800727844,42
pydata__xarray-3637,xarray/core/arithmetic.py,0.5960569977760315,33
pydata__xarray-3649,xarray/core/combine.py,0.8010658025741577,1
pydata__xarray-3649,xarray/tests/test_combine.py,0.7307512760162354,2
pydata__xarray-3649,xarray/tests/test_concat.py,0.46840155124664307,30
pydata__xarray-3649,xarray/core/merge.py,0.5960569977760315,6
pydata__xarray-3649,xarray/core/concat.py,0.622092068195343,4
pydata__xarray-3649,xarray/tests/test_units.py,0.6054258346557617,5
pydata__xarray-3649,xarray/tests/test_merge.py,0.6456562876701355,3
pydata__xarray-3649,xarray/tests/test_dataset.py,0.54635089635849,15
pydata__xarray-3649,xarray/core/dataset.py,0.5790196061134338,10
pydata__xarray-3649,xarray/core/alignment.py,0.5941745638847351,7
pydata__xarray-3649,xarray/core/dataarray.py,0.5637142658233643,12
pydata__xarray-3649,xarray/tests/test_backends.py,0.5521534085273743,14
pydata__xarray-3649,xarray/tests/test_dataarray.py,0.4878930151462555,28
pydata__xarray-3649,xarray/backends/api.py,0.5752062797546387,11
pydata__xarray-3649,xarray/core/ops.py,0.5054685473442078,23
pydata__xarray-3649,xarray/core/coordinates.py,0.5308202505111694,17
pydata__xarray-3649,xarray/tests/test_missing.py,0.49960941076278687,25
pydata__xarray-3649,xarray/tests/test_computation.py,0.49960941076278687,25
pydata__xarray-3649,xarray/core/computation.py,0.5560138821601868,13
pydata__xarray-3649,xarray/tests/test_groupby.py,0.4432148039340973,39
pydata__xarray-3649,asv_bench/benchmarks/combine.py,0.4625701606273651,31
pydata__xarray-3649,xarray/tests/test_sparse.py,0.4781389832496643,29
pydata__xarray-3649,asv_bench/benchmarks/reindexing.py,0.41641688346862793,48
pydata__xarray-3649,xarray/core/groupby.py,0.49765628576278687,26
pydata__xarray-3649,xarray/tests/test_dask.py,0.5191313028335571,19
pydata__xarray-3649,xarray/core/common.py,0.5904014110565186,8
pydata__xarray-3649,xarray/core/missing.py,0.5347096920013428,16
pydata__xarray-3649,xarray/core/rolling.py,0.454811155796051,33
pydata__xarray-3649,xarray/tests/test_duck_array_ops.py,0.43936243653297424,41
pydata__xarray-3649,xarray/tests/test_variable.py,0.4432148039340973,39
pydata__xarray-3649,xarray/tests/test_indexing.py,0.4586881399154663,32
pydata__xarray-3649,xarray/core/duck_array_ops.py,0.4509396255016327,36
pydata__xarray-3649,xarray/core/parallel.py,0.4278508424758911,45
pydata__xarray-3649,xarray/tests/test_interp.py,0.5093739032745361,21
pydata__xarray-3649,xarray/tests/test_ufuncs.py,0.4878930151462555,28
pydata__xarray-3649,xarray/core/indexing.py,0.4509396255016327,36
pydata__xarray-3649,xarray/tests/test_conventions.py,0.5288740992546082,18
pydata__xarray-3649,xarray/core/variable.py,0.5054685473442078,23
pydata__xarray-3649,asv_bench/benchmarks/dataarray_missing.py,0.41641688346862793,48
pydata__xarray-3649,xarray/tests/test_plot.py,0.4240303635597229,46
pydata__xarray-3649,xarray/__init__.py,0.5809227228164673,9
pydata__xarray-3649,xarray/convert.py,0.43936243653297424,41
pydata__xarray-3649,xarray/testing.py,0.4509396255016327,36
pydata__xarray-3649,xarray/core/indexes.py,0.4278508424758911,45
pydata__xarray-3649,xarray/plot/utils.py,0.408843070268631,49
pydata__xarray-3649,xarray/core/resample.py,0.4355173707008362,42
pydata__xarray-3649,xarray/core/nanops.py,0.4432148039340973,39
pydata__xarray-3649,xarray/tests/test_coding.py,0.43168002367019653,43
pydata__xarray-3649,xarray/core/nputils.py,0.5093739032745361,21
pydata__xarray-3649,xarray/plot/facetgrid.py,0.3753400444984436,50
pydata__xarray-3677,xarray/core/merge.py,0.798564076423645,1
pydata__xarray-3677,xarray/tests/test_merge.py,0.712712287902832,4
pydata__xarray-3677,xarray/tests/test_dataset.py,0.6257582902908325,8
pydata__xarray-3677,xarray/tests/test_units.py,0.5617918968200684,20
pydata__xarray-3677,xarray/core/dataset.py,0.7182783484458923,3
pydata__xarray-3677,xarray/core/coordinates.py,0.7038345336914062,5
pydata__xarray-3677,xarray/core/combine.py,0.6420735120773315,7
pydata__xarray-3677,asv_bench/benchmarks/combine.py,0.46645671129226685,40
pydata__xarray-3677,xarray/tests/test_concat.py,0.5385949611663818,24
pydata__xarray-3677,xarray/core/parallel.py,0.5093739032745361,27
pydata__xarray-3677,xarray/tests/test_computation.py,0.5482865571975708,23
pydata__xarray-3677,xarray/core/concat.py,0.7353376746177673,2
pydata__xarray-3677,xarray/backends/api.py,0.5579416155815125,21
pydata__xarray-3677,xarray/tests/test_ufuncs.py,0.48008865118026733,35
pydata__xarray-3677,xarray/core/dataarray.py,0.6239269375801086,9
pydata__xarray-3677,xarray/core/alignment.py,0.6856127977371216,6
pydata__xarray-3677,xarray/core/computation.py,0.5904014110565186,14
pydata__xarray-3677,xarray/tests/test_combine.py,0.5885108113288879,15
pydata__xarray-3677,xarray/tests/test_dataarray.py,0.5617918968200684,20
pydata__xarray-3677,xarray/tests/test_backends.py,0.4586881399154663,43
pydata__xarray-3677,xarray/core/arithmetic.py,0.6072905659675598,11
pydata__xarray-3677,xarray/core/ops.py,0.5904014110565186,14
pydata__xarray-3677,xarray/tests/test_dask.py,0.4703473448753357,38
pydata__xarray-3677,xarray/tests/test_options.py,0.5809227228164673,16
pydata__xarray-3677,xarray/core/variable.py,0.5656346678733826,18
pydata__xarray-3677,xarray/core/common.py,0.5713839530944824,17
pydata__xarray-3677,xarray/tests/test_groupby.py,0.4470740258693695,44
pydata__xarray-3677,xarray/core/extensions.py,0.5191313028335571,26
pydata__xarray-3677,xarray/core/groupby.py,0.5015625357627869,29
pydata__xarray-3677,xarray/tests/test_sparse.py,0.521081268787384,25
pydata__xarray-3677,xarray/tests/test_extensions.py,0.5482865571975708,23
pydata__xarray-3677,xarray/ufuncs.py,0.5979365706443787,12
pydata__xarray-3677,properties/test_pandas_roundtrip.py,0.43168002367019653,45
pydata__xarray-3677,xarray/testing.py,0.48008865118026733,35
pydata__xarray-3677,xarray/tests/test_variable.py,0.4278508424758911,46
pydata__xarray-3677,xarray/core/rolling.py,0.47618991136550903,36
pydata__xarray-3677,xarray/tests/test_duck_array_ops.py,0.4878930151462555,31
pydata__xarray-3677,xarray/core/duck_array_ops.py,0.47229403257369995,37
pydata__xarray-3677,xarray/core/utils.py,0.46840155124664307,39
pydata__xarray-3677,xarray/core/resample.py,0.4645129144191742,41
pydata__xarray-3677,doc/examples/_code/accessor_example.py,0.36441558599472046,50
pydata__xarray-3677,xarray/__init__.py,0.6110106706619263,10
pydata__xarray-3677,xarray/tests/test_formatting.py,0.4898451566696167,30
pydata__xarray-3677,xarray/tests/test_indexing.py,0.4839898645877838,32
pydata__xarray-3677,xarray/tests/test_accessor_dt.py,0.3753400444984436,48
pydata__xarray-3677,xarray/tutorial.py,0.5054685473442078,28
pydata__xarray-3677,xarray/convert.py,0.48008865118026733,35
pydata__xarray-3677,xarray/backends/pydap_.py,0.38269495964050293,47
pydata__xarray-3677,asv_bench/benchmarks/reindexing.py,0.37168383598327637,49
pydata__xarray-3677,xarray/core/indexes.py,0.4586881399154663,43
pydata__xarray-3733,xarray/core/computation.py,0.6366694569587708,3
pydata__xarray-3733,xarray/core/dataarray.py,0.5866175889968872,8
pydata__xarray-3733,xarray/ufuncs.py,0.6438668966293335,2
pydata__xarray-3733,xarray/core/missing.py,0.7095024585723877,1
pydata__xarray-3733,xarray/core/ops.py,0.5732962489128113,9
pydata__xarray-3733,xarray/core/dataset.py,0.5866175889968872,8
pydata__xarray-3733,xarray/tests/test_units.py,0.5249791741371155,20
pydata__xarray-3733,xarray/core/arithmetic.py,0.5941745638847351,6
pydata__xarray-3733,xarray/core/common.py,0.5288740992546082,18
pydata__xarray-3733,xarray/tests/test_ufuncs.py,0.5093739032745361,22
pydata__xarray-3733,xarray/tests/test_computation.py,0.54635089635849,14
pydata__xarray-3733,xarray/tests/test_missing.py,0.5598676800727844,11
pydata__xarray-3733,xarray/tests/test_interp.py,0.5675531625747681,10
pydata__xarray-3733,xarray/tests/test_sparse.py,0.5502207279205322,12
pydata__xarray-3733,xarray/core/groupby.py,0.54635089635849,14
pydata__xarray-3733,asv_bench/benchmarks/interp.py,0.4355173707008362,38
pydata__xarray-3733,xarray/core/resample.py,0.4957032799720764,25
pydata__xarray-3733,xarray/core/variable.py,0.4957032799720764,25
pydata__xarray-3733,xarray/core/parallel.py,0.5960569977760315,5
pydata__xarray-3733,xarray/core/duck_array_ops.py,0.6016871333122253,4
pydata__xarray-3733,xarray/tests/test_dask.py,0.4625701606273651,33
pydata__xarray-3733,xarray/tests/test_dataset.py,0.4240303635597229,42
pydata__xarray-3733,asv_bench/benchmarks/dataarray_missing.py,0.3863929510116577,46
pydata__xarray-3733,xarray/tests/test_variable.py,0.43168002367019653,41
pydata__xarray-3733,xarray/plot/plot.py,0.4645129144191742,32
pydata__xarray-3733,xarray/tests/test_duck_array_ops.py,0.43168002367019653,41
pydata__xarray-3733,xarray/tests/test_dataarray.py,0.47229403257369995,30
pydata__xarray-3733,xarray/tests/test_groupby.py,0.43168002367019653,41
pydata__xarray-3733,xarray/core/rolling.py,0.4432148039340973,37
pydata__xarray-3733,doc/examples/_code/accessor_example.py,0.32904666662216187,50
pydata__xarray-3733,xarray/core/combine.py,0.38269495964050293,47
pydata__xarray-3733,asv_bench/benchmarks/rolling.py,0.408843070268631,43
pydata__xarray-3733,xarray/core/alignment.py,0.521081268787384,21
pydata__xarray-3733,xarray/core/npcompat.py,0.5269270539283752,19
pydata__xarray-3733,xarray/core/weighted.py,0.47618991136550903,27
pydata__xarray-3733,asv_bench/benchmarks/reindexing.py,0.4050721228122711,44
pydata__xarray-3733,asv_bench/benchmarks/indexing.py,0.4470740258693695,36
pydata__xarray-3733,xarray/core/dask_array_compat.py,0.49375033378601074,26
pydata__xarray-3733,xarray/__init__.py,0.5405358076095581,15
pydata__xarray-3733,xarray/core/concat.py,0.4470740258693695,36
pydata__xarray-3733,xarray/convert.py,0.47229403257369995,30
pydata__xarray-3733,xarray/core/nanops.py,0.47229403257369995,30
pydata__xarray-3733,asv_bench/benchmarks/unstacking.py,0.3680422008037567,48
pydata__xarray-3733,xarray/core/dask_array_ops.py,0.4703473448753357,31
pydata__xarray-3733,asv_bench/benchmarks/combine.py,0.332505464553833,49
pydata__xarray-3733,xarray/core/indexing.py,0.5054685473442078,23
pydata__xarray-3733,xarray/core/rolling_exp.py,0.393827885389328,45
pydata__xarray-3733,xarray/core/accessor_str.py,0.5327655076980591,17
pydata__xarray-3733,xarray/tests/test_nputils.py,0.4509396255016327,34
pydata__xarray-3733,xarray/core/utils.py,0.5385949611663818,16
pydata__xarray-3812,xarray/core/formatting_html.py,0.6822351217269897,3
pydata__xarray-3812,xarray/core/options.py,0.6685341000556946,4
pydata__xarray-3812,xarray/tests/test_formatting_html.py,0.6615731120109558,5
pydata__xarray-3812,xarray/core/formatting.py,0.5191313028335571,7
pydata__xarray-3812,xarray/tests/test_options.py,0.6598217487335205,6
pydata__xarray-3812,doc/conf.py,0.4898451566696167,10
pydata__xarray-3812,xarray/tests/test_dataset.py,0.5093739032745361,8
pydata__xarray-3812,xarray/core/dataset.py,0.7237783074378967,2
pydata__xarray-3812,xarray/core/common.py,0.7391212582588196,1
pydata__xarray-3812,xarray/plot/plot.py,0.4432148039340973,15
pydata__xarray-3812,xarray/tests/test_formatting.py,0.41641688346862793,20
pydata__xarray-3812,xarray/plot/facetgrid.py,0.46645671129226685,11
pydata__xarray-3812,xarray/plot/utils.py,0.42021888494491577,17
pydata__xarray-3812,doc/examples/_code/accessor_example.py,0.34651920199394226,36
pydata__xarray-3812,xarray/plot/dataset_plot.py,0.41641688346862793,20
pydata__xarray-3812,xarray/tutorial.py,0.37168383598327637,28
pydata__xarray-3812,xarray/tests/test_plot.py,0.3975641429424286,23
pydata__xarray-3812,xarray/plot/__init__.py,0.3572086691856384,31
pydata__xarray-3812,doc/gallery/plot_colorbar_center.py,0.3120344877243042,46
pydata__xarray-3812,xarray/util/print_versions.py,0.36080431938171387,30
pydata__xarray-3812,xarray/core/extensions.py,0.33598238229751587,38
pydata__xarray-3812,xarray/__init__.py,0.40131235122680664,22
pydata__xarray-3812,xarray/tests/test_backends_api.py,0.29551446437835693,48
pydata__xarray-3812,xarray/tests/test_dataarray.py,0.34651920199394226,36
pydata__xarray-3812,xarray/tests/test_dask.py,0.49375033378601074,9
pydata__xarray-3812,xarray/core/dataarray.py,0.454811155796051,12
pydata__xarray-3812,xarray/tests/test_print_versions.py,0.32218465209007263,42
pydata__xarray-3812,xarray/backends/api.py,0.4470740258693695,13
pydata__xarray-3812,xarray/convert.py,0.3680422008037567,29
pydata__xarray-3812,doc/gallery/plot_cartopy_facetgrid.py,0.31539851427078247,44
pydata__xarray-3812,xarray/backends/__init__.py,0.35362908244132996,32
pydata__xarray-3812,xarray/backends/common.py,0.4432148039340973,15
pydata__xarray-3812,doc/gallery/plot_control_colorbar.py,0.27637791633605957,50
pydata__xarray-3812,xarray/ufuncs.py,0.37168383598327637,28
pydata__xarray-3812,asv_bench/benchmarks/dataset_io.py,0.32218465209007263,42
pydata__xarray-3812,properties/test_pandas_roundtrip.py,0.3120344877243042,46
pydata__xarray-3812,xarray/conventions.py,0.3790105879306793,24
pydata__xarray-3812,xarray/tests/test_groupby.py,0.3753400444984436,26
pydata__xarray-3812,xarray/core/parallel.py,0.3256063163280487,40
pydata__xarray-3812,xarray/core/groupby.py,0.33598238229751587,38
pydata__xarray-3812,doc/gallery/plot_rasterio_rgb.py,0.27951371669769287,49
pydata__xarray-3812,xarray/backends/pydap_.py,0.31539851427078247,44
pydata__xarray-3812,xarray/core/arithmetic.py,0.34651920199394226,36
pydata__xarray-3812,xarray/tests/__init__.py,0.4050721228122711,21
pydata__xarray-3812,xarray/core/variable.py,0.4355173707008362,16
pydata__xarray-3812,doc/gallery/plot_lines_from_2d.py,0.3256063163280487,40
pydata__xarray-3812,xarray/core/indexes.py,0.3753400444984436,26
pydata__xarray-3812,xarray/tests/test_backends.py,0.34651920199394226,36
pydata__xarray-3812,asv_bench/benchmarks/indexing.py,0.2987777292728424,47
pydata__xarray-3812,xarray/coding/variables.py,0.41641688346862793,20
pydata__xarray-3905,xarray/core/formatting.py,0.7624948024749756,1
pydata__xarray-3905,xarray/tests/test_formatting.py,0.7406248450279236,3
pydata__xarray-3905,xarray/tests/test_dataset.py,0.7567892074584961,2
pydata__xarray-3905,xarray/tests/test_formatting_html.py,0.5998133420944214,7
pydata__xarray-3905,xarray/tests/test_dataarray.py,0.6239269375801086,6
pydata__xarray-3905,xarray/core/formatting_html.py,0.6872942447662354,5
pydata__xarray-3905,xarray/core/common.py,0.5424755215644836,12
pydata__xarray-3905,xarray/tests/test_dask.py,0.5979365706443787,8
pydata__xarray-3905,xarray/core/dataarray.py,0.4625701606273651,31
pydata__xarray-3905,xarray/tests/test_sparse.py,0.5093739032745361,16
pydata__xarray-3905,xarray/tests/test_groupby.py,0.5074213147163391,19
pydata__xarray-3905,xarray/tests/test_plot.py,0.4278508424758911,43
pydata__xarray-3905,xarray/core/dataset.py,0.5809227228164673,10
pydata__xarray-3905,xarray/plot/plot.py,0.47424158453941345,28
pydata__xarray-3905,xarray/plot/facetgrid.py,0.5093739032745361,16
pydata__xarray-3905,asv_bench/benchmarks/indexing.py,0.4509396255016327,34
pydata__xarray-3905,xarray/tests/test_print_versions.py,0.49765628576278687,20
pydata__xarray-3905,doc/conf.py,0.4278508424758911,43
pydata__xarray-3905,xarray/backends/zarr.py,0.5113261938095093,14
pydata__xarray-3905,xarray/core/groupby.py,0.43936243653297424,38
pydata__xarray-3905,xarray/core/accessor_str.py,0.5347096920013428,13
pydata__xarray-3905,xarray/core/variable.py,0.5074213147163391,19
pydata__xarray-3905,xarray/tests/test_backends.py,0.47229403257369995,29
pydata__xarray-3905,xarray/util/print_versions.py,0.4781389832496643,27
pydata__xarray-3905,xarray/core/computation.py,0.48594123125076294,24
pydata__xarray-3905,asv_bench/benchmarks/unstacking.py,0.3680422008037567,49
pydata__xarray-3905,xarray/core/options.py,0.7030196189880371,4
pydata__xarray-3905,xarray/core/dask_array_compat.py,0.4898451566696167,22
pydata__xarray-3905,xarray/core/indexing.py,0.4820389747619629,26
pydata__xarray-3905,xarray/tests/test_accessor_str.py,0.48594123125076294,24
pydata__xarray-3905,xarray/coding/strings.py,0.43936243653297424,38
pydata__xarray-3905,properties/conftest.py,0.2671021819114685,50
pydata__xarray-3905,xarray/plot/utils.py,0.4278508424758911,43
pydata__xarray-3905,xarray/backends/common.py,0.4957032799720764,21
pydata__xarray-3905,xarray/tests/test_indexing.py,0.4509396255016327,34
pydata__xarray-3905,asv_bench/benchmarks/dataarray_missing.py,0.4278508424758911,43
pydata__xarray-3905,xarray/tests/test_variable.py,0.46840155124664307,30
pydata__xarray-3905,xarray/tests/test_units.py,0.4839898645877838,25
pydata__xarray-3905,asv_bench/benchmarks/dataset_io.py,0.43936243653297424,38
pydata__xarray-3905,xarray/tests/test_coding_strings.py,0.408843070268631,46
pydata__xarray-3905,xarray/core/rolling.py,0.5521534085273743,11
pydata__xarray-3905,xarray/tests/test_computation.py,0.5828235149383545,9
pydata__xarray-3905,xarray/tests/test_options.py,0.5074213147163391,19
pydata__xarray-3905,properties/test_pandas_roundtrip.py,0.40131235122680664,47
pydata__xarray-3905,asv_bench/benchmarks/reindexing.py,0.3753400444984436,48
pydata__xarray-3905,xarray/convert.py,0.4509396255016327,34
pydata__xarray-3905,asv_bench/benchmarks/interp.py,0.4240303635597229,44
pydata__xarray-3905,xarray/tests/test_duck_array_ops.py,0.43936243653297424,38
pydata__xarray-3905,xarray/tutorial.py,0.43168002367019653,39
pydata__xarray-3905,xarray/core/npcompat.py,0.42021888494491577,45
pydata__xarray-3976,xarray/tests/test_dataarray.py,0.7694962620735168,1
pydata__xarray-3976,xarray/core/merge.py,0.7345767617225647,3
pydata__xarray-3976,xarray/core/coordinates.py,0.7567892074584961,2
pydata__xarray-3976,xarray/core/alignment.py,0.6633201241493225,7
pydata__xarray-3976,xarray/tests/test_merge.py,0.5444138646125793,20
pydata__xarray-3976,xarray/tests/test_dataset.py,0.5366528630256653,24
pydata__xarray-3976,xarray/core/variable.py,0.7046481370925903,5
pydata__xarray-3976,xarray/tests/test_sparse.py,0.5171807408332825,32
pydata__xarray-3976,xarray/core/dataarray.py,0.6872942447662354,6
pydata__xarray-3976,xarray/tests/test_ufuncs.py,0.5752062797546387,15
pydata__xarray-3976,xarray/core/concat.py,0.6165664792060852,8
pydata__xarray-3976,xarray/tests/test_computation.py,0.5171807408332825,32
pydata__xarray-3976,xarray/tests/test_concat.py,0.5347096920013428,25
pydata__xarray-3976,xarray/core/combine.py,0.5694696307182312,17
pydata__xarray-3976,xarray/core/ops.py,0.6128658652305603,9
pydata__xarray-3976,xarray/core/dataset.py,0.5444138646125793,20
pydata__xarray-3976,xarray/tests/test_variable.py,0.5405358076095581,22
pydata__xarray-3976,xarray/tests/test_combine.py,0.5521534085273743,18
pydata__xarray-3976,xarray/tests/test_units.py,0.4878930151462555,39
pydata__xarray-3976,xarray/core/utils.py,0.6091521978378296,10
pydata__xarray-3976,xarray/core/groupby.py,0.5249791741371155,28
pydata__xarray-3976,xarray/core/arithmetic.py,0.7062714695930481,4
pydata__xarray-3976,xarray/core/computation.py,0.5713839530944824,16
pydata__xarray-3976,xarray/core/indexing.py,0.5385949611663818,23
pydata__xarray-3976,xarray/tests/test_indexing.py,0.521081268787384,30
pydata__xarray-3976,xarray/tests/test_groupby.py,0.4586881399154663,44
pydata__xarray-3976,asv_bench/benchmarks/reindexing.py,0.41641688346862793,50
pydata__xarray-3976,xarray/tests/test_dask.py,0.5308202505111694,26
pydata__xarray-3976,asv_bench/benchmarks/combine.py,0.4470740258693695,47
pydata__xarray-3976,xarray/core/common.py,0.6054258346557617,11
pydata__xarray-3976,xarray/testing.py,0.521081268787384,30
pydata__xarray-3976,xarray/core/npcompat.py,0.5790196061134338,14
pydata__xarray-3976,xarray/tests/test_utils.py,0.4586881399154663,44
pydata__xarray-3976,xarray/tests/test_cftimeindex.py,0.4878930151462555,39
pydata__xarray-3976,xarray/core/duck_array_ops.py,0.5424755215644836,21
pydata__xarray-3976,xarray/tests/test_interp.py,0.5132781267166138,33
pydata__xarray-3976,xarray/core/dask_array_compat.py,0.48008865118026733,40
pydata__xarray-3976,xarray/core/nputils.py,0.5979365706443787,13
pydata__xarray-3976,xarray/core/indexes.py,0.47618991136550903,42
pydata__xarray-3976,xarray/tests/test_backends.py,0.4878930151462555,39
pydata__xarray-3976,xarray/coding/cftimeindex.py,0.49179762601852417,36
pydata__xarray-3976,asv_bench/benchmarks/indexing.py,0.4509396255016327,45
pydata__xarray-3976,xarray/core/missing.py,0.47618991136550903,42
pydata__xarray-3976,xarray/ufuncs.py,0.6035580039024353,12
pydata__xarray-3976,xarray/tests/test_duck_array_ops.py,0.49765628576278687,35
pydata__xarray-3976,xarray/core/parallel.py,0.4432148039340973,49
pydata__xarray-3976,xarray/backends/zarr.py,0.5035156011581421,34
pydata__xarray-3976,xarray/core/weighted.py,0.4432148039340973,49
pydata__xarray-3976,xarray/coding/variables.py,0.4470740258693695,47
pydata__xarray-3976,xarray/tests/test_formatting.py,0.5288740992546082,27
pydata__xarray-3979,xarray/core/common.py,0.8205269575119019,1
pydata__xarray-3979,xarray/core/dask_array_compat.py,0.6474416255950928,7
pydata__xarray-3979,xarray/tests/test_variable.py,0.7391212582588196,2
pydata__xarray-3979,xarray/core/duck_array_ops.py,0.6054258346557617,14
pydata__xarray-3979,xarray/tests/test_dataarray.py,0.6202536225318909,11
pydata__xarray-3979,xarray/tests/test_units.py,0.6972792148590088,3
pydata__xarray-3979,xarray/tests/test_computation.py,0.5637142658233643,25
pydata__xarray-3979,xarray/core/dataarray.py,0.6035580039024353,16
pydata__xarray-3979,xarray/core/variable.py,0.5809227228164673,22
pydata__xarray-3979,xarray/core/computation.py,0.6939709186553955,4
pydata__xarray-3979,xarray/tests/test_dask.py,0.5866175889968872,21
pydata__xarray-3979,xarray/tests/test_duck_array_ops.py,0.5288740992546082,33
pydata__xarray-3979,xarray/core/parallel.py,0.5998133420944214,18
pydata__xarray-3979,xarray/tests/test_sparse.py,0.49375033378601074,39
pydata__xarray-3979,xarray/core/dataset.py,0.5998133420944214,18
pydata__xarray-3979,xarray/backends/zarr.py,0.6165664792060852,12
pydata__xarray-3979,xarray/tests/test_missing.py,0.6257582902908325,10
pydata__xarray-3979,xarray/core/indexing.py,0.4703473448753357,43
pydata__xarray-3979,xarray/tests/test_ufuncs.py,0.6128658652305603,13
pydata__xarray-3979,xarray/core/dask_array_ops.py,0.6257582902908325,10
pydata__xarray-3979,xarray/tests/test_dataset.py,0.5540844202041626,29
pydata__xarray-3979,xarray/core/ops.py,0.6492228507995605,6
pydata__xarray-3979,asv_bench/benchmarks/dataarray_missing.py,0.46840155124664307,44
pydata__xarray-3979,xarray/core/nanops.py,0.5979365706443787,19
pydata__xarray-3979,asv_bench/benchmarks/unstacking.py,0.42021888494491577,50
pydata__xarray-3979,xarray/tests/test_concat.py,0.6035580039024353,16
pydata__xarray-3979,xarray/tests/test_coding.py,0.521081268787384,35
pydata__xarray-3979,xarray/core/pycompat.py,0.5617918968200684,27
pydata__xarray-3979,xarray/tests/test_conventions.py,0.5385949611663818,32
pydata__xarray-3979,xarray/conventions.py,0.5922893285751343,20
pydata__xarray-3979,xarray/core/arithmetic.py,0.5694696307182312,23
pydata__xarray-3979,xarray/tests/test_interp.py,0.5560138821601868,28
pydata__xarray-3979,asv_bench/benchmarks/indexing.py,0.4625701606273651,45
pydata__xarray-3979,xarray/core/groupby.py,0.5132781267166138,38
pydata__xarray-3979,xarray/tests/test_backends.py,0.5171807408332825,36
pydata__xarray-3979,xarray/core/alignment.py,0.6402760744094849,8
pydata__xarray-3979,asv_bench/benchmarks/reindexing.py,0.4703473448753357,43
pydata__xarray-3979,xarray/core/npcompat.py,0.54635089635849,31
pydata__xarray-3979,xarray/tests/test_distributed.py,0.5637142658233643,25
pydata__xarray-3979,xarray/tests/test_nputils.py,0.4586881399154663,46
pydata__xarray-3979,xarray/tests/test_indexing.py,0.4898451566696167,40
pydata__xarray-3979,xarray/tests/test_dtypes.py,0.5152297019958496,37
pydata__xarray-3979,xarray/coding/variables.py,0.5617918968200684,27
pydata__xarray-3979,xarray/ufuncs.py,0.6598217487335205,5
pydata__xarray-3979,xarray/tests/test_accessor_dt.py,0.4781389832496643,41
pydata__xarray-3979,xarray/core/missing.py,0.54635089635849,31
pydata__xarray-3979,xarray/tests/test_groupby.py,0.4432148039340973,48
pydata__xarray-3979,asv_bench/benchmarks/__init__.py,0.4355173707008362,49
pydata__xarray-3979,xarray/coding/strings.py,0.4509396255016327,47
pydata__xarray-3979,xarray/testing.py,0.521081268787384,35
pydata__xarray-3993,xarray/core/dataarray.py,0.7922071814537048,1
pydata__xarray-3993,xarray/tests/test_dataset.py,0.6275860667228699,3
pydata__xarray-3993,xarray/core/dataset.py,0.7421227693557739,2
pydata__xarray-3993,xarray/tests/test_dataarray.py,0.43936243653297424,10
pydata__xarray-3993,xarray/tests/test_interp.py,0.3863929510116577,24
pydata__xarray-3993,xarray/core/concat.py,0.42021888494491577,15
pydata__xarray-3993,xarray/core/coordinates.py,0.4625701606273651,6
pydata__xarray-3993,xarray/core/common.py,0.3863929510116577,24
pydata__xarray-3993,xarray/tests/test_units.py,0.4625701606273651,6
pydata__xarray-3993,xarray/core/computation.py,0.454811155796051,8
pydata__xarray-3993,xarray/core/rolling.py,0.41641688346862793,16
pydata__xarray-3993,xarray/tests/test_concat.py,0.3790105879306793,28
pydata__xarray-3993,xarray/core/variable.py,0.38269495964050293,25
pydata__xarray-3993,xarray/core/ops.py,0.4278508424758911,12
pydata__xarray-3993,xarray/core/missing.py,0.4278508424758911,12
pydata__xarray-3993,xarray/tests/test_missing.py,0.3975641429424286,20
pydata__xarray-3993,xarray/core/groupby.py,0.393827885389328,21
pydata__xarray-3993,xarray/tests/test_duck_array_ops.py,0.42021888494491577,15
pydata__xarray-3993,xarray/tests/test_computation.py,0.3572086691856384,36
pydata__xarray-3993,xarray/core/combine.py,0.37168383598327637,31
pydata__xarray-3993,xarray/core/resample.py,0.4586881399154663,7
pydata__xarray-3993,xarray/tests/test_formatting.py,0.40131235122680664,19
pydata__xarray-3993,xarray/core/alignment.py,0.36441558599472046,33
pydata__xarray-3993,xarray/tests/test_groupby.py,0.3753400444984436,29
pydata__xarray-3993,xarray/tests/test_variable.py,0.32218465209007263,43
pydata__xarray-3993,xarray/tests/test_combine.py,0.32218465209007263,43
pydata__xarray-3993,xarray/core/arithmetic.py,0.408843070268631,18
pydata__xarray-3993,asv_bench/benchmarks/interp.py,0.3086901903152466,45
pydata__xarray-3993,xarray/core/weighted.py,0.4240303635597229,13
pydata__xarray-3993,xarray/core/merge.py,0.37168383598327637,31
pydata__xarray-3993,xarray/tests/test_ufuncs.py,0.3790105879306793,28
pydata__xarray-3993,xarray/ufuncs.py,0.4781389832496643,4
pydata__xarray-3993,xarray/core/utils.py,0.3256063163280487,41
pydata__xarray-3993,xarray/convert.py,0.4470740258693695,9
pydata__xarray-3993,xarray/tests/test_sparse.py,0.36441558599472046,33
pydata__xarray-3993,xarray/tests/test_accessor_dt.py,0.3256063163280487,41
pydata__xarray-3993,asv_bench/benchmarks/reindexing.py,0.29227200150489807,48
pydata__xarray-3993,xarray/tests/test_backends.py,0.36080431938171387,35
pydata__xarray-3993,xarray/tests/test_dask.py,0.34298956394195557,38
pydata__xarray-3993,xarray/tests/test_plot.py,0.4126248061656952,17
pydata__xarray-3993,xarray/core/indexing.py,0.36080431938171387,35
pydata__xarray-3993,asv_bench/benchmarks/combine.py,0.28905048966407776,49
pydata__xarray-3993,xarray/tests/test_indexing.py,0.35362908244132996,37
pydata__xarray-3993,xarray/core/parallel.py,0.3901040256023407,22
pydata__xarray-3993,xarray/plot/plot.py,0.3790105879306793,28
pydata__xarray-3993,xarray/core/duck_array_ops.py,0.27017202973365784,50
pydata__xarray-3993,asv_bench/benchmarks/indexing.py,0.33947718143463135,39
pydata__xarray-3993,xarray/core/npcompat.py,0.3020615577697754,47
pydata__xarray-3993,xarray/tests/test_merge.py,0.3020615577697754,47
pydata__xarray-3993,asv_bench/benchmarks/rolling.py,0.3187819719314575,44
pydata__xarray-4075,xarray/core/weighted.py,0.8026174306869507,1
pydata__xarray-4075,xarray/tests/test_weighted.py,0.7495274543762207,2
pydata__xarray-4075,xarray/tests/test_dataarray.py,0.5132781267166138,29
pydata__xarray-4075,xarray/tests/test_dataset.py,0.54635089635849,19
pydata__xarray-4075,xarray/core/nanops.py,0.5885108113288879,12
pydata__xarray-4075,xarray/tests/test_duck_array_ops.py,0.5904014110565186,11
pydata__xarray-4075,xarray/core/ops.py,0.6420735120773315,4
pydata__xarray-4075,xarray/tests/test_units.py,0.5598676800727844,15
pydata__xarray-4075,xarray/core/arithmetic.py,0.7030196189880371,3
pydata__xarray-4075,xarray/tests/test_ufuncs.py,0.5540844202041626,18
pydata__xarray-4075,xarray/tests/test_sparse.py,0.6294102072715759,5
pydata__xarray-4075,xarray/tests/test_computation.py,0.5637142658233643,14
pydata__xarray-4075,xarray/core/duck_array_ops.py,0.5922893285751343,10
pydata__xarray-4075,xarray/tests/test_variable.py,0.5327655076980591,24
pydata__xarray-4075,xarray/core/common.py,0.5015625357627869,34
pydata__xarray-4075,xarray/core/dask_array_compat.py,0.5015625357627869,34
pydata__xarray-4075,xarray/core/rolling_exp.py,0.49179762601852417,37
pydata__xarray-4075,xarray/tests/test_dtypes.py,0.5288740992546082,26
pydata__xarray-4075,xarray/core/dataarray.py,0.6016871333122253,8
pydata__xarray-4075,xarray/core/dask_array_ops.py,0.48594123125076294,39
pydata__xarray-4075,xarray/core/rolling.py,0.5113261938095093,30
pydata__xarray-4075,xarray/tests/test_groupby.py,0.5385949611663818,20
pydata__xarray-4075,xarray/ufuncs.py,0.6147178411483765,7
pydata__xarray-4075,xarray/core/variable.py,0.49960941076278687,35
pydata__xarray-4075,xarray/tests/test_conventions.py,0.5540844202041626,18
pydata__xarray-4075,xarray/core/groupby.py,0.5269270539283752,27
pydata__xarray-4075,xarray/core/computation.py,0.6184117794036865,6
pydata__xarray-4075,xarray/conventions.py,0.5327655076980591,24
pydata__xarray-4075,xarray/tests/test_dask.py,0.5347096920013428,22
pydata__xarray-4075,xarray/core/missing.py,0.48008865118026733,41
pydata__xarray-4075,xarray/tests/test_backends.py,0.5308202505111694,25
pydata__xarray-4075,xarray/core/dataset.py,0.4470740258693695,47
pydata__xarray-4075,xarray/core/dtypes.py,0.5637142658233643,14
pydata__xarray-4075,xarray/core/parallel.py,0.4839898645877838,40
pydata__xarray-4075,asv_bench/benchmarks/rolling.py,0.4278508424758911,49
pydata__xarray-4075,xarray/core/nputils.py,0.5922893285751343,10
pydata__xarray-4075,xarray/tests/test_missing.py,0.48594123125076294,39
pydata__xarray-4075,xarray/core/npcompat.py,0.5093739032745361,32
pydata__xarray-4075,xarray/tests/test_coding.py,0.4781389832496643,42
pydata__xarray-4075,xarray/tests/test_testing.py,0.4240303635597229,50
pydata__xarray-4075,xarray/tests/test_accessor_str.py,0.5093739032745361,32
pydata__xarray-4075,asv_bench/benchmarks/indexing.py,0.4703473448753357,43
pydata__xarray-4075,xarray/tests/test_accessor_dt.py,0.4586881399154663,46
pydata__xarray-4075,xarray/core/alignment.py,0.5152297019958496,28
pydata__xarray-4075,xarray/core/pycompat.py,0.49179762601852417,37
pydata__xarray-4075,xarray/tests/test_utils.py,0.46840155124664307,45
pydata__xarray-4075,xarray/tests/test_options.py,0.5560138821601868,16
pydata__xarray-4075,xarray/tests/test_interp.py,0.46840155124664307,45
pydata__xarray-4075,xarray/testing.py,0.5347096920013428,22
pydata__xarray-4075,properties/test_pandas_roundtrip.py,0.4278508424758911,49
pydata__xarray-4094,xarray/core/dataset.py,0.7222136855125427,5
pydata__xarray-4094,xarray/tests/test_dataset.py,0.7353376746177673,2
pydata__xarray-4094,xarray/tests/test_dataarray.py,0.7338144779205322,3
pydata__xarray-4094,xarray/tests/test_variable.py,0.6939709186553955,7
pydata__xarray-4094,xarray/core/dataarray.py,0.7857034802436829,1
pydata__xarray-4094,xarray/core/variable.py,0.7119118571281433,6
pydata__xarray-4094,xarray/tests/test_units.py,0.5979365706443787,13
pydata__xarray-4094,xarray/tests/test_merge.py,0.5732962489128113,23
pydata__xarray-4094,xarray/core/merge.py,0.7268911600112915,4
pydata__xarray-4094,xarray/tests/test_concat.py,0.5132781267166138,44
pydata__xarray-4094,xarray/core/combine.py,0.6771324872970581,8
pydata__xarray-4094,xarray/tests/test_combine.py,0.5922893285751343,17
pydata__xarray-4094,xarray/core/concat.py,0.6438668966293335,9
pydata__xarray-4094,asv_bench/benchmarks/unstacking.py,0.5713839530944824,24
pydata__xarray-4094,xarray/tests/test_computation.py,0.5979365706443787,13
pydata__xarray-4094,xarray/core/computation.py,0.5752062797546387,22
pydata__xarray-4094,xarray/tests/test_backends.py,0.5327655076980591,39
pydata__xarray-4094,xarray/core/parallel.py,0.5752062797546387,22
pydata__xarray-4094,xarray/tests/test_groupby.py,0.5074213147163391,45
pydata__xarray-4094,xarray/core/groupby.py,0.5405358076095581,37
pydata__xarray-4094,xarray/tests/test_sparse.py,0.5960569977760315,15
pydata__xarray-4094,xarray/core/alignment.py,0.6165664792060852,11
pydata__xarray-4094,xarray/core/coordinates.py,0.5904014110565186,18
pydata__xarray-4094,asv_bench/benchmarks/combine.py,0.4586881399154663,50
pydata__xarray-4094,xarray/core/utils.py,0.4898451566696167,49
pydata__xarray-4094,xarray/tests/test_dask.py,0.6402760744094849,10
pydata__xarray-4094,xarray/backends/api.py,0.5960569977760315,15
pydata__xarray-4094,xarray/tests/test_ufuncs.py,0.5521534085273743,33
pydata__xarray-4094,xarray/tests/test_conventions.py,0.5790196061134338,20
pydata__xarray-4094,xarray/backends/zarr.py,0.5694696307182312,26
pydata__xarray-4094,xarray/tests/test_indexing.py,0.5579416155815125,31
pydata__xarray-4094,xarray/core/dask_array_compat.py,0.5482865571975708,36
pydata__xarray-4094,xarray/core/rolling.py,0.5327655076980591,39
pydata__xarray-4094,xarray/conventions.py,0.5521534085273743,33
pydata__xarray-4094,xarray/backends/netCDF4_.py,0.5675531625747681,27
pydata__xarray-4094,xarray/backends/common.py,0.5502207279205322,34
pydata__xarray-4094,xarray/coding/variables.py,0.5598676800727844,30
pydata__xarray-4094,xarray/core/indexes.py,0.5152297019958496,43
pydata__xarray-4094,xarray/core/indexing.py,0.5152297019958496,43
pydata__xarray-4094,xarray/core/duck_array_ops.py,0.5054685473442078,46
pydata__xarray-4094,xarray/testing.py,0.5637142658233643,29
pydata__xarray-4094,xarray/coding/strings.py,0.5035156011581421,47
pydata__xarray-4094,xarray/tests/test_coding_strings.py,0.5482865571975708,36
pydata__xarray-4094,properties/test_pandas_roundtrip.py,0.5866175889968872,19
pydata__xarray-4094,xarray/tests/test_interp.py,0.5015625357627869,48
pydata__xarray-4094,xarray/convert.py,0.5637142658233643,29
pydata__xarray-4094,xarray/core/ops.py,0.5269270539283752,40
pydata__xarray-4094,xarray/tests/test_duck_array_ops.py,0.5694696307182312,26
pydata__xarray-4094,xarray/tests/test_utils.py,0.5249791741371155,41
pydata__xarray-4094,xarray/tests/test_formatting.py,0.5941745638847351,16
pydata__xarray-4098,xarray/core/groupby.py,0.650999903678894,1
pydata__xarray-4098,xarray/tests/test_groupby.py,0.4126248061656952,5
pydata__xarray-4098,xarray/tests/test_dataset.py,0.43936243653297424,3
pydata__xarray-4098,xarray/tests/test_dataarray.py,0.4470740258693695,2
pydata__xarray-4098,xarray/core/common.py,0.4355173707008362,4
pydata__xarray-4098,xarray/tests/test_computation.py,0.36441558599472046,12
pydata__xarray-4098,xarray/core/computation.py,0.332505464553833,17
pydata__xarray-4098,xarray/core/pdcompat.py,0.26405462622642517,36
pydata__xarray-4098,xarray/core/resample.py,0.3753400444984436,9
pydata__xarray-4098,xarray/core/parallel.py,0.27017202973365784,35
pydata__xarray-4098,xarray/core/merge.py,0.35362908244132996,14
pydata__xarray-4098,xarray/core/indexes.py,0.2858501672744751,31
pydata__xarray-4098,xarray/core/duck_array_ops.py,0.2462432086467743,43
pydata__xarray-4098,xarray/tests/test_units.py,0.33598238229751587,16
pydata__xarray-4098,xarray/core/rolling.py,0.25504666566848755,38
pydata__xarray-4098,xarray/tests/test_dask.py,0.4050721228122711,6
pydata__xarray-4098,xarray/core/resample_cftime.py,0.35006579756736755,15
pydata__xarray-4098,xarray/tests/test_sparse.py,0.3863929510116577,8
pydata__xarray-4098,xarray/core/dataset.py,0.32218465209007263,21
pydata__xarray-4098,xarray/tests/test_concat.py,0.32904666662216187,19
pydata__xarray-4098,xarray/tests/test_backends.py,0.29227200150489807,27
pydata__xarray-4098,xarray/core/utils.py,0.27637791633605957,33
pydata__xarray-4098,xarray/core/nanops.py,0.25208935141563416,40
pydata__xarray-4098,xarray/core/combine.py,0.24335461854934692,45
pydata__xarray-4098,xarray/core/indexing.py,0.3020615577697754,24
pydata__xarray-4098,xarray/core/ops.py,0.28905048966407776,29
pydata__xarray-4098,xarray/core/variable.py,0.36441558599472046,12
pydata__xarray-4098,xarray/tests/test_combine.py,0.23482751846313477,47
pydata__xarray-4098,xarray/tests/test_duck_array_ops.py,0.22650976479053497,49
pydata__xarray-4098,xarray/tests/test_options.py,0.29551446437835693,26
pydata__xarray-4098,xarray/tests/test_ufuncs.py,0.32904666662216187,19
pydata__xarray-4098,xarray/tests/test_cftimeindex_resample.py,0.23203159868717194,48
pydata__xarray-4098,xarray/core/dtypes.py,0.25208935141563416,40
pydata__xarray-4098,xarray/backends/api.py,0.37168383598327637,10
pydata__xarray-4098,xarray/core/dataarray.py,0.3975641429424286,7
pydata__xarray-4098,xarray/core/concat.py,0.24915480613708496,41
pydata__xarray-4098,xarray/core/missing.py,0.31539851427078247,22
pydata__xarray-4098,xarray/tests/test_variable.py,0.2858501672744751,31
pydata__xarray-4098,xarray/core/alignment.py,0.2987777292728424,25
pydata__xarray-4098,xarray/backends/common.py,0.282671183347702,32
pydata__xarray-4098,xarray/tests/test_utils.py,0.24048909544944763,46
pydata__xarray-4098,xarray/tests/test_indexing.py,0.28905048966407776,29
pydata__xarray-4098,xarray/backends/h5netcdf_.py,0.3120344877243042,23
pydata__xarray-4098,xarray/backends/cfgrib_.py,0.1904829740524292,50
pydata__xarray-4098,xarray/core/coordinates.py,0.2610294222831726,37
pydata__xarray-4098,xarray/plot/facetgrid.py,0.3572086691856384,13
pydata__xarray-4098,xarray/core/nputils.py,0.2462432086467743,43
pydata__xarray-4098,xarray/core/accessor_dt.py,0.27326399087905884,34
pydata__xarray-4098,xarray/tests/test_merge.py,0.24335461854934692,45
pydata__xarray-4098,xarray/tests/test_cftimeindex.py,0.3256063163280487,20
pydata__xarray-4182,xarray/core/formatting_html.py,0.8590618371963501,1
pydata__xarray-4182,xarray/tests/test_formatting_html.py,0.7708789706230164,2
pydata__xarray-4182,xarray/core/formatting.py,0.6633201241493225,4
pydata__xarray-4182,xarray/tests/test_dataset.py,0.6035580039024353,8
pydata__xarray-4182,xarray/core/common.py,0.6312306523323059,5
pydata__xarray-4182,xarray/tests/test_formatting.py,0.5771140456199646,10
pydata__xarray-4182,xarray/tests/test_dataarray.py,0.6091521978378296,6
pydata__xarray-4182,xarray/tests/test_options.py,0.5998133420944214,9
pydata__xarray-4182,xarray/core/options.py,0.5540844202041626,12
pydata__xarray-4182,xarray/tests/test_dask.py,0.5579416155815125,11
pydata__xarray-4182,xarray/plot/plot.py,0.5405358076095581,14
pydata__xarray-4182,doc/conf.py,0.5113261938095093,21
pydata__xarray-4182,xarray/backends/pydap_.py,0.4355173707008362,42
pydata__xarray-4182,xarray/core/variable.py,0.5385949611663818,15
pydata__xarray-4182,xarray/core/dataset.py,0.7022034525871277,3
pydata__xarray-4182,xarray/core/dataarray.py,0.5191313028335571,19
pydata__xarray-4182,xarray/plot/dataset_plot.py,0.4432148039340973,37
pydata__xarray-4182,xarray/plot/facetgrid.py,0.5054685473442078,22
pydata__xarray-4182,xarray/tutorial.py,0.4898451566696167,24
pydata__xarray-4182,xarray/tests/test_plot.py,0.48594123125076294,25
pydata__xarray-4182,doc/examples/_code/accessor_example.py,0.37168383598327637,48
pydata__xarray-4182,xarray/tests/test_sparse.py,0.5424755215644836,13
pydata__xarray-4182,xarray/core/rolling.py,0.6035580039024353,8
pydata__xarray-4182,xarray/tests/test_groupby.py,0.48008865118026733,27
pydata__xarray-4182,xarray/convert.py,0.5113261938095093,21
pydata__xarray-4182,xarray/coding/variables.py,0.5269270539283752,18
pydata__xarray-4182,xarray/plot/utils.py,0.49375033378601074,23
pydata__xarray-4182,xarray/backends/common.py,0.5269270539283752,18
pydata__xarray-4182,xarray/backends/zarr.py,0.5269270539283752,18
pydata__xarray-4182,xarray/tests/test_variable.py,0.4470740258693695,35
pydata__xarray-4182,xarray/conventions.py,0.4355173707008362,42
pydata__xarray-4182,xarray/tests/test_backends.py,0.408843070268631,46
pydata__xarray-4182,properties/test_pandas_roundtrip.py,0.37168383598327637,48
pydata__xarray-4182,xarray/core/parallel.py,0.4820389747619629,26
pydata__xarray-4182,xarray/core/extensions.py,0.4355173707008362,42
pydata__xarray-4182,xarray/coding/strings.py,0.43936243653297424,39
pydata__xarray-4182,xarray/core/dask_array_compat.py,0.4470740258693695,35
pydata__xarray-4182,xarray/core/groupby.py,0.4509396255016327,32
pydata__xarray-4182,xarray/__init__.py,0.4126248061656952,44
pydata__xarray-4182,xarray/tests/test_units.py,0.4470740258693695,35
pydata__xarray-4182,xarray/core/indexing.py,0.408843070268631,46
pydata__xarray-4182,xarray/tests/test_conventions.py,0.4645129144191742,31
pydata__xarray-4182,xarray/backends/api.py,0.43936243653297424,39
pydata__xarray-4182,xarray/backends/memory.py,0.46840155124664307,29
pydata__xarray-4182,xarray/core/accessor_str.py,0.4432148039340973,37
pydata__xarray-4182,xarray/backends/netCDF4_.py,0.46840155124664307,29
pydata__xarray-4182,xarray/tests/test_computation.py,0.4645129144191742,31
pydata__xarray-4182,asv_bench/benchmarks/unstacking.py,0.36080431938171387,49
pydata__xarray-4182,asv_bench/benchmarks/indexing.py,0.42021888494491577,43
pydata__xarray-4182,doc/gallery/plot_colorbar_center.py,0.35362908244132996,50
pydata__xarray-4184,xarray/tests/test_dataset.py,0.6527729034423828,3
pydata__xarray-4184,xarray/core/dataarray.py,0.7111100554466248,1
pydata__xarray-4184,xarray/core/dataset.py,0.5922893285751343,11
pydata__xarray-4184,asv_bench/benchmarks/unstacking.py,0.6754221320152283,2
pydata__xarray-4184,xarray/tests/test_dataarray.py,0.6016871333122253,7
pydata__xarray-4184,xarray/core/indexes.py,0.5482865571975708,24
pydata__xarray-4184,xarray/tests/test_indexing.py,0.6294102072715759,5
pydata__xarray-4184,asv_bench/benchmarks/reindexing.py,0.5230305790901184,32
pydata__xarray-4184,xarray/core/groupby.py,0.5308202505111694,28
pydata__xarray-4184,xarray/tests/test_dask.py,0.5230305790901184,32
pydata__xarray-4184,asv_bench/benchmarks/indexing.py,0.5598676800727844,16
pydata__xarray-4184,xarray/tests/test_utils.py,0.5540844202041626,21
pydata__xarray-4184,xarray/core/combine.py,0.5093739032745361,37
pydata__xarray-4184,xarray/tests/test_sparse.py,0.5269270539283752,30
pydata__xarray-4184,properties/test_pandas_roundtrip.py,0.4957032799720764,41
pydata__xarray-4184,xarray/core/indexing.py,0.5998133420944214,8
pydata__xarray-4184,xarray/tests/test_groupby.py,0.5015625357627869,40
pydata__xarray-4184,xarray/core/utils.py,0.633047342300415,4
pydata__xarray-4184,xarray/convert.py,0.521081268787384,34
pydata__xarray-4184,xarray/tests/test_variable.py,0.6091521978378296,6
pydata__xarray-4184,xarray/core/variable.py,0.5885108113288879,13
pydata__xarray-4184,xarray/core/alignment.py,0.5885108113288879,13
pydata__xarray-4184,xarray/tests/test_backends.py,0.5598676800727844,16
pydata__xarray-4184,xarray/tests/test_combine.py,0.5093739032745361,37
pydata__xarray-4184,xarray/core/coordinates.py,0.5960569977760315,9
pydata__xarray-4184,xarray/core/parallel.py,0.5405358076095581,26
pydata__xarray-4184,asv_bench/benchmarks/dataset_io.py,0.5540844202041626,21
pydata__xarray-4184,xarray/tests/test_units.py,0.5385949611663818,27
pydata__xarray-4184,xarray/core/merge.py,0.5502207279205322,23
pydata__xarray-4184,xarray/tests/test_formatting_html.py,0.5269270539283752,30
pydata__xarray-4184,xarray/core/nputils.py,0.5922893285751343,11
pydata__xarray-4184,xarray/core/concat.py,0.5540844202041626,21
pydata__xarray-4184,xarray/core/missing.py,0.5598676800727844,16
pydata__xarray-4184,xarray/tests/test_concat.py,0.5132781267166138,35
pydata__xarray-4184,asv_bench/benchmarks/interp.py,0.454811155796051,49
pydata__xarray-4184,xarray/core/formatting.py,0.521081268787384,34
pydata__xarray-4184,asv_bench/benchmarks/rolling.py,0.47229403257369995,47
pydata__xarray-4184,xarray/plot/utils.py,0.5035156011581421,39
pydata__xarray-4184,xarray/core/computation.py,0.5540844202041626,21
pydata__xarray-4184,xarray/backends/zarr.py,0.5405358076095581,26
pydata__xarray-4184,xarray/tests/test_ufuncs.py,0.5054685473442078,38
pydata__xarray-4184,xarray/core/dask_array_compat.py,0.4878930151462555,42
pydata__xarray-4184,asv_bench/benchmarks/combine.py,0.454811155796051,49
pydata__xarray-4184,asv_bench/benchmarks/dataarray_missing.py,0.4820389747619629,45
pydata__xarray-4184,xarray/tests/test_formatting.py,0.48594123125076294,43
pydata__xarray-4184,xarray/tests/test_computation.py,0.47424158453941345,46
pydata__xarray-4184,xarray/tests/test_duck_array_ops.py,0.5579416155815125,17
pydata__xarray-4184,xarray/core/resample_cftime.py,0.5521534085273743,22
pydata__xarray-4184,xarray/core/common.py,0.36441558599472046,50
pydata__xarray-4184,xarray/__init__.py,0.4820389747619629,45
pydata__xarray-4248,xarray/tests/test_dataset.py,0.6147178411483765,2
pydata__xarray-4248,xarray/core/formatting.py,0.6685341000556946,1
pydata__xarray-4248,xarray/core/formatting_html.py,0.6035580039024353,3
pydata__xarray-4248,xarray/tests/test_formatting.py,0.5560138821601868,5
pydata__xarray-4248,xarray/tests/test_units.py,0.5327655076980591,8
pydata__xarray-4248,xarray/tests/test_formatting_html.py,0.5171807408332825,9
pydata__xarray-4248,xarray/core/dataset.py,0.5941745638847351,4
pydata__xarray-4248,xarray/coding/cftimeindex.py,0.47618991136550903,14
pydata__xarray-4248,xarray/tests/test_dataarray.py,0.4645129144191742,18
pydata__xarray-4248,xarray/conventions.py,0.5502207279205322,6
pydata__xarray-4248,xarray/core/common.py,0.42021888494491577,29
pydata__xarray-4248,xarray/tests/test_groupby.py,0.40131235122680664,34
pydata__xarray-4248,xarray/core/coordinates.py,0.49960941076278687,12
pydata__xarray-4248,doc/examples/_code/accessor_example.py,0.332505464553833,46
pydata__xarray-4248,xarray/core/dataarray.py,0.4470740258693695,22
pydata__xarray-4248,xarray/core/rolling.py,0.46645671129226685,17
pydata__xarray-4248,xarray/tests/test_conventions.py,0.4820389747619629,13
pydata__xarray-4248,xarray/tests/test_dask.py,0.4509396255016327,21
pydata__xarray-4248,xarray/tests/test_plot.py,0.37168383598327637,40
pydata__xarray-4248,xarray/convert.py,0.42021888494491577,29
pydata__xarray-4248,xarray/core/variable.py,0.4586881399154663,19
pydata__xarray-4248,xarray/tests/test_options.py,0.47229403257369995,16
pydata__xarray-4248,xarray/tests/test_cftimeindex.py,0.3187819719314575,48
pydata__xarray-4248,xarray/core/computation.py,0.4278508424758911,25
pydata__xarray-4248,xarray/tests/test_backends.py,0.47424158453941345,15
pydata__xarray-4248,xarray/core/options.py,0.454811155796051,20
pydata__xarray-4248,xarray/backends/common.py,0.4240303635597229,27
pydata__xarray-4248,xarray/tests/test_sparse.py,0.4278508424758911,25
pydata__xarray-4248,xarray/util/print_versions.py,0.33598238229751587,44
pydata__xarray-4248,xarray/tutorial.py,0.5385949611663818,7
pydata__xarray-4248,xarray/testing.py,0.393827885389328,36
pydata__xarray-4248,xarray/plot/dataset_plot.py,0.4355173707008362,23
pydata__xarray-4248,xarray/backends/api.py,0.35006579756736755,42
pydata__xarray-4248,xarray/coding/times.py,0.5093739032745361,11
pydata__xarray-4248,asv_bench/benchmarks/dataset_io.py,0.41641688346862793,32
pydata__xarray-4248,xarray/tests/test_print_versions.py,0.27017202973365784,50
pydata__xarray-4248,xarray/__init__.py,0.393827885389328,36
pydata__xarray-4248,xarray/core/combine.py,0.3256063163280487,47
pydata__xarray-4248,xarray/core/merge.py,0.37168383598327637,40
pydata__xarray-4248,xarray/core/extensions.py,0.41641688346862793,32
pydata__xarray-4248,xarray/core/parallel.py,0.41641688346862793,32
pydata__xarray-4248,xarray/tests/test_concat.py,0.332505464553833,46
pydata__xarray-4248,xarray/plot/utils.py,0.5152297019958496,10
pydata__xarray-4248,xarray/core/utils.py,0.4050721228122711,33
pydata__xarray-4248,asv_bench/benchmarks/combine.py,0.28905048966407776,49
pydata__xarray-4248,xarray/backends/memory.py,0.3901040256023407,37
pydata__xarray-4248,xarray/core/accessor_dt.py,0.3790105879306793,38
pydata__xarray-4248,xarray/ufuncs.py,0.36080431938171387,41
pydata__xarray-4248,xarray/tests/test_computation.py,0.4240303635597229,27
pydata__xarray-4248,xarray/backends/__init__.py,0.34651920199394226,43
pydata__xarray-4339,xarray/core/accessor_str.py,0.7810635566711426,1
pydata__xarray-4339,xarray/tests/test_accessor_str.py,0.6685341000556946,2
pydata__xarray-4339,xarray/tests/test_dataarray.py,0.4898451566696167,13
pydata__xarray-4339,xarray/core/dataarray.py,0.5444138646125793,4
pydata__xarray-4339,xarray/tests/test_dataset.py,0.43168002367019653,32
pydata__xarray-4339,xarray/core/indexing.py,0.34651920199394226,50
pydata__xarray-4339,xarray/tests/test_backends_common.py,0.4470740258693695,28
pydata__xarray-4339,xarray/core/ops.py,0.46840155124664307,18
pydata__xarray-4339,xarray/tests/test_backends.py,0.3901040256023407,41
pydata__xarray-4339,xarray/tests/test_variable.py,0.5015625357627869,11
pydata__xarray-4339,xarray/tests/test_sparse.py,0.5308202505111694,6
pydata__xarray-4339,xarray/core/dataset.py,0.49960941076278687,12
pydata__xarray-4339,xarray/tests/test_duck_array_ops.py,0.5347096920013428,5
pydata__xarray-4339,xarray/tests/test_formatting_html.py,0.40131235122680664,36
pydata__xarray-4339,xarray/coding/cftimeindex.py,0.4586881399154663,23
pydata__xarray-4339,xarray/core/variable.py,0.43936243653297424,29
pydata__xarray-4339,xarray/core/common.py,0.4470740258693695,28
pydata__xarray-4339,xarray/tests/test_dask.py,0.46645671129226685,20
pydata__xarray-4339,xarray/coding/strings.py,0.4355173707008362,31
pydata__xarray-4339,xarray/tests/test_indexing.py,0.46840155124664307,18
pydata__xarray-4339,xarray/backends/netCDF4_.py,0.4878930151462555,14
pydata__xarray-4339,xarray/tests/test_coding_strings.py,0.3975641429424286,38
pydata__xarray-4339,xarray/core/extensions.py,0.393827885389328,40
pydata__xarray-4339,xarray/core/accessor_dt.py,0.46840155124664307,18
pydata__xarray-4339,xarray/tests/test_missing.py,0.5074213147163391,10
pydata__xarray-4339,xarray/backends/rasterio_.py,0.4355173707008362,31
pydata__xarray-4339,xarray/core/missing.py,0.5152297019958496,8
pydata__xarray-4339,xarray/tests/test_interp.py,0.4470740258693695,28
pydata__xarray-4339,xarray/tests/test_options.py,0.3753400444984436,47
pydata__xarray-4339,xarray/core/dask_array_compat.py,0.3680422008037567,49
pydata__xarray-4339,xarray/backends/pydap_.py,0.38269495964050293,44
pydata__xarray-4339,xarray/core/formatting.py,0.4625701606273651,21
pydata__xarray-4339,xarray/core/duck_array_ops.py,0.393827885389328,40
pydata__xarray-4339,xarray/tests/test_plot.py,0.4586881399154663,23
pydata__xarray-4339,xarray/tests/test_ufuncs.py,0.3863929510116577,43
pydata__xarray-4339,xarray/tests/test_nputils.py,0.3680422008037567,49
pydata__xarray-4339,asv_bench/benchmarks/reindexing.py,0.3790105879306793,45
pydata__xarray-4339,xarray/core/dask_array_ops.py,0.3753400444984436,47
pydata__xarray-4339,xarray/backends/common.py,0.4470740258693695,28
pydata__xarray-4339,asv_bench/benchmarks/indexing.py,0.42021888494491577,34
pydata__xarray-4339,xarray/tests/test_accessor_dt.py,0.40131235122680664,36
pydata__xarray-4339,xarray/core/weighted.py,0.48008865118026733,15
pydata__xarray-4339,xarray/core/computation.py,0.5249791741371155,7
pydata__xarray-4339,xarray/core/rolling.py,0.5482865571975708,3
pydata__xarray-4339,xarray/plot/utils.py,0.5132781267166138,9
pydata__xarray-4339,xarray/tests/test_units.py,0.454811155796051,24
pydata__xarray-4339,doc/examples/_code/accessor_example.py,0.46645671129226685,20
pydata__xarray-4339,xarray/tests/test_cftimeindex.py,0.4240303635597229,33
pydata__xarray-4339,xarray/core/indexes.py,0.3863929510116577,43
pydata__xarray-4339,xarray/core/nputils.py,0.3975641429424286,38
pydata__xarray-4356,xarray/tests/test_duck_array_ops.py,0.8245184421539307,2
pydata__xarray-4356,xarray/tests/test_dataarray.py,0.6016871333122253,11
pydata__xarray-4356,xarray/core/weighted.py,0.6366694569587708,8
pydata__xarray-4356,xarray/core/nanops.py,0.8483953475952148,1
pydata__xarray-4356,xarray/core/computation.py,0.6438668966293335,7
pydata__xarray-4356,xarray/core/variable.py,0.5347096920013428,22
pydata__xarray-4356,xarray/core/rolling.py,0.7307512760162354,3
pydata__xarray-4356,xarray/tests/test_dataset.py,0.5828235149383545,13
pydata__xarray-4356,xarray/core/dataarray.py,0.5366528630256653,20
pydata__xarray-4356,xarray/core/ops.py,0.7237783074378967,4
pydata__xarray-4356,xarray/core/groupby.py,0.6091521978378296,10
pydata__xarray-4356,xarray/core/duck_array_ops.py,0.5171807408332825,28
pydata__xarray-4356,xarray/core/dataset.py,0.5637142658233643,17
pydata__xarray-4356,xarray/tests/test_variable.py,0.5771140456199646,15
pydata__xarray-4356,xarray/tests/test_computation.py,0.48008865118026733,38
pydata__xarray-4356,xarray/core/indexing.py,0.5347096920013428,22
pydata__xarray-4356,xarray/tests/test_weighted.py,0.5113261938095093,29
pydata__xarray-4356,xarray/core/npcompat.py,0.5054685473442078,31
pydata__xarray-4356,xarray/tests/test_sparse.py,0.5249791741371155,26
pydata__xarray-4356,xarray/core/common.py,0.5790196061134338,14
pydata__xarray-4356,xarray/core/dask_array_compat.py,0.49179762601852417,34
pydata__xarray-4356,xarray/tests/test_groupby.py,0.6598217487335205,6
pydata__xarray-4356,xarray/tests/test_indexing.py,0.5191313028335571,27
pydata__xarray-4356,xarray/tests/test_ufuncs.py,0.5249791741371155,26
pydata__xarray-4356,xarray/core/alignment.py,0.5249791741371155,26
pydata__xarray-4356,xarray/tests/test_dask.py,0.4820389747619629,37
pydata__xarray-4356,xarray/core/dask_array_ops.py,0.5732962489128113,16
pydata__xarray-4356,xarray/core/nputils.py,0.5288740992546082,23
pydata__xarray-4356,xarray/core/resample.py,0.6184117794036865,9
pydata__xarray-4356,xarray/tests/test_units.py,0.5405358076095581,19
pydata__xarray-4356,xarray/core/arithmetic.py,0.6737070679664612,5
pydata__xarray-4356,xarray/core/parallel.py,0.47229403257369995,41
pydata__xarray-4356,asv_bench/benchmarks/indexing.py,0.4781389832496643,39
pydata__xarray-4356,xarray/core/pdcompat.py,0.5054685473442078,31
pydata__xarray-4356,xarray/tests/test_concat.py,0.4126248061656952,48
pydata__xarray-4356,xarray/tests/test_backends.py,0.4432148039340973,43
pydata__xarray-4356,asv_bench/benchmarks/rolling.py,0.4355173707008362,45
pydata__xarray-4356,xarray/ufuncs.py,0.5922893285751343,12
pydata__xarray-4356,xarray/core/concat.py,0.49960941076278687,32
pydata__xarray-4356,xarray/tests/test_cupy.py,0.4355173707008362,45
pydata__xarray-4356,xarray/core/merge.py,0.54635089635849,18
pydata__xarray-4356,xarray/core/missing.py,0.4898451566696167,35
pydata__xarray-4356,asv_bench/benchmarks/reindexing.py,0.43168002367019653,46
pydata__xarray-4356,xarray/tests/test_nputils.py,0.4240303635597229,47
pydata__xarray-4356,xarray/core/formatting.py,0.46840155124664307,42
pydata__xarray-4356,asv_bench/benchmarks/pandas.py,0.35006579756736755,50
pydata__xarray-4356,asv_bench/benchmarks/unstacking.py,0.3975641429424286,49
pydata__xarray-4356,xarray/core/indexes.py,0.49765628576278687,33
pydata__xarray-4356,xarray/plot/utils.py,0.47229403257369995,41
pydata__xarray-4356,xarray/core/utils.py,0.4839898645877838,36
pydata__xarray-4419,xarray/core/combine.py,0.6989257335662842,10
pydata__xarray-4419,xarray/tests/test_combine.py,0.7443591356277466,4
pydata__xarray-4419,xarray/tests/test_concat.py,0.7857034802436829,2
pydata__xarray-4419,xarray/core/concat.py,0.8233851790428162,1
pydata__xarray-4419,xarray/core/dataset.py,0.7421227693557739,5
pydata__xarray-4419,xarray/core/coordinates.py,0.7502601146697998,3
pydata__xarray-4419,asv_bench/benchmarks/combine.py,0.6072905659675598,40
pydata__xarray-4419,xarray/core/merge.py,0.6889709234237671,13
pydata__xarray-4419,xarray/core/variable.py,0.7360972166061401,6
pydata__xarray-4419,xarray/tests/test_variable.py,0.6856127977371216,15
pydata__xarray-4419,xarray/tests/test_dataset.py,0.6420735120773315,28
pydata__xarray-4419,xarray/core/groupby.py,0.6754221320152283,18
pydata__xarray-4419,xarray/core/dataarray.py,0.7078896164894104,8
pydata__xarray-4419,xarray/tests/test_dataarray.py,0.6091521978378296,39
pydata__xarray-4419,xarray/tests/test_units.py,0.7190681099891663,7
pydata__xarray-4419,xarray/tests/test_backends.py,0.6856127977371216,15
pydata__xarray-4419,xarray/tests/test_groupby.py,0.5866175889968872,42
pydata__xarray-4419,xarray/tests/test_computation.py,0.6615731120109558,21
pydata__xarray-4419,xarray/tests/test_merge.py,0.6294102072715759,34
pydata__xarray-4419,xarray/core/computation.py,0.6492228507995605,25
pydata__xarray-4419,xarray/core/alignment.py,0.6771324872970581,17
pydata__xarray-4419,xarray/backends/api.py,0.6889709234237671,13
pydata__xarray-4419,xarray/tests/test_sparse.py,0.6650626063346863,19
pydata__xarray-4419,xarray/tests/test_interp.py,0.7005671858787537,9
pydata__xarray-4419,xarray/core/common.py,0.6788381338119507,16
pydata__xarray-4419,xarray/tests/test_dask.py,0.6939709186553955,11
pydata__xarray-4419,xarray/tests/test_conventions.py,0.6257582902908325,36
pydata__xarray-4419,xarray/convert.py,0.633047342300415,31
pydata__xarray-4419,xarray/conventions.py,0.6492228507995605,25
pydata__xarray-4419,asv_bench/benchmarks/reindexing.py,0.5444138646125793,49
pydata__xarray-4419,xarray/core/parallel.py,0.5960569977760315,41
pydata__xarray-4419,xarray/core/indexes.py,0.5656346678733826,46
pydata__xarray-4419,xarray/tests/test_duck_array_ops.py,0.633047342300415,31
pydata__xarray-4419,xarray/tests/test_indexing.py,0.5790196061134338,44
pydata__xarray-4419,asv_bench/benchmarks/unstacking.py,0.5288740992546082,50
pydata__xarray-4419,xarray/core/ops.py,0.6312306523323059,32
pydata__xarray-4419,xarray/tests/test_ufuncs.py,0.633047342300415,31
pydata__xarray-4419,xarray/tests/test_utils.py,0.5579416155815125,47
pydata__xarray-4419,xarray/plot/utils.py,0.5521534085273743,48
pydata__xarray-4419,xarray/tests/test_options.py,0.6438668966293335,26
pydata__xarray-4419,xarray/core/missing.py,0.6492228507995605,25
pydata__xarray-4419,xarray/core/utils.py,0.6257582902908325,36
pydata__xarray-4419,asv_bench/benchmarks/indexing.py,0.5675531625747681,45
pydata__xarray-4419,xarray/core/duck_array_ops.py,0.5790196061134338,44
pydata__xarray-4419,xarray/core/npcompat.py,0.6492228507995605,25
pydata__xarray-4419,xarray/core/nputils.py,0.6420735120773315,28
pydata__xarray-4419,xarray/__init__.py,0.6633201241493225,20
pydata__xarray-4419,xarray/core/indexing.py,0.6147178411483765,38
pydata__xarray-4419,xarray/backends/zarr.py,0.6294102072715759,34
pydata__xarray-4419,xarray/core/resample.py,0.6147178411483765,38
pydata__xarray-4423,xarray/tests/test_duck_array_ops.py,0.8141119480133057,1
pydata__xarray-4423,xarray/core/duck_array_ops.py,0.7553483247756958,5
pydata__xarray-4423,xarray/core/nanops.py,0.7674110531806946,2
pydata__xarray-4423,xarray/tests/test_dataarray.py,0.6202536225318909,19
pydata__xarray-4423,xarray/tests/test_sparse.py,0.5752062797546387,33
pydata__xarray-4423,xarray/core/dask_array_compat.py,0.5713839530944824,34
pydata__xarray-4423,xarray/core/ops.py,0.7589396834373474,3
pydata__xarray-4423,xarray/tests/test_dataset.py,0.5960569977760315,27
pydata__xarray-4423,xarray/tests/test_backends.py,0.6545414924621582,14
pydata__xarray-4423,xarray/core/weighted.py,0.633047342300415,17
pydata__xarray-4423,xarray/tests/test_computation.py,0.6633201241493225,11
pydata__xarray-4423,xarray/core/computation.py,0.6598217487335205,12
pydata__xarray-4423,xarray/core/groupby.py,0.6110106706619263,22
pydata__xarray-4423,xarray/__init__.py,0.5502207279205322,38
pydata__xarray-4423,xarray/tests/test_ufuncs.py,0.6668006181716919,10
pydata__xarray-4423,xarray/core/arithmetic.py,0.7575074434280396,4
pydata__xarray-4423,xarray/core/dataset.py,0.6668006181716919,10
pydata__xarray-4423,xarray/tests/test_cupy.py,0.4586881399154663,50
pydata__xarray-4423,xarray/core/common.py,0.7030196189880371,7
pydata__xarray-4423,xarray/ufuncs.py,0.7253374457359314,6
pydata__xarray-4423,xarray/tests/test_groupby.py,0.521081268787384,41
pydata__xarray-4423,xarray/tests/test_variable.py,0.5998133420944214,25
pydata__xarray-4423,doc/conf.py,0.5540844202041626,37
pydata__xarray-4423,xarray/tests/__init__.py,0.5752062797546387,33
pydata__xarray-4423,xarray/tests/test_distributed.py,0.5922893285751343,28
pydata__xarray-4423,xarray/core/rolling.py,0.6072905659675598,23
pydata__xarray-4423,xarray/core/pdcompat.py,0.4586881399154663,50
pydata__xarray-4423,xarray/tests/test_dask.py,0.6110106706619263,22
pydata__xarray-4423,xarray/core/dataarray.py,0.6474416255950928,15
pydata__xarray-4423,xarray/convert.py,0.6563059091567993,13
pydata__xarray-4423,xarray/tests/test_weighted.py,0.5598676800727844,35
pydata__xarray-4423,asv_bench/benchmarks/rolling.py,0.5054685473442078,44
pydata__xarray-4423,xarray/core/variable.py,0.6685341000556946,8
pydata__xarray-4423,xarray/tests/test_missing.py,0.5771140456199646,30
pydata__xarray-4423,xarray/plot/utils.py,0.5960569977760315,27
pydata__xarray-4423,asv_bench/benchmarks/dataarray_missing.py,0.5074213147163391,43
pydata__xarray-4423,asv_bench/benchmarks/indexing.py,0.5385949611663818,39
pydata__xarray-4423,xarray/tests/test_indexing.py,0.5191313028335571,42
pydata__xarray-4423,xarray/tests/test_formatting_html.py,0.5308202505111694,40
pydata__xarray-4423,xarray/util/print_versions.py,0.5752062797546387,33
pydata__xarray-4423,xarray/tests/test_interp.py,0.6054258346557617,24
pydata__xarray-4423,properties/test_pandas_roundtrip.py,0.48008865118026733,46
pydata__xarray-4423,xarray/core/dtypes.py,0.6165664792060852,20
pydata__xarray-4423,xarray/tests/test_units.py,0.5828235149383545,29
pydata__xarray-4423,asv_bench/benchmarks/reindexing.py,0.47618991136550903,48
pydata__xarray-4423,asv_bench/benchmarks/dataset_io.py,0.5579416155815125,36
pydata__xarray-4423,xarray/core/npcompat.py,0.6202536225318909,19
pydata__xarray-4423,xarray/tests/test_print_versions.py,0.4878930151462555,45
pydata__xarray-4423,asv_bench/benchmarks/interp.py,0.47618991136550903,48
pydata__xarray-4423,xarray/core/parallel.py,0.6438668966293335,16
pydata__xarray-4442,xarray/tests/test_dataarray.py,0.7214292883872986,1
pydata__xarray-4442,asv_bench/benchmarks/pandas.py,0.454811155796051,48
pydata__xarray-4442,xarray/tests/test_dataset.py,0.5847217440605164,19
pydata__xarray-4442,xarray/core/dataarray.py,0.6754221320152283,3
pydata__xarray-4442,xarray/core/dataset.py,0.6650626063346863,4
pydata__xarray-4442,xarray/tests/test_dask.py,0.6035580039024353,14
pydata__xarray-4442,xarray/core/indexing.py,0.6054258346557617,12
pydata__xarray-4442,xarray/tests/test_indexing.py,0.6202536225318909,8
pydata__xarray-4442,xarray/core/indexes.py,0.5790196061134338,20
pydata__xarray-4442,asv_bench/benchmarks/repr.py,0.5171807408332825,43
pydata__xarray-4442,xarray/tests/test_utils.py,0.54635089635849,34
pydata__xarray-4442,properties/test_pandas_roundtrip.py,0.5752062797546387,24
pydata__xarray-4442,xarray/core/variable.py,0.5675531625747681,27
pydata__xarray-4442,xarray/tests/test_variable.py,0.6402760744094849,6
pydata__xarray-4442,asv_bench/benchmarks/unstacking.py,0.49375033378601074,46
pydata__xarray-4442,xarray/core/utils.py,0.6054258346557617,12
pydata__xarray-4442,xarray/tests/test_duck_array_ops.py,0.5327655076980591,41
pydata__xarray-4442,xarray/core/groupby.py,0.5424755215644836,37
pydata__xarray-4442,xarray/core/missing.py,0.6035580039024353,14
pydata__xarray-4442,xarray/tests/test_units.py,0.6054258346557617,12
pydata__xarray-4442,xarray/convert.py,0.6239269375801086,7
pydata__xarray-4442,xarray/core/alignment.py,0.5922893285751343,16
pydata__xarray-4442,xarray/tests/test_cftimeindex.py,0.5482865571975708,31
pydata__xarray-4442,xarray/tests/test_groupby.py,0.5366528630256653,39
pydata__xarray-4442,xarray/core/duck_array_ops.py,0.5617918968200684,29
pydata__xarray-4442,xarray/core/combine.py,0.5885108113288879,18
pydata__xarray-4442,xarray/tests/test_sparse.py,0.4509396255016327,49
pydata__xarray-4442,asv_bench/benchmarks/reindexing.py,0.43936243653297424,50
pydata__xarray-4442,xarray/tests/test_missing.py,0.5385949611663818,38
pydata__xarray-4442,asv_bench/benchmarks/indexing.py,0.5230305790901184,42
pydata__xarray-4442,xarray/core/accessor_dt.py,0.5885108113288879,18
pydata__xarray-4442,xarray/core/coordinates.py,0.5922893285751343,16
pydata__xarray-4442,xarray/tests/test_backends.py,0.5424755215644836,37
pydata__xarray-4442,xarray/core/common.py,0.5560138821601868,30
pydata__xarray-4442,xarray/tests/test_formatting_html.py,0.5694696307182312,25
pydata__xarray-4442,xarray/core/pdcompat.py,0.5113261938095093,44
pydata__xarray-4442,xarray/core/computation.py,0.5771140456199646,21
pydata__xarray-4442,xarray/plot/utils.py,0.54635089635849,34
pydata__xarray-4442,xarray/core/nputils.py,0.54635089635849,34
pydata__xarray-4442,xarray/coding/cftimeindex.py,0.5015625357627869,45
pydata__xarray-4442,xarray/core/ops.py,0.5327655076980591,41
pydata__xarray-4442,xarray/tests/test_computation.py,0.6402760744094849,6
pydata__xarray-4442,xarray/core/dask_array_compat.py,0.4586881399154663,47
pydata__xarray-4442,xarray/tests/test_combine.py,0.5424755215644836,37
pydata__xarray-4442,xarray/core/concat.py,0.6165664792060852,9
pydata__xarray-4442,xarray/tests/test_interp.py,0.5752062797546387,24
pydata__xarray-4442,xarray/tests/test_plot.py,0.5656346678733826,28
pydata__xarray-4442,xarray/conventions.py,0.5675531625747681,27
pydata__xarray-4442,xarray/tests/test_concat.py,0.5752062797546387,24
pydata__xarray-4442,xarray/core/merge.py,0.6839264035224915,2
pydata__xarray-4493,xarray/tests/test_dask.py,0.6128658652305603,4
pydata__xarray-4493,xarray/core/dataset.py,0.6839264035224915,1
pydata__xarray-4493,xarray/core/dataarray.py,0.6239269375801086,2
pydata__xarray-4493,xarray/tests/test_dataset.py,0.6110106706619263,5
pydata__xarray-4493,xarray/core/variable.py,0.6202536225318909,3
pydata__xarray-4493,xarray/core/parallel.py,0.5675531625747681,9
pydata__xarray-4493,xarray/backends/apiv2.py,0.5617918968200684,10
pydata__xarray-4493,xarray/tests/test_computation.py,0.5732962489128113,8
pydata__xarray-4493,xarray/tests/test_backends.py,0.48594123125076294,25
pydata__xarray-4493,xarray/tests/test_dataarray.py,0.5444138646125793,12
pydata__xarray-4493,xarray/backends/common.py,0.4898451566696167,23
pydata__xarray-4493,xarray/core/indexing.py,0.5308202505111694,14
pydata__xarray-4493,xarray/backends/zarr.py,0.4839898645877838,27
pydata__xarray-4493,xarray/core/computation.py,0.6054258346557617,6
pydata__xarray-4493,xarray/backends/api.py,0.5152297019958496,16
pydata__xarray-4493,xarray/tests/test_distributed.py,0.5093739032745361,18
pydata__xarray-4493,xarray/core/common.py,0.5015625357627869,20
pydata__xarray-4493,xarray/tests/test_variable.py,0.46645671129226685,33
pydata__xarray-4493,xarray/tests/test_indexing.py,0.454811155796051,36
pydata__xarray-4493,xarray/tests/test_ufuncs.py,0.49960941076278687,21
pydata__xarray-4493,xarray/tests/test_sparse.py,0.454811155796051,36
pydata__xarray-4493,xarray/core/concat.py,0.5424755215644836,13
pydata__xarray-4493,xarray/core/coordinates.py,0.5113261938095093,17
pydata__xarray-4493,xarray/core/rolling.py,0.4240303635597229,42
pydata__xarray-4493,xarray/core/duck_array_ops.py,0.5540844202041626,11
pydata__xarray-4493,xarray/core/ops.py,0.4820389747619629,30
pydata__xarray-4493,xarray/tests/test_concat.py,0.408843070268631,46
pydata__xarray-4493,xarray/core/merge.py,0.5771140456199646,7
pydata__xarray-4493,asv_bench/benchmarks/dataset_io.py,0.4240303635597229,42
pydata__xarray-4493,asv_bench/benchmarks/indexing.py,0.43936243653297424,38
pydata__xarray-4493,xarray/core/dask_array_compat.py,0.47229403257369995,32
pydata__xarray-4493,xarray/coding/variables.py,0.4839898645877838,27
pydata__xarray-4493,xarray/tests/test_interp.py,0.5191313028335571,15
pydata__xarray-4493,xarray/tests/test_groupby.py,0.40131235122680664,47
pydata__xarray-4493,xarray/backends/memory.py,0.42021888494491577,43
pydata__xarray-4493,asv_bench/benchmarks/unstacking.py,0.41641688346862793,45
pydata__xarray-4493,xarray/backends/scipy_.py,0.4240303635597229,42
pydata__xarray-4493,xarray/core/combine.py,0.4470740258693695,37
pydata__xarray-4493,asv_bench/benchmarks/combine.py,0.34651920199394226,50
pydata__xarray-4493,xarray/tests/test_duck_array_ops.py,0.5035156011581421,19
pydata__xarray-4493,xarray/tests/test_cupy.py,0.35362908244132996,49
pydata__xarray-4493,xarray/testing.py,0.4820389747619629,30
pydata__xarray-4493,xarray/core/groupby.py,0.43168002367019653,39
pydata__xarray-4493,asv_bench/benchmarks/reindexing.py,0.454811155796051,36
pydata__xarray-4493,xarray/tests/test_units.py,0.41641688346862793,45
pydata__xarray-4493,xarray/core/arithmetic.py,0.49375033378601074,22
pydata__xarray-4493,xarray/core/alignment.py,0.4820389747619629,30
pydata__xarray-4493,xarray/convert.py,0.48594123125076294,25
pydata__xarray-4493,xarray/core/dask_array_ops.py,0.47618991136550903,31
pydata__xarray-4493,xarray/tests/test_extensions.py,0.3975641429424286,48
pydata__xarray-4510,xarray/tests/test_dataarray.py,0.7928494215011597,5
pydata__xarray-4510,xarray/core/common.py,0.8367414474487305,2
pydata__xarray-4510,xarray/tests/test_dataset.py,0.8090347051620483,3
pydata__xarray-4510,xarray/core/rolling.py,0.8548725843429565,1
pydata__xarray-4510,xarray/tests/test_options.py,0.798564076423645,4
pydata__xarray-4510,asv_bench/benchmarks/rolling.py,0.5424755215644836,19
pydata__xarray-4510,xarray/core/variable.py,0.7046481370925903,7
pydata__xarray-4510,xarray/tests/test_variable.py,0.5288740992546082,21
pydata__xarray-4510,xarray/tests/test_sparse.py,0.5444138646125793,17
pydata__xarray-4510,xarray/core/dataset.py,0.5790196061134338,15
pydata__xarray-4510,xarray/core/dataarray.py,0.5424755215644836,19
pydata__xarray-4510,xarray/convert.py,0.5847217440605164,13
pydata__xarray-4510,xarray/core/dask_array_ops.py,0.5482865571975708,16
pydata__xarray-4510,xarray/core/ops.py,0.6702630519866943,9
pydata__xarray-4510,xarray/tests/test_dask.py,0.49375033378601074,28
pydata__xarray-4510,xarray/tests/test_duck_array_ops.py,0.4470740258693695,40
pydata__xarray-4510,xarray/core/weighted.py,0.5922893285751343,12
pydata__xarray-4510,xarray/core/resample.py,0.7553483247756958,6
pydata__xarray-4510,xarray/tests/test_weighted.py,0.6035580039024353,11
pydata__xarray-4510,xarray/tests/test_missing.py,0.5132781267166138,24
pydata__xarray-4510,xarray/tests/test_merge.py,0.4509396255016327,37
pydata__xarray-4510,xarray/core/computation.py,0.5132781267166138,24
pydata__xarray-4510,xarray/tests/test_backends.py,0.4703473448753357,34
pydata__xarray-4510,xarray/core/rolling_exp.py,0.521081268787384,22
pydata__xarray-4510,xarray/tests/test_groupby.py,0.4703473448753357,34
pydata__xarray-4510,xarray/core/groupby.py,0.5288740992546082,21
pydata__xarray-4510,xarray/core/extensions.py,0.3975641429424286,47
pydata__xarray-4510,xarray/core/concat.py,0.4781389832496643,31
pydata__xarray-4510,xarray/tests/test_nputils.py,0.4278508424758911,45
pydata__xarray-4510,xarray/backends/zarr.py,0.4820389747619629,30
pydata__xarray-4510,xarray/tests/test_combine.py,0.47229403257369995,32
pydata__xarray-4510,xarray/tests/test_extensions.py,0.43168002367019653,44
pydata__xarray-4510,xarray/backends/memory.py,0.46840155124664307,35
pydata__xarray-4510,xarray/tests/test_concat.py,0.49179762601852417,29
pydata__xarray-4510,doc/examples/_code/accessor_example.py,0.31539851427078247,50
pydata__xarray-4510,xarray/core/merge.py,0.49375033378601074,28
pydata__xarray-4510,xarray/backends/api.py,0.5054685473442078,25
pydata__xarray-4510,xarray/tests/test_accessor_dt.py,0.42021888494491577,46
pydata__xarray-4510,xarray/tests/test_interp.py,0.5828235149383545,14
pydata__xarray-4510,xarray/core/arithmetic.py,0.6054258346557617,10
pydata__xarray-4510,xarray/coding/variables.py,0.5035156011581421,26
pydata__xarray-4510,xarray/backends/common.py,0.4470740258693695,40
pydata__xarray-4510,xarray/tests/test_units.py,0.43168002367019653,44
pydata__xarray-4510,xarray/core/indexes.py,0.4470740258693695,40
pydata__xarray-4510,xarray/core/duck_array_ops.py,0.43168002367019653,44
pydata__xarray-4510,xarray/core/options.py,0.6771324872970581,8
pydata__xarray-4510,xarray/backends/pydap_.py,0.3901040256023407,48
pydata__xarray-4510,xarray/core/dask_array_compat.py,0.38269495964050293,49
pydata__xarray-4510,xarray/tests/test_computation.py,0.4355173707008362,41
pydata__xarray-4510,xarray/tests/test_ufuncs.py,0.46645671129226685,36
pydata__xarray-4629,xarray/tests/test_merge.py,0.7546257972717285,3
pydata__xarray-4629,xarray/core/combine.py,0.8375402688980103,1
pydata__xarray-4629,xarray/core/merge.py,0.8123319745063782,2
pydata__xarray-4629,xarray/tests/test_combine.py,0.7046481370925903,6
pydata__xarray-4629,xarray/tests/test_backends.py,0.5191313028335571,27
pydata__xarray-4629,xarray/tests/test_concat.py,0.6956275701522827,8
pydata__xarray-4629,xarray/core/dataset.py,0.6822351217269897,9
pydata__xarray-4629,xarray/tests/test_dataset.py,0.5617918968200684,19
pydata__xarray-4629,xarray/core/coordinates.py,0.5732962489128113,14
pydata__xarray-4629,xarray/core/concat.py,0.7398737668991089,5
pydata__xarray-4629,xarray/tests/test_options.py,0.6989257335662842,7
pydata__xarray-4629,xarray/tests/test_variable.py,0.5656346678733826,18
pydata__xarray-4629,xarray/backends/api.py,0.7428696751594543,4
pydata__xarray-4629,asv_bench/benchmarks/combine.py,0.454811155796051,43
pydata__xarray-4629,xarray/tests/test_units.py,0.5347096920013428,23
pydata__xarray-4629,xarray/core/rolling.py,0.49375033378601074,33
pydata__xarray-4629,xarray/core/variable.py,0.6091521978378296,12
pydata__xarray-4629,xarray/core/common.py,0.622092068195343,11
pydata__xarray-4629,xarray/core/computation.py,0.5941745638847351,13
pydata__xarray-4629,xarray/tests/test_computation.py,0.5249791741371155,24
pydata__xarray-4629,xarray/backends/h5netcdf_.py,0.47618991136550903,37
pydata__xarray-4629,xarray/tests/test_dask.py,0.4645129144191742,39
pydata__xarray-4629,xarray/core/alignment.py,0.6366694569587708,10
pydata__xarray-4629,xarray/backends/memory.py,0.5113261938095093,30
pydata__xarray-4629,xarray/core/parallel.py,0.4703473448753357,38
pydata__xarray-4629,xarray/tests/test_dataarray.py,0.5713839530944824,15
pydata__xarray-4629,xarray/tests/test_groupby.py,0.40131235122680664,49
pydata__xarray-4629,xarray/core/dataarray.py,0.5230305790901184,25
pydata__xarray-4629,xarray/core/groupby.py,0.47618991136550903,37
pydata__xarray-4629,xarray/coding/variables.py,0.5015625357627869,31
pydata__xarray-4629,xarray/core/utils.py,0.5521534085273743,21
pydata__xarray-4629,xarray/core/ops.py,0.5540844202041626,20
pydata__xarray-4629,xarray/backends/common.py,0.5424755215644836,22
pydata__xarray-4629,xarray/tests/test_ufuncs.py,0.454811155796051,43
pydata__xarray-4629,xarray/core/arithmetic.py,0.49179762601852417,34
pydata__xarray-4629,xarray/convert.py,0.5656346678733826,18
pydata__xarray-4629,xarray/core/options.py,0.49960941076278687,32
pydata__xarray-4629,xarray/backends/pydap_.py,0.4355173707008362,46
pydata__xarray-4629,xarray/conventions.py,0.5694696307182312,16
pydata__xarray-4629,xarray/tests/test_formatting.py,0.4625701606273651,40
pydata__xarray-4629,xarray/core/resample.py,0.5132781267166138,29
pydata__xarray-4629,xarray/backends/zarr.py,0.4839898645877838,35
pydata__xarray-4629,xarray/tests/test_extensions.py,0.4586881399154663,41
pydata__xarray-4629,xarray/core/extensions.py,0.4470740258693695,45
pydata__xarray-4629,xarray/core/weighted.py,0.5132781267166138,29
pydata__xarray-4629,xarray/core/indexes.py,0.4126248061656952,48
pydata__xarray-4629,xarray/tests/test_sparse.py,0.4509396255016327,44
pydata__xarray-4629,xarray/core/duck_array_ops.py,0.3680422008037567,50
pydata__xarray-4629,xarray/backends/netCDF4_.py,0.5191313028335571,27
pydata__xarray-4629,xarray/ufuncs.py,0.43168002367019653,47
pydata__xarray-4683,xarray/core/common.py,0.7817308306694031,1
pydata__xarray-4683,xarray/core/variable.py,0.622092068195343,5
pydata__xarray-4683,xarray/core/npcompat.py,0.5113261938095093,34
pydata__xarray-4683,xarray/core/arithmetic.py,0.6054258346557617,7
pydata__xarray-4683,xarray/core/dataarray.py,0.6366694569587708,3
pydata__xarray-4683,xarray/tests/test_ufuncs.py,0.5405358076095581,24
pydata__xarray-4683,xarray/core/ops.py,0.5941745638847351,10
pydata__xarray-4683,xarray/ufuncs.py,0.633047342300415,4
pydata__xarray-4683,xarray/core/indexing.py,0.47424158453941345,46
pydata__xarray-4683,xarray/core/utils.py,0.5713839530944824,16
pydata__xarray-4683,xarray/tests/test_dataarray.py,0.6165664792060852,6
pydata__xarray-4683,xarray/convert.py,0.6438668966293335,2
pydata__xarray-4683,xarray/conventions.py,0.5540844202041626,21
pydata__xarray-4683,xarray/core/duck_array_ops.py,0.49960941076278687,40
pydata__xarray-4683,xarray/tests/test_sparse.py,0.5828235149383545,12
pydata__xarray-4683,xarray/tests/test_computation.py,0.5366528630256653,25
pydata__xarray-4683,xarray/core/computation.py,0.5540844202041626,21
pydata__xarray-4683,xarray/core/dtypes.py,0.5752062797546387,14
pydata__xarray-4683,xarray/tests/test_duck_array_ops.py,0.5771140456199646,13
pydata__xarray-4683,xarray/tests/test_dask.py,0.49765628576278687,41
pydata__xarray-4683,xarray/coding/strings.py,0.5347096920013428,27
pydata__xarray-4683,xarray/coding/variables.py,0.6035580039024353,8
pydata__xarray-4683,xarray/tests/test_utils.py,0.5093739032745361,36
pydata__xarray-4683,xarray/tests/test_conventions.py,0.5093739032745361,36
pydata__xarray-4683,xarray/tests/test_backends.py,0.5828235149383545,12
pydata__xarray-4683,xarray/tests/test_interp.py,0.5521534085273743,23
pydata__xarray-4683,xarray/tests/test_dtypes.py,0.5713839530944824,16
pydata__xarray-4683,xarray/core/accessor_dt.py,0.5521534085273743,23
pydata__xarray-4683,xarray/core/dataset.py,0.5152297019958496,33
pydata__xarray-4683,xarray/tests/test_dataset.py,0.5979365706443787,9
pydata__xarray-4683,xarray/backends/netCDF4_.py,0.5598676800727844,19
pydata__xarray-4683,xarray/tests/test_units.py,0.5054685473442078,38
pydata__xarray-4683,xarray/core/dask_array_compat.py,0.42021888494491577,48
pydata__xarray-4683,xarray/core/missing.py,0.5249791741371155,30
pydata__xarray-4683,xarray/core/groupby.py,0.5074213147163391,37
pydata__xarray-4683,xarray/tests/test_variable.py,0.49960941076278687,40
pydata__xarray-4683,xarray/tests/test_accessor_dt.py,0.4839898645877838,44
pydata__xarray-4683,asv_bench/benchmarks/reindexing.py,0.3901040256023407,49
pydata__xarray-4683,xarray/tests/test_options.py,0.4878930151462555,43
pydata__xarray-4683,properties/test_pandas_roundtrip.py,0.4509396255016327,47
pydata__xarray-4683,xarray/__init__.py,0.5152297019958496,33
pydata__xarray-4683,asv_bench/benchmarks/pandas.py,0.34651920199394226,50
pydata__xarray-4683,xarray/core/combine.py,0.4781389832496643,45
pydata__xarray-4683,xarray/core/nanops.py,0.5347096920013428,27
pydata__xarray-4683,xarray/core/parallel.py,0.49179762601852417,42
pydata__xarray-4683,xarray/backends/zarr.py,0.5675531625747681,17
pydata__xarray-4683,xarray/testing.py,0.5327655076980591,28
pydata__xarray-4683,xarray/core/nputils.py,0.521081268787384,31
pydata__xarray-4683,xarray/tests/test_accessor_str.py,0.5656346678733826,18
pydata__xarray-4683,xarray/tests/test_missing.py,0.5308202505111694,29
pydata__xarray-4684,xarray/coding/times.py,0.6856127977371216,4
pydata__xarray-4684,xarray/tests/test_backends.py,0.7947674989700317,1
pydata__xarray-4684,xarray/tests/test_conventions.py,0.6348603367805481,14
pydata__xarray-4684,xarray/tests/test_coding_times.py,0.6402760744094849,11
pydata__xarray-4684,xarray/conventions.py,0.6275860667228699,19
pydata__xarray-4684,xarray/core/accessor_dt.py,0.7135114669799805,2
pydata__xarray-4684,xarray/coding/cftimeindex.py,0.650999903678894,9
pydata__xarray-4684,asv_bench/benchmarks/dataset_io.py,0.6402760744094849,11
pydata__xarray-4684,xarray/core/dataset.py,0.5941745638847351,34
pydata__xarray-4684,xarray/backends/zarr.py,0.5998133420944214,32
pydata__xarray-4684,xarray/tests/test_variable.py,0.6239269375801086,22
pydata__xarray-4684,xarray/tests/test_cftimeindex.py,0.6275860667228699,19
pydata__xarray-4684,xarray/backends/netCDF4_.py,0.6348603367805481,14
pydata__xarray-4684,xarray/convert.py,0.6685341000556946,6
pydata__xarray-4684,xarray/backends/api.py,0.6563059091567993,8
pydata__xarray-4684,xarray/core/duck_array_ops.py,0.6184117794036865,25
pydata__xarray-4684,xarray/core/dataarray.py,0.6563059091567993,8
pydata__xarray-4684,xarray/tests/test_coding.py,0.5771140456199646,40
pydata__xarray-4684,xarray/tests/test_dataset.py,0.5656346678733826,43
pydata__xarray-4684,xarray/coding/variables.py,0.6054258346557617,30
pydata__xarray-4684,xarray/core/resample_cftime.py,0.6312306523323059,16
pydata__xarray-4684,xarray/tests/test_duck_array_ops.py,0.6128658652305603,28
pydata__xarray-4684,xarray/tests/test_accessor_dt.py,0.6110106706619263,29
pydata__xarray-4684,xarray/backends/apiv2.py,0.6016871333122253,31
pydata__xarray-4684,xarray/tests/test_missing.py,0.5694696307182312,42
pydata__xarray-4684,xarray/tests/test_dataarray.py,0.622092068195343,23
pydata__xarray-4684,xarray/backends/common.py,0.6128658652305603,28
pydata__xarray-4684,xarray/coding/strings.py,0.5752062797546387,41
pydata__xarray-4684,xarray/coding/cftime_offsets.py,0.5885108113288879,36
pydata__xarray-4684,properties/test_encode_decode.py,0.5637142658233643,44
pydata__xarray-4684,xarray/coding/frequencies.py,0.6128658652305603,28
pydata__xarray-4684,xarray/backends/scipy_.py,0.6202536225318909,24
pydata__xarray-4684,xarray/backends/h5netcdf_.py,0.6872942447662354,3
pydata__xarray-4684,xarray/core/common.py,0.633047342300415,15
pydata__xarray-4684,xarray/tests/test_distributed.py,0.6257582902908325,21
pydata__xarray-4684,xarray/backends/pynio_.py,0.6685341000556946,6
pydata__xarray-4684,xarray/tests/test_interp.py,0.6348603367805481,14
pydata__xarray-4684,properties/test_pandas_roundtrip.py,0.5847217440605164,38
pydata__xarray-4684,xarray/backends/netcdf3.py,0.5790196061134338,39
pydata__xarray-4684,xarray/core/variable.py,0.6294102072715759,17
pydata__xarray-4684,xarray/tests/test_cftimeindex_resample.py,0.5444138646125793,45
pydata__xarray-4684,asv_bench/benchmarks/reindexing.py,0.48008865118026733,50
pydata__xarray-4684,xarray/tests/test_utils.py,0.5288740992546082,46
pydata__xarray-4684,xarray/tests/test_formatting.py,0.5847217440605164,38
pydata__xarray-4684,asv_bench/benchmarks/dataarray_missing.py,0.4839898645877838,49
pydata__xarray-4684,xarray/backends/__init__.py,0.5979365706443787,33
pydata__xarray-4684,asv_bench/benchmarks/indexing.py,0.5230305790901184,47
pydata__xarray-4684,xarray/core/dtypes.py,0.6257582902908325,21
pydata__xarray-4684,xarray/core/resample.py,0.521081268787384,48
pydata__xarray-4684,xarray/core/missing.py,0.5904014110565186,35
pydata__xarray-4687,xarray/tests/test_dataset.py,0.7524493932723999,5
pydata__xarray-4687,xarray/core/common.py,0.6737070679664612,17
pydata__xarray-4687,xarray/tests/test_dataarray.py,0.7810635566711426,2
pydata__xarray-4687,xarray/tests/test_options.py,0.787015974521637,1
pydata__xarray-4687,xarray/tests/test_computation.py,0.7803948521614075,3
pydata__xarray-4687,xarray/core/ops.py,0.7495274543762207,6
pydata__xarray-4687,xarray/tests/test_groupby.py,0.5998133420944214,30
pydata__xarray-4687,xarray/core/weighted.py,0.6563059091567993,19
pydata__xarray-4687,xarray/tests/test_units.py,0.6872942447662354,14
pydata__xarray-4687,xarray/tests/test_variable.py,0.6474416255950928,22
pydata__xarray-4687,xarray/core/variable.py,0.7086966633796692,10
pydata__xarray-4687,xarray/core/computation.py,0.7054604887962341,11
pydata__xarray-4687,xarray/core/dataarray.py,0.6839264035224915,15
pydata__xarray-4687,xarray/tests/test_coarsen.py,0.7214292883872986,8
pydata__xarray-4687,xarray/core/_reductions.py,0.7451017498970032,7
pydata__xarray-4687,xarray/tests/test_duck_array_ops.py,0.6420735120773315,24
pydata__xarray-4687,xarray/core/arithmetic.py,0.7095024585723877,9
pydata__xarray-4687,xarray/convert.py,0.6312306523323059,28
pydata__xarray-4687,xarray/core/dataset.py,0.5885108113288879,32
pydata__xarray-4687,xarray/ufuncs.py,0.7005671858787537,12
pydata__xarray-4687,xarray/tests/test_ufuncs.py,0.6492228507995605,21
pydata__xarray-4687,xarray/core/duck_array_ops.py,0.6906425356864929,13
pydata__xarray-4687,xarray/tests/test_sparse.py,0.6456562876701355,23
pydata__xarray-4687,xarray/tests/test_missing.py,0.6128658652305603,29
pydata__xarray-4687,xarray/tests/test_cupy.py,0.5113261938095093,49
pydata__xarray-4687,xarray/tests/test_dask.py,0.5308202505111694,44
pydata__xarray-4687,xarray/tests/test_merge.py,0.5828235149383545,34
pydata__xarray-4687,xarray/coding/variables.py,0.638474702835083,25
pydata__xarray-4687,xarray/core/groupby.py,0.6702630519866943,18
pydata__xarray-4687,xarray/core/_typed_ops.py,0.5790196061134338,35
pydata__xarray-4687,xarray/tests/test_weighted.py,0.5191313028335571,46
pydata__xarray-4687,xarray/core/nanops.py,0.5598676800727844,38
pydata__xarray-4687,xarray/core/merge.py,0.6312306523323059,28
pydata__xarray-4687,xarray/core/indexing.py,0.5598676800727844,38
pydata__xarray-4687,xarray/core/parallel.py,0.5979365706443787,31
pydata__xarray-4687,xarray/core/options.py,0.7688025832176208,4
pydata__xarray-4687,xarray/tests/test_conventions.py,0.5191313028335571,46
pydata__xarray-4687,xarray/core/types.py,0.5444138646125793,41
pydata__xarray-4687,xarray/core/rolling.py,0.6771324872970581,16
pydata__xarray-4687,xarray/core/concat.py,0.5598676800727844,38
pydata__xarray-4687,xarray/util/generate_ops.py,0.6312306523323059,28
pydata__xarray-4687,xarray/tests/test_concat.py,0.5828235149383545,34
pydata__xarray-4687,xarray/tests/test_backends.py,0.5366528630256653,42
pydata__xarray-4687,xarray/tests/test_combine.py,0.5540844202041626,40
pydata__xarray-4687,xarray/backends/pydap_.py,0.5171807408332825,47
pydata__xarray-4687,xarray/core/dask_array_compat.py,0.49375033378601074,50
pydata__xarray-4687,xarray/tests/__init__.py,0.5347096920013428,43
pydata__xarray-4687,xarray/core/nputils.py,0.5560138821601868,39
pydata__xarray-4687,xarray/core/rolling_exp.py,0.6492228507995605,21
pydata__xarray-4687,xarray/tests/test_extensions.py,0.5152297019958496,48
pydata__xarray-4695,xarray/tests/test_dataset.py,0.716694712638855,1
pydata__xarray-4695,xarray/tests/test_dataarray.py,0.6685341000556946,3
pydata__xarray-4695,xarray/core/indexing.py,0.650999903678894,5
pydata__xarray-4695,xarray/core/dataset.py,0.6257582902908325,12
pydata__xarray-4695,xarray/core/dataarray.py,0.6580659747123718,4
pydata__xarray-4695,xarray/tests/test_interp.py,0.6054258346557617,18
pydata__xarray-4695,xarray/core/variable.py,0.633047342300415,10
pydata__xarray-4695,xarray/core/common.py,0.6420735120773315,8
pydata__xarray-4695,xarray/core/missing.py,0.5847217440605164,23
pydata__xarray-4695,xarray/tests/test_variable.py,0.6366694569587708,9
pydata__xarray-4695,xarray/tests/test_indexing.py,0.5752062797546387,26
pydata__xarray-4695,xarray/tests/test_missing.py,0.6492228507995605,7
pydata__xarray-4695,xarray/core/alignment.py,0.6257582902908325,12
pydata__xarray-4695,xarray/tests/test_units.py,0.6492228507995605,7
pydata__xarray-4695,xarray/tests/test_computation.py,0.5308202505111694,39
pydata__xarray-4695,xarray/core/coordinates.py,0.5598676800727844,28
pydata__xarray-4695,xarray/core/computation.py,0.6202536225318909,15
pydata__xarray-4695,xarray/core/utils.py,0.5847217440605164,23
pydata__xarray-4695,xarray/core/groupby.py,0.5327655076980591,37
pydata__xarray-4695,xarray/core/merge.py,0.5385949611663818,34
pydata__xarray-4695,xarray/coding/cftimeindex.py,0.6239269375801086,13
pydata__xarray-4695,xarray/core/ops.py,0.6856127977371216,2
pydata__xarray-4695,xarray/tests/test_plot.py,0.5828235149383545,24
pydata__xarray-4695,xarray/plot/utils.py,0.5269270539283752,43
pydata__xarray-4695,xarray/core/indexes.py,0.5366528630256653,36
pydata__xarray-4695,xarray/tests/test_cftimeindex.py,0.6128658652305603,16
pydata__xarray-4695,xarray/tests/test_groupby.py,0.5152297019958496,44
pydata__xarray-4695,xarray/tests/test_concat.py,0.5502207279205322,31
pydata__xarray-4695,xarray/tests/test_utils.py,0.49179762601852417,48
pydata__xarray-4695,asv_bench/benchmarks/reindexing.py,0.47229403257369995,50
pydata__xarray-4695,xarray/core/concat.py,0.5694696307182312,27
pydata__xarray-4695,xarray/tests/test_sparse.py,0.5941745638847351,19
pydata__xarray-4695,xarray/tests/test_combine.py,0.6202536225318909,15
pydata__xarray-4695,xarray/backends/api.py,0.5366528630256653,36
pydata__xarray-4695,xarray/tests/test_accessor_str.py,0.5847217440605164,23
pydata__xarray-4695,xarray/convert.py,0.6072905659675598,17
pydata__xarray-4695,xarray/tests/test_accessor_dt.py,0.5904014110565186,20
pydata__xarray-4695,xarray/tests/test_duck_array_ops.py,0.5015625357627869,47
pydata__xarray-4695,asv_bench/benchmarks/indexing.py,0.4820389747619629,49
pydata__xarray-4695,xarray/backends/zarr.py,0.5809227228164673,25
pydata__xarray-4695,xarray/backends/netCDF4_.py,0.5540844202041626,30
pydata__xarray-4695,xarray/tests/test_dask.py,0.5269270539283752,43
pydata__xarray-4695,xarray/tests/test_formatting_html.py,0.5385949611663818,34
pydata__xarray-4695,xarray/core/weighted.py,0.5308202505111694,39
pydata__xarray-4695,xarray/tests/test_backends.py,0.5288740992546082,41
pydata__xarray-4695,xarray/core/accessor_dt.py,0.5560138821601868,29
pydata__xarray-4695,xarray/core/rolling.py,0.5093739032745361,45
pydata__xarray-4695,xarray/tests/test_conventions.py,0.5288740992546082,41
pydata__xarray-4695,xarray/coding/variables.py,0.5405358076095581,32
pydata__xarray-4695,xarray/core/duck_array_ops.py,0.5035156011581421,46
pydata__xarray-4750,xarray/tests/test_dataset.py,0.7182783484458923,3
pydata__xarray-4750,xarray/core/formatting.py,0.7729422450065613,1
pydata__xarray-4750,xarray/tests/test_formatting.py,0.6598217487335205,5
pydata__xarray-4750,xarray/core/formatting_html.py,0.7095024585723877,4
pydata__xarray-4750,xarray/tests/test_formatting_html.py,0.5960569977760315,8
pydata__xarray-4750,xarray/core/dataset.py,0.5269270539283752,22
pydata__xarray-4750,xarray/core/common.py,0.5054685473442078,33
pydata__xarray-4750,xarray/tests/test_cftimeindex.py,0.5385949611663818,19
pydata__xarray-4750,xarray/tests/test_dataarray.py,0.633047342300415,6
pydata__xarray-4750,xarray/tests/test_dask.py,0.5482865571975708,16
pydata__xarray-4750,xarray/core/options.py,0.7451017498970032,2
pydata__xarray-4750,xarray/core/concat.py,0.54635089635849,17
pydata__xarray-4750,xarray/core/variable.py,0.5074213147163391,32
pydata__xarray-4750,xarray/util/print_versions.py,0.49960941076278687,35
pydata__xarray-4750,xarray/core/dataarray.py,0.5941745638847351,9
pydata__xarray-4750,xarray/tests/test_variable.py,0.5579416155815125,13
pydata__xarray-4750,doc/conf.py,0.47229403257369995,41
pydata__xarray-4750,xarray/tests/test_options.py,0.5444138646125793,18
pydata__xarray-4750,xarray/backends/memory.py,0.5230305790901184,23
pydata__xarray-4750,xarray/tests/test_groupby.py,0.5521534085273743,15
pydata__xarray-4750,xarray/coding/cftimeindex.py,0.5752062797546387,10
pydata__xarray-4750,xarray/backends/common.py,0.5113261938095093,28
pydata__xarray-4750,xarray/convert.py,0.5113261938095093,28
pydata__xarray-4750,xarray/core/merge.py,0.5191313028335571,25
pydata__xarray-4750,xarray/__init__.py,0.4703473448753357,43
pydata__xarray-4750,xarray/testing.py,0.4509396255016327,46
pydata__xarray-4750,xarray/plot/facetgrid.py,0.5132781267166138,26
pydata__xarray-4750,xarray/conventions.py,0.5191313028335571,25
pydata__xarray-4750,xarray/plot/plot.py,0.5327655076980591,21
pydata__xarray-4750,asv_bench/benchmarks/indexing.py,0.48594123125076294,39
pydata__xarray-4750,xarray/tests/test_plot.py,0.5093739032745361,29
pydata__xarray-4750,asv_bench/benchmarks/combine.py,0.408843070268631,49
pydata__xarray-4750,xarray/tests/test_print_versions.py,0.454811155796051,45
pydata__xarray-4750,xarray/core/groupby.py,0.48594123125076294,39
pydata__xarray-4750,doc/examples/_code/accessor_example.py,0.37168383598327637,50
pydata__xarray-4750,xarray/core/coordinates.py,0.5598676800727844,12
pydata__xarray-4750,xarray/backends/zarr.py,0.4703473448753357,43
pydata__xarray-4750,xarray/tests/test_sparse.py,0.6147178411483765,7
pydata__xarray-4750,xarray/core/parallel.py,0.5074213147163391,32
pydata__xarray-4750,xarray/core/utils.py,0.4820389747619629,40
pydata__xarray-4750,properties/test_pandas_roundtrip.py,0.43168002367019653,48
pydata__xarray-4750,xarray/core/combine.py,0.48594123125076294,39
pydata__xarray-4750,xarray/core/computation.py,0.5675531625747681,11
pydata__xarray-4750,xarray/backends/api.py,0.5540844202041626,14
pydata__xarray-4750,xarray/tests/test_concat.py,0.4432148039340973,47
pydata__xarray-4750,xarray/core/indexes.py,0.46840155124664307,44
pydata__xarray-4750,xarray/plot/dataset_plot.py,0.5074213147163391,32
pydata__xarray-4750,xarray/tutorial.py,0.5035156011581421,34
pydata__xarray-4750,xarray/tests/test_backends.py,0.4878930151462555,36
pydata__xarray-4750,xarray/coding/variables.py,0.5327655076980591,21
pydata__xarray-4758,xarray/tests/test_cftimeindex.py,0.6906425356864929,6
pydata__xarray-4758,xarray/tests/test_cftime_offsets.py,0.712712287902832,4
pydata__xarray-4758,xarray/coding/cftime_offsets.py,0.7368552684783936,2
pydata__xarray-4758,xarray/coding/cftimeindex.py,0.7237783074378967,3
pydata__xarray-4758,xarray/coding/frequencies.py,0.7736271023750305,1
pydata__xarray-4758,xarray/tests/test_cftimeindex_resample.py,0.6165664792060852,10
pydata__xarray-4758,xarray/core/resample_cftime.py,0.7086966633796692,5
pydata__xarray-4758,xarray/coding/times.py,0.6650626063346863,8
pydata__xarray-4758,xarray/tests/test_coding_times.py,0.6438668966293335,9
pydata__xarray-4758,xarray/tests/test_accessor_dt.py,0.5752062797546387,14
pydata__xarray-4758,xarray/core/accessor_dt.py,0.5656346678733826,18
pydata__xarray-4758,xarray/tests/test_duck_array_ops.py,0.5444138646125793,22
pydata__xarray-4758,xarray/tests/test_interp.py,0.6091521978378296,11
pydata__xarray-4758,xarray/tests/test_backends.py,0.5249791741371155,28
pydata__xarray-4758,xarray/tests/test_utils.py,0.5752062797546387,14
pydata__xarray-4758,xarray/tests/test_missing.py,0.5694696307182312,17
pydata__xarray-4758,xarray/core/common.py,0.5308202505111694,25
pydata__xarray-4758,xarray/tests/test_variable.py,0.4781389832496643,35
pydata__xarray-4758,xarray/tests/test_conventions.py,0.54635089635849,21
pydata__xarray-4758,xarray/core/duck_array_ops.py,0.5347096920013428,24
pydata__xarray-4758,xarray/tests/test_indexing.py,0.4470740258693695,42
pydata__xarray-4758,asv_bench/benchmarks/indexing.py,0.47424158453941345,37
pydata__xarray-4758,xarray/tests/test_dataset.py,0.5694696307182312,17
pydata__xarray-4758,xarray/tests/test_plot.py,0.5074213147163391,30
pydata__xarray-4758,xarray/conventions.py,0.5637142658233643,19
pydata__xarray-4758,xarray/convert.py,0.5732962489128113,15
pydata__xarray-4758,asv_bench/benchmarks/pandas.py,0.3901040256023407,49
pydata__xarray-4758,xarray/tests/test_coding.py,0.5132781267166138,29
pydata__xarray-4758,xarray/tests/test_accessor_str.py,0.4355173707008362,43
pydata__xarray-4758,asv_bench/benchmarks/dataarray_missing.py,0.42021888494491577,45
pydata__xarray-4758,xarray/tests/test_formatting.py,0.4878930151462555,34
pydata__xarray-4758,asv_bench/benchmarks/reindexing.py,0.454811155796051,41
pydata__xarray-4758,xarray/coding/variables.py,0.5249791741371155,28
pydata__xarray-4758,xarray/tests/test_combine.py,0.5579416155815125,20
pydata__xarray-4758,xarray/core/resample.py,0.4645129144191742,40
pydata__xarray-4758,asv_bench/benchmarks/interp.py,0.40131235122680664,48
pydata__xarray-4758,xarray/tests/test_dataarray.py,0.46840155124664307,39
pydata__xarray-4758,xarray/core/indexing.py,0.49765628576278687,33
pydata__xarray-4758,asv_bench/benchmarks/dataset_io.py,0.5054685473442078,31
pydata__xarray-4758,properties/test_encode_decode.py,0.4240303635597229,44
pydata__xarray-4758,xarray/core/utils.py,0.5771140456199646,12
pydata__xarray-4758,xarray/core/dataset.py,0.46840155124664307,39
pydata__xarray-4758,xarray/__init__.py,0.6650626063346863,8
pydata__xarray-4758,xarray/plot/utils.py,0.4050721228122711,47
pydata__xarray-4758,xarray/core/formatting.py,0.47618991136550903,36
pydata__xarray-4758,asv_bench/benchmarks/rolling.py,0.3863929510116577,50
pydata__xarray-4758,xarray/core/missing.py,0.5405358076095581,23
pydata__xarray-4758,xarray/core/indexes.py,0.41641688346862793,46
pydata__xarray-4758,xarray/core/dataarray.py,0.5249791741371155,28
pydata__xarray-4758,xarray/core/dtypes.py,0.49960941076278687,32
pydata__xarray-4759,xarray/tests/test_concat.py,0.6906425356864929,8
pydata__xarray-4759,xarray/core/concat.py,0.7624948024749756,1
pydata__xarray-4759,xarray/tests/test_variable.py,0.6580659747123718,19
pydata__xarray-4759,xarray/tests/test_units.py,0.6633201241493225,16
pydata__xarray-4759,xarray/tests/test_combine.py,0.6275860667228699,28
pydata__xarray-4759,xarray/core/combine.py,0.6923092603683472,7
pydata__xarray-4759,xarray/core/coordinates.py,0.7473210096359253,2
pydata__xarray-4759,xarray/conventions.py,0.6438668966293335,25
pydata__xarray-4759,xarray/core/merge.py,0.6923092603683472,7
pydata__xarray-4759,xarray/coding/strings.py,0.6771324872970581,10
pydata__xarray-4759,xarray/core/dataarray.py,0.6889709234237671,9
pydata__xarray-4759,xarray/tests/test_dataset.py,0.622092068195343,32
pydata__xarray-4759,xarray/tests/test_sparse.py,0.6615731120109558,18
pydata__xarray-4759,xarray/core/dataset.py,0.6348603367805481,27
pydata__xarray-4759,xarray/tests/test_computation.py,0.6492228507995605,23
pydata__xarray-4759,xarray/tests/test_dtypes.py,0.6545414924621582,21
pydata__xarray-4759,xarray/core/dtypes.py,0.7111100554466248,3
pydata__xarray-4759,xarray/core/variable.py,0.6615731120109558,18
pydata__xarray-4759,xarray/tests/test_coding_strings.py,0.6239269375801086,29
pydata__xarray-4759,xarray/tests/test_dataarray.py,0.622092068195343,32
pydata__xarray-4759,xarray/tests/test_backends.py,0.6650626063346863,14
pydata__xarray-4759,xarray/core/common.py,0.7086966633796692,4
pydata__xarray-4759,xarray/tests/test_dask.py,0.6438668966293335,25
pydata__xarray-4759,xarray/tests/test_groupby.py,0.54635089635849,48
pydata__xarray-4759,asv_bench/benchmarks/combine.py,0.5694696307182312,44
pydata__xarray-4759,xarray/tests/test_conventions.py,0.6685341000556946,13
pydata__xarray-4759,xarray/tests/test_ufuncs.py,0.5941745638847351,40
pydata__xarray-4759,xarray/tests/test_merge.py,0.6016871333122253,38
pydata__xarray-4759,xarray/core/groupby.py,0.622092068195343,32
pydata__xarray-4759,xarray/convert.py,0.6633201241493225,16
pydata__xarray-4759,xarray/backends/api.py,0.6737070679664612,11
pydata__xarray-4759,xarray/backends/netCDF4_.py,0.650999903678894,22
pydata__xarray-4759,xarray/core/duck_array_ops.py,0.5790196061134338,43
pydata__xarray-4759,xarray/tests/test_duck_array_ops.py,0.6147178411483765,35
pydata__xarray-4759,xarray/tests/test_utils.py,0.5540844202041626,47
pydata__xarray-4759,properties/test_pandas_roundtrip.py,0.5424755215644836,50
pydata__xarray-4759,xarray/core/alignment.py,0.6685341000556946,13
pydata__xarray-4759,xarray/coding/variables.py,0.6545414924621582,21
pydata__xarray-4759,xarray/tests/test_formatting.py,0.6956275701522827,5
pydata__xarray-4759,xarray/testing.py,0.638474702835083,26
pydata__xarray-4759,xarray/core/parallel.py,0.6091521978378296,36
pydata__xarray-4759,xarray/core/computation.py,0.6054258346557617,37
pydata__xarray-4759,xarray/core/arithmetic.py,0.6147178411483765,35
pydata__xarray-4759,xarray/core/indexing.py,0.5540844202041626,47
pydata__xarray-4759,xarray/core/ops.py,0.6147178411483765,35
pydata__xarray-4759,xarray/core/accessor_str.py,0.5656346678733826,45
pydata__xarray-4759,xarray/core/indexes.py,0.5444138646125793,49
pydata__xarray-4759,xarray/tests/test_accessor_str.py,0.5790196061134338,43
pydata__xarray-4759,xarray/tests/test_coding.py,0.5922893285751343,41
pydata__xarray-4759,xarray/core/rolling.py,0.5941745638847351,40
pydata__xarray-4767,xarray/tests/test_dataset.py,0.7531762719154358,1
pydata__xarray-4767,xarray/tests/test_variable.py,0.5885108113288879,8
pydata__xarray-4767,xarray/core/dataset.py,0.6294102072715759,6
pydata__xarray-4767,xarray/core/dataarray.py,0.6668006181716919,3
pydata__xarray-4767,xarray/tests/test_dataarray.py,0.6856127977371216,2
pydata__xarray-4767,xarray/core/variable.py,0.633047342300415,5
pydata__xarray-4767,xarray/core/computation.py,0.6545414924621582,4
pydata__xarray-4767,xarray/core/npcompat.py,0.5366528630256653,13
pydata__xarray-4767,xarray/core/indexing.py,0.49179762601852417,30
pydata__xarray-4767,xarray/core/alignment.py,0.5482865571975708,11
pydata__xarray-4767,xarray/tests/test_computation.py,0.5093739032745361,23
pydata__xarray-4767,xarray/core/groupby.py,0.54635089635849,12
pydata__xarray-4767,xarray/core/common.py,0.5885108113288879,8
pydata__xarray-4767,xarray/tests/test_units.py,0.5113261938095093,21
pydata__xarray-4767,xarray/core/parallel.py,0.49765628576278687,28
pydata__xarray-4767,xarray/tests/test_indexing.py,0.5269270539283752,18
pydata__xarray-4767,xarray/tests/test_interp.py,0.5308202505111694,16
pydata__xarray-4767,xarray/core/combine.py,0.4470740258693695,44
pydata__xarray-4767,xarray/tests/test_concat.py,0.5015625357627869,25
pydata__xarray-4767,xarray/core/concat.py,0.5308202505111694,16
pydata__xarray-4767,xarray/core/coordinates.py,0.5828235149383545,9
pydata__xarray-4767,xarray/tests/test_dask.py,0.4820389747619629,35
pydata__xarray-4767,xarray/core/ops.py,0.5054685473442078,24
pydata__xarray-4767,asv_bench/benchmarks/reindexing.py,0.393827885389328,50
pydata__xarray-4767,xarray/tests/test_sparse.py,0.4586881399154663,42
pydata__xarray-4767,xarray/tests/test_ufuncs.py,0.48008865118026733,36
pydata__xarray-4767,xarray/testing.py,0.5327655076980591,14
pydata__xarray-4767,xarray/tests/test_backends.py,0.49179762601852417,30
pydata__xarray-4767,xarray/core/missing.py,0.5521534085273743,10
pydata__xarray-4767,xarray/core/nputils.py,0.49960941076278687,26
pydata__xarray-4767,xarray/core/utils.py,0.4898451566696167,31
pydata__xarray-4767,xarray/core/merge.py,0.5191313028335571,20
pydata__xarray-4767,xarray/core/indexes.py,0.4878930151462555,33
pydata__xarray-4767,xarray/core/rolling.py,0.4839898645877838,34
pydata__xarray-4767,xarray/tests/test_groupby.py,0.4355173707008362,45
pydata__xarray-4767,xarray/core/duck_array_ops.py,0.5288740992546082,17
pydata__xarray-4767,asv_bench/benchmarks/unstacking.py,0.3975641429424286,48
pydata__xarray-4767,xarray/backends/zarr.py,0.4878930151462555,33
pydata__xarray-4767,xarray/tests/test_combine.py,0.4781389832496643,38
pydata__xarray-4767,asv_bench/benchmarks/indexing.py,0.46840155124664307,40
pydata__xarray-4767,xarray/core/arithmetic.py,0.4781389832496643,38
pydata__xarray-4767,xarray/tests/test_nputils.py,0.40131235122680664,47
pydata__xarray-4767,xarray/tests/test_duck_array_ops.py,0.5093739032745361,23
pydata__xarray-4767,xarray/backends/api.py,0.4645129144191742,41
pydata__xarray-4767,xarray/tests/test_missing.py,0.454811155796051,43
pydata__xarray-4767,xarray/core/dask_array_ops.py,0.393827885389328,50
pydata__xarray-4767,xarray/convert.py,0.49765628576278687,28
pydata__xarray-4767,xarray/ufuncs.py,0.5230305790901184,19
pydata__xarray-4767,properties/test_pandas_roundtrip.py,0.42021888494491577,46
pydata__xarray-4767,xarray/tests/test_formatting.py,0.47618991136550903,39
pydata__xarray-4802,xarray/coding/variables.py,0.7458429336547852,3
pydata__xarray-4802,xarray/conventions.py,0.7736271023750305,1
pydata__xarray-4802,xarray/tests/test_conventions.py,0.6402760744094849,7
pydata__xarray-4802,xarray/tests/test_coding.py,0.6016871333122253,13
pydata__xarray-4802,properties/test_encode_decode.py,0.5598676800727844,16
pydata__xarray-4802,xarray/backends/api.py,0.6989257335662842,6
pydata__xarray-4802,xarray/convert.py,0.7465826869010925,2
pydata__xarray-4802,xarray/backends/zarr.py,0.7182783484458923,4
pydata__xarray-4802,xarray/tests/test_backends.py,0.5579416155815125,18
pydata__xarray-4802,xarray/coding/strings.py,0.5249791741371155,21
pydata__xarray-4802,xarray/tests/test_coding_times.py,0.5152297019958496,24
pydata__xarray-4802,xarray/backends/netCDF4_.py,0.6128658652305603,12
pydata__xarray-4802,xarray/backends/apiv2.py,0.5922893285751343,14
pydata__xarray-4802,xarray/coding/times.py,0.5327655076980591,20
pydata__xarray-4802,xarray/tests/test_coding_strings.py,0.46645671129226685,36
pydata__xarray-4802,xarray/core/variable.py,0.6366694569587708,8
pydata__xarray-4802,xarray/backends/common.py,0.6348603367805481,9
pydata__xarray-4802,xarray/backends/scipy_.py,0.6184117794036865,10
pydata__xarray-4802,xarray/backends/h5netcdf_.py,0.7005671858787537,5
pydata__xarray-4802,xarray/backends/netcdf3.py,0.5579416155815125,18
pydata__xarray-4802,xarray/backends/cfgrib_.py,0.5152297019958496,24
pydata__xarray-4802,xarray/backends/store.py,0.6147178411483765,11
pydata__xarray-4802,xarray/backends/pynio_.py,0.5171807408332825,22
pydata__xarray-4802,xarray/tests/test_variable.py,0.49375033378601074,28
pydata__xarray-4802,xarray/tests/test_dataarray.py,0.41641688346862793,47
pydata__xarray-4802,xarray/core/dataset.py,0.5093739032745361,25
pydata__xarray-4802,xarray/backends/pydap_.py,0.4703473448753357,33
pydata__xarray-4802,xarray/core/dataarray.py,0.5560138821601868,19
pydata__xarray-4802,xarray/tests/test_utils.py,0.4645129144191742,37
pydata__xarray-4802,xarray/tests/test_units.py,0.408843070268631,48
pydata__xarray-4802,xarray/tests/test_dataset.py,0.4432148039340973,42
pydata__xarray-4802,xarray/tests/test_interp.py,0.43168002367019653,44
pydata__xarray-4802,xarray/tests/test_distributed.py,0.4509396255016327,40
pydata__xarray-4802,xarray/backends/pseudonetcdf_.py,0.5617918968200684,15
pydata__xarray-4802,xarray/coding/cftimeindex.py,0.47618991136550903,31
pydata__xarray-4802,asv_bench/benchmarks/dataset_io.py,0.48008865118026733,30
pydata__xarray-4802,xarray/tests/test_accessor_dt.py,0.4586881399154663,38
pydata__xarray-4802,xarray/core/accessor_dt.py,0.4957032799720764,26
pydata__xarray-4802,xarray/tests/test_sparse.py,0.4355173707008362,43
pydata__xarray-4802,xarray/core/common.py,0.46840155124664307,35
pydata__xarray-4802,xarray/tests/test_cftime_offsets.py,0.49375033378601074,28
pydata__xarray-4802,xarray/testing.py,0.48008865118026733,30
pydata__xarray-4802,xarray/tests/test_ufuncs.py,0.4240303635597229,45
pydata__xarray-4802,xarray/core/accessor_str.py,0.3901040256023407,50
pydata__xarray-4802,xarray/plot/utils.py,0.4050721228122711,49
pydata__xarray-4802,xarray/tests/test_computation.py,0.4703473448753357,33
pydata__xarray-4802,xarray/tests/test_combine.py,0.46840155124664307,35
pydata__xarray-4802,xarray/tests/test_duck_array_ops.py,0.41641688346862793,47
pydata__xarray-4802,xarray/core/merge.py,0.4509396255016327,40
pydata__xarray-4802,xarray/tests/test_concat.py,0.4432148039340973,42
pydata__xarray-4819,xarray/tests/test_dataarray.py,0.6474416255950928,5
pydata__xarray-4819,xarray/core/dataset.py,0.7624948024749756,1
pydata__xarray-4819,xarray/tests/test_dataset.py,0.6456562876701355,6
pydata__xarray-4819,xarray/core/dataarray.py,0.7524493932723999,2
pydata__xarray-4819,xarray/tests/test_units.py,0.6939709186553955,3
pydata__xarray-4819,xarray/core/common.py,0.6438668966293335,7
pydata__xarray-4819,xarray/core/indexing.py,0.6598217487335205,4
pydata__xarray-4819,xarray/core/indexes.py,0.5444138646125793,17
pydata__xarray-4819,xarray/tests/test_variable.py,0.6128658652305603,9
pydata__xarray-4819,xarray/tests/test_indexing.py,0.5074213147163391,24
pydata__xarray-4819,xarray/coding/cftimeindex.py,0.5288740992546082,18
pydata__xarray-4819,xarray/core/variable.py,0.6072905659675598,11
pydata__xarray-4819,xarray/core/coordinates.py,0.6091521978378296,10
pydata__xarray-4819,xarray/core/utils.py,0.5444138646125793,17
pydata__xarray-4819,xarray/tests/test_interp.py,0.5132781267166138,23
pydata__xarray-4819,asv_bench/benchmarks/indexing.py,0.521081268787384,20
pydata__xarray-4819,asv_bench/benchmarks/reindexing.py,0.43936243653297424,44
pydata__xarray-4819,xarray/tests/test_backends.py,0.5132781267166138,23
pydata__xarray-4819,xarray/core/alignment.py,0.5675531625747681,13
pydata__xarray-4819,xarray/tests/test_cftimeindex.py,0.5015625357627869,25
pydata__xarray-4819,xarray/core/computation.py,0.6294102072715759,8
pydata__xarray-4819,xarray/core/groupby.py,0.5998133420944214,12
pydata__xarray-4819,xarray/tests/test_missing.py,0.5152297019958496,21
pydata__xarray-4819,xarray/tests/test_sparse.py,0.49960941076278687,27
pydata__xarray-4819,xarray/core/missing.py,0.49375033378601074,30
pydata__xarray-4819,xarray/tests/test_dask.py,0.4625701606273651,41
pydata__xarray-4819,xarray/core/nputils.py,0.47229403257369995,37
pydata__xarray-4819,xarray/tests/test_groupby.py,0.49179762601852417,31
pydata__xarray-4819,xarray/core/concat.py,0.5482865571975708,14
pydata__xarray-4819,xarray/tests/test_computation.py,0.47618991136550903,35
pydata__xarray-4819,xarray/core/rolling.py,0.4957032799720764,28
pydata__xarray-4819,xarray/core/ops.py,0.49375033378601074,30
pydata__xarray-4819,xarray/tests/test_concat.py,0.5269270539283752,19
pydata__xarray-4819,xarray/core/duck_array_ops.py,0.43936243653297424,44
pydata__xarray-4819,xarray/tests/test_utils.py,0.43168002367019653,45
pydata__xarray-4819,xarray/core/weighted.py,0.47424158453941345,36
pydata__xarray-4819,xarray/plot/utils.py,0.4625701606273651,41
pydata__xarray-4819,xarray/tests/test_combine.py,0.49960941076278687,27
pydata__xarray-4819,xarray/backends/rasterio_.py,0.48008865118026733,34
pydata__xarray-4819,xarray/tests/test_duck_array_ops.py,0.4509396255016327,42
pydata__xarray-4819,xarray/core/combine.py,0.54635089635849,15
pydata__xarray-4819,xarray/tests/test_nputils.py,0.4050721228122711,48
pydata__xarray-4819,xarray/tests/test_accessor_str.py,0.4126248061656952,47
pydata__xarray-4819,xarray/tests/test_accessor_dt.py,0.4625701606273651,41
pydata__xarray-4819,xarray/core/parallel.py,0.48008865118026733,34
pydata__xarray-4819,xarray/core/accessor_dt.py,0.4878930151462555,32
pydata__xarray-4819,xarray/core/pdcompat.py,0.3901040256023407,50
pydata__xarray-4819,xarray/core/npcompat.py,0.4240303635597229,46
pydata__xarray-4819,xarray/core/merge.py,0.4625701606273651,41
pydata__xarray-4819,asv_bench/benchmarks/pandas.py,0.3901040256023407,50
pydata__xarray-4827,xarray/tests/test_merge.py,0.800130307674408,2
pydata__xarray-4827,xarray/core/merge.py,0.7756727933883667,4
pydata__xarray-4827,xarray/tests/test_combine.py,0.7896232604980469,3
pydata__xarray-4827,xarray/core/combine.py,0.7701883316040039,5
pydata__xarray-4827,xarray/core/dataset.py,0.7005671858787537,21
pydata__xarray-4827,xarray/tests/test_concat.py,0.7582242488861084,7
pydata__xarray-4827,xarray/core/concat.py,0.8231010437011719,1
pydata__xarray-4827,xarray/core/coordinates.py,0.7509912848472595,9
pydata__xarray-4827,xarray/tests/test_dataset.py,0.7103068828582764,19
pydata__xarray-4827,xarray/tests/test_options.py,0.7398737668991089,11
pydata__xarray-4827,xarray/tests/test_backends.py,0.7632015347480774,6
pydata__xarray-4827,xarray/tests/test_units.py,0.7465826869010925,10
pydata__xarray-4827,xarray/tests/test_dataarray.py,0.6956275701522827,24
pydata__xarray-4827,xarray/core/utils.py,0.716694712638855,16
pydata__xarray-4827,xarray/tests/test_computation.py,0.7229966521263123,14
pydata__xarray-4827,xarray/core/dataarray.py,0.756069540977478,8
pydata__xarray-4827,xarray/backends/api.py,0.6906425356864929,29
pydata__xarray-4827,xarray/core/computation.py,0.6438668966293335,40
pydata__xarray-4827,asv_bench/benchmarks/combine.py,0.6923092603683472,27
pydata__xarray-4827,xarray/core/alignment.py,0.6956275701522827,24
pydata__xarray-4827,xarray/tests/test_variable.py,0.6923092603683472,27
pydata__xarray-4827,xarray/core/options.py,0.7159009575843811,17
pydata__xarray-4827,xarray/core/variable.py,0.6822351217269897,33
pydata__xarray-4827,xarray/core/groupby.py,0.6202536225318909,42
pydata__xarray-4827,xarray/tests/test_groupby.py,0.7070811986923218,20
pydata__xarray-4827,xarray/core/ops.py,0.5922893285751343,46
pydata__xarray-4827,xarray/core/common.py,0.6737070679664612,36
pydata__xarray-4827,xarray/tests/test_dask.py,0.6906425356864929,29
pydata__xarray-4827,xarray/core/rolling.py,0.6737070679664612,36
pydata__xarray-4827,xarray/core/parallel.py,0.5941745638847351,45
pydata__xarray-4827,xarray/core/duck_array_ops.py,0.5675531625747681,47
pydata__xarray-4827,xarray/coding/variables.py,0.6456562876701355,39
pydata__xarray-4827,xarray/tests/test_ufuncs.py,0.5960569977760315,44
pydata__xarray-4827,xarray/core/arithmetic.py,0.7292113304138184,12
pydata__xarray-4827,xarray/tests/test_utils.py,0.6072905659675598,43
pydata__xarray-4827,xarray/tests/test_formatting.py,0.7229966521263123,14
pydata__xarray-4827,xarray/tests/test_conventions.py,0.6972792148590088,22
pydata__xarray-4827,xarray/core/indexing.py,0.5502207279205322,49
pydata__xarray-4827,xarray/core/weighted.py,0.6257582902908325,41
pydata__xarray-4827,xarray/core/indexes.py,0.5617918968200684,48
pydata__xarray-4827,xarray/core/resample.py,0.7222136855125427,15
pydata__xarray-4827,xarray/core/extensions.py,0.6923092603683472,27
pydata__xarray-4827,xarray/tests/test_sparse.py,0.6754221320152283,34
pydata__xarray-4827,xarray/plot/utils.py,0.6839264035224915,31
pydata__xarray-4827,xarray/core/dtypes.py,0.5482865571975708,50
pydata__xarray-4827,xarray/tests/test_duck_array_ops.py,0.6685341000556946,37
pydata__xarray-4827,xarray/testing.py,0.6822351217269897,33
pydata__xarray-4827,xarray/ufuncs.py,0.6492228507995605,38
pydata__xarray-4827,xarray/tests/test_weighted.py,0.6839264035224915,31
pydata__xarray-4827,xarray/convert.py,0.7119118571281433,18
pydata__xarray-4879,xarray/tests/test_backends_file_manager.py,0.6839264035224915,8
pydata__xarray-4879,xarray/backends/file_manager.py,0.7966724038124084,1
pydata__xarray-4879,xarray/backends/api.py,0.7428696751594543,3
pydata__xarray-4879,xarray/tests/test_backends.py,0.6275860667228699,19
pydata__xarray-4879,xarray/tests/test_dask.py,0.6165664792060852,26
pydata__xarray-4879,xarray/tutorial.py,0.622092068195343,22
pydata__xarray-4879,xarray/backends/__init__.py,0.6202536225318909,23
pydata__xarray-4879,xarray/backends/h5netcdf_.py,0.6805390119552612,11
pydata__xarray-4879,xarray/backends/pynio_.py,0.7307512760162354,5
pydata__xarray-4879,xarray/core/options.py,0.7743104100227356,2
pydata__xarray-4879,xarray/tests/test_tutorial.py,0.5405358076095581,45
pydata__xarray-4879,xarray/backends/common.py,0.6580659747123718,13
pydata__xarray-4879,xarray/backends/netCDF4_.py,0.6939709186553955,7
pydata__xarray-4879,xarray/backends/scipy_.py,0.6822351217269897,9
pydata__xarray-4879,xarray/core/utils.py,0.6054258346557617,29
pydata__xarray-4879,asv_bench/benchmarks/repr.py,0.5675531625747681,39
pydata__xarray-4879,xarray/core/dataset.py,0.6348603367805481,16
pydata__xarray-4879,xarray/backends/store.py,0.6438668966293335,15
pydata__xarray-4879,xarray/backends/pseudonetcdf_.py,0.7322856187820435,4
pydata__xarray-4879,xarray/tests/test_distributed.py,0.5656346678733826,40
pydata__xarray-4879,xarray/tests/test_formatting.py,0.6805390119552612,11
pydata__xarray-4879,xarray/tests/test_extensions.py,0.5366528630256653,47
pydata__xarray-4879,xarray/core/dataarray.py,0.6685341000556946,12
pydata__xarray-4879,xarray/tests/test_dataarray.py,0.633047342300415,17
pydata__xarray-4879,asv_bench/benchmarks/dataset_io.py,0.5732962489128113,34
pydata__xarray-4879,xarray/tests/test_options.py,0.6527729034423828,14
pydata__xarray-4879,xarray/backends/zarr.py,0.5598676800727844,42
pydata__xarray-4879,xarray/coding/variables.py,0.5675531625747681,39
pydata__xarray-4879,xarray/tests/test_dataset.py,0.6312306523323059,18
pydata__xarray-4879,xarray/tests/test_backends_lru_cache.py,0.5713839530944824,35
pydata__xarray-4879,xarray/backends/cfgrib_.py,0.5675531625747681,39
pydata__xarray-4879,xarray/backends/pydap_.py,0.5866175889968872,32
pydata__xarray-4879,xarray/core/extensions.py,0.6054258346557617,29
pydata__xarray-4879,xarray/convert.py,0.6184117794036865,25
pydata__xarray-4879,xarray/tests/test_backends_api.py,0.5444138646125793,44
pydata__xarray-4879,xarray/__init__.py,0.5249791741371155,48
pydata__xarray-4879,xarray/tests/test_formatting_html.py,0.5885108113288879,31
pydata__xarray-4879,xarray/tests/test_conventions.py,0.622092068195343,22
pydata__xarray-4879,xarray/core/formatting.py,0.712712287902832,6
pydata__xarray-4879,xarray/backends/memory.py,0.5675531625747681,39
pydata__xarray-4879,xarray/core/formatting_html.py,0.6128658652305603,27
pydata__xarray-4879,xarray/tests/__init__.py,0.5998133420944214,30
pydata__xarray-4879,xarray/conventions.py,0.5637142658233643,41
pydata__xarray-4879,doc/conf.py,0.5847217440605164,33
pydata__xarray-4879,xarray/core/variable.py,0.5482865571975708,43
pydata__xarray-4879,xarray/core/parallel.py,0.5385949611663818,46
pydata__xarray-4879,xarray/backends/plugins.py,0.6184117794036865,25
pydata__xarray-4879,xarray/tests/test_print_versions.py,0.4781389832496643,50
pydata__xarray-4879,xarray/core/indexing.py,0.6257582902908325,20
pydata__xarray-4879,xarray/tests/test_coding.py,0.49960941076278687,49
pydata__xarray-4911,xarray/tests/test_duck_array_ops.py,0.8211015462875366,1
pydata__xarray-4911,xarray/tests/test_dask.py,0.5366528630256653,10
pydata__xarray-4911,xarray/core/nanops.py,0.6754221320152283,4
pydata__xarray-4911,xarray/core/ops.py,0.6939709186553955,2
pydata__xarray-4911,xarray/tests/test_weighted.py,0.47618991136550903,17
pydata__xarray-4911,xarray/tests/test_dataarray.py,0.4126248061656952,37
pydata__xarray-4911,xarray/core/weighted.py,0.48594123125076294,16
pydata__xarray-4911,xarray/core/duck_array_ops.py,0.6872942447662354,3
pydata__xarray-4911,xarray/tests/test_sparse.py,0.4050721228122711,38
pydata__xarray-4911,xarray/core/rolling.py,0.6054258346557617,6
pydata__xarray-4911,xarray/tests/test_ufuncs.py,0.5054685473442078,13
pydata__xarray-4911,xarray/core/variable.py,0.49765628576278687,14
pydata__xarray-4911,xarray/core/computation.py,0.49179762601852417,15
pydata__xarray-4911,xarray/tests/test_computation.py,0.454811155796051,25
pydata__xarray-4911,xarray/tests/__init__.py,0.4355173707008362,30
pydata__xarray-4911,xarray/tests/test_dataset.py,0.4432148039340973,28
pydata__xarray-4911,xarray/tests/test_backends.py,0.4355173707008362,30
pydata__xarray-4911,xarray/core/dataset.py,0.3863929510116577,42
pydata__xarray-4911,xarray/core/common.py,0.4278508424758911,32
pydata__xarray-4911,xarray/core/arithmetic.py,0.6737070679664612,5
pydata__xarray-4911,xarray/tests/test_variable.py,0.47229403257369995,18
pydata__xarray-4911,xarray/core/dataarray.py,0.5752062797546387,8
pydata__xarray-4911,xarray/core/dask_array_compat.py,0.40131235122680664,39
pydata__xarray-4911,xarray/core/parallel.py,0.4625701606273651,20
pydata__xarray-4911,xarray/core/groupby.py,0.4645129144191742,19
pydata__xarray-4911,xarray/tests/test_cupy.py,0.35006579756736755,49
pydata__xarray-4911,xarray/ufuncs.py,0.5866175889968872,7
pydata__xarray-4911,xarray/tests/test_indexing.py,0.4278508424758911,32
pydata__xarray-4911,xarray/core/pdcompat.py,0.2987777292728424,50
pydata__xarray-4911,xarray/core/dask_array_ops.py,0.5171807408332825,11
pydata__xarray-4911,xarray/tests/test_units.py,0.4432148039340973,28
pydata__xarray-4911,asv_bench/benchmarks/unstacking.py,0.36080431938171387,47
pydata__xarray-4911,xarray/tests/test_groupby.py,0.454811155796051,25
pydata__xarray-4911,xarray/core/indexing.py,0.454811155796051,25
pydata__xarray-4911,asv_bench/benchmarks/rolling.py,0.3753400444984436,44
pydata__xarray-4911,xarray/tests/test_distributed.py,0.4586881399154663,22
pydata__xarray-4911,xarray/tests/test_options.py,0.4586881399154663,22
pydata__xarray-4911,xarray/tests/test_concat.py,0.35006579756736755,49
pydata__xarray-4911,xarray/core/alignment.py,0.3753400444984436,44
pydata__xarray-4911,xarray/coding/variables.py,0.5113261938095093,12
pydata__xarray-4911,xarray/tests/test_interp.py,0.41641688346862793,34
pydata__xarray-4911,xarray/tests/test_missing.py,0.3680422008037567,46
pydata__xarray-4911,xarray/core/npcompat.py,0.4126248061656952,37
pydata__xarray-4911,doc/conf.py,0.42021888494491577,33
pydata__xarray-4911,xarray/tests/test_testing.py,0.4126248061656952,37
pydata__xarray-4911,asv_bench/benchmarks/indexing.py,0.3901040256023407,41
pydata__xarray-4911,asv_bench/benchmarks/dataarray_missing.py,0.3680422008037567,46
pydata__xarray-4911,xarray/core/resample.py,0.4509396255016327,26
pydata__xarray-4911,xarray/core/nputils.py,0.54635089635849,9
pydata__xarray-4911,xarray/core/pycompat.py,0.3975641429424286,40
pydata__xarray-4939,xarray/core/rolling.py,0.6615731120109558,4
pydata__xarray-4939,xarray/core/resample.py,0.7038345336914062,1
pydata__xarray-4939,xarray/core/common.py,0.6598217487335205,5
pydata__xarray-4939,xarray/core/groupby.py,0.6788381338119507,2
pydata__xarray-4939,xarray/core/dataarray.py,0.6110106706619263,8
pydata__xarray-4939,xarray/tests/test_sparse.py,0.5347096920013428,17
pydata__xarray-4939,xarray/core/dataset.py,0.6685341000556946,3
pydata__xarray-4939,xarray/core/parallel.py,0.5713839530944824,10
pydata__xarray-4939,xarray/core/computation.py,0.5637142658233643,13
pydata__xarray-4939,xarray/core/variable.py,0.6128658652305603,7
pydata__xarray-4939,xarray/tests/test_variable.py,0.5790196061134338,9
pydata__xarray-4939,xarray/core/ops.py,0.6348603367805481,6
pydata__xarray-4939,xarray/tests/test_dataarray.py,0.5675531625747681,11
pydata__xarray-4939,xarray/tests/test_dataset.py,0.5308202505111694,19
pydata__xarray-4939,xarray/tests/test_dask.py,0.5405358076095581,14
pydata__xarray-4939,xarray/tests/test_groupby.py,0.5269270539283752,20
pydata__xarray-4939,xarray/tests/test_duck_array_ops.py,0.5366528630256653,16
pydata__xarray-4939,xarray/core/weighted.py,0.5113261938095093,23
pydata__xarray-4939,xarray/tests/test_computation.py,0.5308202505111694,19
pydata__xarray-4939,xarray/core/arithmetic.py,0.5171807408332825,21
pydata__xarray-4939,xarray/ufuncs.py,0.5656346678733826,12
pydata__xarray-4939,xarray/core/dask_array_ops.py,0.5152297019958496,22
pydata__xarray-4939,asv_bench/benchmarks/rolling.py,0.49960941076278687,25
pydata__xarray-4939,xarray/tests/test_ufuncs.py,0.48008865118026733,27
pydata__xarray-4939,xarray/core/coordinates.py,0.34298956394195557,47
pydata__xarray-4939,xarray/core/duck_array_ops.py,0.5366528630256653,16
pydata__xarray-4939,xarray/core/alignment.py,0.35362908244132996,46
pydata__xarray-4939,xarray/convert.py,0.49960941076278687,25
pydata__xarray-4939,xarray/tests/test_units.py,0.4355173707008362,34
pydata__xarray-4939,asv_bench/benchmarks/reindexing.py,0.3901040256023407,43
pydata__xarray-4939,xarray/core/merge.py,0.40131235122680664,42
pydata__xarray-4939,xarray/core/dask_array_compat.py,0.4509396255016327,31
pydata__xarray-4939,xarray/plot/facetgrid.py,0.4240303635597229,38
pydata__xarray-4939,doc/examples/_code/accessor_example.py,0.31539851427078247,50
pydata__xarray-4939,xarray/core/npcompat.py,0.40131235122680664,42
pydata__xarray-4939,xarray/core/nanops.py,0.4278508424758911,36
pydata__xarray-4939,xarray/core/accessor_dt.py,0.4355173707008362,34
pydata__xarray-4939,xarray/core/combine.py,0.40131235122680664,42
pydata__xarray-4939,xarray/__init__.py,0.4355173707008362,34
pydata__xarray-4939,xarray/core/resample_cftime.py,0.4586881399154663,30
pydata__xarray-4939,xarray/core/concat.py,0.38269495964050293,45
pydata__xarray-4939,xarray/plot/plot.py,0.33598238229751587,48
pydata__xarray-4939,xarray/core/indexing.py,0.4126248061656952,39
pydata__xarray-4939,xarray/core/rolling_exp.py,0.47618991136550903,28
pydata__xarray-4939,xarray/tests/test_weighted.py,0.43168002367019653,35
pydata__xarray-4939,xarray/core/utils.py,0.4839898645877838,26
pydata__xarray-4939,xarray/coding/variables.py,0.4645129144191742,29
pydata__xarray-4939,xarray/core/extensions.py,0.38269495964050293,45
pydata__xarray-4939,xarray/tests/test_interp.py,0.4240303635597229,38
pydata__xarray-4939,asv_bench/benchmarks/unstacking.py,0.32904666662216187,49
pydata__xarray-4940,xarray/tests/test_dataarray.py,0.7398737668991089,2
pydata__xarray-4940,xarray/tests/test_dataset.py,0.7398737668991089,2
pydata__xarray-4940,xarray/core/dataset.py,0.6563059091567993,6
pydata__xarray-4940,xarray/core/dataarray.py,0.6771324872970581,4
pydata__xarray-4940,xarray/tests/test_duck_array_ops.py,0.5828235149383545,18
pydata__xarray-4940,xarray/core/weighted.py,0.5617918968200684,21
pydata__xarray-4940,xarray/core/rolling.py,0.5560138821601868,23
pydata__xarray-4940,xarray/core/groupby.py,0.6091521978378296,10
pydata__xarray-4940,xarray/core/coordinates.py,0.6165664792060852,8
pydata__xarray-4940,xarray/tests/test_groupby.py,0.5998133420944214,13
pydata__xarray-4940,xarray/tests/test_sparse.py,0.5385949611663818,29
pydata__xarray-4940,xarray/core/computation.py,0.6147178411483765,9
pydata__xarray-4940,xarray/tests/test_concat.py,0.49960941076278687,42
pydata__xarray-4940,xarray/tests/test_computation.py,0.5230305790901184,35
pydata__xarray-4940,xarray/tests/test_variable.py,0.6072905659675598,12
pydata__xarray-4940,xarray/core/common.py,0.6972792148590088,3
pydata__xarray-4940,asv_bench/benchmarks/reindexing.py,0.4509396255016327,47
pydata__xarray-4940,xarray/tests/test_backends.py,0.5598676800727844,22
pydata__xarray-4940,asv_bench/benchmarks/combine.py,0.4432148039340973,48
pydata__xarray-4940,xarray/tests/test_combine.py,0.5191313028335571,37
pydata__xarray-4940,xarray/convert.py,0.5960569977760315,15
pydata__xarray-4940,xarray/core/combine.py,0.5941745638847351,16
pydata__xarray-4940,asv_bench/benchmarks/rolling.py,0.5405358076095581,28
pydata__xarray-4940,xarray/tests/test_dask.py,0.5444138646125793,25
pydata__xarray-4940,xarray/core/concat.py,0.54635089635849,24
pydata__xarray-4940,xarray/core/variable.py,0.5979365706443787,14
pydata__xarray-4940,xarray/core/ops.py,0.6492228507995605,7
pydata__xarray-4940,xarray/core/nanops.py,0.521081268787384,36
pydata__xarray-4940,asv_bench/benchmarks/indexing.py,0.49179762601852417,44
pydata__xarray-4940,xarray/tests/test_units.py,0.5617918968200684,21
pydata__xarray-4940,xarray/tests/test_cupy.py,0.43168002367019653,49
pydata__xarray-4940,asv_bench/benchmarks/unstacking.py,0.393827885389328,50
pydata__xarray-4940,xarray/tests/test_missing.py,0.5288740992546082,32
pydata__xarray-4940,xarray/tests/test_conventions.py,0.5732962489128113,19
pydata__xarray-4940,doc/examples/_code/accessor_example.py,0.4509396255016327,47
pydata__xarray-4940,xarray/tests/test_options.py,0.6702630519866943,5
pydata__xarray-4940,xarray/tests/test_weighted.py,0.5269270539283752,33
pydata__xarray-4940,xarray/tests/test_interp.py,0.5288740992546082,32
pydata__xarray-4940,xarray/core/dask_array_compat.py,0.49375033378601074,43
pydata__xarray-4940,xarray/core/parallel.py,0.5405358076095581,28
pydata__xarray-4940,xarray/core/resample.py,0.5152297019958496,39
pydata__xarray-4940,xarray/core/merge.py,0.5054685473442078,41
pydata__xarray-4940,xarray/tests/test_ufuncs.py,0.5866175889968872,17
pydata__xarray-4940,xarray/core/alignment.py,0.6072905659675598,12
pydata__xarray-4940,asv_bench/benchmarks/dataset_io.py,0.5288740992546082,32
pydata__xarray-4940,xarray/core/duck_array_ops.py,0.5074213147163391,40
pydata__xarray-4940,xarray/backends/api.py,0.5405358076095581,28
pydata__xarray-4940,asv_bench/benchmarks/interp.py,0.454811155796051,45
pydata__xarray-4940,xarray/tests/test_accessor_dt.py,0.5152297019958496,39
pydata__xarray-4940,xarray/tutorial.py,0.5230305790901184,35
pydata__xarray-4966,xarray/tests/test_conventions.py,0.6598217487335205,8
pydata__xarray-4966,xarray/coding/variables.py,0.7749923467636108,1
pydata__xarray-4966,xarray/tests/test_coding.py,0.5941745638847351,18
pydata__xarray-4966,xarray/tests/test_backends.py,0.6822351217269897,6
pydata__xarray-4966,xarray/backends/pydap_.py,0.7495274543762207,2
pydata__xarray-4966,xarray/backends/netCDF4_.py,0.6939709186553955,4
pydata__xarray-4966,xarray/conventions.py,0.6580659747123718,9
pydata__xarray-4966,xarray/backends/apiv2.py,0.6294102072715759,15
pydata__xarray-4966,xarray/backends/api.py,0.6923092603683472,5
pydata__xarray-4966,xarray/backends/h5netcdf_.py,0.6366694569587708,13
pydata__xarray-4966,xarray/coding/strings.py,0.5308202505111694,26
pydata__xarray-4966,xarray/backends/scipy_.py,0.6294102072715759,15
pydata__xarray-4966,properties/test_encode_decode.py,0.4898451566696167,32
pydata__xarray-4966,xarray/backends/netcdf3.py,0.6456562876701355,11
pydata__xarray-4966,xarray/backends/zarr.py,0.5385949611663818,24
pydata__xarray-4966,xarray/coding/times.py,0.49179762601852417,31
pydata__xarray-4966,xarray/tests/test_coding_times.py,0.5885108113288879,20
pydata__xarray-4966,xarray/convert.py,0.6633201241493225,7
pydata__xarray-4966,xarray/tests/test_coding_strings.py,0.47618991136550903,35
pydata__xarray-4966,xarray/backends/pynio_.py,0.5752062797546387,21
pydata__xarray-4966,asv_bench/benchmarks/dataset_io.py,0.5347096920013428,25
pydata__xarray-4966,xarray/backends/store.py,0.7030196189880371,3
pydata__xarray-4966,xarray/core/dataset.py,0.6165664792060852,16
pydata__xarray-4966,xarray/backends/pseudonetcdf_.py,0.6110106706619263,17
pydata__xarray-4966,xarray/core/variable.py,0.6366694569587708,13
pydata__xarray-4966,xarray/tests/test_backends_api.py,0.5171807408332825,28
pydata__xarray-4966,xarray/tests/test_distributed.py,0.46840155124664307,38
pydata__xarray-4966,xarray/tutorial.py,0.5093739032745361,29
pydata__xarray-4966,xarray/backends/common.py,0.6563059091567993,10
pydata__xarray-4966,xarray/tests/test_dataset.py,0.5249791741371155,27
pydata__xarray-4966,xarray/tests/test_dataarray.py,0.49960941076278687,30
pydata__xarray-4966,xarray/backends/cfgrib_.py,0.48008865118026733,34
pydata__xarray-4966,xarray/core/dataarray.py,0.5675531625747681,22
pydata__xarray-4966,xarray/tests/test_variable.py,0.47229403257369995,36
pydata__xarray-4966,xarray/tests/test_combine.py,0.454811155796051,39
pydata__xarray-4966,xarray/tests/test_interp.py,0.43168002367019653,44
pydata__xarray-4966,xarray/tests/test_missing.py,0.4432148039340973,41
pydata__xarray-4966,xarray/tests/test_tutorial.py,0.4278508424758911,45
pydata__xarray-4966,xarray/backends/__init__.py,0.5885108113288879,20
pydata__xarray-4966,xarray/tests/test_dask.py,0.42021888494491577,49
pydata__xarray-4966,xarray/core/common.py,0.5521534085273743,23
pydata__xarray-4966,xarray/tests/test_ufuncs.py,0.4509396255016327,40
pydata__xarray-4966,xarray/tests/test_sparse.py,0.48008865118026733,34
pydata__xarray-4966,xarray/tests/test_accessor_dt.py,0.4703473448753357,37
pydata__xarray-4966,xarray/tests/test_units.py,0.43168002367019653,44
pydata__xarray-4966,xarray/tests/test_duck_array_ops.py,0.43936243653297424,42
pydata__xarray-4966,xarray/core/accessor_str.py,0.42021888494491577,49
pydata__xarray-4966,xarray/tests/test_cftimeindex.py,0.4126248061656952,50
pydata__xarray-4966,xarray/backends/rasterio_.py,0.4240303635597229,47
pydata__xarray-4966,xarray/coding/cftimeindex.py,0.4240303635597229,47
pydata__xarray-4994,xarray/core/accessor_dt.py,0.7777053117752075,1
pydata__xarray-4994,xarray/tests/test_accessor_dt.py,0.7575074434280396,3
pydata__xarray-4994,xarray/coding/cftimeindex.py,0.759653627872467,2
pydata__xarray-4994,xarray/core/extensions.py,0.5979365706443787,15
pydata__xarray-4994,xarray/tests/test_dataset.py,0.5941745638847351,19
pydata__xarray-4994,xarray/tests/test_cftimeindex.py,0.7391212582588196,4
pydata__xarray-4994,xarray/core/dataarray.py,0.6633201241493225,8
pydata__xarray-4994,xarray/coding/cftime_offsets.py,0.5424755215644836,34
pydata__xarray-4994,xarray/core/dataset.py,0.6989257335662842,5
pydata__xarray-4994,xarray/core/common.py,0.5809227228164673,23
pydata__xarray-4994,doc/examples/_code/accessor_example.py,0.4820389747619629,46
pydata__xarray-4994,xarray/tests/test_interp.py,0.6257582902908325,10
pydata__xarray-4994,xarray/coding/times.py,0.5847217440605164,22
pydata__xarray-4994,xarray/convert.py,0.6348603367805481,9
pydata__xarray-4994,xarray/core/duck_array_ops.py,0.5424755215644836,34
pydata__xarray-4994,xarray/core/resample_cftime.py,0.6091521978378296,12
pydata__xarray-4994,xarray/tests/test_extensions.py,0.5713839530944824,28
pydata__xarray-4994,xarray/tests/test_coding_times.py,0.6702630519866943,7
pydata__xarray-4994,xarray/backends/api.py,0.6072905659675598,13
pydata__xarray-4994,xarray/coding/frequencies.py,0.6110106706619263,11
pydata__xarray-4994,xarray/tests/test_variable.py,0.5941745638847351,19
pydata__xarray-4994,xarray/tests/test_cftime_offsets.py,0.47424158453941345,47
pydata__xarray-4994,xarray/tests/test_duck_array_ops.py,0.6054258346557617,14
pydata__xarray-4994,xarray/tests/test_conventions.py,0.5885108113288879,21
pydata__xarray-4994,xarray/core/variable.py,0.5656346678733826,29
pydata__xarray-4994,xarray/tests/test_dataarray.py,0.5732962489128113,26
pydata__xarray-4994,xarray/tests/test_cftimeindex_resample.py,0.5249791741371155,37
pydata__xarray-4994,xarray/tests/test_backends.py,0.5960569977760315,16
pydata__xarray-4994,xarray/tests/test_utils.py,0.5752062797546387,25
pydata__xarray-4994,xarray/core/coordinates.py,0.5941745638847351,19
pydata__xarray-4994,asv_bench/benchmarks/indexing.py,0.4957032799720764,42
pydata__xarray-4994,xarray/plot/utils.py,0.5790196061134338,24
pydata__xarray-4994,xarray/tests/test_indexing.py,0.5713839530944824,28
pydata__xarray-4994,properties/test_pandas_roundtrip.py,0.4820389747619629,46
pydata__xarray-4994,xarray/conventions.py,0.6702630519866943,7
pydata__xarray-4994,xarray/core/resample.py,0.49179762601852417,43
pydata__xarray-4994,xarray/core/rolling.py,0.5035156011581421,40
pydata__xarray-4994,xarray/tests/test_plot.py,0.5560138821601868,30
pydata__xarray-4994,xarray/tests/test_missing.py,0.5904014110565186,20
pydata__xarray-4994,asv_bench/benchmarks/reindexing.py,0.4470740258693695,48
pydata__xarray-4994,xarray/backends/pydap_.py,0.4898451566696167,44
pydata__xarray-4994,xarray/__init__.py,0.5502207279205322,32
pydata__xarray-4994,xarray/core/indexing.py,0.5152297019958496,39
pydata__xarray-4994,xarray/core/arithmetic.py,0.5171807408332825,38
pydata__xarray-4994,xarray/tests/test_groupby.py,0.5502207279205322,32
pydata__xarray-4994,asv_bench/benchmarks/dataarray_missing.py,0.49960941076278687,41
pydata__xarray-4994,asv_bench/benchmarks/rolling.py,0.408843070268631,50
pydata__xarray-4994,xarray/core/ops.py,0.5269270539283752,36
pydata__xarray-4994,xarray/core/groupby.py,0.5327655076980591,35
pydata__xarray-4994,xarray/tests/test_cupy.py,0.4126248061656952,49
pydata__xarray-5033,xarray/backends/plugins.py,0.6668006181716919,1
pydata__xarray-5033,xarray/tests/test_plugins.py,0.54635089635849,17
pydata__xarray-5033,xarray/tests/test_backends_api.py,0.5560138821601868,13
pydata__xarray-5033,xarray/backends/__init__.py,0.6054258346557617,4
pydata__xarray-5033,xarray/backends/api.py,0.6580659747123718,2
pydata__xarray-5033,xarray/__init__.py,0.5327655076980591,20
pydata__xarray-5033,xarray/tests/test_distributed.py,0.5015625357627869,29
pydata__xarray-5033,xarray/backends/store.py,0.5540844202041626,14
pydata__xarray-5033,xarray/tests/test_backends.py,0.5694696307182312,10
pydata__xarray-5033,xarray/core/extensions.py,0.46645671129226685,40
pydata__xarray-5033,xarray/backends/common.py,0.6054258346557617,4
pydata__xarray-5033,xarray/tutorial.py,0.5617918968200684,11
pydata__xarray-5033,xarray/tests/test_ufuncs.py,0.4625701606273651,42
pydata__xarray-5033,xarray/tests/__init__.py,0.42021888494491577,47
pydata__xarray-5033,xarray/backends/h5netcdf_.py,0.5560138821601868,13
pydata__xarray-5033,xarray/core/parallel.py,0.5113261938095093,26
pydata__xarray-5033,xarray/core/missing.py,0.5113261938095093,26
pydata__xarray-5033,xarray/backends/scipy_.py,0.5866175889968872,9
pydata__xarray-5033,asv_bench/benchmarks/dataset_io.py,0.5269270539283752,21
pydata__xarray-5033,xarray/core/indexing.py,0.5015625357627869,29
pydata__xarray-5033,xarray/ufuncs.py,0.49375033378601074,35
pydata__xarray-5033,xarray/core/dataset.py,0.5521534085273743,16
pydata__xarray-5033,xarray/backends/pseudonetcdf_.py,0.5941745638847351,8
pydata__xarray-5033,xarray/core/options.py,0.4278508424758911,46
pydata__xarray-5033,xarray/core/computation.py,0.4957032799720764,32
pydata__xarray-5033,xarray/backends/cfgrib_.py,0.5941745638847351,8
pydata__xarray-5033,xarray/tests/test_extensions.py,0.49179762601852417,36
pydata__xarray-5033,xarray/tests/test_dataarray.py,0.4703473448753357,39
pydata__xarray-5033,xarray/backends/zarr.py,0.5385949611663818,18
pydata__xarray-5033,xarray/tests/test_computation.py,0.47424158453941345,38
pydata__xarray-5033,xarray/backends/pynio_.py,0.6035580039024353,5
pydata__xarray-5033,xarray/core/arithmetic.py,0.5171807408332825,23
pydata__xarray-5033,xarray/core/duck_array_ops.py,0.49375033378601074,35
pydata__xarray-5033,xarray/core/dataarray.py,0.5960569977760315,6
pydata__xarray-5033,xarray/tests/test_dataset.py,0.5191313028335571,22
pydata__xarray-5033,xarray/tests/test_dask.py,0.4432148039340973,44
pydata__xarray-5033,xarray/backends/netCDF4_.py,0.5366528630256653,19
pydata__xarray-5033,xarray/core/variable.py,0.49765628576278687,31
pydata__xarray-5033,xarray/backends/pydap_.py,0.5521534085273743,16
pydata__xarray-5033,xarray/backends/rasterio_.py,0.5132781267166138,24
pydata__xarray-5033,xarray/tests/test_interp.py,0.43936243653297424,45
pydata__xarray-5033,asv_bench/benchmarks/indexing.py,0.4625701606273651,42
pydata__xarray-5033,asv_bench/benchmarks/interp.py,0.4586881399154663,43
pydata__xarray-5033,xarray/tests/test_units.py,0.40131235122680664,49
pydata__xarray-5033,xarray/tests/test_missing.py,0.4126248061656952,48
pydata__xarray-5033,xarray/core/ops.py,0.4839898645877838,37
pydata__xarray-5033,xarray/tests/test_variable.py,0.3790105879306793,50
pydata__xarray-5033,xarray/coding/variables.py,0.49765628576278687,31
pydata__xarray-5033,xarray/core/common.py,0.49375033378601074,35
pydata__xarray-5033,xarray/core/utils.py,0.5035156011581421,27
pydata__xarray-5126,xarray/core/formatting_html.py,0.8328357338905334,1
pydata__xarray-5126,xarray/tests/test_formatting_html.py,0.7353376746177673,2
pydata__xarray-5126,xarray/core/options.py,0.6856127977371216,4
pydata__xarray-5126,xarray/core/formatting.py,0.5598676800727844,10
pydata__xarray-5126,asv_bench/benchmarks/repr.py,0.5366528630256653,11
pydata__xarray-5126,doc/conf.py,0.5288740992546082,12
pydata__xarray-5126,xarray/tests/test_formatting.py,0.5074213147163391,18
pydata__xarray-5126,xarray/tests/test_options.py,0.6822351217269897,5
pydata__xarray-5126,xarray/tests/test_dataset.py,0.5637142658233643,9
pydata__xarray-5126,xarray/core/common.py,0.7022034525871277,3
pydata__xarray-5126,xarray/tests/test_cftimeindex.py,0.5191313028335571,14
pydata__xarray-5126,xarray/plot/utils.py,0.40131235122680664,43
pydata__xarray-5126,xarray/plot/facetgrid.py,0.49179762601852417,19
pydata__xarray-5126,xarray/tests/test_dataarray.py,0.5809227228164673,8
pydata__xarray-5126,xarray/plot/plot.py,0.48008865118026733,22
pydata__xarray-5126,xarray/tests/test_groupby.py,0.4839898645877838,21
pydata__xarray-5126,xarray/tests/test_plot.py,0.43936243653297424,32
pydata__xarray-5126,xarray/core/dataset.py,0.6165664792060852,6
pydata__xarray-5126,xarray/plot/dataset_plot.py,0.393827885389328,45
pydata__xarray-5126,xarray/__init__.py,0.5152297019958496,16
pydata__xarray-5126,xarray/ufuncs.py,0.4509396255016327,28
pydata__xarray-5126,xarray/util/print_versions.py,0.4355173707008362,35
pydata__xarray-5126,xarray/tutorial.py,0.454811155796051,27
pydata__xarray-5126,xarray/convert.py,0.5171807408332825,15
pydata__xarray-5126,xarray/tests/test_dask.py,0.41641688346862793,39
pydata__xarray-5126,doc/examples/_code/accessor_example.py,0.4126248061656952,42
pydata__xarray-5126,xarray/tests/test_sparse.py,0.4703473448753357,25
pydata__xarray-5126,xarray/core/extensions.py,0.4126248061656952,42
pydata__xarray-5126,doc/gallery/plot_control_colorbar.py,0.34651920199394226,49
pydata__xarray-5126,doc/gallery/plot_colorbar_center.py,0.3790105879306793,46
pydata__xarray-5126,xarray/tests/test_print_versions.py,0.3572086691856384,47
pydata__xarray-5126,xarray/coding/variables.py,0.5249791741371155,13
pydata__xarray-5126,xarray/core/dataarray.py,0.4355173707008362,35
pydata__xarray-5126,xarray/backends/__init__.py,0.42021888494491577,37
pydata__xarray-5126,xarray/backends/zarr.py,0.47229403257369995,24
pydata__xarray-5126,asv_bench/benchmarks/unstacking.py,0.34298956394195557,50
pydata__xarray-5126,xarray/backends/h5netcdf_.py,0.43936243653297424,32
pydata__xarray-5126,xarray/core/concat.py,0.4470740258693695,29
pydata__xarray-5126,xarray/core/groupby.py,0.4432148039340973,30
pydata__xarray-5126,xarray/tests/test_backends.py,0.35006579756736755,48
pydata__xarray-5126,xarray/core/ops.py,0.4586881399154663,26
pydata__xarray-5126,xarray/coding/strings.py,0.4839898645877838,21
pydata__xarray-5126,xarray/core/accessor_str.py,0.5074213147163391,18
pydata__xarray-5126,xarray/core/rolling.py,0.4278508424758911,36
pydata__xarray-5126,asv_bench/benchmarks/dataset_io.py,0.4355173707008362,35
pydata__xarray-5126,xarray/core/arithmetic.py,0.4126248061656952,42
pydata__xarray-5126,xarray/backends/api.py,0.41641688346862793,39
pydata__xarray-5126,xarray/core/variable.py,0.47229403257369995,24
pydata__xarray-5126,properties/test_pandas_roundtrip.py,0.393827885389328,45
pydata__xarray-5126,xarray/coding/cftimeindex.py,0.5866175889968872,7
pydata__xarray-5131,xarray/tests/test_groupby.py,0.6719873547554016,1
pydata__xarray-5131,xarray/tests/test_dataset.py,0.6016871333122253,2
pydata__xarray-5131,xarray/core/formatting.py,0.4878930151462555,13
pydata__xarray-5131,xarray/tests/test_formatting.py,0.5327655076980591,6
pydata__xarray-5131,xarray/core/groupby.py,0.5191313028335571,7
pydata__xarray-5131,xarray/tests/test_formatting_html.py,0.4820389747619629,14
pydata__xarray-5131,xarray/tests/test_dataarray.py,0.5385949611663818,4
pydata__xarray-5131,xarray/tests/test_options.py,0.4586881399154663,19
pydata__xarray-5131,xarray/tests/test_cftimeindex.py,0.43936243653297424,26
pydata__xarray-5131,xarray/core/common.py,0.5113261938095093,8
pydata__xarray-5131,xarray/core/formatting_html.py,0.4509396255016327,22
pydata__xarray-5131,xarray/core/dataset.py,0.4957032799720764,10
pydata__xarray-5131,asv_bench/benchmarks/repr.py,0.3572086691856384,48
pydata__xarray-5131,xarray/tests/test_backends.py,0.4278508424758911,27
pydata__xarray-5131,xarray/tests/test_dask.py,0.4703473448753357,16
pydata__xarray-5131,xarray/tests/test_units.py,0.4703473448753357,16
pydata__xarray-5131,xarray/tests/test_print_versions.py,0.3120344877243042,50
pydata__xarray-5131,xarray/testing.py,0.4586881399154663,19
pydata__xarray-5131,xarray/tests/test_accessor_str.py,0.5579416155815125,3
pydata__xarray-5131,xarray/core/computation.py,0.4470740258693695,23
pydata__xarray-5131,xarray/tests/test_computation.py,0.5035156011581421,9
pydata__xarray-5131,xarray/tests/test_sparse.py,0.4898451566696167,12
pydata__xarray-5131,xarray/tests/__init__.py,0.408843070268631,32
pydata__xarray-5131,doc/conf.py,0.5327655076980591,6
pydata__xarray-5131,xarray/tests/test_ufuncs.py,0.4509396255016327,22
pydata__xarray-5131,xarray/tests/test_plot.py,0.43936243653297424,26
pydata__xarray-5131,xarray/core/accessor_str.py,0.4625701606273651,17
pydata__xarray-5131,xarray/tests/test_variable.py,0.393827885389328,39
pydata__xarray-5131,xarray/backends/api.py,0.4509396255016327,22
pydata__xarray-5131,xarray/tests/test_extensions.py,0.4126248061656952,31
pydata__xarray-5131,xarray/core/options.py,0.49375033378601074,11
pydata__xarray-5131,xarray/core/parallel.py,0.38269495964050293,44
pydata__xarray-5131,conftest.py,0.3680422008037567,47
pydata__xarray-5131,xarray/tests/test_accessor_dt.py,0.3863929510116577,42
pydata__xarray-5131,xarray/core/rolling.py,0.40131235122680664,36
pydata__xarray-5131,xarray/core/weighted.py,0.3975641429424286,38
pydata__xarray-5131,xarray/util/print_versions.py,0.3680422008037567,47
pydata__xarray-5131,xarray/tests/test_concat.py,0.4432148039340973,24
pydata__xarray-5131,xarray/tests/test_coding_strings.py,0.38269495964050293,44
pydata__xarray-5131,xarray/ufuncs.py,0.40131235122680664,36
pydata__xarray-5131,xarray/core/dataarray.py,0.3975641429424286,38
pydata__xarray-5131,xarray/tests/test_utils.py,0.3901040256023407,40
pydata__xarray-5131,xarray/tests/test_combine.py,0.40131235122680664,36
pydata__xarray-5131,xarray/tests/test_indexing.py,0.40131235122680664,36
pydata__xarray-5131,xarray/plot/facetgrid.py,0.41641688346862793,29
pydata__xarray-5131,xarray/core/accessor_dt.py,0.3863929510116577,42
pydata__xarray-5131,xarray/core/extensions.py,0.35006579756736755,49
pydata__xarray-5131,xarray/tests/test_duck_array_ops.py,0.4240303635597229,28
pydata__xarray-5131,xarray/coding/strings.py,0.4126248061656952,31
pydata__xarray-5131,xarray/tests/test_cupy.py,0.3753400444984436,45
pydata__xarray-5180,xarray/tests/test_backends.py,0.812926709651947,1
pydata__xarray-5180,xarray/tests/test_coding_times.py,0.7803948521614075,4
pydata__xarray-5180,xarray/coding/times.py,0.7353376746177673,5
pydata__xarray-5180,xarray/backends/api.py,0.8072175979614258,2
pydata__xarray-5180,xarray/coding/cftimeindex.py,0.6889709234237671,10
pydata__xarray-5180,xarray/tests/test_conventions.py,0.6771324872970581,12
pydata__xarray-5180,xarray/conventions.py,0.806609034538269,3
pydata__xarray-5180,xarray/tests/test_cftimeindex.py,0.6889709234237671,10
pydata__xarray-5180,xarray/tests/test_accessor_dt.py,0.6580659747123718,19
pydata__xarray-5180,xarray/core/accessor_dt.py,0.6035580039024353,34
pydata__xarray-5180,xarray/tests/test_cftimeindex_resample.py,0.6527729034423828,20
pydata__xarray-5180,xarray/coding/cftime_offsets.py,0.6685341000556946,15
pydata__xarray-5180,xarray/tests/test_cftime_offsets.py,0.6348603367805481,23
pydata__xarray-5180,xarray/coding/frequencies.py,0.622092068195343,25
pydata__xarray-5180,xarray/convert.py,0.6856127977371216,11
pydata__xarray-5180,xarray/tests/test_interp.py,0.6580659747123718,19
pydata__xarray-5180,xarray/backends/cfgrib_.py,0.6110106706619263,29
pydata__xarray-5180,xarray/tests/test_missing.py,0.6492228507995605,22
pydata__xarray-5180,xarray/tests/test_variable.py,0.5922893285751343,36
pydata__xarray-5180,xarray/backends/zarr.py,0.7159009575843811,7
pydata__xarray-5180,xarray/core/resample_cftime.py,0.6202536225318909,26
pydata__xarray-5180,xarray/core/common.py,0.6492228507995605,22
pydata__xarray-5180,xarray/tests/test_coding.py,0.5694696307182312,41
pydata__xarray-5180,xarray/tests/test_utils.py,0.6110106706619263,29
pydata__xarray-5180,xarray/coding/variables.py,0.6054258346557617,32
pydata__xarray-5180,xarray/backends/store.py,0.7222136855125427,6
pydata__xarray-5180,xarray/plot/utils.py,0.5866175889968872,37
pydata__xarray-5180,xarray/backends/netcdf3.py,0.5405358076095581,44
pydata__xarray-5180,xarray/backends/netCDF4_.py,0.6147178411483765,27
pydata__xarray-5180,xarray/core/dataset.py,0.6719873547554016,14
pydata__xarray-5180,xarray/tests/test_dataset.py,0.6054258346557617,32
pydata__xarray-5180,asv_bench/benchmarks/dataset_io.py,0.5979365706443787,35
pydata__xarray-5180,xarray/tests/test_duck_array_ops.py,0.5790196061134338,39
pydata__xarray-5180,xarray/backends/scipy_.py,0.6939709186553955,8
pydata__xarray-5180,xarray/core/variable.py,0.6275860667228699,24
pydata__xarray-5180,xarray/backends/h5netcdf_.py,0.6091521978378296,30
pydata__xarray-5180,xarray/coding/strings.py,0.5327655076980591,45
pydata__xarray-5180,xarray/__init__.py,0.5809227228164673,38
pydata__xarray-5180,xarray/backends/pydap_.py,0.5560138821601868,42
pydata__xarray-5180,xarray/core/duck_array_ops.py,0.5230305790901184,47
pydata__xarray-5180,asv_bench/benchmarks/indexing.py,0.5074213147163391,48
pydata__xarray-5180,xarray/backends/common.py,0.6754221320152283,13
pydata__xarray-5180,xarray/tests/test_combine.py,0.6035580039024353,34
pydata__xarray-5180,xarray/backends/pynio_.py,0.6650626063346863,16
pydata__xarray-5180,properties/test_encode_decode.py,0.49960941076278687,49
pydata__xarray-5180,xarray/tests/test_coding_strings.py,0.4898451566696167,50
pydata__xarray-5180,xarray/tests/test_dataarray.py,0.5540844202041626,43
pydata__xarray-5180,xarray/core/options.py,0.5694696307182312,41
pydata__xarray-5180,xarray/backends/pseudonetcdf_.py,0.6598217487335205,17
pydata__xarray-5180,xarray/tests/test_backends_api.py,0.5230305790901184,47
pydata__xarray-5187,xarray/tests/test_missing.py,0.7743104100227356,3
pydata__xarray-5187,xarray/core/dask_array_compat.py,0.6615731120109558,13
pydata__xarray-5187,asv_bench/benchmarks/dataarray_missing.py,0.716694712638855,4
pydata__xarray-5187,xarray/core/dataarray.py,0.7922071814537048,2
pydata__xarray-5187,xarray/core/missing.py,0.8050811290740967,1
pydata__xarray-5187,xarray/core/ops.py,0.7046481370925903,6
pydata__xarray-5187,xarray/core/variable.py,0.7111100554466248,5
pydata__xarray-5187,xarray/core/duck_array_ops.py,0.6702630519866943,9
pydata__xarray-5187,xarray/core/dask_array_ops.py,0.5656346678733826,40
pydata__xarray-5187,xarray/tests/test_dataarray.py,0.6275860667228699,18
pydata__xarray-5187,xarray/tests/test_dask.py,0.5941745638847351,30
pydata__xarray-5187,xarray/tests/test_units.py,0.5998133420944214,28
pydata__xarray-5187,asv_bench/benchmarks/unstacking.py,0.5308202505111694,49
pydata__xarray-5187,xarray/core/nanops.py,0.6956275701522827,7
pydata__xarray-5187,xarray/core/parallel.py,0.6615731120109558,13
pydata__xarray-5187,xarray/tests/test_dataset.py,0.6257582902908325,19
pydata__xarray-5187,xarray/tests/test_duck_array_ops.py,0.6719873547554016,8
pydata__xarray-5187,xarray/core/dataset.py,0.6366694569587708,15
pydata__xarray-5187,xarray/tests/test_backends.py,0.6294102072715759,16
pydata__xarray-5187,xarray/core/common.py,0.6165664792060852,24
pydata__xarray-5187,xarray/core/rolling.py,0.6054258346557617,27
pydata__xarray-5187,xarray/core/computation.py,0.6402760744094849,14
pydata__xarray-5187,xarray/tests/test_variable.py,0.6239269375801086,20
pydata__xarray-5187,asv_bench/benchmarks/reindexing.py,0.5732962489128113,37
pydata__xarray-5187,xarray/backends/zarr.py,0.6633201241493225,11
pydata__xarray-5187,xarray/tests/test_computation.py,0.5790196061134338,34
pydata__xarray-5187,xarray/tests/test_sparse.py,0.5732962489128113,37
pydata__xarray-5187,xarray/tests/test_coding.py,0.5694696307182312,38
pydata__xarray-5187,xarray/tests/test_interp.py,0.6165664792060852,24
pydata__xarray-5187,xarray/tests/test_combine.py,0.5941745638847351,30
pydata__xarray-5187,xarray/tests/test_ufuncs.py,0.6128658652305603,25
pydata__xarray-5187,xarray/tests/test_accessor_dt.py,0.5385949611663818,47
pydata__xarray-5187,xarray/tests/test_distributed.py,0.6165664792060852,24
pydata__xarray-5187,asv_bench/benchmarks/interp.py,0.5752062797546387,35
pydata__xarray-5187,xarray/core/indexing.py,0.6668006181716919,10
pydata__xarray-5187,asv_bench/benchmarks/rolling.py,0.5885108113288879,32
pydata__xarray-5187,asv_bench/benchmarks/dataset_io.py,0.5502207279205322,44
pydata__xarray-5187,xarray/backends/netCDF4_.py,0.5579416155815125,43
pydata__xarray-5187,xarray/tests/test_conventions.py,0.5579416155815125,43
pydata__xarray-5187,xarray/tests/test_groupby.py,0.5405358076095581,46
pydata__xarray-5187,xarray/core/nputils.py,0.5904014110565186,31
pydata__xarray-5187,asv_bench/benchmarks/indexing.py,0.5579416155815125,43
pydata__xarray-5187,xarray/tests/test_weighted.py,0.54635089635849,45
pydata__xarray-5187,xarray/core/alignment.py,0.6091521978378296,26
pydata__xarray-5187,xarray/core/groupby.py,0.5790196061134338,34
pydata__xarray-5187,xarray/tests/test_utils.py,0.5675531625747681,39
pydata__xarray-5187,xarray/tests/test_concat.py,0.4898451566696167,50
pydata__xarray-5187,xarray/core/weighted.py,0.5366528630256653,48
pydata__xarray-5187,xarray/conventions.py,0.6184117794036865,21
pydata__xarray-5187,xarray/core/resample.py,0.6275860667228699,18
pydata__xarray-5233,xarray/coding/cftime_offsets.py,0.7391212582588196,1
pydata__xarray-5233,xarray/coding/cftimeindex.py,0.6956275701522827,3
pydata__xarray-5233,xarray/tests/test_accessor_dt.py,0.633047342300415,15
pydata__xarray-5233,xarray/core/accessor_dt.py,0.6184117794036865,18
pydata__xarray-5233,xarray/tests/test_coding_times.py,0.6754221320152283,5
pydata__xarray-5233,xarray/tests/test_cftimeindex.py,0.6685341000556946,9
pydata__xarray-5233,xarray/tests/test_cftime_offsets.py,0.6474416255950928,11
pydata__xarray-5233,xarray/tests/test_interp.py,0.6856127977371216,4
pydata__xarray-5233,xarray/tests/test_backends.py,0.7005671858787537,2
pydata__xarray-5233,xarray/convert.py,0.6702630519866943,8
pydata__xarray-5233,xarray/tests/test_cftimeindex_resample.py,0.6035580039024353,24
pydata__xarray-5233,xarray/coding/times.py,0.6702630519866943,8
pydata__xarray-5233,xarray/coding/frequencies.py,0.6035580039024353,24
pydata__xarray-5233,xarray/tests/test_dataset.py,0.5809227228164673,27
pydata__xarray-5233,xarray/core/resample_cftime.py,0.6737070679664612,6
pydata__xarray-5233,xarray/core/duck_array_ops.py,0.6184117794036865,18
pydata__xarray-5233,xarray/tests/test_duck_array_ops.py,0.5521534085273743,35
pydata__xarray-5233,xarray/tests/test_plot.py,0.5521534085273743,35
pydata__xarray-5233,xarray/core/dataset.py,0.6366694569587708,14
pydata__xarray-5233,xarray/core/common.py,0.638474702835083,13
pydata__xarray-5233,xarray/__init__.py,0.638474702835083,13
pydata__xarray-5233,xarray/tests/test_variable.py,0.5752062797546387,30
pydata__xarray-5233,xarray/core/dataarray.py,0.6054258346557617,22
pydata__xarray-5233,xarray/conventions.py,0.6527729034423828,10
pydata__xarray-5233,xarray/tests/test_utils.py,0.6091521978378296,21
pydata__xarray-5233,xarray/backends/api.py,0.6275860667228699,16
pydata__xarray-5233,asv_bench/benchmarks/interp.py,0.4878930151462555,47
pydata__xarray-5233,xarray/core/variable.py,0.5752062797546387,30
pydata__xarray-5233,xarray/tests/test_combine.py,0.6128658652305603,20
pydata__xarray-5233,xarray/core/resample.py,0.5540844202041626,33
pydata__xarray-5233,xarray/core/_reductions.py,0.54635089635849,37
pydata__xarray-5233,xarray/tests/test_conventions.py,0.5191313028335571,42
pydata__xarray-5233,xarray/core/computation.py,0.5809227228164673,27
pydata__xarray-5233,xarray/core/arithmetic.py,0.5424755215644836,38
pydata__xarray-5233,xarray/core/missing.py,0.5482865571975708,36
pydata__xarray-5233,xarray/tests/test_groupby.py,0.5074213147163391,45
pydata__xarray-5233,xarray/plot/utils.py,0.5249791741371155,40
pydata__xarray-5233,xarray/core/types.py,0.5637142658233643,32
pydata__xarray-5233,xarray/ufuncs.py,0.5771140456199646,28
pydata__xarray-5233,asv_bench/benchmarks/pandas.py,0.4820389747619629,48
pydata__xarray-5233,asv_bench/benchmarks/reindexing.py,0.5054685473442078,46
pydata__xarray-5233,xarray/core/ops.py,0.6016871333122253,25
pydata__xarray-5233,xarray/tests/test_cupy.py,0.47229403257369995,49
pydata__xarray-5233,xarray/core/indexing.py,0.5637142658233643,32
pydata__xarray-5233,asv_bench/benchmarks/indexing.py,0.5152297019958496,43
pydata__xarray-5233,doc/examples/_code/accessor_example.py,0.42021888494491577,50
pydata__xarray-5233,xarray/util/generate_ops.py,0.5347096920013428,39
pydata__xarray-5233,xarray/tests/test_missing.py,0.6128658652305603,20
pydata__xarray-5233,xarray/tests/test_dataarray.py,0.5191313028335571,42
pydata__xarray-5233,xarray/tests/test_units.py,0.5132781267166138,44
pydata__xarray-5362,xarray/tests/test_weighted.py,0.8300988674163818,3
pydata__xarray-5362,xarray/core/weighted.py,0.863207221031189,1
pydata__xarray-5362,xarray/core/common.py,0.7797245979309082,5
pydata__xarray-5362,xarray/tests/test_dataarray.py,0.6956275701522827,21
pydata__xarray-5362,xarray/tests/test_groupby.py,0.6839264035224915,24
pydata__xarray-5362,xarray/core/utils.py,0.7632015347480774,7
pydata__xarray-5362,xarray/tests/test_computation.py,0.7589396834373474,8
pydata__xarray-5362,xarray/tests/test_dataset.py,0.7261149883270264,12
pydata__xarray-5362,xarray/tests/test_units.py,0.622092068195343,41
pydata__xarray-5362,xarray/core/dataarray.py,0.7810635566711426,4
pydata__xarray-5362,xarray/tests/test_sparse.py,0.6563059091567993,34
pydata__xarray-5362,xarray/core/ops.py,0.7119118571281433,16
pydata__xarray-5362,xarray/tests/test_ufuncs.py,0.7376120686531067,10
pydata__xarray-5362,xarray/tests/test_variable.py,0.7222136855125427,13
pydata__xarray-5362,xarray/core/computation.py,0.8376730680465698,2
pydata__xarray-5362,xarray/tests/test_duck_array_ops.py,0.6072905659675598,46
pydata__xarray-5362,xarray/tests/test_interp.py,0.6754221320152283,26
pydata__xarray-5362,xarray/tests/test_indexing.py,0.5904014110565186,48
pydata__xarray-5362,xarray/core/dataset.py,0.6563059091567993,34
pydata__xarray-5362,xarray/core/rolling_exp.py,0.6923092603683472,23
pydata__xarray-5362,xarray/tests/test_missing.py,0.7005671858787537,18
pydata__xarray-5362,xarray/core/indexing.py,0.7190681099891663,14
pydata__xarray-5362,xarray/core/alignment.py,0.6956275701522827,21
pydata__xarray-5362,xarray/tests/test_options.py,0.6474416255950928,37
pydata__xarray-5362,xarray/core/parallel.py,0.7315191626548767,11
pydata__xarray-5362,xarray/core/missing.py,0.6989257335662842,19
pydata__xarray-5362,xarray/core/variable.py,0.6685341000556946,28
pydata__xarray-5362,xarray/tests/test_concat.py,0.6650626063346863,29
pydata__xarray-5362,xarray/plot/utils.py,0.6312306523323059,39
pydata__xarray-5362,xarray/core/arithmetic.py,0.7722559571266174,6
pydata__xarray-5362,xarray/core/groupby.py,0.6685341000556946,28
pydata__xarray-5362,xarray/testing.py,0.6923092603683472,23
pydata__xarray-5362,xarray/tests/test_dask.py,0.6633201241493225,32
pydata__xarray-5362,xarray/util/generate_ops.py,0.7451017498970032,9
pydata__xarray-5362,xarray/core/dask_array_compat.py,0.6035580039024353,47
pydata__xarray-5362,xarray/core/merge.py,0.6633201241493225,32
pydata__xarray-5362,xarray/core/rolling.py,0.6474416255950928,37
pydata__xarray-5362,xarray/core/nanops.py,0.6091521978378296,45
pydata__xarray-5362,xarray/tests/test_combine.py,0.6633201241493225,32
pydata__xarray-5362,xarray/tests/test_merge.py,0.6822351217269897,25
pydata__xarray-5362,xarray/tests/test_accessor_str.py,0.6545414924621582,35
pydata__xarray-5362,xarray/tests/test_testing.py,0.6239269375801086,40
pydata__xarray-5362,xarray/core/_typed_ops.py,0.7151057720184326,15
pydata__xarray-5362,xarray/tests/test_cupy.py,0.49960941076278687,50
pydata__xarray-5362,xarray/tests/test_conventions.py,0.6165664792060852,43
pydata__xarray-5362,xarray/core/combine.py,0.6184117794036865,42
pydata__xarray-5362,asv_bench/benchmarks/reindexing.py,0.5269270539283752,49
pydata__xarray-5362,xarray/tests/test_backends.py,0.6348603367805481,38
pydata__xarray-5362,xarray/ufuncs.py,0.7030196189880371,17
pydata__xarray-5362,xarray/core/duck_array_ops.py,0.6147178411483765,44
pydata__xarray-5365,xarray/core/computation.py,0.5675531625747681,5
pydata__xarray-5365,xarray/__init__.py,0.54635089635849,7
pydata__xarray-5365,xarray/core/arithmetic.py,0.650999903678894,2
pydata__xarray-5365,xarray/ufuncs.py,0.7322856187820435,1
pydata__xarray-5365,xarray/tests/test_computation.py,0.5171807408332825,10
pydata__xarray-5365,xarray/core/ops.py,0.6184117794036865,3
pydata__xarray-5365,xarray/tests/test_ufuncs.py,0.49765628576278687,15
pydata__xarray-5365,xarray/tests/test_sparse.py,0.5093739032745361,12
pydata__xarray-5365,xarray/tests/test_dataarray.py,0.5444138646125793,8
pydata__xarray-5365,xarray/core/dataset.py,0.454811155796051,30
pydata__xarray-5365,xarray/util/generate_reductions.py,0.47618991136550903,20
pydata__xarray-5365,asv_bench/benchmarks/import_xarray.py,0.3120344877243042,50
pydata__xarray-5365,xarray/core/dataarray.py,0.47229403257369995,22
pydata__xarray-5365,xarray/util/generate_ops.py,0.6110106706619263,4
pydata__xarray-5365,xarray/core/parallel.py,0.49765628576278687,15
pydata__xarray-5365,xarray/core/_typed_ops.py,0.521081268787384,9
pydata__xarray-5365,xarray/tests/test_interp.py,0.47618991136550903,20
pydata__xarray-5365,xarray/core/common.py,0.5502207279205322,6
pydata__xarray-5365,xarray/core/pycompat.py,0.4126248061656952,38
pydata__xarray-5365,xarray/core/dask_array_ops.py,0.393827885389328,43
pydata__xarray-5365,xarray/tests/test_units.py,0.4586881399154663,29
pydata__xarray-5365,xarray/core/duck_array_ops.py,0.46840155124664307,26
pydata__xarray-5365,xarray/core/types.py,0.46840155124664307,26
pydata__xarray-5365,xarray/core/dask_array_compat.py,0.43168002367019653,35
pydata__xarray-5365,xarray/tests/test_cupy.py,0.32904666662216187,48
pydata__xarray-5365,xarray/tests/test_dataset.py,0.5054685473442078,13
pydata__xarray-5365,xarray/core/variable.py,0.4703473448753357,23
pydata__xarray-5365,xarray/convert.py,0.5093739032745361,12
pydata__xarray-5365,xarray/core/missing.py,0.4645129144191742,28
pydata__xarray-5365,doc/examples/_code/accessor_example.py,0.3120344877243042,50
pydata__xarray-5365,asv_bench/benchmarks/indexing.py,0.3975641429424286,42
pydata__xarray-5365,xarray/tests/test_duck_array_ops.py,0.4645129144191742,28
pydata__xarray-5365,xarray/core/extensions.py,0.3901040256023407,44
pydata__xarray-5365,xarray/core/accessor_str.py,0.4957032799720764,16
pydata__xarray-5365,asv_bench/benchmarks/rolling.py,0.41641688346862793,37
pydata__xarray-5365,xarray/core/weighted.py,0.4820389747619629,18
pydata__xarray-5365,doc/conf.py,0.48594123125076294,17
pydata__xarray-5365,asv_bench/benchmarks/interp.py,0.35006579756736755,47
pydata__xarray-5365,xarray/tests/test_variable.py,0.46840155124664307,26
pydata__xarray-5365,xarray/core/indexes.py,0.4432148039340973,33
pydata__xarray-5365,xarray/tests/__init__.py,0.40131235122680664,40
pydata__xarray-5365,xarray/tests/test_dask.py,0.4355173707008362,34
pydata__xarray-5365,xarray/tests/test_nputils.py,0.36441558599472046,46
pydata__xarray-5365,xarray/plot/plot.py,0.3975641429424286,42
pydata__xarray-5365,xarray/core/indexing.py,0.4432148039340973,33
pydata__xarray-5365,xarray/tests/test_backends.py,0.408843070268631,39
pydata__xarray-5365,xarray/core/rolling.py,0.37168383598327637,45
pydata__xarray-5365,xarray/tests/test_accessor_dt.py,0.41641688346862793,37
pydata__xarray-5365,xarray/tests/test_accessor_str.py,0.4509396255016327,31
pydata__xarray-5365,xarray/core/accessor_dt.py,0.47229403257369995,22
pydata__xarray-5455,xarray/backends/plugins.py,0.8637145161628723,1
pydata__xarray-5455,xarray/tests/test_plugins.py,0.7229966521263123,7
pydata__xarray-5455,xarray/tests/test_backends_api.py,0.6650626063346863,13
pydata__xarray-5455,xarray/backends/store.py,0.7307512760162354,4
pydata__xarray-5455,xarray/tests/test_backends.py,0.7214292883872986,8
pydata__xarray-5455,xarray/__init__.py,0.650999903678894,15
pydata__xarray-5455,xarray/backends/__init__.py,0.650999903678894,15
pydata__xarray-5455,xarray/tutorial.py,0.7509912848472595,3
pydata__xarray-5455,xarray/backends/common.py,0.7245585918426514,6
pydata__xarray-5455,xarray/backends/api.py,0.7539017796516418,2
pydata__xarray-5455,xarray/backends/scipy_.py,0.6972792148590088,10
pydata__xarray-5455,xarray/core/extensions.py,0.4240303635597229,44
pydata__xarray-5455,xarray/backends/cfgrib_.py,0.6719873547554016,12
pydata__xarray-5455,xarray/tests/__init__.py,0.5093739032745361,26
pydata__xarray-5455,xarray/backends/pseudonetcdf_.py,0.638474702835083,17
pydata__xarray-5455,xarray/backends/pydap_.py,0.6456562876701355,16
pydata__xarray-5455,xarray/tests/conftest.py,0.521081268787384,25
pydata__xarray-5455,xarray/backends/netCDF4_.py,0.7268911600112915,5
pydata__xarray-5455,xarray/backends/h5netcdf_.py,0.6754221320152283,11
pydata__xarray-5455,xarray/tests/test_extensions.py,0.4355173707008362,39
pydata__xarray-5455,doc/conf.py,0.521081268787384,25
pydata__xarray-5455,xarray/tests/test_print_versions.py,0.4278508424758911,41
pydata__xarray-5455,xarray/tests/test_distributed.py,0.5998133420944214,18
pydata__xarray-5455,xarray/backends/pynio_.py,0.6989257335662842,9
pydata__xarray-5455,asv_bench/benchmarks/dataset_io.py,0.5941745638847351,20
pydata__xarray-5455,xarray/core/dataset.py,0.4586881399154663,33
pydata__xarray-5455,xarray/backends/zarr.py,0.5405358076095581,23
pydata__xarray-5455,xarray/backends/rasterio_.py,0.48008865118026733,29
pydata__xarray-5455,doc/examples/_code/accessor_example.py,0.393827885389328,49
pydata__xarray-5455,xarray/tests/test_dataset.py,0.5979365706443787,19
pydata__xarray-5455,xarray/core/parallel.py,0.4432148039340973,37
pydata__xarray-5455,xarray/core/options.py,0.4586881399154663,33
pydata__xarray-5455,xarray/tests/test_tutorial.py,0.5598676800727844,21
pydata__xarray-5455,xarray/core/common.py,0.40131235122680664,48
pydata__xarray-5455,xarray/core/pycompat.py,0.4625701606273651,31
pydata__xarray-5455,xarray/util/print_versions.py,0.5579416155815125,22
pydata__xarray-5455,xarray/core/utils.py,0.4240303635597229,44
pydata__xarray-5455,asv_bench/benchmarks/indexing.py,0.4509396255016327,35
pydata__xarray-5455,xarray/tests/test_ufuncs.py,0.42021888494491577,45
pydata__xarray-5455,xarray/tests/test_computation.py,0.4432148039340973,37
pydata__xarray-5455,xarray/tests/test_missing.py,0.4957032799720764,27
pydata__xarray-5455,asv_bench/benchmarks/reindexing.py,0.43168002367019653,40
pydata__xarray-5455,xarray/tests/test_indexing.py,0.38269495964050293,50
pydata__xarray-5455,asv_bench/benchmarks/interp.py,0.4126248061656952,47
pydata__xarray-5455,xarray/tests/test_dask.py,0.4509396255016327,35
pydata__xarray-5455,asv_bench/benchmarks/dataarray_missing.py,0.46840155124664307,30
pydata__xarray-5455,xarray/testing.py,0.41641688346862793,46
pydata__xarray-5455,xarray/ufuncs.py,0.4240303635597229,44
pydata__xarray-5455,xarray/tests/test_testing.py,0.4898451566696167,28
pydata__xarray-5455,xarray/tests/test_backends_common.py,0.4355173707008362,39
pydata__xarray-5580,xarray/core/options.py,0.8311977982521057,1
pydata__xarray-5580,xarray/core/formatting.py,0.5502207279205322,4
pydata__xarray-5580,xarray/tests/test_formatting.py,0.6165664792060852,3
pydata__xarray-5580,asv_bench/benchmarks/repr.py,0.2987777292728424,21
pydata__xarray-5580,xarray/tests/test_dataset.py,0.622092068195343,2
pydata__xarray-5580,xarray/tests/test_options.py,0.4470740258693695,6
pydata__xarray-5580,xarray/tests/test_formatting_html.py,0.43168002367019653,7
pydata__xarray-5580,xarray/core/formatting_html.py,0.34298956394195557,13
pydata__xarray-5580,xarray/tests/test_cftimeindex.py,0.47424158453941345,5
pydata__xarray-5580,doc/conf.py,0.38269495964050293,9
pydata__xarray-5580,xarray/tests/test_plot.py,0.36080431938171387,11
pydata__xarray-5580,xarray/util/print_versions.py,0.25504666566848755,37
pydata__xarray-5580,xarray/plot/facetgrid.py,0.32904666662216187,18
pydata__xarray-5580,xarray/tests/test_dataarray.py,0.3790105879306793,10
pydata__xarray-5580,xarray/core/common.py,0.4050721228122711,8
pydata__xarray-5580,xarray/plot/utils.py,0.2671021819114685,32
pydata__xarray-5580,properties/conftest.py,0.1953483670949936,50
pydata__xarray-5580,xarray/__init__.py,0.32904666662216187,18
pydata__xarray-5580,xarray/plot/plot.py,0.2987777292728424,21
pydata__xarray-5580,xarray/tests/test_print_versions.py,0.25208935141563416,39
pydata__xarray-5580,asv_bench/benchmarks/rolling.py,0.26405462622642517,34
pydata__xarray-5580,properties/test_pandas_roundtrip.py,0.28905048966407776,24
pydata__xarray-5580,xarray/tests/__init__.py,0.32904666662216187,18
pydata__xarray-5580,xarray/core/dataset.py,0.2858501672744751,25
pydata__xarray-5580,xarray/core/groupby.py,0.25802674889564514,35
pydata__xarray-5580,asv_bench/benchmarks/dataarray_missing.py,0.27951371669769287,28
pydata__xarray-5580,xarray/tests/test_backends.py,0.3572086691856384,12
pydata__xarray-5580,xarray/core/rolling.py,0.25208935141563416,39
pydata__xarray-5580,conftest.py,0.24335461854934692,42
pydata__xarray-5580,asv_bench/benchmarks/indexing.py,0.27017202973365784,30
pydata__xarray-5580,xarray/core/dataarray.py,0.33947718143463135,14
pydata__xarray-5580,asv_bench/benchmarks/unstacking.py,0.2376466989517212,44
pydata__xarray-5580,xarray/plot/dataset_plot.py,0.24335461854934692,42
pydata__xarray-5580,xarray/core/dask_array_compat.py,0.25504666566848755,37
pydata__xarray-5580,xarray/tests/test_sparse.py,0.2671021819114685,32
pydata__xarray-5580,asv_bench/benchmarks/pandas.py,0.22925899922847748,48
pydata__xarray-5580,xarray/tests/test_dask.py,0.27017202973365784,30
pydata__xarray-5580,xarray/core/rolling_exp.py,0.22925899922847748,48
pydata__xarray-5580,asv_bench/benchmarks/interp.py,0.23482751846313477,46
pydata__xarray-5580,asv_bench/benchmarks/dataset_io.py,0.27951371669769287,28
pydata__xarray-5580,xarray/ufuncs.py,0.28905048966407776,24
pydata__xarray-5580,doc/gallery/plot_control_colorbar.py,0.24335461854934692,42
pydata__xarray-5580,xarray/tutorial.py,0.26405462622642517,34
pydata__xarray-5580,xarray/testing.py,0.282671183347702,26
pydata__xarray-5580,asv_bench/benchmarks/reindexing.py,0.23482751846313477,46
pydata__xarray-5580,xarray/core/pdcompat.py,0.22378391027450562,49
pydata__xarray-5580,xarray/core/variable.py,0.33598238229751587,15
pydata__xarray-5580,xarray/tests/test_duck_array_ops.py,0.3120344877243042,19
pydata__xarray-5580,doc/gallery/plot_colorbar_center.py,0.24048909544944763,43
pydata__xarray-5580,xarray/backends/zarr.py,0.29551446437835693,22
pydata__xarray-5662,xarray/core/coordinates.py,0.7135114669799805,9
pydata__xarray-5662,xarray/tests/test_plot.py,0.6685341000556946,21
pydata__xarray-5662,xarray/core/concat.py,0.6348603367805481,34
pydata__xarray-5662,xarray/core/dataarray.py,0.6348603367805481,34
pydata__xarray-5662,xarray/tests/test_dataarray.py,0.7095024585723877,10
pydata__xarray-5662,xarray/core/merge.py,0.6598217487335205,27
pydata__xarray-5662,xarray/tests/test_dask.py,0.5347096920013428,50
pydata__xarray-5662,xarray/tests/test_combine.py,0.650999903678894,30
pydata__xarray-5662,xarray/convert.py,0.6923092603683472,11
pydata__xarray-5662,doc/examples/_code/accessor_example.py,0.6563059091567993,28
pydata__xarray-5662,xarray/plot/utils.py,0.5560138821601868,49
pydata__xarray-5662,xarray/core/dataset.py,0.7276659607887268,8
pydata__xarray-5662,xarray/core/computation.py,0.6110106706619263,39
pydata__xarray-5662,doc/gallery/plot_rasterio.py,0.6474416255950928,31
pydata__xarray-5662,xarray/core/missing.py,0.5885108113288879,45
pydata__xarray-5662,asv_bench/benchmarks/repr.py,0.833514392375946,1
pydata__xarray-5662,xarray/plot/facetgrid.py,0.6650626063346863,23
pydata__xarray-5662,xarray/tests/test_dataset.py,0.761786699295044,5
pydata__xarray-5662,xarray/tests/test_backends.py,0.5675531625747681,48
pydata__xarray-5662,xarray/core/variable.py,0.6685341000556946,21
pydata__xarray-5662,xarray/conventions.py,0.6615731120109558,25
pydata__xarray-5662,xarray/core/common.py,0.6294102072715759,35
pydata__xarray-5662,asv_bench/benchmarks/indexing.py,0.6822351217269897,12
pydata__xarray-5662,xarray/tests/test_variable.py,0.650999903678894,30
pydata__xarray-5662,xarray/tests/test_conventions.py,0.6754221320152283,15
pydata__xarray-5662,xarray/tests/test_formatting_html.py,0.7502601146697998,6
pydata__xarray-5662,xarray/tests/test_formatting.py,0.7660136818885803,4
pydata__xarray-5662,doc/gallery/plot_lines_from_2d.py,0.6771324872970581,14
pydata__xarray-5662,asv_bench/benchmarks/combine.py,0.6668006181716919,22
pydata__xarray-5662,xarray/backends/netcdf3.py,0.6685341000556946,21
pydata__xarray-5662,xarray/tests/test_interp.py,0.6054258346557617,42
pydata__xarray-5662,xarray/core/formatting.py,0.6771324872970581,14
pydata__xarray-5662,xarray/core/indexing.py,0.6091521978378296,41
pydata__xarray-5662,xarray/tests/test_missing.py,0.6016871333122253,43
pydata__xarray-5662,xarray/coding/cftimeindex.py,0.7413744926452637,7
pydata__xarray-5662,doc/conf.py,0.6091521978378296,41
pydata__xarray-5662,xarray/tutorial.py,0.5828235149383545,46
pydata__xarray-5662,xarray/core/formatting_html.py,0.7688025832176208,2
pydata__xarray-5662,xarray/tests/test_cftimeindex.py,0.5713839530944824,47
pydata__xarray-5662,xarray/core/alignment.py,0.6719873547554016,17
pydata__xarray-5662,xarray/tests/test_groupby.py,0.6702630519866943,18
pydata__xarray-5662,xarray/core/options.py,0.6456562876701355,32
pydata__xarray-5662,xarray/core/rolling.py,0.6598217487335205,27
pydata__xarray-5662,xarray/core/indexes.py,0.5941745638847351,44
pydata__xarray-5662,xarray/tests/test_concat.py,0.622092068195343,37
pydata__xarray-5662,xarray/plot/plot.py,0.6184117794036865,38
pydata__xarray-5662,xarray/core/combine.py,0.6615731120109558,25
pydata__xarray-5662,asv_bench/benchmarks/dataset_io.py,0.6737070679664612,16
pydata__xarray-5662,xarray/tests/test_accessor_str.py,0.7681075930595398,3
pydata__xarray-5662,asv_bench/benchmarks/reindexing.py,0.6239269375801086,36
pydata__xarray-5682,xarray/tests/test_plot.py,0.54635089635849,14
pydata__xarray-5682,xarray/plot/plot.py,0.5922893285751343,4
pydata__xarray-5682,xarray/core/formatting_html.py,0.5979365706443787,3
pydata__xarray-5682,xarray/plot/facetgrid.py,0.5288740992546082,17
pydata__xarray-5682,xarray/plot/utils.py,0.6492228507995605,1
pydata__xarray-5682,xarray/plot/dataset_plot.py,0.49179762601852417,29
pydata__xarray-5682,xarray/tests/test_formatting_html.py,0.5191313028335571,20
pydata__xarray-5682,xarray/core/formatting.py,0.5828235149383545,6
pydata__xarray-5682,xarray/plot/__init__.py,0.46840155124664307,37
pydata__xarray-5682,doc/conf.py,0.4839898645877838,32
pydata__xarray-5682,asv_bench/benchmarks/repr.py,0.4240303635597229,43
pydata__xarray-5682,xarray/tests/test_formatting.py,0.4957032799720764,27
pydata__xarray-5682,doc/examples/_code/accessor_example.py,0.393827885389328,44
pydata__xarray-5682,xarray/tests/test_dataarray.py,0.5113261938095093,22
pydata__xarray-5682,doc/gallery/plot_control_colorbar.py,0.3572086691856384,50
pydata__xarray-5682,xarray/core/dataset.py,0.5230305790901184,18
pydata__xarray-5682,xarray/core/options.py,0.5790196061134338,7
pydata__xarray-5682,xarray/tests/test_dataset.py,0.521081268787384,19
pydata__xarray-5682,xarray/convert.py,0.5847217440605164,5
pydata__xarray-5682,xarray/tests/test_dask.py,0.43936243653297424,41
pydata__xarray-5682,doc/gallery/plot_colorbar_center.py,0.3753400444984436,46
pydata__xarray-5682,doc/gallery/plot_rasterio.py,0.3572086691856384,50
pydata__xarray-5682,xarray/core/computation.py,0.5093739032745361,24
pydata__xarray-5682,xarray/tests/__init__.py,0.49960941076278687,25
pydata__xarray-5682,doc/gallery/plot_rasterio_rgb.py,0.36080431938171387,48
pydata__xarray-5682,doc/gallery/plot_lines_from_2d.py,0.38269495964050293,45
pydata__xarray-5682,doc/gallery/plot_cartopy_facetgrid.py,0.36441558599472046,47
pydata__xarray-5682,xarray/core/dataarray.py,0.49375033378601074,28
pydata__xarray-5682,xarray/core/common.py,0.5617918968200684,11
pydata__xarray-5682,xarray/__init__.py,0.4586881399154663,38
pydata__xarray-5682,xarray/ufuncs.py,0.48594123125076294,31
pydata__xarray-5682,xarray/core/indexes.py,0.4240303635597229,43
pydata__xarray-5682,xarray/core/arithmetic.py,0.47618991136550903,35
pydata__xarray-5682,xarray/coding/variables.py,0.5347096920013428,15
pydata__xarray-5682,xarray/backends/netcdf3.py,0.638474702835083,2
pydata__xarray-5682,xarray/tests/test_units.py,0.47229403257369995,36
pydata__xarray-5682,xarray/core/variable.py,0.5694696307182312,8
pydata__xarray-5682,xarray/core/extensions.py,0.4470740258693695,40
pydata__xarray-5682,xarray/tests/test_options.py,0.5579416155815125,12
pydata__xarray-5682,xarray/backends/api.py,0.54635089635849,14
pydata__xarray-5682,xarray/conventions.py,0.5656346678733826,10
pydata__xarray-5682,xarray/tests/test_backends.py,0.48008865118026733,34
pydata__xarray-5682,xarray/core/ops.py,0.48008865118026733,34
pydata__xarray-5682,xarray/coding/strings.py,0.5675531625747681,9
pydata__xarray-5682,xarray/tests/test_accessor_str.py,0.49765628576278687,26
pydata__xarray-5682,xarray/backends/netCDF4_.py,0.5327655076980591,16
pydata__xarray-5682,xarray/util/print_versions.py,0.5093739032745361,24
pydata__xarray-5682,xarray/tests/test_cftimeindex.py,0.454811155796051,39
pydata__xarray-5682,xarray/core/accessor_str.py,0.5171807408332825,21
pydata__xarray-5682,xarray/tests/test_sparse.py,0.4878930151462555,30
pydata__xarray-5731,xarray/tests/test_computation.py,0.756069540977478,1
pydata__xarray-5731,xarray/core/computation.py,0.6989257335662842,5
pydata__xarray-5731,xarray/core/pycompat.py,0.6420735120773315,14
pydata__xarray-5731,xarray/core/dask_array_ops.py,0.5502207279205322,35
pydata__xarray-5731,xarray/core/duck_array_ops.py,0.6650626063346863,11
pydata__xarray-5731,xarray/core/parallel.py,0.6474416255950928,13
pydata__xarray-5731,xarray/tests/test_missing.py,0.5637142658233643,31
pydata__xarray-5731,xarray/tests/test_sparse.py,0.5828235149383545,26
pydata__xarray-5731,xarray/tests/test_dataarray.py,0.6072905659675598,19
pydata__xarray-5731,xarray/tests/__init__.py,0.6771324872970581,7
pydata__xarray-5731,xarray/tests/test_dask.py,0.6737070679664612,10
pydata__xarray-5731,xarray/core/dask_array_compat.py,0.6737070679664612,10
pydata__xarray-5731,xarray/tests/test_duck_array_ops.py,0.5828235149383545,26
pydata__xarray-5731,xarray/core/dataarray.py,0.6598217487335205,12
pydata__xarray-5731,xarray/tests/conftest.py,0.6737070679664612,10
pydata__xarray-5731,xarray/core/dataset.py,0.5941745638847351,22
pydata__xarray-5731,xarray/__init__.py,0.6906425356864929,6
pydata__xarray-5731,xarray/tests/test_distributed.py,0.6402760744094849,15
pydata__xarray-5731,xarray/tests/test_variable.py,0.5771140456199646,27
pydata__xarray-5731,xarray/core/ops.py,0.6184117794036865,17
pydata__xarray-5731,xarray/core/weighted.py,0.5598676800727844,32
pydata__xarray-5731,xarray/tests/test_dataset.py,0.5828235149383545,26
pydata__xarray-5731,xarray/core/nanops.py,0.633047342300415,16
pydata__xarray-5731,asv_bench/benchmarks/dataarray_missing.py,0.46645671129226685,45
pydata__xarray-5731,xarray/tests/test_ufuncs.py,0.7509912848472595,2
pydata__xarray-5731,asv_bench/benchmarks/import_xarray.py,0.47424158453941345,44
pydata__xarray-5731,xarray/tests/test_interp.py,0.5847217440605164,23
pydata__xarray-5731,xarray/core/types.py,0.7013859152793884,4
pydata__xarray-5731,xarray/ufuncs.py,0.7159009575843811,3
pydata__xarray-5731,xarray/core/variable.py,0.5752062797546387,28
pydata__xarray-5731,xarray/tests/test_accessor_dt.py,0.5560138821601868,33
pydata__xarray-5731,xarray/core/common.py,0.4432148039340973,48
pydata__xarray-5731,xarray/core/arithmetic.py,0.6016871333122253,21
pydata__xarray-5731,xarray/core/rolling.py,0.6165664792060852,18
pydata__xarray-5731,xarray/core/indexing.py,0.5732962489128113,29
pydata__xarray-5731,asv_bench/benchmarks/unstacking.py,0.4355173707008362,49
pydata__xarray-5731,asv_bench/benchmarks/rolling.py,0.5191313028335571,40
pydata__xarray-5731,asv_bench/benchmarks/reindexing.py,0.4781389832496643,42
pydata__xarray-5731,xarray/core/missing.py,0.5113261938095093,41
pydata__xarray-5731,asv_bench/benchmarks/interp.py,0.47424158453941345,44
pydata__xarray-5731,asv_bench/benchmarks/__init__.py,0.454811155796051,46
pydata__xarray-5731,xarray/tests/test_weighted.py,0.5385949611663818,37
pydata__xarray-5731,xarray/tests/test_cupy.py,0.38269495964050293,50
pydata__xarray-5731,xarray/util/generate_reductions.py,0.5366528630256653,38
pydata__xarray-5731,doc/conf.py,0.5675531625747681,30
pydata__xarray-5731,xarray/tests/test_accessor_str.py,0.5502207279205322,35
pydata__xarray-5731,xarray/core/extensions.py,0.4432148039340973,48
pydata__xarray-5731,xarray/tests/test_coarsen.py,0.5424755215644836,36
pydata__xarray-5731,xarray/tests/test_testing.py,0.6016871333122253,21
pydata__xarray-5731,xarray/tests/test_backends.py,0.5308202505111694,39
pydata__xarray-6135,xarray/coding/cftimeindex.py,0.7368552684783936,1
pydata__xarray-6135,xarray/tests/test_cftimeindex.py,0.6456562876701355,3
pydata__xarray-6135,xarray/coding/calendar_ops.py,0.6035580039024353,6
pydata__xarray-6135,xarray/tests/test_cftime_offsets.py,0.6110106706619263,5
pydata__xarray-6135,xarray/coding/cftime_offsets.py,0.5904014110565186,9
pydata__xarray-6135,xarray/tests/test_cftimeindex_resample.py,0.48594123125076294,18
pydata__xarray-6135,xarray/tests/test_calendar_ops.py,0.5132781267166138,15
pydata__xarray-6135,xarray/core/resample_cftime.py,0.6889709234237671,2
pydata__xarray-6135,xarray/core/dataset.py,0.6147178411483765,4
pydata__xarray-6135,xarray/core/dataarray.py,0.5560138821601868,11
pydata__xarray-6135,xarray/tests/test_accessor_dt.py,0.47618991136550903,19
pydata__xarray-6135,xarray/tests/test_coding_times.py,0.6016871333122253,7
pydata__xarray-6135,xarray/coding/frequencies.py,0.5979365706443787,8
pydata__xarray-6135,xarray/coding/times.py,0.5035156011581421,16
pydata__xarray-6135,xarray/core/accessor_dt.py,0.5579416155815125,10
pydata__xarray-6135,xarray/tests/test_duck_array_ops.py,0.3753400444984436,39
pydata__xarray-6135,xarray/tests/test_interp.py,0.5308202505111694,14
pydata__xarray-6135,xarray/core/duck_array_ops.py,0.4625701606273651,21
pydata__xarray-6135,xarray/tests/test_backends.py,0.4432148039340973,25
pydata__xarray-6135,xarray/tests/test_missing.py,0.5385949611663818,13
pydata__xarray-6135,xarray/tests/test_dataset.py,0.4355173707008362,26
pydata__xarray-6135,xarray/tests/test_utils.py,0.4432148039340973,25
pydata__xarray-6135,xarray/tests/test_variable.py,0.40131235122680664,32
pydata__xarray-6135,xarray/tests/test_conventions.py,0.3572086691856384,41
pydata__xarray-6135,xarray/core/missing.py,0.5482865571975708,12
pydata__xarray-6135,xarray/core/variable.py,0.4050721228122711,31
pydata__xarray-6135,xarray/tests/test_plot.py,0.38269495964050293,35
pydata__xarray-6135,xarray/conventions.py,0.4586881399154663,22
pydata__xarray-6135,xarray/core/common.py,0.46645671129226685,20
pydata__xarray-6135,xarray/coding/variables.py,0.43168002367019653,27
pydata__xarray-6135,xarray/tests/test_coding.py,0.3753400444984436,39
pydata__xarray-6135,xarray/tests/test_dataarray.py,0.3572086691856384,41
pydata__xarray-6135,xarray/core/resample.py,0.4050721228122711,31
pydata__xarray-6135,xarray/tests/test_groupby.py,0.3790105879306793,37
pydata__xarray-6135,asv_bench/benchmarks/interp.py,0.30536580085754395,50
pydata__xarray-6135,asv_bench/benchmarks/reindexing.py,0.3863929510116577,33
pydata__xarray-6135,xarray/tests/test_indexes.py,0.35006579756736755,42
pydata__xarray-6135,xarray/convert.py,0.48594123125076294,18
pydata__xarray-6135,asv_bench/benchmarks/pandas.py,0.33947718143463135,45
pydata__xarray-6135,xarray/core/indexing.py,0.4050721228122711,31
pydata__xarray-6135,xarray/tests/test_units.py,0.408843070268631,28
pydata__xarray-6135,xarray/core/rolling_exp.py,0.31539851427078247,49
pydata__xarray-6135,asv_bench/benchmarks/dataarray_missing.py,0.31539851427078247,49
pydata__xarray-6135,asv_bench/benchmarks/indexing.py,0.33598238229751587,46
pydata__xarray-6135,xarray/tests/test_accessor_str.py,0.34651920199394226,43
pydata__xarray-6135,xarray/core/utils.py,0.4509396255016327,23
pydata__xarray-6135,xarray/core/dtypes.py,0.3790105879306793,37
pydata__xarray-6135,xarray/tests/test_sparse.py,0.33947718143463135,45
pydata__xarray-6135,xarray/tests/test_indexing.py,0.3187819719314575,47
pydata__xarray-6135,xarray/tests/test_combine.py,0.38269495964050293,35
pydata__xarray-6386,xarray/tests/test_groupby.py,0.7182783484458923,4
pydata__xarray-6386,xarray/core/groupby.py,0.8196625113487244,1
pydata__xarray-6386,xarray/core/dataset.py,0.6872942447662354,7
pydata__xarray-6386,xarray/core/resample.py,0.7660136818885803,3
pydata__xarray-6386,xarray/core/common.py,0.7681075930595398,2
pydata__xarray-6386,xarray/core/parallel.py,0.7022034525871277,5
pydata__xarray-6386,xarray/tests/test_dask.py,0.6202536225318909,24
pydata__xarray-6386,asv_bench/benchmarks/groupby.py,0.6563059091567993,15
pydata__xarray-6386,xarray/core/indexing.py,0.6202536225318909,24
pydata__xarray-6386,xarray/tests/test_sparse.py,0.6035580039024353,27
pydata__xarray-6386,xarray/tests/test_dataset.py,0.5809227228164673,33
pydata__xarray-6386,xarray/tests/test_distributed.py,0.6035580039024353,27
pydata__xarray-6386,xarray/tests/test_backends.py,0.6366694569587708,18
pydata__xarray-6386,xarray/core/dask_array_compat.py,0.5132781267166138,43
pydata__xarray-6386,asv_bench/benchmarks/reindexing.py,0.47618991136550903,48
pydata__xarray-6386,xarray/core/computation.py,0.6822351217269897,8
pydata__xarray-6386,xarray/core/_reductions.py,0.6257582902908325,19
pydata__xarray-6386,xarray/core/dataarray.py,0.7005671858787537,6
pydata__xarray-6386,xarray/convert.py,0.6420735120773315,17
pydata__xarray-6386,xarray/core/variable.py,0.6474416255950928,16
pydata__xarray-6386,xarray/core/concat.py,0.5960569977760315,31
pydata__xarray-6386,xarray/tests/test_combine.py,0.6202536225318909,24
pydata__xarray-6386,xarray/__init__.py,0.5960569977760315,31
pydata__xarray-6386,asv_bench/benchmarks/indexing.py,0.5035156011581421,45
pydata__xarray-6386,xarray/tests/test_concat.py,0.5093739032745361,44
pydata__xarray-6386,xarray/tests/test_indexes.py,0.5230305790901184,41
pydata__xarray-6386,xarray/tests/test_computation.py,0.6719873547554016,11
pydata__xarray-6386,xarray/core/rolling.py,0.6805390119552612,9
pydata__xarray-6386,xarray/tests/test_dataarray.py,0.6035580039024353,27
pydata__xarray-6386,xarray/core/alignment.py,0.5904014110565186,32
pydata__xarray-6386,xarray/tests/test_indexing.py,0.5790196061134338,34
pydata__xarray-6386,xarray/core/merge.py,0.6788381338119507,10
pydata__xarray-6386,xarray/tests/test_variable.py,0.5598676800727844,36
pydata__xarray-6386,xarray/backends/api.py,0.5960569977760315,31
pydata__xarray-6386,xarray/tests/test_ufuncs.py,0.622092068195343,21
pydata__xarray-6386,xarray/core/resample_cftime.py,0.6685341000556946,12
pydata__xarray-6386,xarray/core/dask_array_ops.py,0.47424158453941345,50
pydata__xarray-6386,xarray/backends/common.py,0.5598676800727844,36
pydata__xarray-6386,xarray/tests/test_units.py,0.5960569977760315,31
pydata__xarray-6386,xarray/core/combine.py,0.6633201241493225,13
pydata__xarray-6386,xarray/core/ops.py,0.6580659747123718,14
pydata__xarray-6386,xarray/core/duck_array_ops.py,0.54635089635849,38
pydata__xarray-6386,xarray/tests/test_utils.py,0.5152297019958496,42
pydata__xarray-6386,asv_bench/benchmarks/combine.py,0.47424158453941345,50
pydata__xarray-6386,xarray/tests/test_duck_array_ops.py,0.5424755215644836,39
pydata__xarray-6386,asv_bench/benchmarks/unstacking.py,0.47618991136550903,48
pydata__xarray-6386,xarray/tests/test_cupy.py,0.48008865118026733,46
pydata__xarray-6386,xarray/core/weighted.py,0.5540844202041626,37
pydata__xarray-6386,xarray/core/indexes.py,0.622092068195343,21
pydata__xarray-6386,asv_bench/benchmarks/dataset_io.py,0.5347096920013428,40
pydata__xarray-6394,xarray/tests/test_groupby.py,0.7038345336914062,6
pydata__xarray-6394,xarray/core/groupby.py,0.8298231959342957,1
pydata__xarray-6394,xarray/core/dataset.py,0.6650626063346863,14
pydata__xarray-6394,asv_bench/benchmarks/groupby.py,0.633047342300415,21
pydata__xarray-6394,xarray/core/parallel.py,0.6972792148590088,7
pydata__xarray-6394,xarray/core/resample.py,0.7553483247756958,2
pydata__xarray-6394,xarray/tests/test_dask.py,0.6598217487335205,16
pydata__xarray-6394,xarray/tests/test_sparse.py,0.6035580039024353,27
pydata__xarray-6394,xarray/core/common.py,0.7182783484458923,5
pydata__xarray-6394,xarray/tests/test_combine.py,0.6633201241493225,15
pydata__xarray-6394,xarray/tests/test_backends.py,0.638474702835083,19
pydata__xarray-6394,xarray/tests/test_distributed.py,0.5656346678733826,34
pydata__xarray-6394,xarray/tests/test_dataset.py,0.5598676800727844,37
pydata__xarray-6394,asv_bench/benchmarks/reindexing.py,0.4820389747619629,50
pydata__xarray-6394,xarray/core/indexing.py,0.5885108113288879,31
pydata__xarray-6394,asv_bench/benchmarks/combine.py,0.5288740992546082,40
pydata__xarray-6394,xarray/core/dataarray.py,0.6939709186553955,9
pydata__xarray-6394,xarray/core/dask_array_compat.py,0.5015625357627869,46
pydata__xarray-6394,xarray/convert.py,0.622092068195343,23
pydata__xarray-6394,xarray/tests/test_concat.py,0.5598676800727844,37
pydata__xarray-6394,xarray/backends/api.py,0.5960569977760315,30
pydata__xarray-6394,xarray/tests/test_dataarray.py,0.6165664792060852,25
pydata__xarray-6394,xarray/core/computation.py,0.6788381338119507,13
pydata__xarray-6394,xarray/core/concat.py,0.633047342300415,21
pydata__xarray-6394,xarray/__init__.py,0.6016871333122253,29
pydata__xarray-6394,xarray/core/combine.py,0.7190681099891663,4
pydata__xarray-6394,asv_bench/benchmarks/indexing.py,0.5113261938095093,43
pydata__xarray-6394,xarray/tests/test_computation.py,0.6856127977371216,10
pydata__xarray-6394,xarray/tests/test_ufuncs.py,0.6257582902908325,22
pydata__xarray-6394,xarray/tests/test_indexing.py,0.5732962489128113,32
pydata__xarray-6394,xarray/core/_reductions.py,0.6527729034423828,17
pydata__xarray-6394,asv_bench/benchmarks/dataset_io.py,0.5230305790901184,42
pydata__xarray-6394,xarray/core/variable.py,0.6016871333122253,29
pydata__xarray-6394,asv_bench/benchmarks/unstacking.py,0.4898451566696167,48
pydata__xarray-6394,xarray/tests/test_indexes.py,0.5074213147163391,44
pydata__xarray-6394,xarray/core/merge.py,0.6788381338119507,13
pydata__xarray-6394,xarray/backends/common.py,0.5656346678733826,34
pydata__xarray-6394,xarray/core/ops.py,0.650999903678894,18
pydata__xarray-6394,xarray/core/rolling.py,0.6939709186553955,9
pydata__xarray-6394,xarray/core/alignment.py,0.5617918968200684,35
pydata__xarray-6394,xarray/core/arithmetic.py,0.6839264035224915,11
pydata__xarray-6394,xarray/tests/test_duck_array_ops.py,0.5540844202041626,39
pydata__xarray-6394,xarray/tests/test_utils.py,0.5269270539283752,41
pydata__xarray-6394,xarray/tests/test_units.py,0.6184117794036865,24
pydata__xarray-6394,xarray/core/types.py,0.7276659607887268,3
pydata__xarray-6394,xarray/tests/test_variable.py,0.5540844202041626,39
pydata__xarray-6394,properties/test_pandas_roundtrip.py,0.5015625357627869,46
pydata__xarray-6394,xarray/tests/test_cupy.py,0.4839898645877838,49
pydata__xarray-6394,asv_bench/benchmarks/dataarray_missing.py,0.4898451566696167,48
pydata__xarray-6394,xarray/core/coordinates.py,0.6110106706619263,26
pydata__xarray-6400,asv_bench/benchmarks/repr.py,0.8339205980300903,1
pydata__xarray-6400,xarray/tests/test_formatting_html.py,0.8219606280326843,2
pydata__xarray-6400,xarray/core/formatting_html.py,0.8032355308532715,4
pydata__xarray-6400,xarray/tests/test_dataset.py,0.7823965549468994,5
pydata__xarray-6400,xarray/core/formatting.py,0.6906425356864929,9
pydata__xarray-6400,xarray/tests/test_formatting.py,0.7159009575843811,8
pydata__xarray-6400,xarray/tests/test_dataarray.py,0.8108386993408203,3
pydata__xarray-6400,xarray/tests/test_cftimeindex.py,0.6239269375801086,21
pydata__xarray-6400,asv_bench/benchmarks/pandas.py,0.5308202505111694,45
pydata__xarray-6400,asv_bench/benchmarks/unstacking.py,0.5675531625747681,37
pydata__xarray-6400,xarray/core/indexing.py,0.7803948521614075,6
pydata__xarray-6400,xarray/core/dataset.py,0.6147178411483765,24
pydata__xarray-6400,asv_bench/benchmarks/indexing.py,0.5979365706443787,29
pydata__xarray-6400,xarray/core/common.py,0.7214292883872986,7
pydata__xarray-6400,asv_bench/benchmarks/reindexing.py,0.4898451566696167,50
pydata__xarray-6400,xarray/core/indexes.py,0.633047342300415,19
pydata__xarray-6400,xarray/tests/test_indexing.py,0.5694696307182312,35
pydata__xarray-6400,xarray/tests/test_dask.py,0.5405358076095581,42
pydata__xarray-6400,xarray/core/options.py,0.6420735120773315,16
pydata__xarray-6400,xarray/plot/utils.py,0.6650626063346863,12
pydata__xarray-6400,asv_bench/benchmarks/dataset_io.py,0.5866175889968872,31
pydata__xarray-6400,xarray/core/dataarray.py,0.6668006181716919,10
pydata__xarray-6400,xarray/tests/test_indexes.py,0.5502207279205322,41
pydata__xarray-6400,xarray/plot/plot.py,0.5598676800727844,38
pydata__xarray-6400,xarray/core/alignment.py,0.5347096920013428,43
pydata__xarray-6400,xarray/plot/facetgrid.py,0.5521534085273743,40
pydata__xarray-6400,xarray/coding/cftimeindex.py,0.6184117794036865,22
pydata__xarray-6400,doc/conf.py,0.5998133420944214,28
pydata__xarray-6400,asv_bench/benchmarks/groupby.py,0.5113261938095093,48
pydata__xarray-6400,xarray/tests/test_variable.py,0.5732962489128113,34
pydata__xarray-6400,xarray/core/variable.py,0.6650626063346863,12
pydata__xarray-6400,xarray/tests/test_backends.py,0.6072905659675598,26
pydata__xarray-6400,xarray/backends/netCDF4_.py,0.6563059091567993,14
pydata__xarray-6400,xarray/core/coordinates.py,0.6615731120109558,13
pydata__xarray-6400,xarray/tests/test_sparse.py,0.6366694569587708,17
pydata__xarray-6400,xarray/tests/test_plot.py,0.6348603367805481,18
pydata__xarray-6400,xarray/core/groupby.py,0.6035580039024353,27
pydata__xarray-6400,xarray/core/duck_array_ops.py,0.5675531625747681,37
pydata__xarray-6400,xarray/convert.py,0.6456562876701355,15
pydata__xarray-6400,xarray/core/utils.py,0.6147178411483765,24
pydata__xarray-6400,xarray/tests/test_groupby.py,0.5790196061134338,32
pydata__xarray-6400,xarray/plot/dataset_plot.py,0.49179762601852417,49
pydata__xarray-6400,xarray/core/nputils.py,0.5579416155815125,39
pydata__xarray-6400,xarray/backends/zarr.py,0.6110106706619263,25
pydata__xarray-6400,xarray/coding/strings.py,0.6312306523323059,20
pydata__xarray-6400,asv_bench/benchmarks/rolling.py,0.5327655076980591,44
pydata__xarray-6400,asv_bench/benchmarks/dataarray_missing.py,0.5152297019958496,47
pydata__xarray-6400,xarray/tests/test_utils.py,0.5230305790901184,46
pydata__xarray-6400,xarray/backends/common.py,0.5941745638847351,30
pydata__xarray-6400,xarray/core/parallel.py,0.5771140456199646,33
pydata__xarray-6461,xarray/tests/test_dataset.py,0.7070811986923218,2
pydata__xarray-6461,xarray/tests/test_computation.py,0.5656346678733826,13
pydata__xarray-6461,xarray/core/computation.py,0.7509912848472595,1
pydata__xarray-6461,xarray/core/common.py,0.6650626063346863,3
pydata__xarray-6461,xarray/core/dataarray.py,0.5960569977760315,11
pydata__xarray-6461,xarray/tests/test_units.py,0.49179762601852417,26
pydata__xarray-6461,xarray/tests/test_dataarray.py,0.5866175889968872,12
pydata__xarray-6461,xarray/tests/test_ufuncs.py,0.5347096920013428,19
pydata__xarray-6461,xarray/tests/test_weighted.py,0.4781389832496643,32
pydata__xarray-6461,xarray/core/ops.py,0.6598217487335205,4
pydata__xarray-6461,xarray/tests/test_coarsen.py,0.5540844202041626,14
pydata__xarray-6461,xarray/core/variable.py,0.5979365706443787,9
pydata__xarray-6461,xarray/tests/test_groupby.py,0.4781389832496643,32
pydata__xarray-6461,xarray/tests/test_options.py,0.622092068195343,6
pydata__xarray-6461,xarray/tests/test_sparse.py,0.46840155124664307,35
pydata__xarray-6461,xarray/core/duck_array_ops.py,0.6035580039024353,8
pydata__xarray-6461,xarray/core/arithmetic.py,0.54635089635849,16
pydata__xarray-6461,xarray/ufuncs.py,0.6312306523323059,5
pydata__xarray-6461,xarray/core/dataset.py,0.4625701606273651,37
pydata__xarray-6461,xarray/tests/test_duck_array_ops.py,0.5502207279205322,15
pydata__xarray-6461,xarray/tests/test_missing.py,0.4839898645877838,29
pydata__xarray-6461,xarray/tests/test_dask.py,0.4509396255016327,38
pydata__xarray-6461,xarray/tests/test_variable.py,0.49375033378601074,25
pydata__xarray-6461,xarray/tests/test_merge.py,0.5308202505111694,20
pydata__xarray-6461,xarray/core/indexing.py,0.4703473448753357,34
pydata__xarray-6461,xarray/core/_typed_ops.py,0.5171807408332825,21
pydata__xarray-6461,xarray/core/indexes.py,0.4839898645877838,29
pydata__xarray-6461,xarray/core/parallel.py,0.4470740258693695,41
pydata__xarray-6461,xarray/coding/variables.py,0.5015625357627869,24
pydata__xarray-6461,xarray/tests/test_combine.py,0.3975641429424286,48
pydata__xarray-6461,xarray/tests/test_concat.py,0.4820389747619629,30
pydata__xarray-6461,xarray/core/utils.py,0.4470740258693695,41
pydata__xarray-6461,xarray/core/groupby.py,0.4240303635597229,44
pydata__xarray-6461,xarray/core/missing.py,0.5960569977760315,11
pydata__xarray-6461,xarray/core/nputils.py,0.4050721228122711,47
pydata__xarray-6461,xarray/core/rolling.py,0.5074213147163391,23
pydata__xarray-6461,xarray/core/options.py,0.6184117794036865,7
pydata__xarray-6461,xarray/util/generate_ops.py,0.5152297019958496,22
pydata__xarray-6461,xarray/core/merge.py,0.4355173707008362,42
pydata__xarray-6461,xarray/core/types.py,0.4645129144191742,36
pydata__xarray-6461,xarray/core/_reductions.py,0.5347096920013428,19
pydata__xarray-6461,xarray/core/accessor_str.py,0.4126248061656952,45
pydata__xarray-6461,xarray/core/alignment.py,0.4703473448753357,34
pydata__xarray-6461,xarray/tests/test_interp.py,0.4278508424758911,43
pydata__xarray-6461,xarray/core/nanops.py,0.4839898645877838,29
pydata__xarray-6461,xarray/tests/test_utils.py,0.4050721228122711,47
pydata__xarray-6461,xarray/tests/test_indexes.py,0.3680422008037567,50
pydata__xarray-6461,xarray/core/weighted.py,0.5347096920013428,19
pydata__xarray-6461,xarray/tests/test_cupy.py,0.4470740258693695,41
pydata__xarray-6461,xarray/tests/test_indexing.py,0.37168383598327637,49
pydata__xarray-6548,xarray/core/computation.py,0.7756727933883667,1
pydata__xarray-6548,xarray/core/missing.py,0.5885108113288879,4
pydata__xarray-6548,xarray/tests/test_computation.py,0.6016871333122253,2
pydata__xarray-6548,xarray/core/coordinates.py,0.5035156011581421,20
pydata__xarray-6548,xarray/core/dataarray.py,0.5904014110565186,3
pydata__xarray-6548,xarray/tests/test_dataarray.py,0.5828235149383545,5
pydata__xarray-6548,xarray/tests/test_dataset.py,0.47229403257369995,30
pydata__xarray-6548,xarray/core/indexes.py,0.5637142658233643,7
pydata__xarray-6548,xarray/core/dataset.py,0.5809227228164673,6
pydata__xarray-6548,xarray/plot/utils.py,0.4820389747619629,28
pydata__xarray-6548,xarray/tests/test_interp.py,0.49179762601852417,24
pydata__xarray-6548,xarray/tests/test_missing.py,0.5191313028335571,14
pydata__xarray-6548,xarray/core/variable.py,0.5617918968200684,8
pydata__xarray-6548,xarray/core/common.py,0.49375033378601074,23
pydata__xarray-6548,xarray/testing.py,0.5230305790901184,13
pydata__xarray-6548,xarray/core/rolling.py,0.4586881399154663,38
pydata__xarray-6548,xarray/tests/test_variable.py,0.4645129144191742,35
pydata__xarray-6548,xarray/tests/test_indexes.py,0.4820389747619629,28
pydata__xarray-6548,xarray/tests/test_sparse.py,0.4645129144191742,35
pydata__xarray-6548,xarray/tests/test_plot.py,0.4781389832496643,29
pydata__xarray-6548,xarray/tests/test_indexing.py,0.5113261938095093,19
pydata__xarray-6548,xarray/core/alignment.py,0.5152297019958496,17
pydata__xarray-6548,xarray/core/indexing.py,0.4645129144191742,35
pydata__xarray-6548,xarray/core/merge.py,0.5521534085273743,10
pydata__xarray-6548,xarray/tests/test_units.py,0.4839898645877838,25
pydata__xarray-6548,xarray/tests/test_combine.py,0.4820389747619629,28
pydata__xarray-6548,xarray/core/types.py,0.4957032799720764,22
pydata__xarray-6548,xarray/tests/test_coarsen.py,0.4432148039340973,39
pydata__xarray-6548,xarray/core/groupby.py,0.4355173707008362,40
pydata__xarray-6548,xarray/core/utils.py,0.5405358076095581,11
pydata__xarray-6548,xarray/tests/test_utils.py,0.41641688346862793,43
pydata__xarray-6548,xarray/convert.py,0.5113261938095093,19
pydata__xarray-6548,xarray/core/combine.py,0.4586881399154663,38
pydata__xarray-6548,xarray/tests/test_concat.py,0.4050721228122711,45
pydata__xarray-6548,xarray/tests/test_conventions.py,0.4625701606273651,36
pydata__xarray-6548,xarray/backends/rasterio_.py,0.3863929510116577,46
pydata__xarray-6548,xarray/tests/test_groupby.py,0.3790105879306793,48
pydata__xarray-6548,xarray/core/ops.py,0.5152297019958496,17
pydata__xarray-6548,xarray/conventions.py,0.49960941076278687,21
pydata__xarray-6548,xarray/backends/api.py,0.5327655076980591,12
pydata__xarray-6548,xarray/core/parallel.py,0.5171807408332825,15
pydata__xarray-6548,asv_bench/benchmarks/reindexing.py,0.33947718143463135,49
pydata__xarray-6548,xarray/coding/cftimeindex.py,0.43168002367019653,41
pydata__xarray-6548,doc/examples/_code/accessor_example.py,0.3187819719314575,50
pydata__xarray-6548,asv_bench/benchmarks/interp.py,0.3790105879306793,48
pydata__xarray-6548,xarray/core/extensions.py,0.41641688346862793,43
pydata__xarray-6548,xarray/tests/test_dask.py,0.46645671129226685,32
pydata__xarray-6548,xarray/core/weighted.py,0.4050721228122711,45
pydata__xarray-6548,xarray/core/concat.py,0.46840155124664307,31
pydata__xarray-6548,xarray/__init__.py,0.5560138821601868,9
pydata__xarray-6598,xarray/coding/times.py,0.7729422450065613,5
pydata__xarray-6598,xarray/tests/test_conventions.py,0.7086966633796692,11
pydata__xarray-6598,xarray/tests/test_coding_times.py,0.7837237119674683,3
pydata__xarray-6598,xarray/tests/test_backends.py,0.7030196189880371,13
pydata__xarray-6598,xarray/conventions.py,0.7143092751502991,10
pydata__xarray-6598,xarray/convert.py,0.7428696751594543,7
pydata__xarray-6598,xarray/tests/test_variable.py,0.6110106706619263,39
pydata__xarray-6598,xarray/coding/cftimeindex.py,0.7070811986923218,12
pydata__xarray-6598,xarray/backends/api.py,0.8383359313011169,1
pydata__xarray-6598,xarray/backends/netCDF4_.py,0.7330507040023804,8
pydata__xarray-6598,xarray/core/dataset.py,0.6989257335662842,15
pydata__xarray-6598,xarray/tests/test_dataset.py,0.5941745638847351,45
pydata__xarray-6598,xarray/core/accessor_dt.py,0.6956275701522827,16
pydata__xarray-6598,xarray/tests/test_accessor_dt.py,0.6474416255950928,28
pydata__xarray-6598,xarray/tests/test_distributed.py,0.6402760744094849,31
pydata__xarray-6598,xarray/backends/zarr.py,0.7013859152793884,14
pydata__xarray-6598,xarray/coding/calendar_ops.py,0.6939709186553955,17
pydata__xarray-6598,xarray/tests/test_coding.py,0.6184117794036865,36
pydata__xarray-6598,xarray/core/duck_array_ops.py,0.6702630519866943,22
pydata__xarray-6598,xarray/tests/test_cftimeindex.py,0.6788381338119507,20
pydata__xarray-6598,xarray/coding/variables.py,0.7743104100227356,4
pydata__xarray-6598,xarray/tests/test_duck_array_ops.py,0.6035580039024353,43
pydata__xarray-6598,xarray/tests/test_interp.py,0.650999903678894,26
pydata__xarray-6598,xarray/coding/frequencies.py,0.6438668966293335,29
pydata__xarray-6598,xarray/core/resample_cftime.py,0.6923092603683472,18
pydata__xarray-6598,asv_bench/benchmarks/dataset_io.py,0.6650626063346863,23
pydata__xarray-6598,xarray/coding/cftime_offsets.py,0.6110106706619263,39
pydata__xarray-6598,xarray/core/variable.py,0.6492228507995605,27
pydata__xarray-6598,xarray/core/dataarray.py,0.6615731120109558,24
pydata__xarray-6598,xarray/tests/test_missing.py,0.6420735120773315,30
pydata__xarray-6598,xarray/tests/test_plot.py,0.6054258346557617,42
pydata__xarray-6598,xarray/core/common.py,0.6719873547554016,21
pydata__xarray-6598,xarray/tests/test_cftimeindex_resample.py,0.6054258346557617,42
pydata__xarray-6598,xarray/coding/strings.py,0.633047342300415,33
pydata__xarray-6598,xarray/tests/test_dataarray.py,0.6072905659675598,40
pydata__xarray-6598,xarray/backends/netcdf3.py,0.7589396834373474,6
pydata__xarray-6598,asv_bench/benchmarks/indexing.py,0.5637142658233643,47
pydata__xarray-6598,xarray/backends/h5netcdf_.py,0.7963557839393616,2
pydata__xarray-6598,xarray/tests/test_cftime_offsets.py,0.6598217487335205,25
pydata__xarray-6598,asv_bench/benchmarks/pandas.py,0.4878930151462555,50
pydata__xarray-6598,properties/test_encode_decode.py,0.5922893285751343,46
pydata__xarray-6598,xarray/tests/test_calendar_ops.py,0.6348603367805481,32
pydata__xarray-6598,xarray/tests/test_groupby.py,0.5941745638847351,45
pydata__xarray-6598,xarray/tests/test_utils.py,0.6294102072715759,35
pydata__xarray-6598,xarray/tests/test_combine.py,0.6312306523323059,34
pydata__xarray-6598,asv_bench/benchmarks/reindexing.py,0.5249791741371155,48
pydata__xarray-6598,xarray/backends/scipy_.py,0.6856127977371216,19
pydata__xarray-6598,xarray/core/utils.py,0.7222136855125427,9
pydata__xarray-6598,xarray/tests/test_coding_strings.py,0.6110106706619263,39
pydata__xarray-6598,asv_bench/benchmarks/dataarray_missing.py,0.5054685473442078,49
pydata__xarray-6599,xarray/tests/test_computation.py,0.7777053117752075,2
pydata__xarray-6599,xarray/core/dataset.py,0.5998133420944214,9
pydata__xarray-6599,xarray/tests/test_variable.py,0.5347096920013428,24
pydata__xarray-6599,xarray/core/dataarray.py,0.5885108113288879,10
pydata__xarray-6599,xarray/tests/test_dataarray.py,0.5230305790901184,26
pydata__xarray-6599,asv_bench/benchmarks/polyfit.py,0.6615731120109558,4
pydata__xarray-6599,xarray/tests/test_coding_times.py,0.5482865571975708,22
pydata__xarray-6599,xarray/tests/test_interp.py,0.5482865571975708,22
pydata__xarray-6599,xarray/core/computation.py,0.8298231959342957,1
pydata__xarray-6599,xarray/tests/test_dataset.py,0.47618991136550903,36
pydata__xarray-6599,xarray/core/variable.py,0.5790196061134338,12
pydata__xarray-6599,xarray/tests/test_duck_array_ops.py,0.5866175889968872,11
pydata__xarray-6599,xarray/tests/test_groupby.py,0.5035156011581421,33
pydata__xarray-6599,asv_bench/benchmarks/indexing.py,0.4470740258693695,40
pydata__xarray-6599,xarray/tests/test_conventions.py,0.5054685473442078,32
pydata__xarray-6599,xarray/tests/test_sparse.py,0.43168002367019653,41
pydata__xarray-6599,xarray/tests/test_accessor_dt.py,0.5093739032745361,30
pydata__xarray-6599,xarray/tests/test_distributed.py,0.5054685473442078,32
pydata__xarray-6599,asv_bench/benchmarks/reindexing.py,0.3863929510116577,44
pydata__xarray-6599,xarray/convert.py,0.6054258346557617,8
pydata__xarray-6599,xarray/tests/test_missing.py,0.5385949611663818,23
pydata__xarray-6599,xarray/tests/test_cftimeindex.py,0.5560138821601868,19
pydata__xarray-6599,asv_bench/benchmarks/interp.py,0.38269495964050293,45
pydata__xarray-6599,asv_bench/benchmarks/dataarray_missing.py,0.3790105879306793,48
pydata__xarray-6599,xarray/core/duck_array_ops.py,0.6054258346557617,8
pydata__xarray-6599,xarray/core/missing.py,0.6889709234237671,3
pydata__xarray-6599,asv_bench/benchmarks/groupby.py,0.3790105879306793,48
pydata__xarray-6599,xarray/tests/test_ufuncs.py,0.6184117794036865,6
pydata__xarray-6599,xarray/coding/calendar_ops.py,0.5637142658233643,15
pydata__xarray-6599,xarray/tests/test_backends.py,0.5560138821601868,19
pydata__xarray-6599,asv_bench/benchmarks/pandas.py,0.37168383598327637,49
pydata__xarray-6599,xarray/coding/times.py,0.5617918968200684,16
pydata__xarray-6599,asv_bench/benchmarks/rolling.py,0.4240303635597229,42
pydata__xarray-6599,xarray/tests/test_utils.py,0.5015625357627869,34
pydata__xarray-6599,xarray/tests/test_cupy.py,0.3790105879306793,48
pydata__xarray-6599,xarray/core/resample_cftime.py,0.5521534085273743,20
pydata__xarray-6599,xarray/core/_reductions.py,0.5113261938095093,28
pydata__xarray-6599,xarray/tests/test_plot.py,0.41641688346862793,43
pydata__xarray-6599,xarray/core/common.py,0.5675531625747681,14
pydata__xarray-6599,xarray/tests/test_calendar_ops.py,0.5327655076980591,25
pydata__xarray-6599,xarray/tests/test_weighted.py,0.4781389832496643,35
pydata__xarray-6599,xarray/core/accessor_dt.py,0.5598676800727844,17
pydata__xarray-6599,xarray/core/groupby.py,0.5093739032745361,30
pydata__xarray-6599,xarray/core/dask_array_compat.py,0.4586881399154663,38
pydata__xarray-6599,xarray/tests/test_combine.py,0.4645129144191742,37
pydata__xarray-6599,asv_bench/benchmarks/unstacking.py,0.36441558599472046,50
pydata__xarray-6599,xarray/tests/test_coding.py,0.4509396255016327,39
pydata__xarray-6599,xarray/conventions.py,0.5132781267166138,27
pydata__xarray-6599,xarray/core/parallel.py,0.5675531625747681,14
pydata__xarray-6599,xarray/__init__.py,0.6348603367805481,5
pydata__xarray-6601,xarray/core/computation.py,0.8659228682518005,1
pydata__xarray-6601,xarray/tests/test_computation.py,0.8557788729667664,2
pydata__xarray-6601,asv_bench/benchmarks/polyfit.py,0.8376730680465698,3
pydata__xarray-6601,xarray/core/dataset.py,0.7797245979309082,5
pydata__xarray-6601,xarray/core/dataarray.py,0.7206436395645142,10
pydata__xarray-6601,xarray/core/variable.py,0.6668006181716919,16
pydata__xarray-6601,xarray/tests/test_dataarray.py,0.7078896164894104,12
pydata__xarray-6601,xarray/core/common.py,0.7743104100227356,6
pydata__xarray-6601,xarray/tests/test_dataset.py,0.7135114669799805,11
pydata__xarray-6601,xarray/core/missing.py,0.7660136818885803,7
pydata__xarray-6601,xarray/tests/test_interp.py,0.7941296100616455,4
pydata__xarray-6601,xarray/tests/test_variable.py,0.6872942447662354,13
pydata__xarray-6601,xarray/core/alignment.py,0.6091521978378296,33
pydata__xarray-6601,xarray/core/coordinates.py,0.6275860667228699,29
pydata__xarray-6601,xarray/core/rolling.py,0.5771140456199646,38
pydata__xarray-6601,xarray/core/groupby.py,0.6184117794036865,30
pydata__xarray-6601,xarray/tests/test_groupby.py,0.6366694569587708,25
pydata__xarray-6601,xarray/core/indexes.py,0.5637142658233643,44
pydata__xarray-6601,xarray/core/nputils.py,0.6147178411483765,31
pydata__xarray-6601,xarray/tests/test_combine.py,0.6563059091567993,20
pydata__xarray-6601,xarray/tests/test_indexes.py,0.5637142658233643,44
pydata__xarray-6601,xarray/core/parallel.py,0.638474702835083,24
pydata__xarray-6601,xarray/core/concat.py,0.5732962489128113,40
pydata__xarray-6601,xarray/core/indexing.py,0.5191313028335571,49
pydata__xarray-6601,xarray/core/_reductions.py,0.6650626063346863,17
pydata__xarray-6601,xarray/core/merge.py,0.6438668966293335,23
pydata__xarray-6601,xarray/tests/test_concat.py,0.5424755215644836,47
pydata__xarray-6601,xarray/convert.py,0.6856127977371216,14
pydata__xarray-6601,xarray/core/ops.py,0.6492228507995605,22
pydata__xarray-6601,xarray/tests/test_dask.py,0.5885108113288879,36
pydata__xarray-6601,xarray/tests/test_coarsen.py,0.7575074434280396,8
pydata__xarray-6601,asv_bench/benchmarks/reindexing.py,0.5732962489128113,40
pydata__xarray-6601,xarray/core/combine.py,0.5713839530944824,41
pydata__xarray-6601,xarray/core/resample.py,0.5979365706443787,35
pydata__xarray-6601,xarray/plot/utils.py,0.6527729034423828,21
pydata__xarray-6601,xarray/tests/test_ufuncs.py,0.7206436395645142,10
pydata__xarray-6601,xarray/tests/test_plot.py,0.6072905659675598,34
pydata__xarray-6601,xarray/tests/test_indexing.py,0.5482865571975708,46
pydata__xarray-6601,asv_bench/benchmarks/interp.py,0.5828235149383545,37
pydata__xarray-6601,xarray/core/dask_array_compat.py,0.5249791741371155,48
pydata__xarray-6601,xarray/tests/test_missing.py,0.6294102072715759,27
pydata__xarray-6601,xarray/core/dask_array_ops.py,0.5482865571975708,46
pydata__xarray-6601,asv_bench/benchmarks/indexing.py,0.6312306523323059,26
pydata__xarray-6601,xarray/core/accessor_dt.py,0.6633201241493225,19
pydata__xarray-6601,xarray/core/utils.py,0.49375033378601074,50
pydata__xarray-6601,xarray/tests/test_sparse.py,0.6685341000556946,15
pydata__xarray-6601,xarray/plot/plot.py,0.6275860667228699,29
pydata__xarray-6601,xarray/core/weighted.py,0.6091521978378296,33
pydata__xarray-6601,xarray/tests/test_units.py,0.5694696307182312,42
pydata__xarray-6601,xarray/core/arithmetic.py,0.6633201241493225,19
pydata__xarray-6721,xarray/backends/zarr.py,0.7708789706230164,1
pydata__xarray-6721,xarray/backends/common.py,0.6889709234237671,6
pydata__xarray-6721,xarray/tests/test_backends.py,0.6788381338119507,8
pydata__xarray-6721,xarray/core/variable.py,0.7062714695930481,4
pydata__xarray-6721,xarray/backends/api.py,0.7135114669799805,3
pydata__xarray-6721,xarray/tests/test_distributed.py,0.6184117794036865,18
pydata__xarray-6721,xarray/core/dataset.py,0.7451017498970032,2
pydata__xarray-6721,xarray/tests/test_dask.py,0.6165664792060852,19
pydata__xarray-6721,xarray/core/parallel.py,0.6771324872970581,9
pydata__xarray-6721,xarray/core/dataarray.py,0.6839264035224915,7
pydata__xarray-6721,xarray/backends/rasterio_.py,0.5637142658233643,33
pydata__xarray-6721,xarray/backends/cfgrib_.py,0.5385949611663818,40
pydata__xarray-6721,xarray/core/indexing.py,0.6737070679664612,10
pydata__xarray-6721,xarray/tests/test_variable.py,0.6091521978378296,23
pydata__xarray-6721,xarray/backends/pynio_.py,0.622092068195343,16
pydata__xarray-6721,xarray/backends/netCDF4_.py,0.6035580039024353,25
pydata__xarray-6721,xarray/tests/test_backends_common.py,0.5171807408332825,45
pydata__xarray-6721,xarray/tests/test_backends_api.py,0.6668006181716919,12
pydata__xarray-6721,asv_bench/benchmarks/dataset_io.py,0.5152297019958496,46
pydata__xarray-6721,xarray/tests/test_dataarray.py,0.6312306523323059,14
pydata__xarray-6721,xarray/tests/test_indexing.py,0.6702630519866943,11
pydata__xarray-6721,xarray/core/utils.py,0.6184117794036865,18
pydata__xarray-6721,xarray/tests/test_dataset.py,0.6939709186553955,5
pydata__xarray-6721,asv_bench/benchmarks/indexing.py,0.5482865571975708,38
pydata__xarray-6721,xarray/backends/pydap_.py,0.49960941076278687,48
pydata__xarray-6721,xarray/backends/pseudonetcdf_.py,0.5713839530944824,31
pydata__xarray-6721,xarray/coding/variables.py,0.6110106706619263,22
pydata__xarray-6721,xarray/core/indexes.py,0.5809227228164673,30
pydata__xarray-6721,xarray/backends/__init__.py,0.5922893285751343,27
pydata__xarray-6721,asv_bench/benchmarks/unstacking.py,0.5230305790901184,43
pydata__xarray-6721,xarray/tutorial.py,0.5191313028335571,44
pydata__xarray-6721,xarray/backends/h5netcdf_.py,0.5540844202041626,36
pydata__xarray-6721,xarray/tests/test_sparse.py,0.5269270539283752,42
pydata__xarray-6721,asv_bench/benchmarks/reindexing.py,0.5502207279205322,37
pydata__xarray-6721,xarray/convert.py,0.6054258346557617,24
pydata__xarray-6721,xarray/backends/file_manager.py,0.6128658652305603,21
pydata__xarray-6721,xarray/core/common.py,0.6598217487335205,13
pydata__xarray-6721,xarray/backends/locks.py,0.5444138646125793,39
pydata__xarray-6721,xarray/backends/memory.py,0.5922893285751343,27
pydata__xarray-6721,xarray/tests/test_accessor_str.py,0.5694696307182312,32
pydata__xarray-6721,xarray/tests/test_interp.py,0.5560138821601868,35
pydata__xarray-6721,xarray/tests/test_backends_file_manager.py,0.4781389832496643,49
pydata__xarray-6721,xarray/backends/store.py,0.6128658652305603,21
pydata__xarray-6721,xarray/__init__.py,0.5904014110565186,28
pydata__xarray-6721,xarray/core/groupby.py,0.4703473448753357,50
pydata__xarray-6721,xarray/tests/test_nputils.py,0.5327655076980591,41
pydata__xarray-6721,xarray/tests/test_computation.py,0.5809227228164673,30
pydata__xarray-6721,xarray/core/dask_array_compat.py,0.5560138821601868,35
pydata__xarray-6721,asv_bench/benchmarks/dataarray_missing.py,0.5093739032745361,47
pydata__xarray-6721,xarray/core/computation.py,0.622092068195343,16
pydata__xarray-6744,xarray/core/rolling.py,0.761786699295044,3
pydata__xarray-6744,xarray/tests/test_rolling.py,0.7729422450065613,2
pydata__xarray-6744,xarray/core/variable.py,0.6650626063346863,4
pydata__xarray-6744,xarray/tests/test_variable.py,0.6294102072715759,5
pydata__xarray-6744,asv_bench/benchmarks/rolling.py,0.6072905659675598,6
pydata__xarray-6744,xarray/core/dataarray.py,0.7777053117752075,1
pydata__xarray-6744,xarray/core/rolling_exp.py,0.4957032799720764,20
pydata__xarray-6744,xarray/core/common.py,0.5752062797546387,7
pydata__xarray-6744,xarray/core/dataset.py,0.5074213147163391,16
pydata__xarray-6744,xarray/core/dask_array_ops.py,0.4240303635597229,38
pydata__xarray-6744,xarray/tests/test_dataset.py,0.4586881399154663,29
pydata__xarray-6744,xarray/core/dask_array_compat.py,0.4240303635597229,38
pydata__xarray-6744,xarray/core/npcompat.py,0.5074213147163391,16
pydata__xarray-6744,doc/examples/_code/accessor_example.py,0.35362908244132996,49
pydata__xarray-6744,xarray/tests/test_dataarray.py,0.4432148039340973,30
pydata__xarray-6744,xarray/core/duck_array_ops.py,0.408843070268631,45
pydata__xarray-6744,xarray/core/_reductions.py,0.5269270539283752,11
pydata__xarray-6744,xarray/tests/test_sparse.py,0.5327655076980591,10
pydata__xarray-6744,xarray/core/groupby.py,0.49960941076278687,18
pydata__xarray-6744,xarray/tests/test_groupby.py,0.4586881399154663,29
pydata__xarray-6744,xarray/tests/test_duck_array_ops.py,0.48008865118026733,23
pydata__xarray-6744,xarray/core/weighted.py,0.41641688346862793,44
pydata__xarray-6744,xarray/tests/test_accessor_str.py,0.49765628576278687,19
pydata__xarray-6744,xarray/core/resample.py,0.49960941076278687,18
pydata__xarray-6744,xarray/core/indexes.py,0.5598676800727844,8
pydata__xarray-6744,xarray/core/parallel.py,0.5113261938095093,13
pydata__xarray-6744,xarray/backends/rasterio_.py,0.42021888494491577,42
pydata__xarray-6744,xarray/tests/test_weighted.py,0.42021888494491577,42
pydata__xarray-6744,xarray/core/ops.py,0.49375033378601074,21
pydata__xarray-6744,xarray/tests/test_cupy.py,0.35362908244132996,49
pydata__xarray-6744,asv_bench/benchmarks/indexing.py,0.41641688346862793,44
pydata__xarray-6744,xarray/tests/test_backends.py,0.4278508424758911,35
pydata__xarray-6744,xarray/core/alignment.py,0.4586881399154663,29
pydata__xarray-6744,xarray/tests/test_coarsen.py,0.4355173707008362,32
pydata__xarray-6744,asv_bench/benchmarks/groupby.py,0.34651920199394226,50
pydata__xarray-6744,xarray/tests/test_dask.py,0.43168002367019653,34
pydata__xarray-6744,xarray/tests/test_computation.py,0.43168002367019653,34
pydata__xarray-6744,xarray/tests/test_indexing.py,0.4645129144191742,24
pydata__xarray-6744,xarray/core/arithmetic.py,0.5152297019958496,12
pydata__xarray-6744,asv_bench/benchmarks/reindexing.py,0.38269495964050293,46
pydata__xarray-6744,xarray/core/coordinates.py,0.4839898645877838,22
pydata__xarray-6744,xarray/tests/test_indexes.py,0.4240303635597229,38
pydata__xarray-6744,xarray/core/missing.py,0.42021888494491577,42
pydata__xarray-6744,asv_bench/benchmarks/dataarray_missing.py,0.3753400444984436,47
pydata__xarray-6744,xarray/core/computation.py,0.5540844202041626,9
pydata__xarray-6744,xarray/core/accessor_dt.py,0.42021888494491577,42
pydata__xarray-6744,xarray/tests/test_ufuncs.py,0.4625701606273651,25
pydata__xarray-6744,xarray/core/nputils.py,0.4586881399154663,29
pydata__xarray-6744,xarray/util/generate_reductions.py,0.5074213147163391,16
pydata__xarray-6744,xarray/coding/cftimeindex.py,0.43936243653297424,31
pydata__xarray-6798,xarray/core/dataset.py,0.840049147605896,1
pydata__xarray-6798,xarray/tests/test_dataset.py,0.8199509978294373,2
pydata__xarray-6798,xarray/tests/test_dataarray.py,0.761786699295044,5
pydata__xarray-6798,xarray/core/indexes.py,0.794448733329773,3
pydata__xarray-6798,xarray/testing.py,0.7222136855125427,8
pydata__xarray-6798,xarray/core/coordinates.py,0.7338144779205322,7
pydata__xarray-6798,xarray/core/dataarray.py,0.7817308306694031,4
pydata__xarray-6798,xarray/tests/test_indexes.py,0.6184117794036865,30
pydata__xarray-6798,xarray/core/variable.py,0.6972792148590088,10
pydata__xarray-6798,xarray/tests/test_variable.py,0.6312306523323059,20
pydata__xarray-6798,xarray/core/indexing.py,0.7368552684783936,6
pydata__xarray-6798,xarray/tests/test_indexing.py,0.6563059091567993,14
pydata__xarray-6798,xarray/core/alignment.py,0.6456562876701355,16
pydata__xarray-6798,xarray/tests/test_backends.py,0.6016871333122253,33
pydata__xarray-6798,xarray/core/merge.py,0.6184117794036865,30
pydata__xarray-6798,xarray/tests/test_dask.py,0.5656346678733826,44
pydata__xarray-6798,xarray/tests/test_coarsen.py,0.5771140456199646,41
pydata__xarray-6798,xarray/tests/test_utils.py,0.5502207279205322,46
pydata__xarray-6798,xarray/tests/test_conventions.py,0.6128658652305603,31
pydata__xarray-6798,xarray/backends/netCDF4_.py,0.6184117794036865,30
pydata__xarray-6798,xarray/tests/test_combine.py,0.5790196061134338,40
pydata__xarray-6798,xarray/core/common.py,0.6989257335662842,9
pydata__xarray-6798,xarray/tests/test_concat.py,0.5521534085273743,45
pydata__xarray-6798,xarray/tests/__init__.py,0.5904014110565186,38
pydata__xarray-6798,xarray/core/concat.py,0.6456562876701355,16
pydata__xarray-6798,xarray/tests/test_units.py,0.5941745638847351,36
pydata__xarray-6798,asv_bench/benchmarks/indexing.py,0.5308202505111694,48
pydata__xarray-6798,xarray/backends/zarr.py,0.5998133420944214,34
pydata__xarray-6798,xarray/tests/test_groupby.py,0.6072905659675598,32
pydata__xarray-6798,xarray/core/parallel.py,0.6366694569587708,18
pydata__xarray-6798,xarray/plot/utils.py,0.5752062797546387,42
pydata__xarray-6798,xarray/tests/test_computation.py,0.5366528630256653,47
pydata__xarray-6798,xarray/core/missing.py,0.633047342300415,19
pydata__xarray-6798,xarray/conventions.py,0.6294102072715759,21
pydata__xarray-6798,xarray/core/computation.py,0.638474702835083,17
pydata__xarray-6798,xarray/core/groupby.py,0.6239269375801086,24
pydata__xarray-6798,asv_bench/benchmarks/reindexing.py,0.46840155124664307,50
pydata__xarray-6798,xarray/core/combine.py,0.5979365706443787,35
pydata__xarray-6798,xarray/tests/test_sparse.py,0.6184117794036865,30
pydata__xarray-6798,xarray/core/utils.py,0.6839264035224915,11
pydata__xarray-6798,xarray/convert.py,0.6580659747123718,13
pydata__xarray-6798,xarray/tests/test_interp.py,0.622092068195343,26
pydata__xarray-6798,xarray/tests/test_missing.py,0.5922893285751343,37
pydata__xarray-6798,xarray/tests/test_merge.py,0.5885108113288879,39
pydata__xarray-6798,xarray/coding/variables.py,0.6275860667228699,23
pydata__xarray-6798,xarray/core/rolling.py,0.5675531625747681,43
pydata__xarray-6798,xarray/backends/api.py,0.6650626063346863,12
pydata__xarray-6798,xarray/core/_reductions.py,0.622092068195343,26
pydata__xarray-6798,xarray/backends/common.py,0.6275860667228699,23
pydata__xarray-6798,properties/test_pandas_roundtrip.py,0.49179762601852417,49
pydata__xarray-6804,xarray/core/arithmetic.py,0.43936243653297424,17
pydata__xarray-6804,xarray/__init__.py,0.4645129144191742,6
pydata__xarray-6804,xarray/tests/test_cupy.py,0.408843070268631,30
pydata__xarray-6804,xarray/tests/conftest.py,0.42021888494491577,23
pydata__xarray-6804,xarray/core/pycompat.py,0.3572086691856384,42
pydata__xarray-6804,xarray/tests/test_dataarray.py,0.35006579756736755,45
pydata__xarray-6804,xarray/core/indexing.py,0.4050721228122711,32
pydata__xarray-6804,xarray/core/computation.py,0.4586881399154663,10
pydata__xarray-6804,xarray/core/ops.py,0.454811155796051,12
pydata__xarray-6804,xarray/core/variable.py,0.4625701606273651,8
pydata__xarray-6804,xarray/util/generate_ops.py,0.42021888494491577,23
pydata__xarray-6804,xarray/core/extensions.py,0.33598238229751587,48
pydata__xarray-6804,xarray/tests/__init__.py,0.408843070268631,30
pydata__xarray-6804,xarray/tests/test_dask.py,0.35362908244132996,44
pydata__xarray-6804,xarray/core/parallel.py,0.408843070268631,30
pydata__xarray-6804,xarray/core/dataarray.py,0.4839898645877838,3
pydata__xarray-6804,xarray/core/dask_array_compat.py,0.3753400444984436,40
pydata__xarray-6804,xarray/core/_typed_ops.py,0.4278508424758911,20
pydata__xarray-6804,xarray/backends/__init__.py,0.4509396255016327,13
pydata__xarray-6804,xarray/core/types.py,0.4126248061656952,26
pydata__xarray-6804,xarray/tests/test_ufuncs.py,0.3901040256023407,36
pydata__xarray-6804,xarray/core/indexes.py,0.41641688346862793,24
pydata__xarray-6804,properties/test_pandas_roundtrip.py,0.31539851427078247,50
pydata__xarray-6804,asv_bench/benchmarks/indexing.py,0.3901040256023407,36
pydata__xarray-6804,asv_bench/benchmarks/rolling.py,0.3863929510116577,37
pydata__xarray-6804,xarray/tests/test_indexes.py,0.332505464553833,49
pydata__xarray-6804,xarray/core/utils.py,0.4355173707008362,19
pydata__xarray-6804,xarray/tests/test_dataset.py,0.4432148039340973,15
pydata__xarray-6804,xarray/tests/test_backends.py,0.5015625357627869,1
pydata__xarray-6804,xarray/convert.py,0.4586881399154663,10
pydata__xarray-6804,xarray/core/common.py,0.43936243653297424,17
pydata__xarray-6804,xarray/tutorial.py,0.4355173707008362,19
pydata__xarray-6804,xarray/core/duck_array_ops.py,0.4050721228122711,32
pydata__xarray-6804,xarray/core/dask_array_ops.py,0.34298956394195557,47
pydata__xarray-6804,xarray/tests/test_variable.py,0.454811155796051,12
pydata__xarray-6804,xarray/core/dataset.py,0.4432148039340973,15
pydata__xarray-6804,asv_bench/benchmarks/unstacking.py,0.36441558599472046,41
pydata__xarray-6804,xarray/tests/test_units.py,0.38269495964050293,38
pydata__xarray-6804,xarray/backends/api.py,0.47424158453941345,5
pydata__xarray-6804,xarray/core/npcompat.py,0.4625701606273651,8
pydata__xarray-6804,doc/conf.py,0.3975641429424286,33
pydata__xarray-6804,xarray/tests/test_sparse.py,0.42021888494491577,23
pydata__xarray-6804,xarray/tests/test_duck_array_ops.py,0.4126248061656952,26
pydata__xarray-6804,xarray/core/accessor_str.py,0.3790105879306793,39
pydata__xarray-6804,xarray/util/generate_reductions.py,0.393827885389328,34
pydata__xarray-6804,xarray/backends/pynio_.py,0.48594123125076294,2
pydata__xarray-6804,xarray/tests/test_extensions.py,0.34298956394195557,47
pydata__xarray-6804,xarray/backends/pseudonetcdf_.py,0.47424158453941345,5
pydata__xarray-6804,xarray/tests/test_computation.py,0.408843070268631,30
pydata__xarray-6804,doc/examples/_code/accessor_example.py,0.35362908244132996,44
pydata__xarray-6823,xarray/tests/test_sparse.py,0.6719873547554016,5
pydata__xarray-6823,xarray/core/variable.py,0.712712287902832,2
pydata__xarray-6823,xarray/tests/test_dataarray.py,0.6906425356864929,4
pydata__xarray-6823,xarray/core/formatting.py,0.7502601146697998,1
pydata__xarray-6823,asv_bench/benchmarks/unstacking.py,0.5093739032745361,42
pydata__xarray-6823,xarray/tests/test_formatting.py,0.6366694569587708,10
pydata__xarray-6823,xarray/tests/test_accessor_str.py,0.6939709186553955,3
pydata__xarray-6823,xarray/tests/test_dask.py,0.5809227228164673,20
pydata__xarray-6823,xarray/core/dataset.py,0.6420735120773315,9
pydata__xarray-6823,xarray/core/accessor_str.py,0.6239269375801086,12
pydata__xarray-6823,xarray/tests/test_dataset.py,0.6091521978378296,13
pydata__xarray-6823,xarray/core/dataarray.py,0.6702630519866943,6
pydata__xarray-6823,xarray/tests/test_formatting_html.py,0.6257582902908325,11
pydata__xarray-6823,xarray/tests/test_variable.py,0.5998133420944214,16
pydata__xarray-6823,asv_bench/benchmarks/repr.py,0.4703473448753357,47
pydata__xarray-6823,xarray/core/indexing.py,0.5521534085273743,33
pydata__xarray-6823,xarray/core/pycompat.py,0.5482865571975708,35
pydata__xarray-6823,xarray/coding/strings.py,0.5752062797546387,22
pydata__xarray-6823,xarray/core/common.py,0.650999903678894,8
pydata__xarray-6823,xarray/coding/variables.py,0.5675531625747681,28
pydata__xarray-6823,xarray/tests/test_array_api.py,0.4625701606273651,48
pydata__xarray-6823,xarray/core/indexes.py,0.5960569977760315,17
pydata__xarray-6823,xarray/core/arithmetic.py,0.5732962489128113,25
pydata__xarray-6823,xarray/backends/netCDF4_.py,0.5998133420944214,16
pydata__xarray-6823,xarray/core/utils.py,0.6016871333122253,14
pydata__xarray-6823,xarray/conventions.py,0.5904014110565186,18
pydata__xarray-6823,xarray/convert.py,0.6615731120109558,7
pydata__xarray-6823,xarray/core/options.py,0.5732962489128113,25
pydata__xarray-6823,xarray/tests/test_backends.py,0.5847217440605164,19
pydata__xarray-6823,xarray/tests/__init__.py,0.5502207279205322,34
pydata__xarray-6823,xarray/core/parallel.py,0.5732962489128113,25
pydata__xarray-6823,xarray/core/groupby.py,0.5230305790901184,41
pydata__xarray-6823,xarray/tests/test_indexing.py,0.5327655076980591,37
pydata__xarray-6823,xarray/tests/test_coding_strings.py,0.5637142658233643,30
pydata__xarray-6823,xarray/testing.py,0.5656346678733826,29
pydata__xarray-6823,xarray/core/dask_array_compat.py,0.5230305790901184,41
pydata__xarray-6823,xarray/tests/test_indexes.py,0.49765628576278687,44
pydata__xarray-6823,xarray/tests/test_interp.py,0.47618991136550903,45
pydata__xarray-6823,asv_bench/benchmarks/indexing.py,0.47424158453941345,46
pydata__xarray-6823,xarray/tests/test_utils.py,0.5035156011581421,43
pydata__xarray-6823,xarray/core/ops.py,0.5617918968200684,31
pydata__xarray-6823,xarray/tests/test_cftimeindex.py,0.5230305790901184,41
pydata__xarray-6823,xarray/__init__.py,0.5308202505111694,38
pydata__xarray-6823,xarray/core/duck_array_ops.py,0.5366528630256653,36
pydata__xarray-6823,xarray/core/computation.py,0.5675531625747681,28
pydata__xarray-6823,xarray/tests/test_duck_array_ops.py,0.5560138821601868,32
pydata__xarray-6823,xarray/tests/test_ufuncs.py,0.5713839530944824,26
pydata__xarray-6823,xarray/backends/zarr.py,0.5752062797546387,22
pydata__xarray-6823,xarray/tests/test_print_versions.py,0.4470740258693695,49
pydata__xarray-6823,xarray/tests/test_cupy.py,0.42021888494491577,50
pydata__xarray-6857,xarray/testing.py,0.7436150908470154,2
pydata__xarray-6857,xarray/tests/test_dataarray.py,0.7345767617225647,3
pydata__xarray-6857,xarray/tests/test_dask.py,0.5540844202041626,33
pydata__xarray-6857,xarray/tests/test_ufuncs.py,0.5866175889968872,20
pydata__xarray-6857,xarray/core/dataarray.py,0.7729422450065613,1
pydata__xarray-6857,xarray/tests/test_array_api.py,0.5327655076980591,41
pydata__xarray-6857,xarray/core/dataset.py,0.6165664792060852,12
pydata__xarray-6857,xarray/tests/test_testing.py,0.5656346678733826,28
pydata__xarray-6857,xarray/tests/test_dataset.py,0.5637142658233643,30
pydata__xarray-6857,xarray/tests/test_options.py,0.7330507040023804,4
pydata__xarray-6857,xarray/tests/test_units.py,0.6580659747123718,6
pydata__xarray-6857,xarray/tests/__init__.py,0.5866175889968872,20
pydata__xarray-6857,xarray/tests/test_duck_array_ops.py,0.4432148039340973,50
pydata__xarray-6857,xarray/core/duck_array_ops.py,0.5617918968200684,31
pydata__xarray-6857,xarray/tests/test_computation.py,0.6294102072715759,9
pydata__xarray-6857,xarray/tests/test_coarsen.py,0.5675531625747681,26
pydata__xarray-6857,xarray/tests/test_variable.py,0.6615731120109558,5
pydata__xarray-6857,xarray/core/merge.py,0.5790196061134338,22
pydata__xarray-6857,xarray/core/common.py,0.5960569977760315,16
pydata__xarray-6857,xarray/tests/test_utils.py,0.5656346678733826,28
pydata__xarray-6857,xarray/tests/test_formatting.py,0.6128658652305603,13
pydata__xarray-6857,xarray/tests/test_merge.py,0.5960569977760315,16
pydata__xarray-6857,xarray/core/utils.py,0.5828235149383545,21
pydata__xarray-6857,xarray/tests/test_weighted.py,0.4898451566696167,46
pydata__xarray-6857,xarray/core/_typed_ops.py,0.5979365706443787,14
pydata__xarray-6857,xarray/core/arithmetic.py,0.5366528630256653,40
pydata__xarray-6857,xarray/core/computation.py,0.5152297019958496,42
pydata__xarray-6857,xarray/core/ops.py,0.5694696307182312,25
pydata__xarray-6857,xarray/tests/test_sparse.py,0.5405358076095581,37
pydata__xarray-6857,xarray/core/variable.py,0.6438668966293335,8
pydata__xarray-6857,xarray/tests/test_accessor_str.py,0.54635089635849,36
pydata__xarray-6857,xarray/tests/test_concat.py,0.5922893285751343,18
pydata__xarray-6857,xarray/tests/test_combine.py,0.5366528630256653,40
pydata__xarray-6857,xarray/tests/test_conventions.py,0.5922893285751343,18
pydata__xarray-6857,xarray/tests/test_rolling.py,0.6184117794036865,11
pydata__xarray-6857,xarray/tests/test_indexes.py,0.48008865118026733,47
pydata__xarray-6857,xarray/core/alignment.py,0.5482865571975708,35
pydata__xarray-6857,xarray/tests/test_groupby.py,0.5521534085273743,34
pydata__xarray-6857,xarray/core/parallel.py,0.5713839530944824,24
pydata__xarray-6857,xarray/core/concat.py,0.5732962489128113,23
pydata__xarray-6857,xarray/util/generate_ops.py,0.6456562876701355,7
pydata__xarray-6857,xarray/tests/test_backends.py,0.5637142658233643,30
pydata__xarray-6857,xarray/tests/test_accessor_dt.py,0.5132781267166138,44
pydata__xarray-6857,xarray/core/groupby.py,0.5132781267166138,44
pydata__xarray-6857,xarray/tests/test_extensions.py,0.5385949611663818,38
pydata__xarray-6857,properties/test_pandas_roundtrip.py,0.4625701606273651,49
pydata__xarray-6857,xarray/convert.py,0.6239269375801086,10
pydata__xarray-6857,xarray/tests/test_missing.py,0.5598676800727844,32
pydata__xarray-6857,xarray/core/indexing.py,0.4645129144191742,48
pydata__xarray-6857,xarray/core/indexes.py,0.5074213147163391,45
pydata__xarray-6882,xarray/tests/test_conventions.py,0.6754221320152283,3
pydata__xarray-6882,xarray/coding/times.py,0.5847217440605164,10
pydata__xarray-6882,xarray/tests/test_coding_times.py,0.6438668966293335,5
pydata__xarray-6882,xarray/tests/test_backends.py,0.5288740992546082,22
pydata__xarray-6882,xarray/backends/netCDF4_.py,0.5444138646125793,18
pydata__xarray-6882,xarray/conventions.py,0.7214292883872986,1
pydata__xarray-6882,xarray/core/dataarray.py,0.5960569977760315,8
pydata__xarray-6882,xarray/tests/test_duck_array_ops.py,0.43168002367019653,46
pydata__xarray-6882,xarray/core/dataset.py,0.5347096920013428,20
pydata__xarray-6882,xarray/backends/api.py,0.7143092751502991,2
pydata__xarray-6882,xarray/backends/zarr.py,0.5617918968200684,13
pydata__xarray-6882,xarray/tests/test_accessor_dt.py,0.48594123125076294,32
pydata__xarray-6882,xarray/coding/cftimeindex.py,0.5347096920013428,20
pydata__xarray-6882,xarray/tests/test_dataset.py,0.4509396255016327,39
pydata__xarray-6882,xarray/tests/test_variable.py,0.4470740258693695,40
pydata__xarray-6882,xarray/tests/test_interp.py,0.4839898645877838,34
pydata__xarray-6882,xarray/coding/calendar_ops.py,0.5637142658233643,12
pydata__xarray-6882,xarray/tests/test_coding.py,0.4957032799720764,29
pydata__xarray-6882,xarray/tests/test_distributed.py,0.46645671129226685,38
pydata__xarray-6882,asv_bench/benchmarks/dataset_io.py,0.5132781267166138,23
pydata__xarray-6882,xarray/convert.py,0.6275860667228699,6
pydata__xarray-6882,xarray/core/variable.py,0.6091521978378296,7
pydata__xarray-6882,xarray/core/accessor_dt.py,0.49960941076278687,27
pydata__xarray-6882,xarray/core/missing.py,0.5885108113288879,9
pydata__xarray-6882,xarray/tests/test_missing.py,0.4898451566696167,31
pydata__xarray-6882,xarray/tests/test_dataarray.py,0.43936243653297424,42
pydata__xarray-6882,xarray/tests/test_cftimeindex.py,0.4432148039340973,41
pydata__xarray-6882,asv_bench/benchmarks/indexing.py,0.4355173707008362,44
pydata__xarray-6882,xarray/backends/scipy_.py,0.5828235149383545,11
pydata__xarray-6882,xarray/tests/test_groupby.py,0.4355173707008362,44
pydata__xarray-6882,xarray/coding/variables.py,0.5327655076980591,21
pydata__xarray-6882,xarray/coding/frequencies.py,0.4957032799720764,29
pydata__xarray-6882,xarray/core/common.py,0.4839898645877838,34
pydata__xarray-6882,xarray/tests/test_cftimeindex_resample.py,0.5015625357627869,26
pydata__xarray-6882,xarray/tests/test_cftime_offsets.py,0.5113261938095093,24
pydata__xarray-6882,xarray/tests/test_calendar_ops.py,0.5482865571975708,16
pydata__xarray-6882,xarray/core/resample_cftime.py,0.54635089635849,17
pydata__xarray-6882,xarray/backends/h5netcdf_.py,0.5540844202041626,14
pydata__xarray-6882,xarray/tests/test_plot.py,0.5015625357627869,26
pydata__xarray-6882,asv_bench/benchmarks/reindexing.py,0.393827885389328,48
pydata__xarray-6882,xarray/tests/test_utils.py,0.46840155124664307,37
pydata__xarray-6882,xarray/tests/test_coarsen.py,0.4278508424758911,47
pydata__xarray-6882,xarray/core/duck_array_ops.py,0.47424158453941345,36
pydata__xarray-6882,xarray/backends/common.py,0.6668006181716919,4
pydata__xarray-6882,xarray/core/groupby.py,0.3753400444984436,50
pydata__xarray-6882,xarray/core/_reductions.py,0.5502207279205322,15
pydata__xarray-6882,xarray/backends/netcdf3.py,0.49179762601852417,30
pydata__xarray-6882,asv_bench/benchmarks/dataarray_missing.py,0.3863929510116577,49
pydata__xarray-6882,xarray/tests/test_combine.py,0.47618991136550903,35
pydata__xarray-6882,xarray/coding/strings.py,0.43168002367019653,46
pydata__xarray-6889,xarray/core/alignment.py,0.8023078441619873,1
pydata__xarray-6889,xarray/core/indexes.py,0.6856127977371216,8
pydata__xarray-6889,xarray/core/dataset.py,0.7660136818885803,2
pydata__xarray-6889,xarray/tests/test_dataset.py,0.6184117794036865,23
pydata__xarray-6889,xarray/tests/test_indexes.py,0.5579416155815125,38
pydata__xarray-6889,xarray/tests/test_indexing.py,0.6016871333122253,27
pydata__xarray-6889,xarray/tests/test_dataarray.py,0.6856127977371216,8
pydata__xarray-6889,xarray/core/dataarray.py,0.7086966633796692,5
pydata__xarray-6889,xarray/core/concat.py,0.7575074434280396,3
pydata__xarray-6889,xarray/core/combine.py,0.6650626063346863,12
pydata__xarray-6889,xarray/core/variable.py,0.7292113304138184,4
pydata__xarray-6889,xarray/core/coordinates.py,0.638474702835083,17
pydata__xarray-6889,xarray/core/merge.py,0.6685341000556946,10
pydata__xarray-6889,xarray/tests/test_concat.py,0.7030196189880371,6
pydata__xarray-6889,xarray/core/indexing.py,0.622092068195343,19
pydata__xarray-6889,xarray/tests/test_variable.py,0.6147178411483765,24
pydata__xarray-6889,xarray/testing.py,0.6184117794036865,23
pydata__xarray-6889,xarray/tests/test_combine.py,0.6702630519866943,9
pydata__xarray-6889,xarray/plot/utils.py,0.6202536225318909,20
pydata__xarray-6889,asv_bench/benchmarks/reindexing.py,0.5288740992546082,44
pydata__xarray-6889,xarray/tests/test_sparse.py,0.6527729034423828,15
pydata__xarray-6889,xarray/tests/test_merge.py,0.5732962489128113,32
pydata__xarray-6889,xarray/core/computation.py,0.6527729034423828,15
pydata__xarray-6889,xarray/core/groupby.py,0.6668006181716919,11
pydata__xarray-6889,xarray/tests/test_units.py,0.5979365706443787,29
pydata__xarray-6889,xarray/tests/test_computation.py,0.5617918968200684,37
pydata__xarray-6889,xarray/tests/test_utils.py,0.49765628576278687,47
pydata__xarray-6889,xarray/backends/api.py,0.650999903678894,16
pydata__xarray-6889,xarray/core/utils.py,0.5885108113288879,31
pydata__xarray-6889,xarray/tests/test_groupby.py,0.5637142658233643,35
pydata__xarray-6889,xarray/core/parallel.py,0.6054258346557617,26
pydata__xarray-6889,xarray/tests/test_ufuncs.py,0.6054258346557617,26
pydata__xarray-6889,asv_bench/benchmarks/combine.py,0.4703473448753357,50
pydata__xarray-6889,xarray/tests/test_backends.py,0.5482865571975708,40
pydata__xarray-6889,xarray/tests/__init__.py,0.5054685473442078,46
pydata__xarray-6889,xarray/tests/test_dask.py,0.5385949611663818,42
pydata__xarray-6889,xarray/coding/cftimeindex.py,0.5540844202041626,39
pydata__xarray-6889,asv_bench/benchmarks/indexing.py,0.5054685473442078,46
pydata__xarray-6889,xarray/core/missing.py,0.5998133420944214,28
pydata__xarray-6889,xarray/core/common.py,0.6184117794036865,23
pydata__xarray-6889,xarray/core/nputils.py,0.5713839530944824,33
pydata__xarray-6889,xarray/tests/test_accessor_str.py,0.5941745638847351,30
pydata__xarray-6889,xarray/tests/test_interp.py,0.5424755215644836,41
pydata__xarray-6889,xarray/__init__.py,0.6312306523323059,18
pydata__xarray-6889,xarray/tests/test_cftimeindex.py,0.5617918968200684,37
pydata__xarray-6889,asv_bench/benchmarks/pandas.py,0.4703473448753357,50
pydata__xarray-6889,xarray/backends/netCDF4_.py,0.5637142658233643,35
pydata__xarray-6889,xarray/core/ops.py,0.6527729034423828,15
pydata__xarray-6889,xarray/tests/test_distributed.py,0.47229403257369995,48
pydata__xarray-6889,xarray/backends/zarr.py,0.5308202505111694,43
pydata__xarray-6938,xarray/core/dataset.py,0.8458660840988159,1
pydata__xarray-6938,xarray/tests/test_dataset.py,0.804159939289093,3
pydata__xarray-6938,xarray/core/dataarray.py,0.8399178981781006,2
pydata__xarray-6938,xarray/tests/test_dataarray.py,0.7575074434280396,4
pydata__xarray-6938,xarray/core/variable.py,0.6420735120773315,6
pydata__xarray-6938,xarray/tests/test_variable.py,0.5847217440605164,12
pydata__xarray-6938,xarray/tests/test_dask.py,0.4898451566696167,44
pydata__xarray-6938,xarray/core/common.py,0.7070811986923218,5
pydata__xarray-6938,xarray/core/groupby.py,0.4898451566696167,44
pydata__xarray-6938,xarray/core/coordinates.py,0.6312306523323059,7
pydata__xarray-6938,xarray/tests/test_coarsen.py,0.5366528630256653,21
pydata__xarray-6938,xarray/tests/test_concat.py,0.4878930151462555,45
pydata__xarray-6938,xarray/core/rolling.py,0.5308202505111694,22
pydata__xarray-6938,xarray/tests/test_interp.py,0.5540844202041626,15
pydata__xarray-6938,xarray/testing.py,0.5979365706443787,10
pydata__xarray-6938,xarray/core/computation.py,0.5694696307182312,14
pydata__xarray-6938,xarray/core/alignment.py,0.6128658652305603,8
pydata__xarray-6938,xarray/tests/test_computation.py,0.5015625357627869,40
pydata__xarray-6938,xarray/tests/test_indexes.py,0.4820389747619629,46
pydata__xarray-6938,xarray/core/indexes.py,0.5424755215644836,18
pydata__xarray-6938,xarray/tests/test_sparse.py,0.5152297019958496,32
pydata__xarray-6938,xarray/core/merge.py,0.5269270539283752,26
pydata__xarray-6938,xarray/core/parallel.py,0.5366528630256653,21
pydata__xarray-6938,xarray/core/combine.py,0.5035156011581421,38
pydata__xarray-6938,xarray/core/concat.py,0.5171807408332825,31
pydata__xarray-6938,xarray/tests/test_units.py,0.47424158453941345,47
pydata__xarray-6938,xarray/tests/test_backends.py,0.5035156011581421,38
pydata__xarray-6938,xarray/backends/zarr.py,0.5482865571975708,17
pydata__xarray-6938,xarray/backends/memory.py,0.5230305790901184,28
pydata__xarray-6938,xarray/tests/test_ufuncs.py,0.5521534085273743,16
pydata__xarray-6938,xarray/tests/test_conventions.py,0.5847217440605164,12
pydata__xarray-6938,xarray/tests/test_combine.py,0.5230305790901184,28
pydata__xarray-6938,xarray/tests/test_groupby.py,0.521081268787384,29
pydata__xarray-6938,xarray/convert.py,0.5752062797546387,13
pydata__xarray-6938,xarray/tests/test_extensions.py,0.4625701606273651,48
pydata__xarray-6938,xarray/tests/__init__.py,0.49375033378601074,42
pydata__xarray-6938,xarray/tests/test_merge.py,0.5132781267166138,33
pydata__xarray-6938,xarray/tests/test_array_api.py,0.5269270539283752,26
pydata__xarray-6938,xarray/core/_reductions.py,0.5015625357627869,40
pydata__xarray-6938,xarray/core/arithmetic.py,0.49765628576278687,41
pydata__xarray-6938,xarray/core/ops.py,0.5405358076095581,19
pydata__xarray-6938,xarray/core/utils.py,0.6054258346557617,9
pydata__xarray-6938,xarray/backends/netCDF4_.py,0.5288740992546082,24
pydata__xarray-6938,xarray/core/indexing.py,0.5171807408332825,31
pydata__xarray-6938,xarray/tests/test_indexing.py,0.5113261938095093,34
pydata__xarray-6938,xarray/tests/test_options.py,0.5035156011581421,38
pydata__xarray-6938,asv_bench/benchmarks/indexing.py,0.4355173707008362,50
pydata__xarray-6938,xarray/tests/test_utils.py,0.4432148039340973,49
pydata__xarray-6938,xarray/coding/variables.py,0.5288740992546082,24
pydata__xarray-6938,xarray/backends/common.py,0.5074213147163391,35
pydata__xarray-6971,xarray/core/dataarray.py,0.6527729034423828,3
pydata__xarray-6971,xarray/core/dataset.py,0.6906425356864929,1
pydata__xarray-6971,xarray/core/indexes.py,0.6366694569587708,5
pydata__xarray-6971,xarray/tests/test_indexes.py,0.5054685473442078,24
pydata__xarray-6971,xarray/tests/test_dataset.py,0.6348603367805481,6
pydata__xarray-6971,xarray/core/coordinates.py,0.6771324872970581,2
pydata__xarray-6971,xarray/tests/test_dataarray.py,0.650999903678894,4
pydata__xarray-6971,xarray/tests/test_indexing.py,0.5732962489128113,9
pydata__xarray-6971,xarray/core/indexing.py,0.5713839530944824,10
pydata__xarray-6971,xarray/core/variable.py,0.5732962489128113,9
pydata__xarray-6971,asv_bench/benchmarks/indexing.py,0.5093739032745361,23
pydata__xarray-6971,xarray/core/extensions.py,0.48594123125076294,31
pydata__xarray-6971,xarray/core/alignment.py,0.5540844202041626,13
pydata__xarray-6971,asv_bench/benchmarks/reindexing.py,0.49375033378601074,28
pydata__xarray-6971,xarray/core/common.py,0.5502207279205322,15
pydata__xarray-6971,xarray/__init__.py,0.5560138821601868,12
pydata__xarray-6971,xarray/tests/test_dask.py,0.49765628576278687,26
pydata__xarray-6971,xarray/tests/test_variable.py,0.5269270539283752,19
pydata__xarray-6971,xarray/testing.py,0.5847217440605164,7
pydata__xarray-6971,xarray/tests/test_utils.py,0.46840155124664307,35
pydata__xarray-6971,xarray/coding/cftimeindex.py,0.47229403257369995,33
pydata__xarray-6971,xarray/core/ops.py,0.5093739032745361,23
pydata__xarray-6971,xarray/tests/test_array_api.py,0.46645671129226685,36
pydata__xarray-6971,xarray/core/utils.py,0.5327655076980591,17
pydata__xarray-6971,xarray/core/missing.py,0.49179762601852417,29
pydata__xarray-6971,xarray/convert.py,0.4432148039340973,44
pydata__xarray-6971,xarray/core/groupby.py,0.5502207279205322,15
pydata__xarray-6971,xarray/core/computation.py,0.5230305790901184,20
pydata__xarray-6971,xarray/plot/utils.py,0.5598676800727844,11
pydata__xarray-6971,xarray/tests/test_sparse.py,0.48594123125076294,31
pydata__xarray-6971,xarray/core/arithmetic.py,0.46840155124664307,35
pydata__xarray-6971,doc/examples/_code/accessor_example.py,0.3975641429424286,50
pydata__xarray-6971,xarray/tests/test_nputils.py,0.4625701606273651,39
pydata__xarray-6971,xarray/tests/__init__.py,0.454811155796051,40
pydata__xarray-6971,xarray/tests/test_interp.py,0.4645129144191742,37
pydata__xarray-6971,asv_bench/benchmarks/pandas.py,0.4126248061656952,48
pydata__xarray-6971,xarray/tests/test_units.py,0.5152297019958496,21
pydata__xarray-6971,xarray/tests/test_backends.py,0.5269270539283752,19
pydata__xarray-6971,xarray/util/generate_ops.py,0.5015625357627869,25
pydata__xarray-6971,xarray/tests/test_extensions.py,0.4432148039340973,44
pydata__xarray-6971,doc/conf.py,0.4355173707008362,45
pydata__xarray-6971,xarray/core/accessor_dt.py,0.5347096920013428,16
pydata__xarray-6971,xarray/core/_typed_ops.py,0.43168002367019653,46
pydata__xarray-6971,xarray/core/options.py,0.4470740258693695,41
pydata__xarray-6971,xarray/util/generate_reductions.py,0.4240303635597229,47
pydata__xarray-6971,asv_bench/benchmarks/interp.py,0.40131235122680664,49
pydata__xarray-6971,xarray/core/rolling.py,0.4432148039340973,44
pydata__xarray-6971,xarray/core/nputils.py,0.4957032799720764,27
pydata__xarray-6971,xarray/core/parallel.py,0.4839898645877838,32
pydata__xarray-6971,properties/test_pandas_roundtrip.py,0.4625701606273651,39
pydata__xarray-6992,xarray/core/dataset.py,0.8026174306869507,1
pydata__xarray-6992,xarray/testing.py,0.7268911600112915,3
pydata__xarray-6992,xarray/tests/test_dataset.py,0.6668006181716919,8
pydata__xarray-6992,xarray/core/coordinates.py,0.6420735120773315,10
pydata__xarray-6992,xarray/core/dataarray.py,0.6939709186553955,4
pydata__xarray-6992,xarray/core/indexes.py,0.7436150908470154,2
pydata__xarray-6992,xarray/core/variable.py,0.5922893285751343,22
pydata__xarray-6992,xarray/core/merge.py,0.6366694569587708,12
pydata__xarray-6992,xarray/tests/test_dataarray.py,0.6650626063346863,9
pydata__xarray-6992,xarray/tests/test_variable.py,0.633047342300415,15
pydata__xarray-6992,xarray/core/concat.py,0.638474702835083,11
pydata__xarray-6992,xarray/core/alignment.py,0.6239269375801086,16
pydata__xarray-6992,xarray/tests/test_indexes.py,0.5866175889968872,23
pydata__xarray-6992,xarray/tests/test_backends.py,0.5694696307182312,27
pydata__xarray-6992,xarray/core/computation.py,0.633047342300415,15
pydata__xarray-6992,xarray/core/parallel.py,0.5847217440605164,24
pydata__xarray-6992,xarray/tests/test_concat.py,0.5424755215644836,42
pydata__xarray-6992,xarray/conventions.py,0.6719873547554016,7
pydata__xarray-6992,xarray/tests/test_conventions.py,0.633047342300415,15
pydata__xarray-6992,xarray/backends/netCDF4_.py,0.54635089635849,40
pydata__xarray-6992,xarray/core/indexing.py,0.6128658652305603,18
pydata__xarray-6992,xarray/core/combine.py,0.48008865118026733,49
pydata__xarray-6992,xarray/tests/test_dask.py,0.5502207279205322,39
pydata__xarray-6992,xarray/tests/test_combine.py,0.5637142658233643,32
pydata__xarray-6992,xarray/tests/test_indexing.py,0.5732962489128113,26
pydata__xarray-6992,asv_bench/benchmarks/indexing.py,0.5405358076095581,43
pydata__xarray-6992,asv_bench/benchmarks/reindexing.py,0.4898451566696167,47
pydata__xarray-6992,xarray/tests/test_groupby.py,0.5922893285751343,22
pydata__xarray-6992,xarray/tests/test_formatting.py,0.6771324872970581,5
pydata__xarray-6992,xarray/tests/test_sparse.py,0.5540844202041626,35
pydata__xarray-6992,xarray/tests/test_coarsen.py,0.5560138821601868,34
pydata__xarray-6992,xarray/backends/zarr.py,0.5675531625747681,30
pydata__xarray-6992,asv_bench/benchmarks/repr.py,0.5637142658233643,32
pydata__xarray-6992,xarray/tests/__init__.py,0.5675531625747681,30
pydata__xarray-6992,xarray/core/groupby.py,0.5385949611663818,44
pydata__xarray-6992,xarray/tests/test_computation.py,0.5809227228164673,25
pydata__xarray-6992,xarray/tests/test_interp.py,0.48594123125076294,48
pydata__xarray-6992,xarray/core/missing.py,0.5502207279205322,39
pydata__xarray-6992,xarray/backends/common.py,0.5960569977760315,20
pydata__xarray-6992,xarray/plot/utils.py,0.5617918968200684,33
pydata__xarray-6992,xarray/tests/test_formatting_html.py,0.6184117794036865,17
pydata__xarray-6992,asv_bench/benchmarks/combine.py,0.4509396255016327,50
pydata__xarray-6992,xarray/backends/api.py,0.5444138646125793,41
pydata__xarray-6992,xarray/tests/test_utils.py,0.49375033378601074,46
pydata__xarray-6992,xarray/coding/variables.py,0.5502207279205322,39
pydata__xarray-6992,properties/test_pandas_roundtrip.py,0.49765628576278687,45
pydata__xarray-6992,xarray/core/common.py,0.6737070679664612,6
pydata__xarray-6992,xarray/tests/test_merge.py,0.5521534085273743,36
pydata__xarray-6992,xarray/core/formatting.py,0.6110106706619263,19
pydata__xarray-6992,xarray/core/_reductions.py,0.5675531625747681,30
pydata__xarray-6999,xarray/tests/test_dataset.py,0.8111380338668823,1
pydata__xarray-6999,xarray/core/dataset.py,0.807521402835846,2
pydata__xarray-6999,xarray/tests/test_dataarray.py,0.6822351217269897,7
pydata__xarray-6999,xarray/core/indexes.py,0.7790530323982239,3
pydata__xarray-6999,xarray/core/coordinates.py,0.6545414924621582,9
pydata__xarray-6999,xarray/core/dataarray.py,0.7307512760162354,4
pydata__xarray-6999,xarray/tests/test_indexes.py,0.6438668966293335,11
pydata__xarray-6999,xarray/core/alignment.py,0.6294102072715759,13
pydata__xarray-6999,xarray/core/variable.py,0.6527729034423828,10
pydata__xarray-6999,xarray/testing.py,0.6754221320152283,8
pydata__xarray-6999,xarray/core/indexing.py,0.6016871333122253,20
pydata__xarray-6999,xarray/tests/test_variable.py,0.6184117794036865,15
pydata__xarray-6999,xarray/tests/test_indexing.py,0.6856127977371216,6
pydata__xarray-6999,xarray/core/concat.py,0.6402760744094849,12
pydata__xarray-6999,xarray/core/common.py,0.6989257335662842,5
pydata__xarray-6999,xarray/core/missing.py,0.6184117794036865,15
pydata__xarray-6999,xarray/core/rolling.py,0.5540844202041626,41
pydata__xarray-6999,asv_bench/benchmarks/reindexing.py,0.5191313028335571,47
pydata__xarray-6999,xarray/core/merge.py,0.5998133420944214,22
pydata__xarray-6999,xarray/tests/test_dask.py,0.5904014110565186,26
pydata__xarray-6999,xarray/tests/test_interp.py,0.6016871333122253,20
pydata__xarray-6999,xarray/backends/netCDF4_.py,0.5598676800727844,38
pydata__xarray-6999,xarray/tests/test_utils.py,0.5424755215644836,44
pydata__xarray-6999,xarray/core/utils.py,0.5579416155815125,39
pydata__xarray-6999,xarray/tests/test_units.py,0.5771140456199646,33
pydata__xarray-6999,asv_bench/benchmarks/indexing.py,0.5847217440605164,28
pydata__xarray-6999,xarray/convert.py,0.5904014110565186,26
pydata__xarray-6999,xarray/tests/test_combine.py,0.5960569977760315,23
pydata__xarray-6999,xarray/plot/utils.py,0.6110106706619263,18
pydata__xarray-6999,xarray/core/computation.py,0.49179762601852417,50
pydata__xarray-6999,xarray/core/groupby.py,0.5366528630256653,45
pydata__xarray-6999,xarray/tests/test_sparse.py,0.5828235149383545,31
pydata__xarray-6999,xarray/tests/test_concat.py,0.5327655076980591,46
pydata__xarray-6999,xarray/backends/zarr.py,0.5502207279205322,42
pydata__xarray-6999,xarray/tests/test_computation.py,0.5828235149383545,31
pydata__xarray-6999,xarray/tests/test_groupby.py,0.5828235149383545,31
pydata__xarray-6999,xarray/core/combine.py,0.5093739032745361,49
pydata__xarray-6999,xarray/tests/test_coarsen.py,0.5560138821601868,40
pydata__xarray-6999,xarray/conventions.py,0.5885108113288879,27
pydata__xarray-6999,xarray/tests/test_backends.py,0.5809227228164673,32
pydata__xarray-6999,xarray/tests/test_conventions.py,0.6110106706619263,18
pydata__xarray-6999,xarray/core/parallel.py,0.5444138646125793,43
pydata__xarray-6999,xarray/coding/cftimeindex.py,0.5713839530944824,35
pydata__xarray-6999,xarray/coding/variables.py,0.5675531625747681,36
pydata__xarray-6999,xarray/tests/test_plot.py,0.5713839530944824,35
pydata__xarray-6999,xarray/tests/test_missing.py,0.6165664792060852,16
pydata__xarray-6999,xarray/tests/test_nputils.py,0.5152297019958496,48
pydata__xarray-6999,xarray/tests/test_array_api.py,0.5998133420944214,22
pydata__xarray-6999,xarray/core/nputils.py,0.5904014110565186,26
pydata__xarray-6999,xarray/tests/__init__.py,0.5617918968200684,37
pydata__xarray-7003,xarray/core/indexes.py,0.7276659607887268,2
pydata__xarray-7003,xarray/tests/test_indexes.py,0.761786699295044,1
pydata__xarray-7003,xarray/core/indexing.py,0.6294102072715759,10
pydata__xarray-7003,xarray/core/coordinates.py,0.7070811986923218,4
pydata__xarray-7003,xarray/tests/test_indexing.py,0.5752062797546387,15
pydata__xarray-7003,xarray/core/alignment.py,0.638474702835083,7
pydata__xarray-7003,xarray/tests/test_dataarray.py,0.6348603367805481,8
pydata__xarray-7003,xarray/tests/test_variable.py,0.5347096920013428,19
pydata__xarray-7003,xarray/core/dataset.py,0.6438668966293335,6
pydata__xarray-7003,xarray/tests/test_dataset.py,0.5617918968200684,16
pydata__xarray-7003,xarray/core/utils.py,0.5444138646125793,18
pydata__xarray-7003,xarray/testing.py,0.6438668966293335,6
pydata__xarray-7003,xarray/core/groupby.py,0.5790196061134338,13
pydata__xarray-7003,xarray/core/variable.py,0.5866175889968872,11
pydata__xarray-7003,xarray/plot/utils.py,0.716694712638855,3
pydata__xarray-7003,xarray/tests/test_utils.py,0.47229403257369995,36
pydata__xarray-7003,xarray/coding/cftimeindex.py,0.49375033378601074,30
pydata__xarray-7003,asv_bench/benchmarks/pandas.py,0.4126248061656952,48
pydata__xarray-7003,xarray/core/dataarray.py,0.6312306523323059,9
pydata__xarray-7003,xarray/tests/test_units.py,0.48594123125076294,32
pydata__xarray-7003,xarray/core/merge.py,0.48594123125076294,32
pydata__xarray-7003,xarray/tests/test_groupby.py,0.49375033378601074,30
pydata__xarray-7003,xarray/tests/test_cftimeindex.py,0.4645129144191742,40
pydata__xarray-7003,xarray/core/extensions.py,0.4586881399154663,42
pydata__xarray-7003,xarray/tests/test_dask.py,0.4586881399154663,42
pydata__xarray-7003,properties/test_pandas_roundtrip.py,0.4645129144191742,40
pydata__xarray-7003,xarray/core/parallel.py,0.4240303635597229,47
pydata__xarray-7003,xarray/core/common.py,0.48008865118026733,34
pydata__xarray-7003,xarray/core/concat.py,0.5288740992546082,20
pydata__xarray-7003,xarray/core/missing.py,0.5790196061134338,13
pydata__xarray-7003,xarray/convert.py,0.5771140456199646,14
pydata__xarray-7003,xarray/tests/test_computation.py,0.46840155124664307,38
pydata__xarray-7003,xarray/tests/__init__.py,0.47229403257369995,36
pydata__xarray-7003,xarray/core/computation.py,0.5249791741371155,21
pydata__xarray-7003,asv_bench/benchmarks/reindexing.py,0.3680422008037567,50
pydata__xarray-7003,asv_bench/benchmarks/indexing.py,0.4278508424758911,46
pydata__xarray-7003,xarray/core/combine.py,0.49960941076278687,27
pydata__xarray-7003,xarray/tests/test_concat.py,0.454811155796051,43
pydata__xarray-7003,xarray/core/accessor_dt.py,0.5598676800727844,17
pydata__xarray-7003,xarray/core/nputils.py,0.49960941076278687,27
pydata__xarray-7003,asv_bench/benchmarks/repr.py,0.49375033378601074,30
pydata__xarray-7003,xarray/tests/test_extensions.py,0.40131235122680664,49
pydata__xarray-7003,xarray/backends/netCDF4_.py,0.4509396255016327,44
pydata__xarray-7003,xarray/coding/frequencies.py,0.521081268787384,22
pydata__xarray-7003,xarray/core/types.py,0.5191313028335571,23
pydata__xarray-7003,xarray/tests/test_backends.py,0.49960941076278687,27
pydata__xarray-7003,xarray/core/arithmetic.py,0.43168002367019653,45
pydata__xarray-7003,xarray/tests/test_formatting_html.py,0.5152297019958496,24
pydata__xarray-7003,xarray/tests/test_accessor_dt.py,0.4703473448753357,37
pydata__xarray-7003,xarray/tests/test_missing.py,0.4820389747619629,33
pydata__xarray-7019,xarray/core/parallel.py,0.7632015347480774,1
pydata__xarray-7019,xarray/tests/test_computation.py,0.6889709234237671,12
pydata__xarray-7019,xarray/core/computation.py,0.7292113304138184,7
pydata__xarray-7019,xarray/core/dataarray.py,0.7268911600112915,8
pydata__xarray-7019,xarray/tests/test_array_api.py,0.6545414924621582,20
pydata__xarray-7019,xarray/core/variable.py,0.7398737668991089,4
pydata__xarray-7019,xarray/__init__.py,0.6492228507995605,24
pydata__xarray-7019,xarray/core/dataset.py,0.7190681099891663,9
pydata__xarray-7019,xarray/core/arithmetic.py,0.6492228507995605,24
pydata__xarray-7019,xarray/tests/test_dask.py,0.6456562876701355,26
pydata__xarray-7019,xarray/core/common.py,0.6580659747123718,19
pydata__xarray-7019,xarray/backends/__init__.py,0.6054258346557617,37
pydata__xarray-7019,xarray/core/indexing.py,0.633047342300415,28
pydata__xarray-7019,xarray/core/ops.py,0.6598217487335205,18
pydata__xarray-7019,xarray/tests/test_dataarray.py,0.6165664792060852,33
pydata__xarray-7019,xarray/core/duck_array_ops.py,0.7391212582588196,5
pydata__xarray-7019,xarray/tests/test_distributed.py,0.6650626063346863,16
pydata__xarray-7019,xarray/tests/test_variable.py,0.6615731120109558,17
pydata__xarray-7019,xarray/core/dask_array_ops.py,0.6668006181716919,15
pydata__xarray-7019,xarray/tests/test_sparse.py,0.6035580039024353,38
pydata__xarray-7019,xarray/core/types.py,0.7322856187820435,6
pydata__xarray-7019,xarray/util/generate_aggregations.py,0.5828235149383545,40
pydata__xarray-7019,xarray/backends/api.py,0.7070811986923218,10
pydata__xarray-7019,xarray/indexes/__init__.py,0.4240303635597229,50
pydata__xarray-7019,asv_bench/benchmarks/indexing.py,0.5482865571975708,45
pydata__xarray-7019,xarray/plot/accessor.py,0.521081268787384,49
pydata__xarray-7019,xarray/core/extensions.py,0.5694696307182312,42
pydata__xarray-7019,xarray/tests/test_backends_api.py,0.6668006181716919,15
pydata__xarray-7019,xarray/util/generate_ops.py,0.5847217440605164,39
pydata__xarray-7019,xarray/backends/pseudonetcdf_.py,0.6072905659675598,36
pydata__xarray-7019,xarray/core/options.py,0.5249791741371155,48
pydata__xarray-7019,xarray/tests/test_ufuncs.py,0.6184117794036865,32
pydata__xarray-7019,xarray/core/pycompat.py,0.7502601146697998,2
pydata__xarray-7019,xarray/core/indexes.py,0.5521534085273743,44
pydata__xarray-7019,xarray/convert.py,0.5694696307182312,42
pydata__xarray-7019,xarray/tests/test_backends.py,0.6312306523323059,29
pydata__xarray-7019,xarray/core/alignment.py,0.5269270539283752,47
pydata__xarray-7019,asv_bench/benchmarks/dataset_io.py,0.650999903678894,21
pydata__xarray-7019,xarray/tests/__init__.py,0.6091521978378296,34
pydata__xarray-7019,asv_bench/benchmarks/rolling.py,0.6872942447662354,13
pydata__xarray-7019,xarray/tests/conftest.py,0.7480579614639282,3
pydata__xarray-7019,xarray/backends/zarr.py,0.6492228507995605,24
pydata__xarray-7019,xarray/core/groupby.py,0.5598676800727844,43
pydata__xarray-7019,xarray/core/_aggregations.py,0.6420735120773315,27
pydata__xarray-7019,xarray/core/utils.py,0.6456562876701355,26
pydata__xarray-7019,xarray/backends/store.py,0.5327655076980591,46
pydata__xarray-7019,xarray/core/accessor_str.py,0.6239269375801086,30
pydata__xarray-7019,asv_bench/benchmarks/unstacking.py,0.6989257335662842,11
pydata__xarray-7019,xarray/backends/common.py,0.6072905659675598,36
pydata__xarray-7019,xarray/tests/test_indexing.py,0.6202536225318909,31
pydata__xarray-7052,xarray/plot/plot.py,0.8311977982521057,2
pydata__xarray-7052,xarray/core/extensions.py,0.7383673787117004,6
pydata__xarray-7052,xarray/plot/dataset_plot.py,0.8449727296829224,1
pydata__xarray-7052,xarray/core/utils.py,0.6438668966293335,19
pydata__xarray-7052,xarray/tests/test_extensions.py,0.7376120686531067,7
pydata__xarray-7052,xarray/plot/__init__.py,0.7261149883270264,9
pydata__xarray-7052,xarray/core/types.py,0.6923092603683472,15
pydata__xarray-7052,doc/examples/_code/accessor_example.py,0.7896232604980469,4
pydata__xarray-7052,xarray/tests/test_plot.py,0.7111100554466248,11
pydata__xarray-7052,xarray/core/common.py,0.6889709234237671,16
pydata__xarray-7052,xarray/util/generate_ops.py,0.7013859152793884,12
pydata__xarray-7052,xarray/plot/utils.py,0.6989257335662842,13
pydata__xarray-7052,xarray/__init__.py,0.6771324872970581,17
pydata__xarray-7052,xarray/core/dataarray.py,0.7973043918609619,3
pydata__xarray-7052,xarray/core/ops.py,0.5922893285751343,27
pydata__xarray-7052,xarray/plot/facetgrid.py,0.6923092603683472,15
pydata__xarray-7052,xarray/core/dataset.py,0.7345767617225647,8
pydata__xarray-7052,xarray/util/generate_reductions.py,0.5405358076095581,39
pydata__xarray-7052,xarray/core/arithmetic.py,0.5904014110565186,28
pydata__xarray-7052,xarray/tests/test_array_api.py,0.5637142658233643,34
pydata__xarray-7052,xarray/tests/test_accessor_dt.py,0.7245585918426514,10
pydata__xarray-7052,xarray/tests/test_sparse.py,0.6563059091567993,18
pydata__xarray-7052,xarray/tests/test_dataset.py,0.5385949611663818,40
pydata__xarray-7052,doc/conf.py,0.622092068195343,22
pydata__xarray-7052,xarray/core/options.py,0.5979365706443787,25
pydata__xarray-7052,xarray/core/computation.py,0.6348603367805481,20
pydata__xarray-7052,xarray/core/accessor_dt.py,0.7517210841178894,5
pydata__xarray-7052,xarray/tests/test_units.py,0.5998133420944214,24
pydata__xarray-7052,xarray/core/rolling.py,0.5790196061134338,32
pydata__xarray-7052,xarray/tests/test_dataarray.py,0.5675531625747681,33
pydata__xarray-7052,xarray/core/_reductions.py,0.5617918968200684,35
pydata__xarray-7052,xarray/core/variable.py,0.6054258346557617,23
pydata__xarray-7052,xarray/core/pycompat.py,0.5113261938095093,46
pydata__xarray-7052,xarray/core/indexes.py,0.5579416155815125,36
pydata__xarray-7052,xarray/tests/__init__.py,0.5074213147163391,48
pydata__xarray-7052,xarray/core/accessor_str.py,0.6294102072715759,21
pydata__xarray-7052,xarray/tests/test_variable.py,0.5922893285751343,27
pydata__xarray-7052,doc/gallery/plot_lines_from_2d.py,0.5347096920013428,42
pydata__xarray-7052,xarray/tests/test_indexing.py,0.5366528630256653,41
pydata__xarray-7052,xarray/tests/test_groupby.py,0.5249791741371155,45
pydata__xarray-7052,xarray/core/parallel.py,0.5809227228164673,31
pydata__xarray-7052,xarray/backends/common.py,0.5093739032745361,47
pydata__xarray-7052,doc/gallery/plot_control_colorbar.py,0.5249791741371155,45
pydata__xarray-7052,xarray/indexes/__init__.py,0.4432148039340973,50
pydata__xarray-7052,xarray/coding/cftimeindex.py,0.5866175889968872,29
pydata__xarray-7052,xarray/core/indexing.py,0.5308202505111694,43
pydata__xarray-7052,xarray/tests/test_duck_array_ops.py,0.5405358076095581,39
pydata__xarray-7052,xarray/tests/test_interp.py,0.4957032799720764,49
pydata__xarray-7052,xarray/testing.py,0.5828235149383545,30
pydata__xarray-7052,xarray/tests/test_formatting_html.py,0.5560138821601868,37
pydata__xarray-7089,xarray/core/dataset.py,0.7688025832176208,1
pydata__xarray-7089,xarray/tests/test_computation.py,0.43936243653297424,23
pydata__xarray-7089,xarray/tests/test_dataarray.py,0.5979365706443787,3
pydata__xarray-7089,xarray/core/dataarray.py,0.49179762601852417,9
pydata__xarray-7089,xarray/tests/test_dataset.py,0.47229403257369995,15
pydata__xarray-7089,xarray/tests/test_backends.py,0.4878930151462555,10
pydata__xarray-7089,xarray/tests/test_options.py,0.48594123125076294,12
pydata__xarray-7089,xarray/tests/test_variable.py,0.4240303635597229,28
pydata__xarray-7089,xarray/tests/test_merge.py,0.43168002367019653,26
pydata__xarray-7089,xarray/tests/test_dask.py,0.3753400444984436,39
pydata__xarray-7089,xarray/core/common.py,0.4432148039340973,20
pydata__xarray-7089,xarray/tests/test_concat.py,0.46840155124664307,18
pydata__xarray-7089,xarray/tests/test_extensions.py,0.42021888494491577,31
pydata__xarray-7089,xarray/backends/memory.py,0.42021888494491577,31
pydata__xarray-7089,xarray/core/variable.py,0.6856127977371216,2
pydata__xarray-7089,xarray/tests/test_combine.py,0.43168002367019653,26
pydata__xarray-7089,xarray/core/indexes.py,0.43168002367019653,26
pydata__xarray-7089,xarray/tests/test_groupby.py,0.5152297019958496,7
pydata__xarray-7089,xarray/core/merge.py,0.4050721228122711,34
pydata__xarray-7089,xarray/tests/test_coarsen.py,0.48594123125076294,12
pydata__xarray-7089,xarray/tests/test_rolling.py,0.5385949611663818,6
pydata__xarray-7089,xarray/backends/api.py,0.35362908244132996,44
pydata__xarray-7089,xarray/conventions.py,0.34651920199394226,46
pydata__xarray-7089,xarray/backends/common.py,0.37168383598327637,40
pydata__xarray-7089,xarray/core/extensions.py,0.33947718143463135,47
pydata__xarray-7089,xarray/core/computation.py,0.4509396255016327,19
pydata__xarray-7089,xarray/core/combine.py,0.4278508424758911,27
pydata__xarray-7089,xarray/tests/test_formatting.py,0.47424158453941345,14
pydata__xarray-7089,xarray/backends/pydap_.py,0.35362908244132996,44
pydata__xarray-7089,xarray/core/_reductions.py,0.5482865571975708,5
pydata__xarray-7089,xarray/core/groupby.py,0.49375033378601074,8
pydata__xarray-7089,xarray/tests/test_units.py,0.36080431938171387,42
pydata__xarray-7089,xarray/coding/variables.py,0.3256063163280487,49
pydata__xarray-7089,xarray/tests/test_conventions.py,0.4703473448753357,16
pydata__xarray-7089,xarray/core/rolling.py,0.5656346678733826,4
pydata__xarray-7089,xarray/tutorial.py,0.3863929510116577,38
pydata__xarray-7089,xarray/backends/zarr.py,0.3901040256023407,36
pydata__xarray-7089,xarray/backends/store.py,0.3863929510116577,38
pydata__xarray-7089,xarray/tests/test_indexes.py,0.43936243653297424,23
pydata__xarray-7089,xarray/core/coordinates.py,0.36441558599472046,41
pydata__xarray-7089,xarray/core/parallel.py,0.41641688346862793,32
pydata__xarray-7089,xarray/core/concat.py,0.46840155124664307,18
pydata__xarray-7089,xarray/tests/__init__.py,0.40131235122680664,35
pydata__xarray-7089,xarray/core/_typed_ops.py,0.332505464553833,48
pydata__xarray-7089,xarray/convert.py,0.42021888494491577,31
pydata__xarray-7089,xarray/tests/test_interp.py,0.47424158453941345,14
pydata__xarray-7089,doc/examples/_code/accessor_example.py,0.29551446437835693,50
pydata__xarray-7089,xarray/tests/test_backends_api.py,0.43936243653297424,23
pydata__xarray-7089,xarray/tests/test_coding_times.py,0.4126248061656952,33
pydata__xarray-7089,xarray/backends/pseudonetcdf_.py,0.34651920199394226,46
pydata__xarray-7101,xarray/core/dataset.py,0.638474702835083,4
pydata__xarray-7101,xarray/core/dataarray.py,0.6856127977371216,3
pydata__xarray-7101,xarray/tests/test_dataset.py,0.5960569977760315,8
pydata__xarray-7101,xarray/core/variable.py,0.5922893285751343,9
pydata__xarray-7101,xarray/tests/test_dataarray.py,0.6091521978378296,6
pydata__xarray-7101,xarray/core/coordinates.py,0.7086966633796692,1
pydata__xarray-7101,xarray/tests/test_variable.py,0.5598676800727844,23
pydata__xarray-7101,xarray/testing.py,0.6348603367805481,5
pydata__xarray-7101,xarray/tests/test_backends.py,0.5093739032745361,38
pydata__xarray-7101,xarray/backends/netCDF4_.py,0.5347096920013428,28
pydata__xarray-7101,asv_bench/benchmarks/indexing.py,0.48008865118026733,46
pydata__xarray-7101,xarray/core/parallel.py,0.5598676800727844,23
pydata__xarray-7101,xarray/tests/test_indexing.py,0.5656346678733826,21
pydata__xarray-7101,xarray/tests/test_indexes.py,0.5132781267166138,36
pydata__xarray-7101,xarray/core/groupby.py,0.5502207279205322,26
pydata__xarray-7101,xarray/core/concat.py,0.5979365706443787,7
pydata__xarray-7101,xarray/core/indexes.py,0.5790196061134338,16
pydata__xarray-7101,xarray/tests/test_combine.py,0.521081268787384,32
pydata__xarray-7101,xarray/core/combine.py,0.5366528630256653,27
pydata__xarray-7101,xarray/tests/test_sparse.py,0.5579416155815125,24
pydata__xarray-7101,xarray/core/indexing.py,0.5771140456199646,17
pydata__xarray-7101,xarray/tests/test_groupby.py,0.5809227228164673,14
pydata__xarray-7101,asv_bench/benchmarks/unstacking.py,0.46840155124664307,48
pydata__xarray-7101,xarray/tests/test_concat.py,0.5132781267166138,36
pydata__xarray-7101,xarray/core/computation.py,0.5809227228164673,14
pydata__xarray-7101,xarray/core/utils.py,0.5732962489128113,19
pydata__xarray-7101,asv_bench/benchmarks/combine.py,0.40131235122680664,50
pydata__xarray-7101,xarray/tests/test_duck_array_ops.py,0.5093739032745361,38
pydata__xarray-7101,xarray/core/alignment.py,0.5866175889968872,11
pydata__xarray-7101,xarray/core/merge.py,0.5694696307182312,20
pydata__xarray-7101,xarray/tests/test_dask.py,0.521081268787384,32
pydata__xarray-7101,xarray/tests/test_units.py,0.5171807408332825,33
pydata__xarray-7101,xarray/tests/test_conventions.py,0.5732962489128113,19
pydata__xarray-7101,xarray/tests/test_computation.py,0.49179762601852417,44
pydata__xarray-7101,xarray/indexes/__init__.py,0.49765628576278687,42
pydata__xarray-7101,asv_bench/benchmarks/repr.py,0.4839898645877838,45
pydata__xarray-7101,xarray/core/common.py,0.7046481370925903,2
pydata__xarray-7101,asv_bench/benchmarks/reindexing.py,0.4432148039340973,49
pydata__xarray-7101,xarray/tests/test_utils.py,0.49765628576278687,42
pydata__xarray-7101,xarray/backends/zarr.py,0.5152297019958496,34
pydata__xarray-7101,xarray/backends/common.py,0.5521534085273743,25
pydata__xarray-7101,xarray/backends/api.py,0.5790196061134338,16
pydata__xarray-7101,xarray/tests/test_interp.py,0.4703473448753357,47
pydata__xarray-7101,xarray/tests/test_array_api.py,0.5269270539283752,29
pydata__xarray-7101,xarray/tests/test_distributed.py,0.5015625357627869,40
pydata__xarray-7101,xarray/convert.py,0.5809227228164673,14
pydata__xarray-7101,xarray/conventions.py,0.49179762601852417,44
pydata__xarray-7101,xarray/tests/test_coarsen.py,0.5054685473442078,39
pydata__xarray-7101,xarray/plot/utils.py,0.5904014110565186,10
pydata__xarray-7101,xarray/core/_reductions.py,0.521081268787384,32
pydata__xarray-7105,xarray/core/groupby.py,0.6972792148590088,2
pydata__xarray-7105,xarray/tests/test_groupby.py,0.7531762719154358,1
pydata__xarray-7105,xarray/tests/test_indexing.py,0.5904014110565186,7
pydata__xarray-7105,xarray/core/indexes.py,0.5960569977760315,6
pydata__xarray-7105,xarray/tests/test_dataarray.py,0.5444138646125793,17
pydata__xarray-7105,xarray/core/indexing.py,0.5675531625747681,10
pydata__xarray-7105,xarray/core/dataarray.py,0.6545414924621582,3
pydata__xarray-7105,xarray/core/dataset.py,0.6035580039024353,5
pydata__xarray-7105,xarray/tests/test_indexes.py,0.5074213147163391,31
pydata__xarray-7105,xarray/indexes/__init__.py,0.5482865571975708,15
pydata__xarray-7105,xarray/tests/test_dataset.py,0.49960941076278687,35
pydata__xarray-7105,asv_bench/benchmarks/groupby.py,0.5656346678733826,11
pydata__xarray-7105,xarray/tests/test_variable.py,0.4509396255016327,43
pydata__xarray-7105,xarray/core/coordinates.py,0.6275860667228699,4
pydata__xarray-7105,xarray/core/computation.py,0.5828235149383545,8
pydata__xarray-7105,xarray/tests/test_dask.py,0.5269270539283752,23
pydata__xarray-7105,xarray/tests/test_computation.py,0.5249791741371155,24
pydata__xarray-7105,xarray/core/combine.py,0.521081268787384,26
pydata__xarray-7105,xarray/core/alignment.py,0.5540844202041626,14
pydata__xarray-7105,asv_bench/benchmarks/pandas.py,0.4278508424758911,48
pydata__xarray-7105,xarray/core/_reductions.py,0.49960941076278687,35
pydata__xarray-7105,xarray/core/resample.py,0.5269270539283752,23
pydata__xarray-7105,xarray/core/concat.py,0.5444138646125793,17
pydata__xarray-7105,xarray/testing.py,0.5560138821601868,12
pydata__xarray-7105,xarray/core/parallel.py,0.5171807408332825,29
pydata__xarray-7105,xarray/tests/test_concat.py,0.4432148039340973,45
pydata__xarray-7105,asv_bench/benchmarks/reindexing.py,0.3753400444984436,50
pydata__xarray-7105,xarray/tests/test_sparse.py,0.5540844202041626,14
pydata__xarray-7105,xarray/core/common.py,0.5132781267166138,30
pydata__xarray-7105,xarray/tests/test_combine.py,0.4957032799720764,36
pydata__xarray-7105,xarray/tests/test_ufuncs.py,0.5424755215644836,18
pydata__xarray-7105,xarray/core/variable.py,0.454811155796051,42
pydata__xarray-7105,xarray/tests/test_backends.py,0.5054685473442078,33
pydata__xarray-7105,xarray/util/generate_reductions.py,0.5713839530944824,9
pydata__xarray-7105,xarray/core/merge.py,0.48594123125076294,39
pydata__xarray-7105,asv_bench/benchmarks/indexing.py,0.43936243653297424,46
pydata__xarray-7105,xarray/tests/test_utils.py,0.454811155796051,42
pydata__xarray-7105,xarray/core/utils.py,0.49179762601852417,37
pydata__xarray-7105,xarray/core/rolling.py,0.5191313028335571,28
pydata__xarray-7105,xarray/core/resample_cftime.py,0.5191313028335571,28
pydata__xarray-7105,xarray/core/nputils.py,0.5385949611663818,20
pydata__xarray-7105,xarray/tests/test_units.py,0.5054685473442078,33
pydata__xarray-7105,asv_bench/benchmarks/unstacking.py,0.408843070268631,49
pydata__xarray-7105,xarray/coding/cftimeindex.py,0.46840155124664307,40
pydata__xarray-7105,xarray/tests/test_options.py,0.48594123125076294,39
pydata__xarray-7105,xarray/core/arithmetic.py,0.5230305790901184,25
pydata__xarray-7105,xarray/tests/test_cftimeindex.py,0.5327655076980591,21
pydata__xarray-7105,xarray/backends/netCDF4_.py,0.5385949611663818,20
pydata__xarray-7105,xarray/core/accessor_str.py,0.4470740258693695,44
pydata__xarray-7105,properties/test_pandas_roundtrip.py,0.43168002367019653,47
pydata__xarray-7112,xarray/core/dataset.py,0.7863604426383972,2
pydata__xarray-7112,xarray/tests/test_dataarray.py,0.712712287902832,8
pydata__xarray-7112,xarray/core/dataarray.py,0.7502601146697998,3
pydata__xarray-7112,xarray/core/variable.py,0.8019978404045105,1
pydata__xarray-7112,xarray/tests/test_variable.py,0.6906425356864929,11
pydata__xarray-7112,xarray/tests/test_dataset.py,0.6719873547554016,15
pydata__xarray-7112,xarray/core/indexes.py,0.7353376746177673,4
pydata__xarray-7112,xarray/tests/test_dask.py,0.6366694569587708,28
pydata__xarray-7112,xarray/core/parallel.py,0.6456562876701355,26
pydata__xarray-7112,xarray/coding/variables.py,0.6685341000556946,19
pydata__xarray-7112,xarray/backends/memory.py,0.6702630519866943,17
pydata__xarray-7112,xarray/tests/test_indexes.py,0.6184117794036865,39
pydata__xarray-7112,xarray/convert.py,0.7135114669799805,7
pydata__xarray-7112,xarray/tests/test_backends.py,0.6348603367805481,29
pydata__xarray-7112,xarray/core/merge.py,0.6492228507995605,24
pydata__xarray-7112,xarray/backends/netCDF4_.py,0.7030196189880371,9
pydata__xarray-7112,xarray/backends/common.py,0.6856127977371216,13
pydata__xarray-7112,xarray/tests/test_utils.py,0.5904014110565186,46
pydata__xarray-7112,xarray/backends/zarr.py,0.6872942447662354,12
pydata__xarray-7112,xarray/tests/test_conventions.py,0.6685341000556946,19
pydata__xarray-7112,xarray/tests/test_sparse.py,0.6294102072715759,32
pydata__xarray-7112,xarray/core/indexing.py,0.7253374457359314,5
pydata__xarray-7112,xarray/tests/test_extensions.py,0.5941745638847351,44
pydata__xarray-7112,xarray/core/common.py,0.6563059091567993,21
pydata__xarray-7112,xarray/tests/test_array_api.py,0.5904014110565186,46
pydata__xarray-7112,xarray/testing.py,0.716694712638855,6
pydata__xarray-7112,xarray/core/utils.py,0.6366694569587708,28
pydata__xarray-7112,xarray/tests/__init__.py,0.6147178411483765,40
pydata__xarray-7112,xarray/conventions.py,0.6275860667228699,35
pydata__xarray-7112,xarray/backends/api.py,0.6563059091567993,21
pydata__xarray-7112,xarray/tests/test_merge.py,0.6312306523323059,30
pydata__xarray-7112,xarray/core/computation.py,0.6545414924621582,23
pydata__xarray-7112,xarray/tests/test_indexing.py,0.6239269375801086,37
pydata__xarray-7112,xarray/tests/test_computation.py,0.7005671858787537,10
pydata__xarray-7112,xarray/core/alignment.py,0.6702630519866943,17
pydata__xarray-7112,xarray/tests/test_cupy.py,0.5249791741371155,50
pydata__xarray-7112,xarray/core/concat.py,0.6474416255950928,25
pydata__xarray-7112,xarray/tests/test_combine.py,0.6184117794036865,39
pydata__xarray-7112,properties/test_pandas_roundtrip.py,0.5713839530944824,48
pydata__xarray-7112,xarray/tests/test_distributed.py,0.5979365706443787,42
pydata__xarray-7112,xarray/tests/test_concat.py,0.6294102072715759,32
pydata__xarray-7112,xarray/tests/test_coarsen.py,0.5960569977760315,43
pydata__xarray-7112,properties/test_encode_decode.py,0.5269270539283752,49
pydata__xarray-7112,xarray/core/groupby.py,0.6275860667228699,35
pydata__xarray-7112,xarray/__init__.py,0.6275860667228699,35
pydata__xarray-7112,xarray/core/extensions.py,0.5979365706443787,42
pydata__xarray-7112,xarray/tests/test_ufuncs.py,0.6239269375801086,37
pydata__xarray-7112,xarray/tests/test_options.py,0.6545414924621582,23
pydata__xarray-7112,asv_bench/benchmarks/indexing.py,0.5847217440605164,47
pydata__xarray-7112,xarray/core/coordinates.py,0.6737070679664612,14
pydata__xarray-7120,xarray/core/dataarray.py,0.7413744926452637,1
pydata__xarray-7120,xarray/core/dataset.py,0.7406248450279236,2
pydata__xarray-7120,xarray/tests/test_variable.py,0.6474416255950928,5
pydata__xarray-7120,xarray/tests/test_dataset.py,0.6737070679664612,4
pydata__xarray-7120,xarray/tests/test_dataarray.py,0.6016871333122253,7
pydata__xarray-7120,xarray/core/utils.py,0.7307512760162354,3
pydata__xarray-7120,xarray/core/variable.py,0.6420735120773315,6
pydata__xarray-7120,xarray/tests/test_computation.py,0.5171807408332825,20
pydata__xarray-7120,xarray/core/groupby.py,0.5444138646125793,12
pydata__xarray-7120,xarray/tests/test_indexes.py,0.4586881399154663,40
pydata__xarray-7120,xarray/core/combine.py,0.48008865118026733,32
pydata__xarray-7120,xarray/core/merge.py,0.521081268787384,19
pydata__xarray-7120,xarray/core/indexing.py,0.5444138646125793,12
pydata__xarray-7120,xarray/core/computation.py,0.5521534085273743,10
pydata__xarray-7120,xarray/core/indexes.py,0.5015625357627869,26
pydata__xarray-7120,xarray/core/alignment.py,0.5656346678733826,9
pydata__xarray-7120,xarray/tests/test_indexing.py,0.4878930151462555,31
pydata__xarray-7120,xarray/tests/test_units.py,0.5015625357627869,26
pydata__xarray-7120,xarray/tests/test_concat.py,0.47424158453941345,35
pydata__xarray-7120,xarray/tests/test_utils.py,0.4355173707008362,48
pydata__xarray-7120,xarray/core/rolling.py,0.5230305790901184,16
pydata__xarray-7120,xarray/core/coordinates.py,0.521081268787384,19
pydata__xarray-7120,xarray/core/concat.py,0.4898451566696167,30
pydata__xarray-7120,xarray/core/missing.py,0.5230305790901184,16
pydata__xarray-7120,xarray/tests/test_interp.py,0.43936243653297424,47
pydata__xarray-7120,xarray/tests/test_groupby.py,0.47424158453941345,35
pydata__xarray-7120,xarray/tests/test_sparse.py,0.5269270539283752,13
pydata__xarray-7120,xarray/core/parallel.py,0.49179762601852417,29
pydata__xarray-7120,xarray/testing.py,0.5230305790901184,16
pydata__xarray-7120,xarray/tests/test_combine.py,0.4781389832496643,33
pydata__xarray-7120,xarray/tests/test_ufuncs.py,0.49375033378601074,27
pydata__xarray-7120,xarray/core/common.py,0.5752062797546387,8
pydata__xarray-7120,xarray/tests/test_coarsen.py,0.454811155796051,42
pydata__xarray-7120,xarray/plot/utils.py,0.4586881399154663,40
pydata__xarray-7120,xarray/tests/__init__.py,0.4470740258693695,45
pydata__xarray-7120,xarray/tests/test_plot.py,0.5054685473442078,24
pydata__xarray-7120,xarray/tests/test_duck_array_ops.py,0.4509396255016327,44
pydata__xarray-7120,xarray/backends/netCDF4_.py,0.454811155796051,42
pydata__xarray-7120,xarray/tests/test_dask.py,0.4432148039340973,46
pydata__xarray-7120,xarray/tests/test_array_api.py,0.5054685473442078,24
pydata__xarray-7120,xarray/core/weighted.py,0.521081268787384,19
pydata__xarray-7120,xarray/tests/test_missing.py,0.4703473448753357,36
pydata__xarray-7120,xarray/core/arithmetic.py,0.4586881399154663,40
pydata__xarray-7120,xarray/convert.py,0.4586881399154663,40
pydata__xarray-7120,properties/test_pandas_roundtrip.py,0.40131235122680664,50
pydata__xarray-7120,xarray/tests/test_conventions.py,0.5152297019958496,21
pydata__xarray-7120,xarray/core/ops.py,0.5132781267166138,22
pydata__xarray-7120,xarray/tests/test_accessor_str.py,0.4509396255016327,44
pydata__xarray-7120,xarray/backends/zarr.py,0.49179762601852417,29
pydata__xarray-7120,xarray/indexes/__init__.py,0.4050721228122711,49
pydata__xarray-7147,xarray/tests/test_conventions.py,0.7756727933883667,3
pydata__xarray-7147,xarray/conventions.py,0.7889736890792847,1
pydata__xarray-7147,xarray/tests/test_coding_times.py,0.784385085105896,2
pydata__xarray-7147,xarray/coding/times.py,0.7268911600112915,6
pydata__xarray-7147,xarray/tests/test_backends.py,0.638474702835083,25
pydata__xarray-7147,xarray/coding/cftimeindex.py,0.7190681099891663,8
pydata__xarray-7147,xarray/core/dataset.py,0.6348603367805481,26
pydata__xarray-7147,xarray/tests/test_interp.py,0.650999903678894,19
pydata__xarray-7147,xarray/tests/test_cftimeindex.py,0.6474416255950928,21
pydata__xarray-7147,xarray/convert.py,0.7070811986923218,9
pydata__xarray-7147,xarray/tests/test_coding.py,0.5713839530944824,36
pydata__xarray-7147,xarray/tests/test_accessor_dt.py,0.6294102072715759,28
pydata__xarray-7147,xarray/tests/test_dataset.py,0.5054685473442078,45
pydata__xarray-7147,xarray/backends/netCDF4_.py,0.5637142658233643,40
pydata__xarray-7147,xarray/coding/frequencies.py,0.6580659747123718,17
pydata__xarray-7147,xarray/coding/variables.py,0.6165664792060852,31
pydata__xarray-7147,xarray/coding/calendar_ops.py,0.7428696751594543,5
pydata__xarray-7147,xarray/tests/test_cftime_offsets.py,0.6580659747123718,17
pydata__xarray-7147,xarray/tests/test_missing.py,0.6257582902908325,29
pydata__xarray-7147,xarray/core/variable.py,0.6492228507995605,20
pydata__xarray-7147,xarray/backends/api.py,0.7458429336547852,4
pydata__xarray-7147,xarray/coding/cftime_offsets.py,0.6456562876701355,22
pydata__xarray-7147,xarray/backends/zarr.py,0.6839264035224915,11
pydata__xarray-7147,xarray/core/accessor_dt.py,0.6702630519866943,13
pydata__xarray-7147,xarray/tests/test_cftimeindex_resample.py,0.6598217487335205,15
pydata__xarray-7147,xarray/tests/test_calendar_ops.py,0.6650626063346863,14
pydata__xarray-7147,xarray/tests/test_variable.py,0.5713839530944824,36
pydata__xarray-7147,xarray/tests/test_utils.py,0.5941745638847351,33
pydata__xarray-7147,xarray/backends/cfgrib_.py,0.638474702835083,25
pydata__xarray-7147,xarray/core/dataarray.py,0.7237783074378967,7
pydata__xarray-7147,xarray/backends/store.py,0.7030196189880371,10
pydata__xarray-7147,xarray/tests/test_concat.py,0.4898451566696167,46
pydata__xarray-7147,xarray/core/resample_cftime.py,0.6822351217269897,12
pydata__xarray-7147,xarray/plot/utils.py,0.5656346678733826,38
pydata__xarray-7147,xarray/tests/test_duck_array_ops.py,0.5941745638847351,33
pydata__xarray-7147,properties/test_encode_decode.py,0.46645671129226685,48
pydata__xarray-7147,xarray/tests/test_coding_strings.py,0.4586881399154663,49
pydata__xarray-7147,xarray/tests/test_combine.py,0.6438668966293335,23
pydata__xarray-7147,xarray/coding/strings.py,0.4703473448753357,47
pydata__xarray-7147,xarray/backends/netcdf3.py,0.5249791741371155,43
pydata__xarray-7147,xarray/tests/test_dataarray.py,0.5637142658233643,40
pydata__xarray-7147,xarray/backends/scipy_.py,0.6312306523323059,27
pydata__xarray-7147,xarray/tests/test_coarsen.py,0.5502207279205322,42
pydata__xarray-7147,xarray/backends/common.py,0.5675531625747681,37
pydata__xarray-7147,xarray/tests/test_formatting.py,0.5074213147163391,44
pydata__xarray-7147,asv_bench/benchmarks/repr.py,0.4355173707008362,50
pydata__xarray-7147,xarray/tests/__init__.py,0.5847217440605164,34
pydata__xarray-7147,xarray/core/missing.py,0.6563059091567993,18
pydata__xarray-7147,xarray/core/duck_array_ops.py,0.6202536225318909,30
pydata__xarray-7147,xarray/tests/test_plot.py,0.5560138821601868,41
pydata__xarray-7150,xarray/backends/api.py,0.7245585918426514,1
pydata__xarray-7150,xarray/backends/netCDF4_.py,0.6872942447662354,3
pydata__xarray-7150,xarray/tests/test_dataset.py,0.6615731120109558,5
pydata__xarray-7150,xarray/tests/test_backends.py,0.5540844202041626,38
pydata__xarray-7150,xarray/core/indexes.py,0.5752062797546387,30
pydata__xarray-7150,xarray/tests/test_distributed.py,0.5579416155815125,36
pydata__xarray-7150,xarray/backends/zarr.py,0.5790196061134338,28
pydata__xarray-7150,xarray/core/dataset.py,0.6545414924621582,8
pydata__xarray-7150,xarray/indexes/__init__.py,0.5288740992546082,42
pydata__xarray-7150,xarray/tests/test_indexes.py,0.5540844202041626,38
pydata__xarray-7150,xarray/tests/test_dataarray.py,0.5979365706443787,23
pydata__xarray-7150,xarray/tests/test_dask.py,0.5694696307182312,32
pydata__xarray-7150,xarray/tests/test_indexing.py,0.5579416155815125,36
pydata__xarray-7150,xarray/core/variable.py,0.6889709234237671,2
pydata__xarray-7150,xarray/backends/h5netcdf_.py,0.6580659747123718,6
pydata__xarray-7150,xarray/core/indexing.py,0.5941745638847351,25
pydata__xarray-7150,xarray/tests/test_variable.py,0.6016871333122253,22
pydata__xarray-7150,xarray/backends/store.py,0.6563059091567993,7
pydata__xarray-7150,asv_bench/benchmarks/dataset_io.py,0.5713839530944824,31
pydata__xarray-7150,xarray/tests/test_backends_api.py,0.6294102072715759,16
pydata__xarray-7150,asv_bench/benchmarks/indexing.py,0.4839898645877838,46
pydata__xarray-7150,xarray/backends/common.py,0.650999903678894,12
pydata__xarray-7150,xarray/core/dataarray.py,0.650999903678894,12
pydata__xarray-7150,xarray/core/coordinates.py,0.6822351217269897,4
pydata__xarray-7150,xarray/tests/test_conventions.py,0.650999903678894,12
pydata__xarray-7150,xarray/testing.py,0.6165664792060852,18
pydata__xarray-7150,xarray/backends/pynio_.py,0.6366694569587708,15
pydata__xarray-7150,xarray/coding/variables.py,0.5847217440605164,26
pydata__xarray-7150,xarray/backends/scipy_.py,0.6527729034423828,9
pydata__xarray-7150,xarray/backends/pseudonetcdf_.py,0.638474702835083,14
pydata__xarray-7150,asv_bench/benchmarks/reindexing.py,0.41641688346862793,50
pydata__xarray-7150,asv_bench/benchmarks/pandas.py,0.4432148039340973,49
pydata__xarray-7150,xarray/core/parallel.py,0.5502207279205322,39
pydata__xarray-7150,xarray/conventions.py,0.6239269375801086,17
pydata__xarray-7150,xarray/tests/test_groupby.py,0.5637142658233643,34
pydata__xarray-7150,xarray/backends/cfgrib_.py,0.6054258346557617,21
pydata__xarray-7150,xarray/tests/test_combine.py,0.5308202505111694,41
pydata__xarray-7150,xarray/core/alignment.py,0.5675531625747681,33
pydata__xarray-7150,xarray/backends/pydap_.py,0.6091521978378296,20
pydata__xarray-7150,xarray/core/concat.py,0.5960569977760315,24
pydata__xarray-7150,xarray/core/combine.py,0.5269270539283752,43
pydata__xarray-7150,xarray/tests/test_concat.py,0.48008865118026733,48
pydata__xarray-7150,xarray/core/groupby.py,0.5790196061134338,28
pydata__xarray-7150,xarray/tests/conftest.py,0.5074213147163391,44
pydata__xarray-7150,xarray/backends/__init__.py,0.6147178411483765,19
pydata__xarray-7150,xarray/convert.py,0.6402760744094849,13
pydata__xarray-7150,xarray/backends/rasterio_.py,0.5366528630256653,40
pydata__xarray-7150,xarray/tests/test_coding_strings.py,0.48008865118026733,48
pydata__xarray-7150,xarray/__init__.py,0.5771140456199646,29
pydata__xarray-7150,xarray/tests/test_coding.py,0.4898451566696167,45
pydata__xarray-7179,asv_bench/benchmarks/import.py,0.7315191626548767,1
pydata__xarray-7179,xarray/__init__.py,0.6702630519866943,4
pydata__xarray-7179,xarray/tests/__init__.py,0.5617918968200684,17
pydata__xarray-7179,xarray/core/pycompat.py,0.6456562876701355,5
pydata__xarray-7179,xarray/core/extensions.py,0.5191313028335571,29
pydata__xarray-7179,asv_bench/benchmarks/indexing.py,0.54635089635849,20
pydata__xarray-7179,xarray/backends/plugins.py,0.5424755215644836,22
pydata__xarray-7179,asv_bench/benchmarks/dataset_io.py,0.7062714695930481,2
pydata__xarray-7179,xarray/core/dataset.py,0.7046481370925903,3
pydata__xarray-7179,xarray/tutorial.py,0.5269270539283752,24
pydata__xarray-7179,doc/conf.py,0.5694696307182312,15
pydata__xarray-7179,xarray/backends/api.py,0.5866175889968872,10
pydata__xarray-7179,xarray/backends/common.py,0.49375033378601074,38
pydata__xarray-7179,xarray/tests/test_backends.py,0.49765628576278687,35
pydata__xarray-7179,xarray/indexes/__init__.py,0.41641688346862793,49
pydata__xarray-7179,xarray/backends/__init__.py,0.47424158453941345,41
pydata__xarray-7179,asv_bench/benchmarks/rolling.py,0.5998133420944214,7
pydata__xarray-7179,xarray/backends/store.py,0.46840155124664307,42
pydata__xarray-7179,xarray/core/options.py,0.4957032799720764,36
pydata__xarray-7179,asv_bench/benchmarks/interp.py,0.5015625357627869,33
pydata__xarray-7179,xarray/core/common.py,0.521081268787384,28
pydata__xarray-7179,xarray/tests/test_dataset.py,0.5347096920013428,23
pydata__xarray-7179,xarray/tests/conftest.py,0.49375033378601074,38
pydata__xarray-7179,xarray/tests/test_dask.py,0.454811155796051,45
pydata__xarray-7179,xarray/convert.py,0.5998133420944214,7
pydata__xarray-7179,xarray/util/print_versions.py,0.521081268787384,28
pydata__xarray-7179,asv_bench/benchmarks/unstacking.py,0.5732962489128113,13
pydata__xarray-7179,asv_bench/benchmarks/dataarray_missing.py,0.5752062797546387,11
pydata__xarray-7179,xarray/core/variable.py,0.5656346678733826,16
pydata__xarray-7179,xarray/core/indexing.py,0.5904014110565186,8
pydata__xarray-7179,xarray/tests/test_variable.py,0.5579416155815125,18
pydata__xarray-7179,properties/conftest.py,0.35006579756736755,50
pydata__xarray-7179,xarray/tests/test_extensions.py,0.47618991136550903,40
pydata__xarray-7179,xarray/tests/test_backends_api.py,0.4625701606273651,43
pydata__xarray-7179,asv_bench/benchmarks/groupby.py,0.43936243653297424,48
pydata__xarray-7179,xarray/core/dataarray.py,0.5732962489128113,13
pydata__xarray-7179,asv_bench/benchmarks/reindexing.py,0.4586881399154663,44
pydata__xarray-7179,xarray/tests/test_dataarray.py,0.5230305790901184,26
pydata__xarray-7179,xarray/tests/test_distributed.py,0.4820389747619629,39
pydata__xarray-7179,xarray/tests/test_array_api.py,0.4509396255016327,46
pydata__xarray-7179,xarray/core/arithmetic.py,0.49960941076278687,34
pydata__xarray-7179,xarray/tests/test_cupy.py,0.4432148039340973,47
pydata__xarray-7179,xarray/core/parallel.py,0.5230305790901184,26
pydata__xarray-7179,xarray/backends/pynio_.py,0.5866175889968872,10
pydata__xarray-7179,asv_bench/benchmarks/repr.py,0.5694696307182312,15
pydata__xarray-7179,xarray/backends/pseudonetcdf_.py,0.5054685473442078,32
pydata__xarray-7179,xarray/core/groupby.py,0.5132781267166138,31
pydata__xarray-7179,xarray/core/ops.py,0.5444138646125793,21
pydata__xarray-7179,xarray/backends/pydap_.py,0.5171807408332825,30
pydata__xarray-7179,asv_bench/benchmarks/pandas.py,0.5502207279205322,19
pydata__xarray-7203,asv_bench/benchmarks/repr.py,0.6856127977371216,7
pydata__xarray-7203,xarray/core/formatting.py,0.784385085105896,2
pydata__xarray-7203,xarray/core/formatting_html.py,0.7863604426383972,1
pydata__xarray-7203,xarray/tests/test_dask.py,0.6294102072715759,14
pydata__xarray-7203,xarray/core/dataset.py,0.6923092603683472,5
pydata__xarray-7203,xarray/tests/test_formatting_html.py,0.6889709234237671,6
pydata__xarray-7203,xarray/tests/test_dataset.py,0.633047342300415,12
pydata__xarray-7203,xarray/tests/test_formatting.py,0.6294102072715759,14
pydata__xarray-7203,xarray/tests/test_dataarray.py,0.5809227228164673,18
pydata__xarray-7203,xarray/core/options.py,0.7353376746177673,3
pydata__xarray-7203,xarray/tests/test_cftimeindex.py,0.5482865571975708,26
pydata__xarray-7203,xarray/tutorial.py,0.5288740992546082,33
pydata__xarray-7203,asv_bench/benchmarks/indexing.py,0.48008865118026733,43
pydata__xarray-7203,xarray/backends/api.py,0.6527729034423828,8
pydata__xarray-7203,xarray/backends/zarr.py,0.6420735120773315,11
pydata__xarray-7203,xarray/tests/test_sparse.py,0.5385949611663818,29
pydata__xarray-7203,xarray/tests/test_backends.py,0.5035156011581421,37
pydata__xarray-7203,xarray/core/indexing.py,0.7038345336914062,4
pydata__xarray-7203,xarray/core/common.py,0.5637142658233643,22
pydata__xarray-7203,asv_bench/benchmarks/dataset_io.py,0.5617918968200684,23
pydata__xarray-7203,xarray/core/dataarray.py,0.650999903678894,9
pydata__xarray-7203,asv_bench/benchmarks/groupby.py,0.4432148039340973,48
pydata__xarray-7203,asv_bench/benchmarks/unstacking.py,0.4509396255016327,45
pydata__xarray-7203,xarray/tests/test_cupy.py,0.4240303635597229,50
pydata__xarray-7203,xarray/core/variable.py,0.5694696307182312,20
pydata__xarray-7203,xarray/tests/conftest.py,0.46645671129226685,44
pydata__xarray-7203,xarray/convert.py,0.5847217440605164,17
pydata__xarray-7203,xarray/tests/test_options.py,0.5288740992546082,33
pydata__xarray-7203,xarray/core/parallel.py,0.5502207279205322,25
pydata__xarray-7203,xarray/conventions.py,0.5405358076095581,28
pydata__xarray-7203,asv_bench/benchmarks/reindexing.py,0.4470740258693695,46
pydata__xarray-7203,xarray/tests/test_distributed.py,0.48594123125076294,39
pydata__xarray-7203,xarray/tests/test_variable.py,0.5171807408332825,35
pydata__xarray-7203,xarray/backends/pydap_.py,0.6054258346557617,15
pydata__xarray-7203,xarray/tests/test_conventions.py,0.5637142658233643,22
pydata__xarray-7203,xarray/coding/variables.py,0.5540844202041626,24
pydata__xarray-7203,asv_bench/benchmarks/dataarray_missing.py,0.4355173707008362,49
pydata__xarray-7203,xarray/backends/netCDF4_.py,0.5790196061134338,19
pydata__xarray-7203,asv_bench/benchmarks/import.py,0.5308202505111694,31
pydata__xarray-7203,xarray/backends/common.py,0.6438668966293335,10
pydata__xarray-7203,xarray/backends/__init__.py,0.54635089635849,27
pydata__xarray-7203,asv_bench/benchmarks/rolling.py,0.4820389747619629,42
pydata__xarray-7203,xarray/tests/test_tutorial.py,0.49375033378601074,38
pydata__xarray-7203,xarray/core/_reductions.py,0.4820389747619629,42
pydata__xarray-7203,xarray/tests/test_backends_api.py,0.521081268787384,34
pydata__xarray-7203,doc/conf.py,0.5327655076980591,30
pydata__xarray-7203,doc/examples/_code/accessor_example.py,0.4839898645877838,40
pydata__xarray-7203,xarray/tests/__init__.py,0.4432148039340973,48
pydata__xarray-7203,xarray/backends/memory.py,0.5904014110565186,16
pydata__xarray-7203,xarray/plot/accessor.py,0.5035156011581421,37
pydata__xarray-7229,xarray/tests/test_computation.py,0.6822351217269897,7
pydata__xarray-7229,xarray/tests/test_dataset.py,0.7567892074584961,3
pydata__xarray-7229,xarray/core/computation.py,0.8360733389854431,1
pydata__xarray-7229,xarray/core/merge.py,0.7667130827903748,2
pydata__xarray-7229,xarray/tests/test_combine.py,0.5998133420944214,20
pydata__xarray-7229,xarray/tests/test_concat.py,0.5230305790901184,44
pydata__xarray-7229,xarray/core/coordinates.py,0.6420735120773315,11
pydata__xarray-7229,xarray/core/common.py,0.6580659747123718,8
pydata__xarray-7229,xarray/tests/test_merge.py,0.6856127977371216,6
pydata__xarray-7229,xarray/tests/test_coarsen.py,0.5885108113288879,27
pydata__xarray-7229,xarray/core/dataset.py,0.7046481370925903,5
pydata__xarray-7229,xarray/tests/test_dataarray.py,0.622092068195343,15
pydata__xarray-7229,xarray/tests/test_conventions.py,0.6275860667228699,13
pydata__xarray-7229,xarray/core/dataarray.py,0.6239269375801086,14
pydata__xarray-7229,xarray/tests/test_options.py,0.7284393310546875,4
pydata__xarray-7229,xarray/core/rolling.py,0.5922893285751343,24
pydata__xarray-7229,xarray/core/concat.py,0.6110106706619263,17
pydata__xarray-7229,xarray/core/variable.py,0.5960569977760315,21
pydata__xarray-7229,xarray/tests/test_backends.py,0.5308202505111694,40
pydata__xarray-7229,xarray/coding/variables.py,0.5617918968200684,33
pydata__xarray-7229,xarray/conventions.py,0.6456562876701355,10
pydata__xarray-7229,xarray/tests/test_groupby.py,0.5941745638847351,22
pydata__xarray-7229,xarray/core/combine.py,0.6072905659675598,18
pydata__xarray-7229,xarray/core/alignment.py,0.5482865571975708,36
pydata__xarray-7229,xarray/core/groupby.py,0.5269270539283752,42
pydata__xarray-7229,xarray/core/indexes.py,0.5828235149383545,28
pydata__xarray-7229,xarray/tests/test_units.py,0.5579416155815125,35
pydata__xarray-7229,xarray/tests/test_variable.py,0.6294102072715759,12
pydata__xarray-7229,xarray/testing.py,0.5637142658233643,32
pydata__xarray-7229,xarray/backends/zarr.py,0.5288740992546082,41
pydata__xarray-7229,xarray/tests/test_sparse.py,0.5035156011581421,45
pydata__xarray-7229,xarray/convert.py,0.5366528630256653,37
pydata__xarray-7229,xarray/core/parallel.py,0.5885108113288879,27
pydata__xarray-7229,xarray/core/weighted.py,0.4820389747619629,48
pydata__xarray-7229,xarray/backends/api.py,0.5998133420944214,20
pydata__xarray-7229,xarray/core/indexing.py,0.5922893285751343,24
pydata__xarray-7229,xarray/core/arithmetic.py,0.5675531625747681,31
pydata__xarray-7229,xarray/core/ops.py,0.6165664792060852,16
pydata__xarray-7229,xarray/tests/test_dask.py,0.5885108113288879,27
pydata__xarray-7229,xarray/tests/test_missing.py,0.5713839530944824,29
pydata__xarray-7229,xarray/tests/test_ufuncs.py,0.5308202505111694,40
pydata__xarray-7229,xarray/core/utils.py,0.5347096920013428,38
pydata__xarray-7229,xarray/tests/test_coding_times.py,0.5694696307182312,30
pydata__xarray-7229,xarray/tests/test_interp.py,0.5598676800727844,34
pydata__xarray-7229,xarray/tests/test_indexes.py,0.4839898645877838,47
pydata__xarray-7229,xarray/core/resample.py,0.5249791741371155,43
pydata__xarray-7229,xarray/core/_aggregations.py,0.6456562876701355,10
pydata__xarray-7229,xarray/tests/test_utils.py,0.47229403257369995,49
pydata__xarray-7229,xarray/backends/memory.py,0.5015625357627869,46
pydata__xarray-7229,xarray/indexes/__init__.py,0.3863929510116577,50
pydata__xarray-7233,xarray/core/rolling.py,0.8537176847457886,1
pydata__xarray-7233,xarray/tests/test_coarsen.py,0.813520073890686,2
pydata__xarray-7233,xarray/core/dataarray.py,0.7797245979309082,6
pydata__xarray-7233,xarray/core/coordinates.py,0.7103068828582764,9
pydata__xarray-7233,xarray/core/common.py,0.7159009575843811,8
pydata__xarray-7233,xarray/tests/test_dataarray.py,0.6989257335662842,11
pydata__xarray-7233,xarray/tests/test_dataset.py,0.6719873547554016,18
pydata__xarray-7233,xarray/conventions.py,0.7902714610099792,5
pydata__xarray-7233,xarray/core/dataset.py,0.7902714610099792,5
pydata__xarray-7233,xarray/tests/test_variable.py,0.798564076423645,3
pydata__xarray-7233,xarray/tests/test_conventions.py,0.6956275701522827,12
pydata__xarray-7233,xarray/core/variable.py,0.7322856187820435,7
pydata__xarray-7233,xarray/tests/test_concat.py,0.6923092603683472,14
pydata__xarray-7233,xarray/core/groupby.py,0.6615731120109558,22
pydata__xarray-7233,xarray/tests/test_groupby.py,0.6456562876701355,28
pydata__xarray-7233,xarray/tests/test_computation.py,0.6147178411483765,34
pydata__xarray-7233,xarray/tests/test_backends.py,0.6702630519866943,19
pydata__xarray-7233,xarray/core/concat.py,0.6527729034423828,25
pydata__xarray-7233,xarray/tests/test_combine.py,0.6474416255950928,26
pydata__xarray-7233,xarray/tests/test_sparse.py,0.6889709234237671,15
pydata__xarray-7233,xarray/core/combine.py,0.5979365706443787,42
pydata__xarray-7233,xarray/core/merge.py,0.6456562876701355,28
pydata__xarray-7233,xarray/convert.py,0.6420735120773315,29
pydata__xarray-7233,xarray/core/computation.py,0.6872942447662354,16
pydata__xarray-7233,xarray/testing.py,0.6650626063346863,20
pydata__xarray-7233,xarray/core/missing.py,0.633047342300415,32
pydata__xarray-7233,xarray/core/indexes.py,0.6527729034423828,25
pydata__xarray-7233,xarray/tests/test_interp.py,0.6110106706619263,35
pydata__xarray-7233,xarray/tests/test_units.py,0.6257582902908325,33
pydata__xarray-7233,xarray/tests/test_indexes.py,0.5998133420944214,40
pydata__xarray-7233,xarray/backends/zarr.py,0.5979365706443787,42
pydata__xarray-7233,xarray/tests/test_dask.py,0.5960569977760315,43
pydata__xarray-7233,asv_bench/benchmarks/reindexing.py,0.5694696307182312,48
pydata__xarray-7233,xarray/core/alignment.py,0.6091521978378296,37
pydata__xarray-7233,xarray/core/_aggregations.py,0.6545414924621582,23
pydata__xarray-7233,asv_bench/benchmarks/combine.py,0.4957032799720764,50
pydata__xarray-7233,xarray/coding/calendar_ops.py,0.6856127977371216,17
pydata__xarray-7233,xarray/core/weighted.py,0.5885108113288879,45
pydata__xarray-7233,xarray/tests/test_duck_array_ops.py,0.6091521978378296,37
pydata__xarray-7233,xarray/tests/test_rolling.py,0.5790196061134338,46
pydata__xarray-7233,xarray/core/resample.py,0.6923092603683472,14
pydata__xarray-7233,xarray/tests/test_plot.py,0.5998133420944214,40
pydata__xarray-7233,xarray/plot/dataset_plot.py,0.6633201241493225,21
pydata__xarray-7233,xarray/coding/variables.py,0.633047342300415,32
pydata__xarray-7233,xarray/tests/test_distributed.py,0.5998133420944214,40
pydata__xarray-7233,xarray/tests/test_ufuncs.py,0.5941745638847351,44
pydata__xarray-7233,xarray/core/parallel.py,0.638474702835083,30
pydata__xarray-7233,asv_bench/benchmarks/groupby.py,0.5288740992546082,49
pydata__xarray-7233,xarray/core/accessor_dt.py,0.7046481370925903,10
pydata__xarray-7233,asv_bench/benchmarks/indexing.py,0.5694696307182312,48
pydata__xarray-7347,xarray/tests/test_dataarray.py,0.7368552684783936,2
pydata__xarray-7347,xarray/core/dataarray.py,0.6972792148590088,3
pydata__xarray-7347,xarray/core/dataset.py,0.763906717300415,1
pydata__xarray-7347,xarray/core/indexes.py,0.5809227228164673,7
pydata__xarray-7347,xarray/tests/test_dataset.py,0.6348603367805481,5
pydata__xarray-7347,xarray/core/common.py,0.6110106706619263,6
pydata__xarray-7347,xarray/core/coordinates.py,0.6438668966293335,4
pydata__xarray-7347,xarray/core/alignment.py,0.5502207279205322,9
pydata__xarray-7347,xarray/core/variable.py,0.5327655076980591,15
pydata__xarray-7347,xarray/tests/test_indexes.py,0.5113261938095093,16
pydata__xarray-7347,xarray/core/groupby.py,0.49960941076278687,20
pydata__xarray-7347,xarray/indexes/__init__.py,0.4878930151462555,26
pydata__xarray-7347,xarray/core/indexing.py,0.5482865571975708,10
pydata__xarray-7347,xarray/tests/test_variable.py,0.48594123125076294,27
pydata__xarray-7347,xarray/testing.py,0.5366528630256653,14
pydata__xarray-7347,xarray/tests/test_indexing.py,0.54635089635849,11
pydata__xarray-7347,xarray/tests/test_dask.py,0.5093739032745361,17
pydata__xarray-7347,xarray/core/rolling.py,0.4586881399154663,36
pydata__xarray-7347,xarray/core/merge.py,0.47618991136550903,31
pydata__xarray-7347,xarray/core/missing.py,0.4957032799720764,22
pydata__xarray-7347,xarray/tests/test_groupby.py,0.5675531625747681,8
pydata__xarray-7347,xarray/tests/test_backends.py,0.48008865118026733,29
pydata__xarray-7347,asv_bench/benchmarks/reindexing.py,0.454811155796051,37
pydata__xarray-7347,xarray/tests/test_coarsen.py,0.4586881399154663,36
pydata__xarray-7347,xarray/core/utils.py,0.4586881399154663,36
pydata__xarray-7347,asv_bench/benchmarks/indexing.py,0.4432148039340973,43
pydata__xarray-7347,xarray/tests/test_concat.py,0.49765628576278687,21
pydata__xarray-7347,xarray/tests/test_sparse.py,0.4050721228122711,50
pydata__xarray-7347,xarray/core/concat.py,0.5424755215644836,13
pydata__xarray-7347,xarray/core/combine.py,0.4878930151462555,26
pydata__xarray-7347,xarray/tests/test_conventions.py,0.5054685473442078,19
pydata__xarray-7347,xarray/core/computation.py,0.4509396255016327,38
pydata__xarray-7347,xarray/tests/test_interp.py,0.43936243653297424,45
pydata__xarray-7347,xarray/tests/test_combine.py,0.5074213147163391,18
pydata__xarray-7347,asv_bench/benchmarks/renaming.py,0.43936243653297424,45
pydata__xarray-7347,xarray/tests/test_units.py,0.4470740258693695,39
pydata__xarray-7347,xarray/core/resample.py,0.4839898645877838,28
pydata__xarray-7347,xarray/convert.py,0.4432148039340973,43
pydata__xarray-7347,xarray/conventions.py,0.4878930151462555,26
pydata__xarray-7347,xarray/tests/test_computation.py,0.4586881399154663,36
pydata__xarray-7347,xarray/coding/cftimeindex.py,0.4432148039340973,43
pydata__xarray-7347,xarray/tests/test_plot.py,0.4278508424758911,47
pydata__xarray-7347,xarray/core/nputils.py,0.4898451566696167,23
pydata__xarray-7347,xarray/tests/test_utils.py,0.4050721228122711,50
pydata__xarray-7347,xarray/tests/test_cftimeindex.py,0.4355173707008362,46
pydata__xarray-7347,xarray/coding/calendar_ops.py,0.4432148039340973,43
pydata__xarray-7347,xarray/core/types.py,0.5444138646125793,12
pydata__xarray-7347,xarray/plot/utils.py,0.4781389832496643,30
pydata__xarray-7347,asv_bench/benchmarks/pandas.py,0.4050721228122711,50
pydata__xarray-7347,xarray/core/parallel.py,0.4625701606273651,32
pydata__xarray-7391,xarray/tests/test_computation.py,0.8099383115768433,3
pydata__xarray-7391,xarray/tests/test_dataset.py,0.7315191626548767,14
pydata__xarray-7391,xarray/core/_typed_ops.py,0.8105389475822449,2
pydata__xarray-7391,xarray/tests/test_options.py,0.7876699566841125,6
pydata__xarray-7391,xarray/core/dataarray.py,0.8072175979614258,4
pydata__xarray-7391,xarray/core/dataset.py,0.7376120686531067,13
pydata__xarray-7391,xarray/core/arithmetic.py,0.8333788514137268,1
pydata__xarray-7391,xarray/tests/test_ufuncs.py,0.5998133420944214,28
pydata__xarray-7391,xarray/core/ops.py,0.8010658025741577,5
pydata__xarray-7391,xarray/util/generate_ops.py,0.7182783484458923,15
pydata__xarray-7391,xarray/tests/test_dataarray.py,0.7119118571281433,16
pydata__xarray-7391,xarray/core/rolling.py,0.6856127977371216,17
pydata__xarray-7391,xarray/tests/test_groupby.py,0.54635089635849,35
pydata__xarray-7391,xarray/core/computation.py,0.7406248450279236,11
pydata__xarray-7391,xarray/tests/test_coarsen.py,0.6275860667228699,23
pydata__xarray-7391,xarray/tests/test_merge.py,0.5540844202041626,34
pydata__xarray-7391,xarray/core/_aggregations.py,0.763906717300415,7
pydata__xarray-7391,xarray/core/common.py,0.7383673787117004,12
pydata__xarray-7391,xarray/tests/test_rolling.py,0.7413744926452637,10
pydata__xarray-7391,xarray/tests/test_concat.py,0.6054258346557617,27
pydata__xarray-7391,xarray/tests/test_variable.py,0.6420735120773315,21
pydata__xarray-7391,xarray/tests/test_units.py,0.5579416155815125,33
pydata__xarray-7391,xarray/core/merge.py,0.6420735120773315,21
pydata__xarray-7391,xarray/tests/test_combine.py,0.49960941076278687,42
pydata__xarray-7391,xarray/tests/test_backends.py,0.49960941076278687,42
pydata__xarray-7391,xarray/tests/test_array_api.py,0.5713839530944824,31
pydata__xarray-7391,xarray/core/groupby.py,0.5828235149383545,29
pydata__xarray-7391,xarray/core/concat.py,0.6420735120773315,21
pydata__xarray-7391,xarray/core/variable.py,0.7421227693557739,9
pydata__xarray-7391,xarray/core/combine.py,0.638474702835083,22
pydata__xarray-7391,xarray/tests/test_dask.py,0.49375033378601074,44
pydata__xarray-7391,xarray/core/parallel.py,0.5713839530944824,31
pydata__xarray-7391,xarray/core/coordinates.py,0.5132781267166138,39
pydata__xarray-7391,asv_bench/benchmarks/merge.py,0.4432148039340973,49
pydata__xarray-7391,xarray/tests/test_weighted.py,0.6110106706619263,26
pydata__xarray-7391,xarray/backends/api.py,0.622092068195343,24
pydata__xarray-7391,xarray/tests/test_extensions.py,0.4703473448753357,46
pydata__xarray-7391,xarray/core/alignment.py,0.5637142658233643,32
pydata__xarray-7391,xarray/util/generate_aggregations.py,0.6438668966293335,18
pydata__xarray-7391,xarray/tests/test_sparse.py,0.5015625357627869,40
pydata__xarray-7391,asv_bench/benchmarks/groupby.py,0.49375033378601074,44
pydata__xarray-7391,asv_bench/benchmarks/combine.py,0.4240303635597229,50
pydata__xarray-7391,xarray/tests/test_accessor_str.py,0.5191313028335571,38
pydata__xarray-7391,xarray/core/weighted.py,0.6128658652305603,25
pydata__xarray-7391,xarray/core/options.py,0.7495274543762207,8
pydata__xarray-7391,xarray/core/resample.py,0.5405358076095581,36
pydata__xarray-7391,xarray/backends/memory.py,0.5327655076980591,37
pydata__xarray-7391,xarray/backends/common.py,0.4781389832496643,45
pydata__xarray-7391,xarray/backends/pydap_.py,0.454811155796051,48
pydata__xarray-7391,xarray/tests/__init__.py,0.46645671129226685,47
pydata__xarray-7393,xarray/tests/test_dataset.py,0.4703473448753357,27
pydata__xarray-7393,xarray/core/dataarray.py,0.5960569977760315,1
pydata__xarray-7393,xarray/core/indexes.py,0.5866175889968872,2
pydata__xarray-7393,xarray/core/dataset.py,0.5540844202041626,8
pydata__xarray-7393,xarray/tests/test_indexes.py,0.5249791741371155,10
pydata__xarray-7393,xarray/tests/test_dataarray.py,0.4898451566696167,19
pydata__xarray-7393,xarray/tests/test_indexing.py,0.43936243653297424,35
pydata__xarray-7393,xarray/core/indexing.py,0.49179762601852417,17
pydata__xarray-7393,xarray/core/utils.py,0.48594123125076294,20
pydata__xarray-7393,xarray/core/groupby.py,0.4820389747619629,23
pydata__xarray-7393,xarray/tests/test_units.py,0.4355173707008362,37
pydata__xarray-7393,xarray/core/variable.py,0.5035156011581421,14
pydata__xarray-7393,xarray/core/combine.py,0.4509396255016327,32
pydata__xarray-7393,xarray/tests/test_variable.py,0.49765628576278687,16
pydata__xarray-7393,xarray/core/concat.py,0.5598676800727844,6
pydata__xarray-7393,xarray/core/coordinates.py,0.5771140456199646,3
pydata__xarray-7393,xarray/tests/test_sparse.py,0.3901040256023407,43
pydata__xarray-7393,xarray/testing.py,0.5054685473442078,13
pydata__xarray-7393,xarray/conventions.py,0.47618991136550903,25
pydata__xarray-7393,xarray/core/alignment.py,0.4898451566696167,19
pydata__xarray-7393,xarray/indexes/__init__.py,0.43168002367019653,38
pydata__xarray-7393,xarray/tests/test_concat.py,0.4240303635597229,41
pydata__xarray-7393,asv_bench/benchmarks/unstacking.py,0.3572086691856384,47
pydata__xarray-7393,xarray/tests/test_dask.py,0.4355173707008362,37
pydata__xarray-7393,xarray/core/common.py,0.5579416155815125,7
pydata__xarray-7393,xarray/tests/test_groupby.py,0.454811155796051,30
pydata__xarray-7393,asv_bench/benchmarks/pandas.py,0.35362908244132996,48
pydata__xarray-7393,xarray/tests/test_ufuncs.py,0.4240303635597229,41
pydata__xarray-7393,xarray/tests/test_array_api.py,0.5230305790901184,11
pydata__xarray-7393,xarray/tests/test_combine.py,0.4432148039340973,34
pydata__xarray-7393,xarray/tests/test_backends.py,0.5015625357627869,15
pydata__xarray-7393,xarray/core/dtypes.py,0.5713839530944824,5
pydata__xarray-7393,xarray/tests/test_dtypes.py,0.5093739032745361,12
pydata__xarray-7393,xarray/coding/strings.py,0.3256063163280487,50
pydata__xarray-7393,asv_bench/benchmarks/reindexing.py,0.34298956394195557,49
pydata__xarray-7393,xarray/core/duck_array_ops.py,0.4625701606273651,28
pydata__xarray-7393,xarray/tests/test_conventions.py,0.5502207279205322,9
pydata__xarray-7393,xarray/core/arithmetic.py,0.4432148039340973,34
pydata__xarray-7393,xarray/coding/variables.py,0.4839898645877838,22
pydata__xarray-7393,xarray/convert.py,0.47424158453941345,26
pydata__xarray-7393,asv_bench/benchmarks/indexing.py,0.37168383598327637,46
pydata__xarray-7393,xarray/core/missing.py,0.4839898645877838,22
pydata__xarray-7393,xarray/core/types.py,0.5732962489128113,4
pydata__xarray-7393,xarray/tests/test_interp.py,0.4240303635597229,41
pydata__xarray-7393,xarray/core/parallel.py,0.4509396255016327,32
pydata__xarray-7393,xarray/backends/netCDF4_.py,0.48008865118026733,24
pydata__xarray-7393,xarray/tests/test_coding_strings.py,0.3790105879306793,45
pydata__xarray-7393,xarray/tests/test_computation.py,0.4586881399154663,29
pydata__xarray-7393,xarray/tests/test_utils.py,0.38269495964050293,44
pydata__xarray-7393,xarray/tests/test_coding.py,0.408843070268631,42
pydata__xarray-7400,xarray/core/concat.py,0.7473210096359253,1
pydata__xarray-7400,xarray/tests/test_concat.py,0.6598217487335205,2
pydata__xarray-7400,xarray/tests/test_combine.py,0.6257582902908325,3
pydata__xarray-7400,xarray/core/dataset.py,0.6110106706619263,4
pydata__xarray-7400,xarray/tests/test_merge.py,0.54635089635849,13
pydata__xarray-7400,xarray/core/combine.py,0.5922893285751343,7
pydata__xarray-7400,xarray/core/merge.py,0.5941745638847351,6
pydata__xarray-7400,xarray/tests/test_backends.py,0.4645129144191742,33
pydata__xarray-7400,xarray/backends/api.py,0.5656346678733826,11
pydata__xarray-7400,xarray/tests/test_dataset.py,0.5904014110565186,8
pydata__xarray-7400,xarray/tests/test_units.py,0.5327655076980591,16
pydata__xarray-7400,xarray/tests/test_dask.py,0.5502207279205322,12
pydata__xarray-7400,asv_bench/benchmarks/combine.py,0.4509396255016327,38
pydata__xarray-7400,xarray/tests/test_computation.py,0.5035156011581421,27
pydata__xarray-7400,xarray/core/variable.py,0.521081268787384,20
pydata__xarray-7400,xarray/tests/test_groupby.py,0.42021888494491577,44
pydata__xarray-7400,xarray/tests/test_variable.py,0.5405358076095581,14
pydata__xarray-7400,xarray/core/ops.py,0.5230305790901184,19
pydata__xarray-7400,xarray/core/alignment.py,0.5269270539283752,17
pydata__xarray-7400,xarray/core/coordinates.py,0.4957032799720764,28
pydata__xarray-7400,xarray/tests/test_conventions.py,0.5054685473442078,26
pydata__xarray-7400,xarray/core/computation.py,0.5752062797546387,10
pydata__xarray-7400,xarray/core/dataarray.py,0.5054685473442078,26
pydata__xarray-7400,xarray/core/groupby.py,0.5828235149383545,9
pydata__xarray-7400,asv_bench/benchmarks/merge.py,0.454811155796051,36
pydata__xarray-7400,xarray/conventions.py,0.5998133420944214,5
pydata__xarray-7400,xarray/backends/zarr.py,0.43168002367019653,42
pydata__xarray-7400,xarray/core/parallel.py,0.48008865118026733,31
pydata__xarray-7400,xarray/tests/test_sparse.py,0.4126248061656952,47
pydata__xarray-7400,xarray/tests/test_coarsen.py,0.41641688346862793,45
pydata__xarray-7400,xarray/tests/test_indexes.py,0.48008865118026733,31
pydata__xarray-7400,xarray/tests/test_accessor_str.py,0.5132781267166138,23
pydata__xarray-7400,xarray/core/missing.py,0.4586881399154663,35
pydata__xarray-7400,xarray/tests/test_options.py,0.5054685473442078,26
pydata__xarray-7400,xarray/tests/test_ufuncs.py,0.4820389747619629,29
pydata__xarray-7400,xarray/core/_aggregations.py,0.4509396255016327,38
pydata__xarray-7400,xarray/core/indexes.py,0.5171807408332825,21
pydata__xarray-7400,xarray/tests/test_dataarray.py,0.5230305790901184,19
pydata__xarray-7400,xarray/tests/test_missing.py,0.4586881399154663,35
pydata__xarray-7400,xarray/tests/__init__.py,0.42021888494491577,44
pydata__xarray-7400,xarray/tests/test_coding.py,0.43168002367019653,42
pydata__xarray-7400,xarray/tests/test_rolling.py,0.36080431938171387,50
pydata__xarray-7400,xarray/core/rolling.py,0.4355173707008362,40
pydata__xarray-7400,xarray/core/resample.py,0.43936243653297424,39
pydata__xarray-7400,asv_bench/benchmarks/dataarray_missing.py,0.36080431938171387,50
pydata__xarray-7400,xarray/tests/test_weighted.py,0.3863929510116577,48
pydata__xarray-7400,xarray/core/nanops.py,0.4781389832496643,32
pydata__xarray-7400,xarray/tests/test_duck_array_ops.py,0.5385949611663818,15
pydata__xarray-7400,xarray/tests/test_utils.py,0.4126248061656952,47
pydata__xarray-7400,xarray/__init__.py,0.5132781267166138,23
pydata__xarray-7444,xarray/tests/test_cftimeindex_resample.py,0.6165664792060852,11
pydata__xarray-7444,xarray/tests/test_groupby.py,0.6202536225318909,10
pydata__xarray-7444,xarray/core/resample.py,0.6035580039024353,18
pydata__xarray-7444,xarray/core/resample_cftime.py,0.650999903678894,5
pydata__xarray-7444,xarray/core/common.py,0.7054604887962341,2
pydata__xarray-7444,asv_bench/benchmarks/groupby.py,0.5093739032745361,45
pydata__xarray-7444,xarray/tests/test_cftime_offsets.py,0.6685341000556946,3
pydata__xarray-7444,xarray/core/groupby.py,0.6016871333122253,21
pydata__xarray-7444,xarray/core/_aggregations.py,0.5308202505111694,39
pydata__xarray-7444,xarray/core/dataarray.py,0.622092068195343,9
pydata__xarray-7444,xarray/tests/test_variable.py,0.5847217440605164,26
pydata__xarray-7444,xarray/core/dataset.py,0.6312306523323059,7
pydata__xarray-7444,xarray/tests/test_calendar_ops.py,0.6312306523323059,7
pydata__xarray-7444,xarray/tests/test_rolling.py,0.5347096920013428,37
pydata__xarray-7444,xarray/coding/cftime_offsets.py,0.8331074714660645,1
pydata__xarray-7444,xarray/tests/test_sparse.py,0.5424755215644836,36
pydata__xarray-7444,xarray/tests/test_accessor_dt.py,0.5847217440605164,26
pydata__xarray-7444,xarray/tests/test_dataset.py,0.6016871333122253,21
pydata__xarray-7444,xarray/tests/test_coarsen.py,0.5424755215644836,36
pydata__xarray-7444,xarray/tests/test_units.py,0.5152297019958496,44
pydata__xarray-7444,xarray/coding/calendar_ops.py,0.6598217487335205,4
pydata__xarray-7444,xarray/tests/test_duck_array_ops.py,0.5249791741371155,42
pydata__xarray-7444,xarray/tests/test_cftimeindex.py,0.5922893285751343,24
pydata__xarray-7444,xarray/tests/test_missing.py,0.5579416155815125,31
pydata__xarray-7444,xarray/coding/times.py,0.6072905659675598,15
pydata__xarray-7444,xarray/core/accessor_dt.py,0.6091521978378296,14
pydata__xarray-7444,xarray/util/generate_aggregations.py,0.6128658652305603,13
pydata__xarray-7444,xarray/core/rolling.py,0.5637142658233643,29
pydata__xarray-7444,xarray/tests/test_interp.py,0.5560138821601868,32
pydata__xarray-7444,xarray/tests/__init__.py,0.5249791741371155,42
pydata__xarray-7444,xarray/tests/test_dataarray.py,0.5308202505111694,39
pydata__xarray-7444,xarray/__init__.py,0.5288740992546082,40
pydata__xarray-7444,xarray/tests/test_backends.py,0.5598676800727844,30
pydata__xarray-7444,xarray/tests/test_ufuncs.py,0.48008865118026733,47
pydata__xarray-7444,xarray/coding/frequencies.py,0.5424755215644836,36
pydata__xarray-7444,xarray/core/duck_array_ops.py,0.5694696307182312,28
pydata__xarray-7444,xarray/core/rolling_exp.py,0.6128658652305603,13
pydata__xarray-7444,xarray/core/missing.py,0.5941745638847351,23
pydata__xarray-7444,xarray/tests/test_indexing.py,0.5074213147163391,46
pydata__xarray-7444,xarray/tests/test_coding_times.py,0.6016871333122253,21
pydata__xarray-7444,xarray/core/variable.py,0.5941745638847351,23
pydata__xarray-7444,xarray/core/pdcompat.py,0.6035580039024353,18
pydata__xarray-7444,xarray/core/types.py,0.6257582902908325,8
pydata__xarray-7444,xarray/tests/test_weighted.py,0.521081268787384,43
pydata__xarray-7444,xarray/tests/test_indexes.py,0.5752062797546387,27
pydata__xarray-7444,asv_bench/benchmarks/reindexing.py,0.4126248061656952,50
pydata__xarray-7444,asv_bench/benchmarks/interp.py,0.4586881399154663,49
pydata__xarray-7444,xarray/coding/cftimeindex.py,0.6054258346557617,16
pydata__xarray-7444,asv_bench/benchmarks/dataarray_missing.py,0.4586881399154663,49
pydata__xarray-7444,xarray/tests/test_concat.py,0.5444138646125793,33
pytest-dev__pytest-10051,testing/logging/test_fixture.py,0.7701883316040039,1
pytest-dev__pytest-10051,src/_pytest/logging.py,0.7443591356277466,2
pytest-dev__pytest-10051,testing/test_capture.py,0.5444138646125793,3
pytest-dev__pytest-10051,testing/logging/test_reporting.py,0.4878930151462555,6
pytest-dev__pytest-10051,src/_pytest/pytester.py,0.4278508424758911,18
pytest-dev__pytest-10051,testing/test_pytester.py,0.4432148039340973,12
pytest-dev__pytest-10051,src/_pytest/capture.py,0.46645671129226685,8
pytest-dev__pytest-10051,testing/test_recwarn.py,0.46645671129226685,8
pytest-dev__pytest-10051,testing/test_debugging.py,0.5230305790901184,4
pytest-dev__pytest-10051,testing/test_warnings.py,0.408843070268631,22
pytest-dev__pytest-10051,testing/acceptance_test.py,0.3975641429424286,27
pytest-dev__pytest-10051,src/_pytest/reports.py,0.5035156011581421,5
pytest-dev__pytest-10051,testing/test_runner.py,0.41641688346862793,20
pytest-dev__pytest-10051,testing/test_junitxml.py,0.3863929510116577,33
pytest-dev__pytest-10051,testing/test_terminal.py,0.454811155796051,10
pytest-dev__pytest-10051,testing/python/integration.py,0.408843070268631,22
pytest-dev__pytest-10051,src/_pytest/warnings.py,0.3901040256023407,32
pytest-dev__pytest-10051,testing/test_assertion.py,0.3572086691856384,45
pytest-dev__pytest-10051,src/_pytest/recwarn.py,0.3790105879306793,35
pytest-dev__pytest-10051,testing/python/fixtures.py,0.3901040256023407,32
pytest-dev__pytest-10051,src/_pytest/assertion/__init__.py,0.36441558599472046,42
pytest-dev__pytest-10051,src/_pytest/legacypath.py,0.3901040256023407,32
pytest-dev__pytest-10051,src/_pytest/cacheprovider.py,0.3975641429424286,27
pytest-dev__pytest-10051,testing/test_unittest.py,0.3975641429424286,27
pytest-dev__pytest-10051,testing/conftest.py,0.4355173707008362,16
pytest-dev__pytest-10051,testing/test_setupplan.py,0.36441558599472046,42
pytest-dev__pytest-10051,testing/test_assertrewrite.py,0.32904666662216187,50
pytest-dev__pytest-10051,testing/test_pluginmanager.py,0.3975641429424286,27
pytest-dev__pytest-10051,testing/test_runner_xunit.py,0.454811155796051,10
pytest-dev__pytest-10051,src/_pytest/junitxml.py,0.38269495964050293,34
pytest-dev__pytest-10051,src/_pytest/unittest.py,0.36080431938171387,43
pytest-dev__pytest-10051,testing/test_cacheprovider.py,0.3572086691856384,45
pytest-dev__pytest-10051,src/_pytest/runner.py,0.43936243653297424,15
pytest-dev__pytest-10051,src/_pytest/monkeypatch.py,0.43936243653297424,15
pytest-dev__pytest-10051,testing/python/collect.py,0.3901040256023407,32
pytest-dev__pytest-10051,src/_pytest/fixtures.py,0.3901040256023407,32
pytest-dev__pytest-10051,testing/deprecated_test.py,0.35362908244132996,46
pytest-dev__pytest-10051,testing/test_faulthandler.py,0.37168383598327637,39
pytest-dev__pytest-10051,testing/test_legacypath.py,0.33598238229751587,49
pytest-dev__pytest-10051,src/_pytest/hookspec.py,0.43936243653297424,15
pytest-dev__pytest-10051,testing/test_collection.py,0.34298956394195557,47
pytest-dev__pytest-10051,testing/test_python_path.py,0.33947718143463135,48
pytest-dev__pytest-10051,testing/example_scripts/acceptance/fixture_mock_integration.py,0.37168383598327637,39
pytest-dev__pytest-10051,doc/en/conf.py,0.3680422008037567,40
pytest-dev__pytest-10051,testing/test_monkeypatch.py,0.42021888494491577,19
pytest-dev__pytest-10051,testing/examples/test_issue519.py,0.3753400444984436,37
pytest-dev__pytest-10051,src/_pytest/assertion/rewrite.py,0.3753400444984436,37
pytest-dev__pytest-10051,testing/test_conftest.py,0.3975641429424286,27
pytest-dev__pytest-10051,src/_pytest/deprecated.py,0.43168002367019653,17
pytest-dev__pytest-10051,testing/test_reports.py,0.4470740258693695,11
pytest-dev__pytest-10081,testing/test_unittest.py,0.8187947869300842,2
pytest-dev__pytest-10081,testing/test_debugging.py,0.7909181714057922,3
pytest-dev__pytest-10081,src/_pytest/unittest.py,0.8451005816459656,1
pytest-dev__pytest-10081,src/_pytest/debugging.py,0.6989257335662842,5
pytest-dev__pytest-10081,testing/test_nose.py,0.633047342300415,15
pytest-dev__pytest-10081,testing/test_runner.py,0.6754221320152283,7
pytest-dev__pytest-10081,testing/example_scripts/unittest/test_setup_skip.py,0.5540844202041626,31
pytest-dev__pytest-10081,testing/test_faulthandler.py,0.5482865571975708,36
pytest-dev__pytest-10081,testing/example_scripts/unittest/test_setup_skip_class.py,0.5560138821601868,30
pytest-dev__pytest-10081,testing/test_junitxml.py,0.6035580039024353,21
pytest-dev__pytest-10081,testing/example_scripts/unittest/test_setup_skip_module.py,0.5617918968200684,28
pytest-dev__pytest-10081,testing/python/collect.py,0.5482865571975708,36
pytest-dev__pytest-10081,src/_pytest/nose.py,0.6598217487335205,8
pytest-dev__pytest-10081,testing/test_skipping.py,0.5998133420944214,22
pytest-dev__pytest-10081,testing/test_runner_xunit.py,0.6563059091567993,11
pytest-dev__pytest-10081,src/_pytest/outcomes.py,0.6402760744094849,14
pytest-dev__pytest-10081,testing/test_unraisableexception.py,0.5074213147163391,44
pytest-dev__pytest-10081,src/_pytest/doctest.py,0.5347096920013428,39
pytest-dev__pytest-10081,testing/test_session.py,0.5732962489128113,24
pytest-dev__pytest-10081,src/_pytest/pytester.py,0.6128658652305603,19
pytest-dev__pytest-10081,bench/skip.py,0.43936243653297424,48
pytest-dev__pytest-10081,src/_pytest/skipping.py,0.6294102072715759,16
pytest-dev__pytest-10081,src/_pytest/hookspec.py,0.6872942447662354,6
pytest-dev__pytest-10081,testing/test_doctest.py,0.5074213147163391,44
pytest-dev__pytest-10081,testing/test_terminal.py,0.5713839530944824,26
pytest-dev__pytest-10081,testing/example_scripts/conftest_usageerror/conftest.py,0.46840155124664307,47
pytest-dev__pytest-10081,src/_pytest/stepwise.py,0.5502207279205322,33
pytest-dev__pytest-10081,src/_pytest/python.py,0.6456562876701355,12
pytest-dev__pytest-10081,testing/example_scripts/unittest/test_unittest_asynctest.py,0.4839898645877838,46
pytest-dev__pytest-10081,testing/acceptance_test.py,0.5113261938095093,41
pytest-dev__pytest-10081,testing/test_monkeypatch.py,0.49960941076278687,45
pytest-dev__pytest-10081,testing/test_stepwise.py,0.5074213147163391,44
pytest-dev__pytest-10081,testing/python/fixtures.py,0.5617918968200684,28
pytest-dev__pytest-10081,testing/test_setupplan.py,0.5713839530944824,26
pytest-dev__pytest-10081,testing/test_capture.py,0.5385949611663818,38
pytest-dev__pytest-10081,src/_pytest/capture.py,0.6091521978378296,20
pytest-dev__pytest-10081,testing/example_scripts/config/collect_pytest_prefix/conftest.py,0.4278508424758911,49
pytest-dev__pytest-10081,testing/test_pluginmanager.py,0.5385949611663818,38
pytest-dev__pytest-10081,src/_pytest/runner.py,0.756069540977478,4
pytest-dev__pytest-10081,testing/python/integration.py,0.5598676800727844,29
pytest-dev__pytest-10081,src/pytest/__init__.py,0.6563059091567993,11
pytest-dev__pytest-10081,src/_pytest/faulthandler.py,0.6438668966293335,13
pytest-dev__pytest-10081,src/_pytest/unraisableexception.py,0.6128658652305603,19
pytest-dev__pytest-10081,testing/test_collection.py,0.5502207279205322,33
pytest-dev__pytest-10081,src/_pytest/fixtures.py,0.5482865571975708,36
pytest-dev__pytest-10081,doc/en/example/assertion/global_testmodule_config/conftest.py,0.408843070268631,50
pytest-dev__pytest-10081,src/_pytest/main.py,0.6563059091567993,11
pytest-dev__pytest-10081,testing/test_pytester.py,0.5113261938095093,41
pytest-dev__pytest-10081,testing/deprecated_test.py,0.6147178411483765,17
pytest-dev__pytest-10081,src/_pytest/deprecated.py,0.5828235149383545,23
pytest-dev__pytest-10115,src/_pytest/assertion/rewrite.py,0.5732962489128113,1
pytest-dev__pytest-10115,src/_pytest/pytester.py,0.454811155796051,7
pytest-dev__pytest-10115,testing/test_assertrewrite.py,0.3901040256023407,28
pytest-dev__pytest-10115,src/_pytest/deprecated.py,0.37168383598327637,37
pytest-dev__pytest-10115,testing/test_pytester.py,0.38269495964050293,33
pytest-dev__pytest-10115,src/_pytest/pathlib.py,0.4509396255016327,8
pytest-dev__pytest-10115,src/_pytest/legacypath.py,0.43936243653297424,10
pytest-dev__pytest-10115,testing/test_tmpdir.py,0.4470740258693695,9
pytest-dev__pytest-10115,scripts/towncrier-draft-to-file.py,0.3187819719314575,50
pytest-dev__pytest-10115,testing/test_link_resolve.py,0.3572086691856384,42
pytest-dev__pytest-10115,testing/test_legacypath.py,0.3901040256023407,28
pytest-dev__pytest-10115,testing/test_cacheprovider.py,0.49765628576278687,4
pytest-dev__pytest-10115,testing/test_monkeypatch.py,0.3790105879306793,34
pytest-dev__pytest-10115,src/_pytest/monkeypatch.py,0.4240303635597229,15
pytest-dev__pytest-10115,src/_pytest/capture.py,0.5093739032745361,3
pytest-dev__pytest-10115,src/_pytest/tmpdir.py,0.4820389747619629,5
pytest-dev__pytest-10115,testing/test_assertion.py,0.38269495964050293,33
pytest-dev__pytest-10115,src/_pytest/cacheprovider.py,0.43168002367019653,12
pytest-dev__pytest-10115,src/_pytest/warning_types.py,0.4126248061656952,19
pytest-dev__pytest-10115,testing/test_pathlib.py,0.4126248061656952,19
pytest-dev__pytest-10115,testing/python/integration.py,0.38269495964050293,33
pytest-dev__pytest-10115,src/_pytest/config/__init__.py,0.4240303635597229,15
pytest-dev__pytest-10115,testing/test_pastebin.py,0.36080431938171387,40
pytest-dev__pytest-10115,src/_pytest/config/compat.py,0.393827885389328,26
pytest-dev__pytest-10115,testing/freeze/create_executable.py,0.3187819719314575,50
pytest-dev__pytest-10115,testing/test_entry_points.py,0.34651920199394226,43
pytest-dev__pytest-10115,src/_pytest/compat.py,0.4050721228122711,23
pytest-dev__pytest-10115,testing/examples/test_issue519.py,0.332505464553833,46
pytest-dev__pytest-10115,testing/freeze/runtests_script.py,0.3256063163280487,48
pytest-dev__pytest-10115,testing/test_faulthandler.py,0.36441558599472046,39
pytest-dev__pytest-10115,testing/example_scripts/config/collect_pytest_prefix/conftest.py,0.34298956394195557,45
pytest-dev__pytest-10115,testing/io/test_terminalwriter.py,0.41641688346862793,16
pytest-dev__pytest-10115,testing/example_scripts/acceptance/fixture_mock_integration.py,0.32904666662216187,47
pytest-dev__pytest-10115,testing/test_conftest.py,0.40131235122680664,24
pytest-dev__pytest-10115,testing/acceptance_test.py,0.3863929510116577,30
pytest-dev__pytest-10115,testing/test_python_path.py,0.34298956394195557,45
pytest-dev__pytest-10115,testing/test_collection.py,0.3572086691856384,42
pytest-dev__pytest-10115,testing/test_capture.py,0.408843070268631,20
pytest-dev__pytest-10115,src/_pytest/doctest.py,0.4050721228122711,23
pytest-dev__pytest-10115,testing/python/fixtures.py,0.37168383598327637,37
pytest-dev__pytest-10115,src/_pytest/pastebin.py,0.4126248061656952,19
pytest-dev__pytest-10115,testing/test_doctest.py,0.37168383598327637,37
pytest-dev__pytest-10115,testing/deprecated_test.py,0.4278508424758911,13
pytest-dev__pytest-10115,src/_pytest/python.py,0.4586881399154663,6
pytest-dev__pytest-10115,src/_pytest/freeze_support.py,0.3975641429424286,25
pytest-dev__pytest-10115,src/pytest/__init__.py,0.5713839530944824,2
pytest-dev__pytest-10115,src/_pytest/timing.py,0.3863929510116577,30
pytest-dev__pytest-10115,testing/python/collect.py,0.3680422008037567,38
pytest-dev__pytest-10115,testing/test_findpaths.py,0.4050721228122711,23
pytest-dev__pytest-10115,testing/conftest.py,0.4355173707008362,11
pytest-dev__pytest-10343,src/_pytest/warning_types.py,0.8270473480224609,4
pytest-dev__pytest-10343,testing/test_warnings.py,0.8425265550613403,2
pytest-dev__pytest-10343,src/_pytest/config/__init__.py,0.8468818664550781,1
pytest-dev__pytest-10343,testing/deprecated_test.py,0.8205269575119019,7
pytest-dev__pytest-10343,src/_pytest/deprecated.py,0.8276053667068481,3
pytest-dev__pytest-10343,src/_pytest/warnings.py,0.8256459832191467,5
pytest-dev__pytest-10343,testing/test_warning_types.py,0.622092068195343,37
pytest-dev__pytest-10343,src/_pytest/config/compat.py,0.8038522601127625,8
pytest-dev__pytest-10343,src/_pytest/hookspec.py,0.8007543683052063,9
pytest-dev__pytest-10343,testing/test_pluginmanager.py,0.6805390119552612,24
pytest-dev__pytest-10343,testing/acceptance_test.py,0.7823965549468994,12
pytest-dev__pytest-10343,testing/test_config.py,0.6545414924621582,32
pytest-dev__pytest-10343,src/pytest/__init__.py,0.7797245979309082,13
pytest-dev__pytest-10343,testing/python/collect.py,0.6872942447662354,23
pytest-dev__pytest-10343,testing/test_assertrewrite.py,0.6275860667228699,36
pytest-dev__pytest-10343,src/_pytest/helpconfig.py,0.7111100554466248,18
pytest-dev__pytest-10343,testing/test_recwarn.py,0.6580659747123718,31
pytest-dev__pytest-10343,testing/test_helpconfig.py,0.633047342300415,35
pytest-dev__pytest-10343,src/_pytest/legacypath.py,0.822246253490448,6
pytest-dev__pytest-10343,src/_pytest/_code/code.py,0.7896232604980469,11
pytest-dev__pytest-10343,doc/en/conf.py,0.5366528630256653,43
pytest-dev__pytest-10343,src/_pytest/recwarn.py,0.6685341000556946,28
pytest-dev__pytest-10343,testing/code/test_excinfo.py,0.5771140456199646,42
pytest-dev__pytest-10343,testing/test_assertion.py,0.6598217487335205,30
pytest-dev__pytest-10343,src/_pytest/assertion/rewrite.py,0.6702630519866943,26
pytest-dev__pytest-10343,testing/test_nodes.py,0.5113261938095093,46
pytest-dev__pytest-10343,src/_pytest/outcomes.py,0.6956275701522827,21
pytest-dev__pytest-10343,src/_pytest/terminal.py,0.7902714610099792,10
pytest-dev__pytest-10343,src/_pytest/nodes.py,0.7315191626548767,16
pytest-dev__pytest-10343,src/_pytest/fixtures.py,0.6474416255950928,33
pytest-dev__pytest-10343,testing/python/fixtures.py,0.6685341000556946,28
pytest-dev__pytest-10343,src/_pytest/mark/structures.py,0.748793363571167,14
pytest-dev__pytest-10343,testing/example_scripts/conftest_usageerror/conftest.py,0.6923092603683472,22
pytest-dev__pytest-10343,src/_pytest/assertion/__init__.py,0.7222136855125427,17
pytest-dev__pytest-10343,src/_pytest/pytester.py,0.7030196189880371,20
pytest-dev__pytest-10343,testing/test_entry_points.py,0.5308202505111694,44
pytest-dev__pytest-10343,src/_pytest/cacheprovider.py,0.7062714695930481,19
pytest-dev__pytest-10343,src/_pytest/python.py,0.6615731120109558,29
pytest-dev__pytest-10343,src/_pytest/doctest.py,0.6165664792060852,38
pytest-dev__pytest-10343,testing/python/show_fixtures_per_test.py,0.5922893285751343,40
pytest-dev__pytest-10343,testing/test_runner.py,0.5230305790901184,45
pytest-dev__pytest-10343,testing/test_conftest.py,0.5960569977760315,39
pytest-dev__pytest-10343,testing/test_collection.py,0.5035156011581421,48
pytest-dev__pytest-10343,src/_pytest/logging.py,0.7368552684783936,15
pytest-dev__pytest-10343,doc/en/example/assertion/global_testmodule_config/conftest.py,0.5771140456199646,42
pytest-dev__pytest-10343,testing/test_terminal.py,0.6719873547554016,25
pytest-dev__pytest-10343,src/_pytest/runner.py,0.6438668966293335,34
pytest-dev__pytest-10343,testing/example_scripts/warnings/test_group_warnings_by_message.py,0.48594123125076294,49
pytest-dev__pytest-10343,testing/example_scripts/warnings/test_group_warnings_by_message_summary/test_1.py,0.4820389747619629,50
pytest-dev__pytest-10343,testing/test_meta.py,0.5035156011581421,48
pytest-dev__pytest-10356,testing/test_mark.py,0.7062714695930481,4
pytest-dev__pytest-10356,src/_pytest/mark/structures.py,0.8078247308731079,1
pytest-dev__pytest-10356,src/_pytest/nodes.py,0.7694962620735168,2
pytest-dev__pytest-10356,src/_pytest/python.py,0.7078896164894104,3
pytest-dev__pytest-10356,src/_pytest/mark/__init__.py,0.7054604887962341,5
pytest-dev__pytest-10356,testing/example_scripts/marks/marks_considered_keywords/test_marks_as_keywords.py,0.6348603367805481,27
pytest-dev__pytest-10356,testing/test_unittest.py,0.6889709234237671,7
pytest-dev__pytest-10356,testing/python/metafunc.py,0.6527729034423828,20
pytest-dev__pytest-10356,testing/test_collection.py,0.6035580039024353,38
pytest-dev__pytest-10356,testing/python/collect.py,0.6348603367805481,27
pytest-dev__pytest-10356,testing/python/integration.py,0.6737070679664612,12
pytest-dev__pytest-10356,src/_pytest/config/__init__.py,0.6939709186553955,6
pytest-dev__pytest-10356,testing/examples/test_issue519.py,0.5347096920013428,48
pytest-dev__pytest-10356,testing/python/fixtures.py,0.5617918968200684,44
pytest-dev__pytest-10356,testing/test_runner_xunit.py,0.6872942447662354,8
pytest-dev__pytest-10356,testing/test_skipping.py,0.6822351217269897,9
pytest-dev__pytest-10356,src/_pytest/fixtures.py,0.5904014110565186,41
pytest-dev__pytest-10356,testing/test_session.py,0.6754221320152283,11
pytest-dev__pytest-10356,src/_pytest/unittest.py,0.6072905659675598,35
pytest-dev__pytest-10356,src/_pytest/legacypath.py,0.6072905659675598,35
pytest-dev__pytest-10356,testing/typing_checks.py,0.5998133420944214,39
pytest-dev__pytest-10356,doc/en/example/fixtures/test_fixtures_order_autouse_multiple_scopes.py,0.5308202505111694,49
pytest-dev__pytest-10356,testing/conftest.py,0.6054258346557617,36
pytest-dev__pytest-10356,src/_pytest/skipping.py,0.6771324872970581,10
pytest-dev__pytest-10356,testing/acceptance_test.py,0.633047342300415,28
pytest-dev__pytest-10356,src/_pytest/cacheprovider.py,0.6366694569587708,25
pytest-dev__pytest-10356,doc/en/example/fixtures/test_fixtures_request_different_scope.py,0.5347096920013428,48
pytest-dev__pytest-10356,src/_pytest/doctest.py,0.5444138646125793,45
pytest-dev__pytest-10356,testing/test_nodes.py,0.6239269375801086,31
pytest-dev__pytest-10356,testing/test_runner.py,0.6633201241493225,15
pytest-dev__pytest-10356,testing/test_pluginmanager.py,0.5960569977760315,40
pytest-dev__pytest-10356,src/_pytest/nose.py,0.6312306523323059,29
pytest-dev__pytest-10356,testing/test_pytester.py,0.5828235149383545,43
pytest-dev__pytest-10356,src/pytest/__init__.py,0.6527729034423828,20
pytest-dev__pytest-10356,testing/example_scripts/config/collect_pytest_prefix/conftest.py,0.5113261938095093,50
pytest-dev__pytest-10356,testing/example_scripts/issue_519.py,0.6072905659675598,35
pytest-dev__pytest-10356,doc/en/example/fixtures/test_fixtures_order_autouse_temp_effects.py,0.5424755215644836,46
pytest-dev__pytest-10356,testing/test_cacheprovider.py,0.650999903678894,21
pytest-dev__pytest-10356,testing/test_doctest.py,0.638474702835083,23
pytest-dev__pytest-10356,src/_pytest/hookspec.py,0.6598217487335205,16
pytest-dev__pytest-10356,testing/test_junitxml.py,0.6035580039024353,38
pytest-dev__pytest-10356,testing/test_setupplan.py,0.5866175889968872,42
pytest-dev__pytest-10356,testing/test_stepwise.py,0.6420735120773315,22
pytest-dev__pytest-10356,src/_pytest/pytester.py,0.6719873547554016,14
pytest-dev__pytest-10356,src/_pytest/deprecated.py,0.6275860667228699,30
pytest-dev__pytest-10356,src/_pytest/stepwise.py,0.6072905659675598,35
pytest-dev__pytest-10356,testing/test_terminal.py,0.6563059091567993,17
pytest-dev__pytest-10356,testing/test_nose.py,0.6527729034423828,20
pytest-dev__pytest-10356,src/_pytest/scope.py,0.6366694569587708,25
pytest-dev__pytest-10356,src/_pytest/monkeypatch.py,0.6719873547554016,14
pytest-dev__pytest-10371,src/_pytest/logging.py,0.4625701606273651,4
pytest-dev__pytest-10371,testing/logging/test_reporting.py,0.4470740258693695,7
pytest-dev__pytest-10371,src/_pytest/config/argparsing.py,0.5424755215644836,1
pytest-dev__pytest-10371,testing/test_parseopt.py,0.4645129144191742,3
pytest-dev__pytest-10371,src/_pytest/_argcomplete.py,0.4278508424758911,14
pytest-dev__pytest-10371,testing/test_config.py,0.41641688346862793,17
pytest-dev__pytest-10371,src/_pytest/main.py,0.37168383598327637,30
pytest-dev__pytest-10371,src/_pytest/helpconfig.py,0.4509396255016327,6
pytest-dev__pytest-10371,src/_pytest/config/__init__.py,0.40131235122680664,22
pytest-dev__pytest-10371,src/_pytest/terminal.py,0.4240303635597229,15
pytest-dev__pytest-10371,testing/test_terminal.py,0.4432148039340973,8
pytest-dev__pytest-10371,testing/test_pluginmanager.py,0.43168002367019653,11
pytest-dev__pytest-10371,src/_pytest/mark/__init__.py,0.34651920199394226,40
pytest-dev__pytest-10371,testing/test_debugging.py,0.43936243653297424,9
pytest-dev__pytest-10371,testing/logging/test_fixture.py,0.4278508424758911,14
pytest-dev__pytest-10371,testing/test_junitxml.py,0.5035156011581421,2
pytest-dev__pytest-10371,testing/test_capture.py,0.4050721228122711,19
pytest-dev__pytest-10371,doc/en/conf.py,0.37168383598327637,30
pytest-dev__pytest-10371,testing/test_argcomplete.py,0.34298956394195557,43
pytest-dev__pytest-10371,src/_pytest/debugging.py,0.41641688346862793,17
pytest-dev__pytest-10371,testing/test_helpconfig.py,0.3572086691856384,38
pytest-dev__pytest-10371,testing/acceptance_test.py,0.38269495964050293,26
pytest-dev__pytest-10371,testing/test_warnings.py,0.4050721228122711,19
pytest-dev__pytest-10371,src/_pytest/deprecated.py,0.33598238229751587,47
pytest-dev__pytest-10371,doc/en/example/conftest.py,0.3120344877243042,49
pytest-dev__pytest-10371,src/_pytest/assertion/__init__.py,0.4355173707008362,10
pytest-dev__pytest-10371,testing/test_assertion.py,0.33598238229751587,47
pytest-dev__pytest-10371,src/_pytest/doctest.py,0.3680422008037567,34
pytest-dev__pytest-10371,testing/test_main.py,0.36441558599472046,37
pytest-dev__pytest-10371,src/_pytest/hookspec.py,0.34298956394195557,43
pytest-dev__pytest-10371,src/_pytest/python.py,0.38269495964050293,26
pytest-dev__pytest-10371,src/_pytest/pytester.py,0.3680422008037567,34
pytest-dev__pytest-10371,testing/test_skipping.py,0.3120344877243042,49
pytest-dev__pytest-10371,src/_pytest/setuponly.py,0.40131235122680664,22
pytest-dev__pytest-10371,src/_pytest/setupplan.py,0.40131235122680664,22
pytest-dev__pytest-10371,testing/test_faulthandler.py,0.4509396255016327,6
pytest-dev__pytest-10371,testing/test_assertrewrite.py,0.33598238229751587,47
pytest-dev__pytest-10371,src/_pytest/skipping.py,0.37168383598327637,30
pytest-dev__pytest-10371,testing/test_mark.py,0.35006579756736755,39
pytest-dev__pytest-10371,src/_pytest/config/exceptions.py,0.33947718143463135,44
pytest-dev__pytest-10371,src/_pytest/assertion/truncate.py,0.34298956394195557,43
pytest-dev__pytest-10371,testing/test_stepwise.py,0.3790105879306793,27
pytest-dev__pytest-10371,testing/test_collection.py,0.38269495964050293,26
pytest-dev__pytest-10371,doc/en/conftest.py,0.3086901903152466,50
pytest-dev__pytest-10371,src/_pytest/stepwise.py,0.3680422008037567,34
pytest-dev__pytest-10371,src/_pytest/_code/code.py,0.36441558599472046,37
pytest-dev__pytest-10371,testing/test_cacheprovider.py,0.3680422008037567,34
pytest-dev__pytest-10371,src/_pytest/junitxml.py,0.4278508424758911,14
pytest-dev__pytest-10371,testing/python/collect.py,0.36441558599472046,37
pytest-dev__pytest-10371,src/_pytest/capture.py,0.38269495964050293,26
pytest-dev__pytest-10442,src/_pytest/tmpdir.py,0.7502601146697998,1
pytest-dev__pytest-10442,testing/test_tmpdir.py,0.5617918968200684,8
pytest-dev__pytest-10442,src/_pytest/pytester.py,0.54635089635849,10
pytest-dev__pytest-10442,testing/test_cacheprovider.py,0.6527729034423828,2
pytest-dev__pytest-10442,src/_pytest/legacypath.py,0.5713839530944824,7
pytest-dev__pytest-10442,src/_pytest/cacheprovider.py,0.5979365706443787,4
pytest-dev__pytest-10442,testing/test_legacypath.py,0.4957032799720764,14
pytest-dev__pytest-10442,testing/test_python_path.py,0.3975641429424286,43
pytest-dev__pytest-10442,src/_pytest/pathlib.py,0.5482865571975708,9
pytest-dev__pytest-10442,src/_pytest/stepwise.py,0.5960569977760315,5
pytest-dev__pytest-10442,testing/test_main.py,0.46840155124664307,22
pytest-dev__pytest-10442,testing/test_pytester.py,0.4355173707008362,27
pytest-dev__pytest-10442,testing/test_runner.py,0.5035156011581421,13
pytest-dev__pytest-10442,src/_pytest/logging.py,0.4703473448753357,20
pytest-dev__pytest-10442,testing/_py/test_local.py,0.5327655076980591,11
pytest-dev__pytest-10442,src/_pytest/main.py,0.6147178411483765,3
pytest-dev__pytest-10442,testing/test_stepwise.py,0.48008865118026733,15
pytest-dev__pytest-10442,testing/acceptance_test.py,0.4240303635597229,31
pytest-dev__pytest-10442,testing/test_conftest.py,0.4050721228122711,39
pytest-dev__pytest-10442,testing/logging/test_reporting.py,0.41641688346862793,35
pytest-dev__pytest-10442,testing/test_session.py,0.46840155124664307,22
pytest-dev__pytest-10442,testing/example_scripts/tmpdir/tmp_path_fixture.py,0.40131235122680664,40
pytest-dev__pytest-10442,testing/test_collection.py,0.47424158453941345,19
pytest-dev__pytest-10442,testing/python/collect.py,0.41641688346862793,35
pytest-dev__pytest-10442,testing/test_capture.py,0.3975641429424286,43
pytest-dev__pytest-10442,testing/test_assertrewrite.py,0.42021888494491577,33
pytest-dev__pytest-10442,src/_pytest/fixtures.py,0.42021888494491577,33
pytest-dev__pytest-10442,testing/test_terminal.py,0.3975641429424286,43
pytest-dev__pytest-10442,doc/en/example/assertion/test_failures.py,0.393827885389328,45
pytest-dev__pytest-10442,src/_pytest/_py/path.py,0.5847217440605164,6
pytest-dev__pytest-10442,src/_pytest/runner.py,0.5074213147163391,12
pytest-dev__pytest-10442,src/_pytest/capture.py,0.4278508424758911,30
pytest-dev__pytest-10442,testing/python/fixtures.py,0.393827885389328,45
pytest-dev__pytest-10442,src/_pytest/faulthandler.py,0.4645129144191742,23
pytest-dev__pytest-10442,testing/python/integration.py,0.4278508424758911,30
pytest-dev__pytest-10442,testing/test_faulthandler.py,0.3572086691856384,48
pytest-dev__pytest-10442,src/_pytest/python.py,0.47424158453941345,19
pytest-dev__pytest-10442,testing/test_unittest.py,0.4126248061656952,37
pytest-dev__pytest-10442,src/_pytest/doctest.py,0.4432148039340973,26
pytest-dev__pytest-10442,src/_pytest/config/__init__.py,0.4781389832496643,16
pytest-dev__pytest-10442,src/_pytest/warnings.py,0.4278508424758911,30
pytest-dev__pytest-10442,testing/test_setupplan.py,0.3753400444984436,47
pytest-dev__pytest-10442,testing/examples/test_issue519.py,0.32904666662216187,50
pytest-dev__pytest-10442,testing/test_pathlib.py,0.47424158453941345,19
pytest-dev__pytest-10442,testing/test_unraisableexception.py,0.4126248061656952,37
pytest-dev__pytest-10442,testing/test_runner_xunit.py,0.4432148039340973,26
pytest-dev__pytest-10442,testing/test_assertion.py,0.34298956394195557,49
pytest-dev__pytest-10442,testing/code/test_excinfo.py,0.4050721228122711,39
pytest-dev__pytest-10442,testing/test_config.py,0.3790105879306793,46
pytest-dev__pytest-10442,src/_pytest/hookspec.py,0.4625701606273651,24
pytest-dev__pytest-10482,testing/test_skipping.py,0.6165664792060852,11
pytest-dev__pytest-10482,testing/test_terminal.py,0.54635089635849,26
pytest-dev__pytest-10482,testing/test_runner.py,0.6257582902908325,8
pytest-dev__pytest-10482,testing/test_junitxml.py,0.5521534085273743,23
pytest-dev__pytest-10482,testing/test_assertion.py,0.4509396255016327,45
pytest-dev__pytest-10482,testing/acceptance_test.py,0.5482865571975708,25
pytest-dev__pytest-10482,testing/python/collect.py,0.5521534085273743,23
pytest-dev__pytest-10482,src/_pytest/terminal.py,0.7353376746177673,1
pytest-dev__pytest-10482,testing/test_unittest.py,0.5904014110565186,12
pytest-dev__pytest-10482,src/_pytest/hookspec.py,0.5732962489128113,16
pytest-dev__pytest-10482,bench/skip.py,0.4781389832496643,41
pytest-dev__pytest-10482,src/_pytest/skipping.py,0.6492228507995605,6
pytest-dev__pytest-10482,src/_pytest/python.py,0.6719873547554016,2
pytest-dev__pytest-10482,testing/test_setuponly.py,0.5113261938095093,32
pytest-dev__pytest-10482,src/_pytest/setuponly.py,0.6184117794036865,9
pytest-dev__pytest-10482,src/_pytest/outcomes.py,0.5521534085273743,23
pytest-dev__pytest-10482,testing/test_session.py,0.5502207279205322,24
pytest-dev__pytest-10482,testing/test_warnings.py,0.5035156011581421,34
pytest-dev__pytest-10482,testing/python/show_fixtures_per_test.py,0.5579416155815125,20
pytest-dev__pytest-10482,testing/test_pytester.py,0.4957032799720764,36
pytest-dev__pytest-10482,testing/test_debugging.py,0.5405358076095581,28
pytest-dev__pytest-10482,testing/test_stepwise.py,0.47618991136550903,42
pytest-dev__pytest-10482,testing/test_setupplan.py,0.5054685473442078,33
pytest-dev__pytest-10482,src/_pytest/reports.py,0.6492228507995605,6
pytest-dev__pytest-10482,testing/test_nose.py,0.4781389832496643,41
pytest-dev__pytest-10482,src/_pytest/stepwise.py,0.5366528630256653,29
pytest-dev__pytest-10482,testing/test_doctest.py,0.5191313028335571,31
pytest-dev__pytest-10482,testing/test_assertrewrite.py,0.43936243653297424,48
pytest-dev__pytest-10482,src/_pytest/unittest.py,0.5694696307182312,17
pytest-dev__pytest-10482,src/_pytest/pytester.py,0.6165664792060852,11
pytest-dev__pytest-10482,src/_pytest/runner.py,0.6257582902908325,8
pytest-dev__pytest-10482,testing/python/fixtures.py,0.5752062797546387,15
pytest-dev__pytest-10482,testing/conftest.py,0.46645671129226685,43
pytest-dev__pytest-10482,testing/test_mark.py,0.5579416155815125,20
pytest-dev__pytest-10482,testing/test_collection.py,0.4839898645877838,39
pytest-dev__pytest-10482,src/_pytest/setupplan.py,0.5790196061134338,13
pytest-dev__pytest-10482,src/_pytest/main.py,0.6527729034423828,4
pytest-dev__pytest-10482,src/_pytest/pytester_assertions.py,0.4878930151462555,37
pytest-dev__pytest-10482,testing/code/test_excinfo.py,0.4839898645877838,39
pytest-dev__pytest-10482,src/_pytest/assertion/__init__.py,0.5579416155815125,20
pytest-dev__pytest-10482,testing/test_pluginmanager.py,0.4645129144191742,44
pytest-dev__pytest-10482,testing/python/integration.py,0.5405358076095581,28
pytest-dev__pytest-10482,src/_pytest/config/__init__.py,0.4432148039340973,47
pytest-dev__pytest-10482,src/_pytest/nodes.py,0.6668006181716919,3
pytest-dev__pytest-10482,src/_pytest/warnings.py,0.49960941076278687,35
pytest-dev__pytest-10482,src/_pytest/junitxml.py,0.5230305790901184,30
pytest-dev__pytest-10482,testing/test_link_resolve.py,0.40131235122680664,50
pytest-dev__pytest-10482,src/_pytest/fixtures.py,0.5771140456199646,14
pytest-dev__pytest-10482,testing/test_faulthandler.py,0.42021888494491577,49
pytest-dev__pytest-10482,src/_pytest/doctest.py,0.4432148039340973,47
pytest-dev__pytest-10552,testing/python/collect.py,0.5694696307182312,13
pytest-dev__pytest-10552,src/_pytest/python.py,0.6202536225318909,3
pytest-dev__pytest-10552,doc/en/example/pythoncollection.py,0.4470740258693695,35
pytest-dev__pytest-10552,src/_pytest/unittest.py,0.5904014110565186,9
pytest-dev__pytest-10552,testing/test_collection.py,0.5771140456199646,12
pytest-dev__pytest-10552,testing/python/integration.py,0.5230305790901184,20
pytest-dev__pytest-10552,testing/python/metafunc.py,0.43168002367019653,41
pytest-dev__pytest-10552,testing/test_session.py,0.5308202505111694,17
pytest-dev__pytest-10552,testing/test_mark.py,0.5249791741371155,19
pytest-dev__pytest-10552,testing/acceptance_test.py,0.4355173707008362,39
pytest-dev__pytest-10552,testing/python/fixtures.py,0.4586881399154663,30
pytest-dev__pytest-10552,testing/test_unittest.py,0.5054685473442078,22
pytest-dev__pytest-10552,testing/typing_checks.py,0.4509396255016327,34
pytest-dev__pytest-10552,src/_pytest/fixtures.py,0.5366528630256653,15
pytest-dev__pytest-10552,testing/test_nose.py,0.35006579756736755,49
pytest-dev__pytest-10552,src/_pytest/hookspec.py,0.6016871333122253,5
pytest-dev__pytest-10552,testing/test_terminal.py,0.4586881399154663,30
pytest-dev__pytest-10552,src/_pytest/mark/structures.py,0.5960569977760315,6
pytest-dev__pytest-10552,src/pytest/__init__.py,0.4820389747619629,25
pytest-dev__pytest-10552,testing/test_runner_xunit.py,0.43936243653297424,37
pytest-dev__pytest-10552,src/_pytest/warning_types.py,0.6719873547554016,1
pytest-dev__pytest-10552,src/_pytest/nose.py,0.5269270539283752,18
pytest-dev__pytest-10552,testing/example_scripts/warnings/test_group_warnings_by_message.py,0.42021888494491577,43
pytest-dev__pytest-10552,testing/example_scripts/warnings/test_group_warnings_by_message_summary/test_1.py,0.4126248061656952,44
pytest-dev__pytest-10552,src/_pytest/warnings.py,0.5866175889968872,10
pytest-dev__pytest-10552,src/_pytest/config/__init__.py,0.6072905659675598,4
pytest-dev__pytest-10552,testing/test_runner.py,0.454811155796051,32
pytest-dev__pytest-10552,src/_pytest/main.py,0.6312306523323059,2
pytest-dev__pytest-10552,testing/test_compat.py,0.42021888494491577,43
pytest-dev__pytest-10552,testing/test_doctest.py,0.40131235122680664,46
pytest-dev__pytest-10552,testing/deprecated_test.py,0.4625701606273651,28
pytest-dev__pytest-10552,testing/conftest.py,0.4509396255016327,34
pytest-dev__pytest-10552,testing/examples/test_issue519.py,0.4355173707008362,39
pytest-dev__pytest-10552,testing/test_warnings.py,0.454811155796051,32
pytest-dev__pytest-10552,testing/example_scripts/fixtures/custom_item/conftest.py,0.33598238229751587,50
pytest-dev__pytest-10552,src/_pytest/mark/__init__.py,0.5941745638847351,7
pytest-dev__pytest-10552,src/_pytest/outcomes.py,0.4957032799720764,24
pytest-dev__pytest-10552,src/_pytest/pytester.py,0.5171807408332825,21
pytest-dev__pytest-10552,src/_pytest/nodes.py,0.54635089635849,14
pytest-dev__pytest-10552,testing/example_scripts/issue88_initial_file_multinodes/conftest.py,0.3975641429424286,47
pytest-dev__pytest-10552,src/_pytest/scope.py,0.5308202505111694,17
pytest-dev__pytest-10552,testing/test_warning_types.py,0.46840155124664307,26
pytest-dev__pytest-10552,testing/test_skipping.py,0.408843070268631,45
pytest-dev__pytest-10552,testing/test_pytester.py,0.43168002367019653,41
pytest-dev__pytest-10552,src/_pytest/runner.py,0.46645671129226685,27
pytest-dev__pytest-10552,testing/example_scripts/fixtures/fill_fixtures/test_funcarg_lookup_modulelevel.py,0.35362908244132996,48
pytest-dev__pytest-10552,src/_pytest/recwarn.py,0.5790196061134338,11
pytest-dev__pytest-10552,src/_pytest/doctest.py,0.49960941076278687,23
pytest-dev__pytest-10552,src/_pytest/compat.py,0.5904014110565186,9
pytest-dev__pytest-10552,testing/example_scripts/issue_519.py,0.43936243653297424,37
pytest-dev__pytest-10624,testing/python/approx.py,0.7038345336914062,4
pytest-dev__pytest-10624,src/_pytest/python_api.py,0.7111100554466248,3
pytest-dev__pytest-10624,testing/test_error_diffs.py,0.5771140456199646,6
pytest-dev__pytest-10624,testing/test_assertion.py,0.7284393310546875,2
pytest-dev__pytest-10624,testing/test_doctest.py,0.4703473448753357,15
pytest-dev__pytest-10624,testing/test_assertrewrite.py,0.4278508424758911,23
pytest-dev__pytest-10624,src/_pytest/assertion/util.py,0.7315191626548767,1
pytest-dev__pytest-10624,doc/en/example/assertion/failure_demo.py,0.5249791741371155,9
pytest-dev__pytest-10624,src/_pytest/doctest.py,0.48008865118026733,12
pytest-dev__pytest-10624,testing/test_unittest.py,0.41641688346862793,25
pytest-dev__pytest-10624,testing/python/raises.py,0.408843070268631,28
pytest-dev__pytest-10624,testing/python/integration.py,0.38269495964050293,36
pytest-dev__pytest-10624,src/_pytest/assertion/__init__.py,0.5713839530944824,7
pytest-dev__pytest-10624,src/_pytest/pytester_assertions.py,0.4957032799720764,11
pytest-dev__pytest-10624,testing/test_entry_points.py,0.34651920199394226,47
pytest-dev__pytest-10624,testing/examples/test_issue519.py,0.4126248061656952,26
pytest-dev__pytest-10624,testing/test_session.py,0.4050721228122711,31
pytest-dev__pytest-10624,src/_pytest/assertion/rewrite.py,0.4957032799720764,11
pytest-dev__pytest-10624,src/_pytest/pytester.py,0.4432148039340973,20
pytest-dev__pytest-10624,testing/test_reports.py,0.43936243653297424,21
pytest-dev__pytest-10624,testing/test_collection.py,0.34651920199394226,47
pytest-dev__pytest-10624,testing/test_pytester.py,0.408843070268631,28
pytest-dev__pytest-10624,testing/python/fixtures.py,0.33947718143463135,48
pytest-dev__pytest-10624,testing/code/test_excinfo.py,0.47424158453941345,13
pytest-dev__pytest-10624,testing/python/collect.py,0.3790105879306793,37
pytest-dev__pytest-10624,testing/test_compat.py,0.3975641429424286,33
pytest-dev__pytest-10624,testing/test_monkeypatch.py,0.4645129144191742,16
pytest-dev__pytest-10624,testing/io/test_saferepr.py,0.4703473448753357,15
pytest-dev__pytest-10624,testing/example_scripts/dataclasses/test_compare_dataclasses_field_comparison_off.py,0.37168383598327637,38
pytest-dev__pytest-10624,src/pytest/__init__.py,0.5885108113288879,5
pytest-dev__pytest-10624,testing/acceptance_test.py,0.36441558599472046,42
pytest-dev__pytest-10624,testing/test_warnings.py,0.3975641429424286,33
pytest-dev__pytest-10624,src/_pytest/reports.py,0.4586881399154663,18
pytest-dev__pytest-10624,src/_pytest/recwarn.py,0.4586881399154663,18
pytest-dev__pytest-10624,testing/test_pathlib.py,0.35006579756736755,45
pytest-dev__pytest-10624,testing/typing_checks.py,0.36441558599472046,42
pytest-dev__pytest-10624,testing/example_scripts/dataclasses/test_compare_dataclasses_verbose.py,0.3680422008037567,40
pytest-dev__pytest-10624,testing/test_pluginmanager.py,0.3863929510116577,35
pytest-dev__pytest-10624,doc/en/example/assertion/test_failures.py,0.35006579756736755,45
pytest-dev__pytest-10624,testing/test_runner.py,0.4050721228122711,31
pytest-dev__pytest-10624,testing/test_config.py,0.42021888494491577,24
pytest-dev__pytest-10624,src/_pytest/runner.py,0.5347096920013428,8
pytest-dev__pytest-10624,testing/example_scripts/dataclasses/test_compare_recursive_dataclasses.py,0.3680422008037567,40
pytest-dev__pytest-10624,testing/test_terminal.py,0.35006579756736755,45
pytest-dev__pytest-10624,testing/test_warning_types.py,0.32904666662216187,49
pytest-dev__pytest-10624,testing/_py/test_local.py,0.393827885389328,34
pytest-dev__pytest-10624,src/_pytest/fixtures.py,0.4432148039340973,20
pytest-dev__pytest-10624,testing/test_mark.py,0.43168002367019653,22
pytest-dev__pytest-10624,testing/test_link_resolve.py,0.29227200150489807,50
pytest-dev__pytest-10624,src/_pytest/python.py,0.4050721228122711,31
pytest-dev__pytest-10758,testing/test_assertrewrite.py,0.5249791741371155,1
pytest-dev__pytest-10758,testing/examples/test_issue519.py,0.4050721228122711,17
pytest-dev__pytest-10758,testing/acceptance_test.py,0.3572086691856384,40
pytest-dev__pytest-10758,testing/python/approx.py,0.40131235122680664,19
pytest-dev__pytest-10758,testing/python/integration.py,0.393827885389328,22
pytest-dev__pytest-10758,testing/test_pytester.py,0.3901040256023407,23
pytest-dev__pytest-10758,src/_pytest/python_api.py,0.48594123125076294,3
pytest-dev__pytest-10758,testing/python/collect.py,0.36441558599472046,35
pytest-dev__pytest-10758,testing/test_compat.py,0.4240303635597229,13
pytest-dev__pytest-10758,src/_pytest/pytester.py,0.47424158453941345,5
pytest-dev__pytest-10758,testing/test_warning_types.py,0.3120344877243042,50
pytest-dev__pytest-10758,testing/test_warnings.py,0.36080431938171387,37
pytest-dev__pytest-10758,testing/typing_checks.py,0.32904666662216187,45
pytest-dev__pytest-10758,doc/en/example/assertion/failure_demo.py,0.454811155796051,7
pytest-dev__pytest-10758,src/_pytest/recwarn.py,0.4278508424758911,10
pytest-dev__pytest-10758,src/_pytest/warning_types.py,0.408843070268631,16
pytest-dev__pytest-10758,testing/test_runner.py,0.3680422008037567,34
pytest-dev__pytest-10758,doc/en/example/assertion/test_failures.py,0.37168383598327637,32
pytest-dev__pytest-10758,src/_pytest/python.py,0.4586881399154663,6
pytest-dev__pytest-10758,testing/test_assertion.py,0.42021888494491577,14
pytest-dev__pytest-10758,testing/test_unittest.py,0.4240303635597229,13
pytest-dev__pytest-10758,testing/conftest.py,0.41641688346862793,15
pytest-dev__pytest-10758,testing/example_scripts/warnings/test_group_warnings_by_message_summary/test_1.py,0.31539851427078247,48
pytest-dev__pytest-10758,src/pytest/__main__.py,0.43936243653297424,8
pytest-dev__pytest-10758,src/pytest/__init__.py,0.4820389747619629,4
pytest-dev__pytest-10758,testing/python/fixtures.py,0.34651920199394226,43
pytest-dev__pytest-10758,testing/example_scripts/warnings/test_group_warnings_by_message.py,0.3120344877243042,50
pytest-dev__pytest-10758,testing/test_cacheprovider.py,0.37168383598327637,32
pytest-dev__pytest-10758,testing/test_monkeypatch.py,0.3863929510116577,25
pytest-dev__pytest-10758,testing/example_scripts/config/collect_pytest_prefix/conftest.py,0.36080431938171387,37
pytest-dev__pytest-10758,testing/test_nose.py,0.3680422008037567,34
pytest-dev__pytest-10758,src/_pytest/assertion/rewrite.py,0.49765628576278687,2
pytest-dev__pytest-10758,src/_pytest/pytester_assertions.py,0.43168002367019653,9
pytest-dev__pytest-10758,src/_pytest/timing.py,0.3572086691856384,40
pytest-dev__pytest-10758,testing/test_unraisableexception.py,0.393827885389328,22
pytest-dev__pytest-10758,testing/plugins_integration/bdd_wallet.py,0.3790105879306793,28
pytest-dev__pytest-10758,src/_pytest/legacypath.py,0.4240303635597229,13
pytest-dev__pytest-10758,testing/example_scripts/doctest/main_py/__main__.py,0.3256063163280487,47
pytest-dev__pytest-10758,testing/test_conftest.py,0.3863929510116577,25
pytest-dev__pytest-10758,testing/example_scripts/tmpdir/tmp_path_fixture.py,0.34298956394195557,44
pytest-dev__pytest-10758,testing/test_collection.py,0.3572086691856384,40
pytest-dev__pytest-10758,testing/test_stepwise.py,0.35362908244132996,41
pytest-dev__pytest-10758,testing/example_scripts/fixtures/fill_fixtures/test_funcarg_basic.py,0.37168383598327637,32
pytest-dev__pytest-10758,testing/test_terminal.py,0.3975641429424286,20
pytest-dev__pytest-10758,testing/test_recwarn.py,0.38269495964050293,27
pytest-dev__pytest-10758,testing/test_capture.py,0.38269495964050293,27
pytest-dev__pytest-10758,testing/test_doctest.py,0.40131235122680664,19
pytest-dev__pytest-10758,testing/deprecated_test.py,0.35006579756736755,42
pytest-dev__pytest-10758,testing/test_entry_points.py,0.37168383598327637,32
pytest-dev__pytest-10758,testing/test_nodes.py,0.3256063163280487,47
pytest-dev__pytest-10893,src/_pytest/legacypath.py,0.5502207279205322,11
pytest-dev__pytest-10893,src/_pytest/unittest.py,0.4470740258693695,30
pytest-dev__pytest-10893,testing/test_unittest.py,0.4278508424758911,36
pytest-dev__pytest-10893,src/_pytest/pathlib.py,0.7345767617225647,1
pytest-dev__pytest-10893,src/_pytest/deprecated.py,0.6165664792060852,4
pytest-dev__pytest-10893,testing/test_tmpdir.py,0.6420735120773315,3
pytest-dev__pytest-10893,testing/acceptance_test.py,0.4240303635597229,39
pytest-dev__pytest-10893,testing/test_monkeypatch.py,0.4470740258693695,30
pytest-dev__pytest-10893,testing/test_cacheprovider.py,0.5560138821601868,9
pytest-dev__pytest-10893,testing/test_legacypath.py,0.5288740992546082,14
pytest-dev__pytest-10893,testing/test_unraisableexception.py,0.3975641429424286,46
pytest-dev__pytest-10893,src/_pytest/warning_types.py,0.5074213147163391,19
pytest-dev__pytest-10893,src/_pytest/tmpdir.py,0.6771324872970581,2
pytest-dev__pytest-10893,src/_pytest/pytester.py,0.5269270539283752,16
pytest-dev__pytest-10893,src/_pytest/nose.py,0.5502207279205322,11
pytest-dev__pytest-10893,testing/deprecated_test.py,0.43936243653297424,33
pytest-dev__pytest-10893,src/_pytest/python.py,0.4470740258693695,30
pytest-dev__pytest-10893,src/_pytest/runner.py,0.521081268787384,17
pytest-dev__pytest-10893,testing/test_pytester.py,0.43936243653297424,33
pytest-dev__pytest-10893,testing/test_runner.py,0.408843070268631,44
pytest-dev__pytest-10893,testing/python/collect.py,0.4240303635597229,39
pytest-dev__pytest-10893,src/_pytest/config/compat.py,0.5444138646125793,12
pytest-dev__pytest-10893,testing/test_nose.py,0.4278508424758911,36
pytest-dev__pytest-10893,src/pytest/__init__.py,0.5598676800727844,7
pytest-dev__pytest-10893,testing/test_junitxml.py,0.41641688346862793,43
pytest-dev__pytest-10893,testing/examples/test_issue519.py,0.3753400444984436,48
pytest-dev__pytest-10893,testing/test_warnings.py,0.41641688346862793,43
pytest-dev__pytest-10893,src/_pytest/timing.py,0.3753400444984436,48
pytest-dev__pytest-10893,src/_pytest/recwarn.py,0.5771140456199646,5
pytest-dev__pytest-10893,testing/test_assertrewrite.py,0.4050721228122711,45
pytest-dev__pytest-10893,testing/_py/test_local.py,0.5637142658233643,6
pytest-dev__pytest-10893,testing/python/fixtures.py,0.4432148039340973,31
pytest-dev__pytest-10893,src/_pytest/fixtures.py,0.5152297019958496,18
pytest-dev__pytest-10893,src/_pytest/outcomes.py,0.5269270539283752,16
pytest-dev__pytest-10893,testing/test_collection.py,0.5560138821601868,9
pytest-dev__pytest-10893,src/_pytest/junitxml.py,0.454811155796051,26
pytest-dev__pytest-10893,testing/test_python_path.py,0.42021888494491577,40
pytest-dev__pytest-10893,testing/test_stepwise.py,0.41641688346862793,43
pytest-dev__pytest-10893,src/_pytest/warnings.py,0.48008865118026733,22
pytest-dev__pytest-10893,testing/test_warning_types.py,0.3572086691856384,50
pytest-dev__pytest-10893,testing/test_terminal.py,0.43168002367019653,34
pytest-dev__pytest-10893,src/_pytest/cacheprovider.py,0.47618991136550903,23
pytest-dev__pytest-10893,src/_pytest/compat.py,0.4820389747619629,21
pytest-dev__pytest-10893,testing/test_pathlib.py,0.5288740992546082,14
pytest-dev__pytest-10893,testing/test_recwarn.py,0.49179762601852417,20
pytest-dev__pytest-10893,src/_pytest/unraisableexception.py,0.46645671129226685,24
pytest-dev__pytest-10893,testing/python/integration.py,0.4240303635597229,39
pytest-dev__pytest-10893,src/_pytest/reports.py,0.4509396255016327,27
pytest-dev__pytest-10893,testing/example_scripts/warnings/test_group_warnings_by_message_summary/test_1.py,0.37168383598327637,49
pytest-dev__pytest-10893,src/_pytest/hookspec.py,0.454811155796051,26
pytest-dev__pytest-10988,src/_pytest/pytester.py,0.6366694569587708,24
pytest-dev__pytest-10988,testing/acceptance_test.py,0.5960569977760315,30
pytest-dev__pytest-10988,src/_pytest/freeze_support.py,0.5444138646125793,40
pytest-dev__pytest-10988,testing/python/collect.py,0.5327655076980591,43
pytest-dev__pytest-10988,testing/examples/test_issue519.py,0.5656346678733826,36
pytest-dev__pytest-10988,src/_pytest/deprecated.py,0.6650626063346863,14
pytest-dev__pytest-10988,src/_pytest/config/__init__.py,0.7214292883872986,9
pytest-dev__pytest-10988,src/pytest/__init__.py,0.7198565006256104,11
pytest-dev__pytest-10988,testing/test_pytester.py,0.5405358076095581,41
pytest-dev__pytest-10988,testing/test_entry_points.py,0.5444138646125793,40
pytest-dev__pytest-10988,testing/test_pastebin.py,0.5713839530944824,35
pytest-dev__pytest-10988,testing/test_meta.py,0.4470740258693695,50
pytest-dev__pytest-10988,testing/test_assertrewrite.py,0.5941745638847351,32
pytest-dev__pytest-10988,testing/python/fixtures.py,0.5540844202041626,38
pytest-dev__pytest-10988,testing/test_config.py,0.5998133420944214,29
pytest-dev__pytest-10988,src/_pytest/reports.py,0.5941745638847351,32
pytest-dev__pytest-10988,testing/test_link_resolve.py,0.5327655076980591,43
pytest-dev__pytest-10988,src/py.py,0.6420735120773315,22
pytest-dev__pytest-10988,testing/conftest.py,0.6239269375801086,26
pytest-dev__pytest-10988,src/_pytest/cacheprovider.py,0.7268911600112915,7
pytest-dev__pytest-10988,src/_pytest/pastebin.py,0.5560138821601868,37
pytest-dev__pytest-10988,src/_pytest/compat.py,0.622092068195343,27
pytest-dev__pytest-10988,src/_pytest/assertion/rewrite.py,0.6650626063346863,14
pytest-dev__pytest-10988,testing/test_cacheprovider.py,0.6580659747123718,17
pytest-dev__pytest-10988,src/_pytest/pathlib.py,0.771568238735199,2
pytest-dev__pytest-10988,testing/example_scripts/config/collect_pytest_prefix/conftest.py,0.6294102072715759,25
pytest-dev__pytest-10988,testing/test_main.py,0.7206436395645142,10
pytest-dev__pytest-10988,testing/test_pluginmanager.py,0.5732962489128113,34
pytest-dev__pytest-10988,src/_pytest/legacypath.py,0.7575074434280396,4
pytest-dev__pytest-10988,src/pytest/__main__.py,0.6580659747123718,17
pytest-dev__pytest-10988,testing/test_helpconfig.py,0.5269270539283752,44
pytest-dev__pytest-10988,testing/test_parseopt.py,0.7253374457359314,8
pytest-dev__pytest-10988,scripts/update-plugin-list.py,0.49960941076278687,47
pytest-dev__pytest-10988,testing/deprecated_test.py,0.5752062797546387,33
pytest-dev__pytest-10988,testing/test_findpaths.py,0.6147178411483765,28
pytest-dev__pytest-10988,testing/_py/test_local.py,0.761786699295044,3
pytest-dev__pytest-10988,src/_pytest/config/exceptions.py,0.6438668966293335,20
pytest-dev__pytest-10988,src/_pytest/hookspec.py,0.6527729034423828,18
pytest-dev__pytest-10988,testing/test_collection.py,0.6420735120773315,22
pytest-dev__pytest-10988,src/_pytest/config/argparsing.py,0.8403114080429077,1
pytest-dev__pytest-10988,src/_pytest/_code/code.py,0.6972792148590088,12
pytest-dev__pytest-10988,src/_pytest/helpconfig.py,0.6615731120109558,15
pytest-dev__pytest-10988,testing/test_reports.py,0.5035156011581421,46
pytest-dev__pytest-10988,testing/test_warnings.py,0.46840155124664307,48
pytest-dev__pytest-10988,src/_pytest/main.py,0.7451017498970032,6
pytest-dev__pytest-10988,src/_pytest/_py/path.py,0.7502601146697998,5
pytest-dev__pytest-10988,src/_pytest/fixtures.py,0.6456562876701355,19
pytest-dev__pytest-10988,testing/freeze/create_executable.py,0.4625701606273651,49
pytest-dev__pytest-10988,src/_pytest/capture.py,0.6402760744094849,23
pytest-dev__pytest-10988,src/_pytest/doctest.py,0.5132781267166138,45
pytest-dev__pytest-11041,testing/test_assertrewrite.py,0.716694712638855,1
pytest-dev__pytest-11041,testing/test_assertion.py,0.42021888494491577,29
pytest-dev__pytest-11041,testing/test_compat.py,0.4957032799720764,8
pytest-dev__pytest-11041,testing/python/collect.py,0.48594123125076294,11
pytest-dev__pytest-11041,testing/examples/test_issue519.py,0.4050721228122711,40
pytest-dev__pytest-11041,src/_pytest/warning_types.py,0.4355173707008362,25
pytest-dev__pytest-11041,src/_pytest/assertion/rewrite.py,0.5847217440605164,2
pytest-dev__pytest-11041,testing/acceptance_test.py,0.4432148039340973,23
pytest-dev__pytest-11041,src/_pytest/fixtures.py,0.49375033378601074,10
pytest-dev__pytest-11041,testing/test_runner.py,0.41641688346862793,35
pytest-dev__pytest-11041,testing/test_pytester.py,0.41641688346862793,35
pytest-dev__pytest-11041,testing/python/fixtures.py,0.3680422008037567,48
pytest-dev__pytest-11041,doc/en/example/assertion/failure_demo.py,0.49375033378601074,10
pytest-dev__pytest-11041,testing/python/integration.py,0.4432148039340973,23
pytest-dev__pytest-11041,src/_pytest/_code/code.py,0.5540844202041626,5
pytest-dev__pytest-11041,testing/test_unraisableexception.py,0.3975641429424286,43
pytest-dev__pytest-11041,src/_pytest/pytester.py,0.4240303635597229,28
pytest-dev__pytest-11041,testing/typing_checks.py,0.393827885389328,45
pytest-dev__pytest-11041,testing/test_warnings.py,0.3901040256023407,47
pytest-dev__pytest-11041,testing/test_monkeypatch.py,0.4470740258693695,20
pytest-dev__pytest-11041,testing/test_session.py,0.4820389747619629,15
pytest-dev__pytest-11041,testing/test_warning_types.py,0.33598238229751587,50
pytest-dev__pytest-11041,testing/test_unittest.py,0.41641688346862793,35
pytest-dev__pytest-11041,src/_pytest/assertion/__init__.py,0.5249791741371155,6
pytest-dev__pytest-11041,src/_pytest/python.py,0.5598676800727844,3
pytest-dev__pytest-11041,testing/test_debugging.py,0.4355173707008362,25
pytest-dev__pytest-11041,src/_pytest/deprecated.py,0.454811155796051,18
pytest-dev__pytest-11041,src/_pytest/recwarn.py,0.3975641429424286,43
pytest-dev__pytest-11041,src/_pytest/python_api.py,0.47618991136550903,16
pytest-dev__pytest-11041,testing/conftest.py,0.4240303635597229,28
pytest-dev__pytest-11041,src/_pytest/legacypath.py,0.4820389747619629,15
pytest-dev__pytest-11041,testing/test_reports.py,0.5015625357627869,7
pytest-dev__pytest-11041,testing/test_nodes.py,0.40131235122680664,41
pytest-dev__pytest-11041,testing/example_scripts/config/collect_pytest_prefix/conftest.py,0.36441558599472046,49
pytest-dev__pytest-11041,testing/test_capture.py,0.41641688346862793,35
pytest-dev__pytest-11041,testing/example_scripts/acceptance/fixture_mock_integration.py,0.43168002367019653,26
pytest-dev__pytest-11041,testing/deprecated_test.py,0.41641688346862793,35
pytest-dev__pytest-11041,testing/test_config.py,0.393827885389328,45
pytest-dev__pytest-11041,src/_pytest/doctest.py,0.4470740258693695,20
pytest-dev__pytest-11041,src/_pytest/unraisableexception.py,0.47424158453941345,17
pytest-dev__pytest-11041,src/_pytest/pytester_assertions.py,0.4820389747619629,15
pytest-dev__pytest-11041,testing/test_legacypath.py,0.41641688346862793,35
pytest-dev__pytest-11041,testing/test_mark.py,0.4432148039340973,23
pytest-dev__pytest-11041,testing/test_cacheprovider.py,0.4126248061656952,37
pytest-dev__pytest-11041,testing/python/raises.py,0.3901040256023407,47
pytest-dev__pytest-11041,doc/en/example/assertion/test_failures.py,0.408843070268631,39
pytest-dev__pytest-11041,testing/test_pastebin.py,0.4126248061656952,37
pytest-dev__pytest-11041,doc/en/example/xfail_demo.py,0.4839898645877838,12
pytest-dev__pytest-11041,testing/test_link_resolve.py,0.408843070268631,39
pytest-dev__pytest-11041,src/_pytest/runner.py,0.5560138821601868,4
pytest-dev__pytest-11044,testing/test_collection.py,0.6668006181716919,4
pytest-dev__pytest-11044,testing/test_config.py,0.47618991136550903,37
pytest-dev__pytest-11044,testing/acceptance_test.py,0.5113261938095093,22
pytest-dev__pytest-11044,src/_pytest/python.py,0.7421227693557739,3
pytest-dev__pytest-11044,src/_pytest/main.py,0.8010658025741577,1
pytest-dev__pytest-11044,testing/test_warnings.py,0.43168002367019653,45
pytest-dev__pytest-11044,testing/test_warning_types.py,0.408843070268631,48
pytest-dev__pytest-11044,testing/test_assertrewrite.py,0.4898451566696167,33
pytest-dev__pytest-11044,testing/test_python_path.py,0.5093739032745361,23
pytest-dev__pytest-11044,testing/test_session.py,0.5598676800727844,14
pytest-dev__pytest-11044,testing/test_terminal.py,0.5521534085273743,18
pytest-dev__pytest-11044,src/_pytest/doctest.py,0.5713839530944824,10
pytest-dev__pytest-11044,testing/test_nodes.py,0.5035156011581421,24
pytest-dev__pytest-11044,testing/test_pytester.py,0.4839898645877838,36
pytest-dev__pytest-11044,testing/test_meta.py,0.3863929510116577,49
pytest-dev__pytest-11044,testing/test_findpaths.py,0.5308202505111694,20
pytest-dev__pytest-11044,src/_pytest/config/__init__.py,0.7660136818885803,2
pytest-dev__pytest-11044,testing/python/collect.py,0.5771140456199646,8
pytest-dev__pytest-11044,src/_pytest/python_path.py,0.454811155796051,39
pytest-dev__pytest-11044,src/_pytest/deprecated.py,0.4957032799720764,30
pytest-dev__pytest-11044,src/_pytest/warning_types.py,0.5732962489128113,9
pytest-dev__pytest-11044,src/_pytest/warnings.py,0.5598676800727844,14
pytest-dev__pytest-11044,testing/test_conftest.py,0.5015625357627869,27
pytest-dev__pytest-11044,testing/test_main.py,0.5617918968200684,12
pytest-dev__pytest-11044,testing/deprecated_test.py,0.4645129144191742,38
pytest-dev__pytest-11044,src/_pytest/recwarn.py,0.5288740992546082,21
pytest-dev__pytest-11044,testing/example_scripts/warnings/test_group_warnings_by_message_summary/test_1.py,0.43936243653297424,44
pytest-dev__pytest-11044,src/_pytest/pytester.py,0.5521534085273743,18
pytest-dev__pytest-11044,testing/example_scripts/warnings/test_group_warnings_by_message.py,0.4509396255016327,40
pytest-dev__pytest-11044,testing/test_pathlib.py,0.5579416155815125,15
pytest-dev__pytest-11044,testing/test_doctest.py,0.48594123125076294,35
pytest-dev__pytest-11044,testing/test_legacypath.py,0.5015625357627869,27
pytest-dev__pytest-11044,testing/python/metafunc.py,0.49375033378601074,31
pytest-dev__pytest-11044,src/_pytest/config/findpaths.py,0.5941745638847351,6
pytest-dev__pytest-11044,testing/test_helpconfig.py,0.4278508424758911,46
pytest-dev__pytest-11044,testing/test_runner.py,0.4878930151462555,34
pytest-dev__pytest-11044,src/_pytest/assertion/rewrite.py,0.5015625357627869,27
pytest-dev__pytest-11044,testing/python/fixtures.py,0.5540844202041626,16
pytest-dev__pytest-11044,src/_pytest/nodes.py,0.5347096920013428,19
pytest-dev__pytest-11044,testing/test_cacheprovider.py,0.5847217440605164,7
pytest-dev__pytest-11044,src/_pytest/cacheprovider.py,0.4957032799720764,30
pytest-dev__pytest-11044,src/_pytest/terminal.py,0.6072905659675598,5
pytest-dev__pytest-11044,testing/test_entry_points.py,0.33947718143463135,50
pytest-dev__pytest-11044,testing/conftest.py,0.4957032799720764,30
pytest-dev__pytest-11044,src/_pytest/legacypath.py,0.5617918968200684,12
pytest-dev__pytest-11044,doc/en/conf.py,0.4432148039340973,42
pytest-dev__pytest-11044,testing/example_scripts/collect/package_infinite_recursion/conftest.py,0.4240303635597229,47
pytest-dev__pytest-11044,testing/python/show_fixtures_per_test.py,0.4898451566696167,33
pytest-dev__pytest-11044,testing/test_assertion.py,0.4470740258693695,41
pytest-dev__pytest-11044,doc/en/example/assertion/global_testmodule_config/conftest.py,0.43936243653297424,44
pytest-dev__pytest-11047,src/_pytest/logging.py,0.5560138821601868,2
pytest-dev__pytest-11047,testing/logging/test_reporting.py,0.49375033378601074,6
pytest-dev__pytest-11047,testing/logging/test_formatter.py,0.5191313028335571,4
pytest-dev__pytest-11047,testing/test_terminal.py,0.408843070268631,34
pytest-dev__pytest-11047,testing/test_junitxml.py,0.5405358076095581,3
pytest-dev__pytest-11047,src/_pytest/terminal.py,0.4820389747619629,10
pytest-dev__pytest-11047,src/_pytest/pytester.py,0.4625701606273651,15
pytest-dev__pytest-11047,testing/test_capture.py,0.454811155796051,16
pytest-dev__pytest-11047,testing/acceptance_test.py,0.46645671129226685,13
pytest-dev__pytest-11047,testing/logging/test_fixture.py,0.4432148039340973,21
pytest-dev__pytest-11047,src/_pytest/timing.py,0.4355173707008362,25
pytest-dev__pytest-11047,testing/conftest.py,0.4355173707008362,25
pytest-dev__pytest-11047,src/_pytest/junitxml.py,0.4839898645877838,9
pytest-dev__pytest-11047,src/_pytest/reports.py,0.4470740258693695,20
pytest-dev__pytest-11047,testing/test_debugging.py,0.4355173707008362,25
pytest-dev__pytest-11047,testing/test_config.py,0.4240303635597229,28
pytest-dev__pytest-11047,src/_pytest/capture.py,0.5637142658233643,1
pytest-dev__pytest-11047,src/_pytest/faulthandler.py,0.4470740258693695,20
pytest-dev__pytest-11047,testing/test_assertion.py,0.3790105879306793,44
pytest-dev__pytest-11047,testing/python/integration.py,0.41641688346862793,29
pytest-dev__pytest-11047,testing/test_warnings.py,0.3753400444984436,45
pytest-dev__pytest-11047,testing/test_faulthandler.py,0.393827885389328,37
pytest-dev__pytest-11047,testing/python/collect.py,0.408843070268631,34
pytest-dev__pytest-11047,testing/test_pytester.py,0.3863929510116577,38
pytest-dev__pytest-11047,testing/python/show_fixtures_per_test.py,0.4126248061656952,31
pytest-dev__pytest-11047,src/_pytest/pastebin.py,0.43168002367019653,26
pytest-dev__pytest-11047,testing/io/test_terminalwriter.py,0.3120344877243042,50
pytest-dev__pytest-11047,src/_pytest/assertion/truncate.py,0.408843070268631,34
pytest-dev__pytest-11047,testing/test_setupplan.py,0.38269495964050293,41
pytest-dev__pytest-11047,src/_pytest/hookspec.py,0.4839898645877838,9
pytest-dev__pytest-11047,src/_pytest/runner.py,0.49179762601852417,7
pytest-dev__pytest-11047,testing/test_link_resolve.py,0.32218465209007263,49
pytest-dev__pytest-11047,testing/test_setuponly.py,0.3975641429424286,36
pytest-dev__pytest-11047,src/_pytest/doctest.py,0.4050721228122711,35
pytest-dev__pytest-11047,src/_pytest/setuponly.py,0.4625701606273651,15
pytest-dev__pytest-11047,src/_pytest/helpconfig.py,0.5093739032745361,5
pytest-dev__pytest-11047,testing/test_cacheprovider.py,0.4470740258693695,20
pytest-dev__pytest-11047,testing/python/fixtures.py,0.3790105879306793,44
pytest-dev__pytest-11047,testing/test_helpconfig.py,0.38269495964050293,41
pytest-dev__pytest-11047,testing/python/approx.py,0.4126248061656952,31
pytest-dev__pytest-11047,testing/test_doctest.py,0.38269495964050293,41
pytest-dev__pytest-11047,testing/test_assertrewrite.py,0.34651920199394226,48
pytest-dev__pytest-11047,src/_pytest/deprecated.py,0.4509396255016327,17
pytest-dev__pytest-11047,testing/examples/test_issue519.py,0.37168383598327637,46
pytest-dev__pytest-11047,src/pytest/__main__.py,0.4240303635597229,28
pytest-dev__pytest-11047,doc/en/conf.py,0.3680422008037567,47
pytest-dev__pytest-11047,src/_pytest/fixtures.py,0.43936243653297424,22
pytest-dev__pytest-11047,testing/test_runner.py,0.3790105879306793,44
pytest-dev__pytest-11047,src/_pytest/cacheprovider.py,0.47424158453941345,12
pytest-dev__pytest-11047,src/_pytest/assertion/__init__.py,0.47424158453941345,12
pytest-dev__pytest-11125,testing/test_config.py,0.5617918968200684,23
pytest-dev__pytest-11125,testing/acceptance_test.py,0.5790196061134338,19
pytest-dev__pytest-11125,testing/test_assertrewrite.py,0.4470740258693695,44
pytest-dev__pytest-11125,testing/examples/test_issue519.py,0.3863929510116577,46
pytest-dev__pytest-11125,src/_pytest/deprecated.py,0.5979365706443787,14
pytest-dev__pytest-11125,testing/test_findpaths.py,0.6072905659675598,12
pytest-dev__pytest-11125,testing/test_entry_points.py,0.3753400444984436,48
pytest-dev__pytest-11125,src/_pytest/config/__init__.py,0.6615731120109558,9
pytest-dev__pytest-11125,src/_pytest/pytester.py,0.5979365706443787,14
pytest-dev__pytest-11125,src/_pytest/legacypath.py,0.7338144779205322,4
pytest-dev__pytest-11125,testing/test_collection.py,0.7338144779205322,4
pytest-dev__pytest-11125,testing/test_parseopt.py,0.6348603367805481,10
pytest-dev__pytest-11125,testing/python/fixtures.py,0.4470740258693695,44
pytest-dev__pytest-11125,testing/test_python_path.py,0.5521534085273743,27
pytest-dev__pytest-11125,testing/test_stepwise.py,0.54635089635849,28
pytest-dev__pytest-11125,testing/deprecated_test.py,0.48594123125076294,34
pytest-dev__pytest-11125,testing/test_cacheprovider.py,0.4820389747619629,36
pytest-dev__pytest-11125,testing/test_conftest.py,0.5637142658233643,22
pytest-dev__pytest-11125,testing/python/collect.py,0.4839898645877838,35
pytest-dev__pytest-11125,testing/test_pytester.py,0.5637142658233643,22
pytest-dev__pytest-11125,src/_pytest/python_path.py,0.49765628576278687,32
pytest-dev__pytest-11125,testing/conftest.py,0.5579416155815125,25
pytest-dev__pytest-11125,src/_pytest/main.py,0.8084304332733154,1
pytest-dev__pytest-11125,src/_pytest/config/argparsing.py,0.7857034802436829,2
pytest-dev__pytest-11125,testing/test_helpconfig.py,0.4586881399154663,39
pytest-dev__pytest-11125,src/_pytest/fixtures.py,0.5540844202041626,26
pytest-dev__pytest-11125,src/_pytest/stepwise.py,0.5809227228164673,18
pytest-dev__pytest-11125,testing/test_legacypath.py,0.6650626063346863,7
pytest-dev__pytest-11125,testing/python/integration.py,0.5269270539283752,30
pytest-dev__pytest-11125,testing/test_warnings.py,0.4470740258693695,44
pytest-dev__pytest-11125,testing/test_session.py,0.6633201241493225,8
pytest-dev__pytest-11125,testing/test_setupplan.py,0.4586881399154663,39
pytest-dev__pytest-11125,testing/example_scripts/config/collect_pytest_prefix/conftest.py,0.35362908244132996,50
pytest-dev__pytest-11125,src/_pytest/config/findpaths.py,0.6956275701522827,5
pytest-dev__pytest-11125,testing/test_setuponly.py,0.48594123125076294,34
pytest-dev__pytest-11125,src/_pytest/doctest.py,0.5579416155815125,25
pytest-dev__pytest-11125,testing/test_monkeypatch.py,0.49960941076278687,31
pytest-dev__pytest-11125,testing/test_main.py,0.6110106706619263,11
pytest-dev__pytest-11125,src/_pytest/cacheprovider.py,0.5656346678733826,20
pytest-dev__pytest-11125,src/_pytest/config/compat.py,0.5809227228164673,18
pytest-dev__pytest-11125,testing/test_assertion.py,0.454811155796051,40
pytest-dev__pytest-11125,testing/test_terminal.py,0.5347096920013428,29
pytest-dev__pytest-11125,testing/test_pluginmanager.py,0.5809227228164673,18
pytest-dev__pytest-11125,src/py.py,0.4050721228122711,45
pytest-dev__pytest-11125,src/pytest/__init__.py,0.6719873547554016,6
pytest-dev__pytest-11125,testing/test_junitxml.py,0.4509396255016327,41
pytest-dev__pytest-11125,testing/test_meta.py,0.3680422008037567,49
pytest-dev__pytest-11125,testing/test_mark.py,0.47618991136550903,37
pytest-dev__pytest-11125,src/_pytest/hookspec.py,0.5960569977760315,15
pytest-dev__pytest-11125,testing/typing_checks.py,0.38269495964050293,47
pytest-dev__pytest-11143,testing/python/collect.py,0.454811155796051,31
pytest-dev__pytest-11143,src/_pytest/assertion/rewrite.py,0.6348603367805481,2
pytest-dev__pytest-11143,testing/test_assertrewrite.py,0.6563059091567993,1
pytest-dev__pytest-11143,testing/test_terminal.py,0.4278508424758911,43
pytest-dev__pytest-11143,testing/acceptance_test.py,0.41641688346862793,48
pytest-dev__pytest-11143,src/_pytest/doctest.py,0.47229403257369995,27
pytest-dev__pytest-11143,testing/conftest.py,0.4470740258693695,35
pytest-dev__pytest-11143,testing/test_assertion.py,0.5113261938095093,9
pytest-dev__pytest-11143,testing/examples/test_issue519.py,0.4432148039340973,37
pytest-dev__pytest-11143,testing/test_doctest.py,0.49375033378601074,17
pytest-dev__pytest-11143,testing/test_mark.py,0.4781389832496643,21
pytest-dev__pytest-11143,testing/test_session.py,0.5054685473442078,15
pytest-dev__pytest-11143,testing/test_pytester.py,0.47229403257369995,27
pytest-dev__pytest-11143,testing/test_warnings.py,0.5249791741371155,7
pytest-dev__pytest-11143,src/_pytest/main.py,0.454811155796051,31
pytest-dev__pytest-11143,testing/test_cacheprovider.py,0.4509396255016327,32
pytest-dev__pytest-11143,testing/test_collection.py,0.454811155796051,31
pytest-dev__pytest-11143,src/_pytest/_code/code.py,0.5288740992546082,5
pytest-dev__pytest-11143,src/_pytest/pytester.py,0.5093739032745361,10
pytest-dev__pytest-11143,testing/test_config.py,0.454811155796051,31
pytest-dev__pytest-11143,src/_pytest/reports.py,0.42021888494491577,44
pytest-dev__pytest-11143,src/_pytest/python.py,0.4820389747619629,19
pytest-dev__pytest-11143,src/_pytest/warning_types.py,0.5054685473442078,15
pytest-dev__pytest-11143,src/_pytest/assertion/__init__.py,0.5752062797546387,4
pytest-dev__pytest-11143,testing/typing_checks.py,0.43936243653297424,40
pytest-dev__pytest-11143,testing/python/integration.py,0.4470740258693695,35
pytest-dev__pytest-11143,doc/en/example/assertion/test_failures.py,0.4278508424758911,43
pytest-dev__pytest-11143,testing/test_capture.py,0.38269495964050293,50
pytest-dev__pytest-11143,testing/test_runner.py,0.41641688346862793,48
pytest-dev__pytest-11143,src/_pytest/config/__init__.py,0.47229403257369995,27
pytest-dev__pytest-11143,testing/test_pastebin.py,0.43936243653297424,40
pytest-dev__pytest-11143,testing/test_reports.py,0.47424158453941345,24
pytest-dev__pytest-11143,testing/python/metafunc.py,0.43936243653297424,40
pytest-dev__pytest-11143,testing/test_junitxml.py,0.4839898645877838,18
pytest-dev__pytest-11143,src/_pytest/assertion/util.py,0.5171807408332825,8
pytest-dev__pytest-11143,src/_pytest/cacheprovider.py,0.4126248061656952,49
pytest-dev__pytest-11143,src/_pytest/compat.py,0.5269270539283752,6
pytest-dev__pytest-11143,testing/test_main.py,0.47618991136550903,22
pytest-dev__pytest-11143,testing/test_mark_expression.py,0.4781389832496643,21
pytest-dev__pytest-11143,src/_pytest/deprecated.py,0.4470740258693695,35
pytest-dev__pytest-11143,testing/code/test_excinfo.py,0.4432148039340973,37
pytest-dev__pytest-11143,testing/python/fixtures.py,0.43168002367019653,41
pytest-dev__pytest-11143,src/_pytest/mark/__init__.py,0.5015625357627869,16
pytest-dev__pytest-11143,src/_pytest/mark/structures.py,0.5054685473442078,15
pytest-dev__pytest-11143,src/_pytest/pytester_assertions.py,0.5054685473442078,15
pytest-dev__pytest-11143,doc/en/example/assertion/failure_demo.py,0.5054685473442078,15
pytest-dev__pytest-11143,src/_pytest/fixtures.py,0.47424158453941345,24
pytest-dev__pytest-11143,src/pytest/__init__.py,0.5866175889968872,3
pytest-dev__pytest-11143,testing/test_stepwise.py,0.41641688346862793,48
pytest-dev__pytest-11143,testing/test_skipping.py,0.41641688346862793,48
pytest-dev__pytest-11148,testing/python/collect.py,0.43936243653297424,16
pytest-dev__pytest-11148,testing/test_pathlib.py,0.5191313028335571,8
pytest-dev__pytest-11148,testing/_py/test_local.py,0.5502207279205322,4
pytest-dev__pytest-11148,testing/test_meta.py,0.3863929510116577,34
pytest-dev__pytest-11148,testing/test_python_path.py,0.35362908244132996,44
pytest-dev__pytest-11148,testing/test_collection.py,0.7086966633796692,1
pytest-dev__pytest-11148,testing/test_assertrewrite.py,0.38269495964050293,35
pytest-dev__pytest-11148,testing/test_conftest.py,0.46840155124664307,14
pytest-dev__pytest-11148,testing/test_pluginmanager.py,0.40131235122680664,27
pytest-dev__pytest-11148,src/_pytest/pathlib.py,0.6456562876701355,2
pytest-dev__pytest-11148,src/_pytest/python.py,0.454811155796051,15
pytest-dev__pytest-11148,testing/acceptance_test.py,0.5540844202041626,3
pytest-dev__pytest-11148,testing/test_pytester.py,0.5347096920013428,6
pytest-dev__pytest-11148,src/_pytest/_py/path.py,0.5482865571975708,5
pytest-dev__pytest-11148,src/py.py,0.4050721228122711,26
pytest-dev__pytest-11148,testing/python/fixtures.py,0.393827885389328,29
pytest-dev__pytest-11148,testing/test_capture.py,0.3753400444984436,36
pytest-dev__pytest-11148,testing/test_runner.py,0.4355173707008362,18
pytest-dev__pytest-11148,src/_pytest/pytester.py,0.36441558599472046,40
pytest-dev__pytest-11148,testing/test_entry_points.py,0.3863929510116577,34
pytest-dev__pytest-11148,testing/python/integration.py,0.3572086691856384,42
pytest-dev__pytest-11148,testing/test_config.py,0.3901040256023407,32
pytest-dev__pytest-11148,src/_pytest/config/__init__.py,0.5191313028335571,8
pytest-dev__pytest-11148,testing/test_cacheprovider.py,0.4240303635597229,21
pytest-dev__pytest-11148,src/_pytest/logging.py,0.42021888494491577,22
pytest-dev__pytest-11148,testing/test_runner_xunit.py,0.3901040256023407,32
pytest-dev__pytest-11148,doc/en/example/assertion/global_testmodule_config/conftest.py,0.36441558599472046,40
pytest-dev__pytest-11148,testing/test_monkeypatch.py,0.4781389832496643,11
pytest-dev__pytest-11148,src/_pytest/assertion/rewrite.py,0.5015625357627869,10
pytest-dev__pytest-11148,src/_pytest/fixtures.py,0.393827885389328,29
pytest-dev__pytest-11148,testing/logging/test_fixture.py,0.408843070268631,25
pytest-dev__pytest-11148,testing/test_terminal.py,0.37168383598327637,37
pytest-dev__pytest-11148,testing/test_debugging.py,0.36080431938171387,41
pytest-dev__pytest-11148,testing/test_doctest.py,0.5171807408332825,9
pytest-dev__pytest-11148,testing/logging/test_reporting.py,0.4355173707008362,18
pytest-dev__pytest-11148,testing/test_warnings.py,0.3901040256023407,32
pytest-dev__pytest-11148,src/_pytest/main.py,0.46840155124664307,14
pytest-dev__pytest-11148,src/_pytest/freeze_support.py,0.4278508424758911,20
pytest-dev__pytest-11148,src/pytest/__init__.py,0.36441558599472046,40
pytest-dev__pytest-11148,src/_pytest/legacypath.py,0.41641688346862793,24
pytest-dev__pytest-11148,testing/test_assertion.py,0.35362908244132996,44
pytest-dev__pytest-11148,src/_pytest/monkeypatch.py,0.47424158453941345,12
pytest-dev__pytest-11148,testing/test_setupplan.py,0.32904666662216187,49
pytest-dev__pytest-11148,testing/test_unittest.py,0.34298956394195557,45
pytest-dev__pytest-11148,doc/en/example/assertion/test_setup_flow_example.py,0.33947718143463135,46
pytest-dev__pytest-11148,testing/example_scripts/unittest/test_setup_skip_module.py,0.332505464553833,48
pytest-dev__pytest-11148,testing/examples/test_issue519.py,0.332505464553833,48
pytest-dev__pytest-11148,testing/test_session.py,0.41641688346862793,24
pytest-dev__pytest-11148,src/_pytest/doctest.py,0.4278508424758911,20
pytest-dev__pytest-11148,testing/test_legacypath.py,0.31539851427078247,50
pytest-dev__pytest-11160,src/_pytest/recwarn.py,0.8485208749771118,1
pytest-dev__pytest-11160,testing/test_recwarn.py,0.7292113304138184,2
pytest-dev__pytest-11160,testing/test_warning_types.py,0.454811155796051,18
pytest-dev__pytest-11160,testing/test_warnings.py,0.5132781267166138,7
pytest-dev__pytest-11160,src/_pytest/warning_types.py,0.5979365706443787,5
pytest-dev__pytest-11160,src/_pytest/warnings.py,0.6165664792060852,4
pytest-dev__pytest-11160,src/_pytest/pytester.py,0.4703473448753357,15
pytest-dev__pytest-11160,testing/test_nodes.py,0.43936243653297424,23
pytest-dev__pytest-11160,testing/test_unraisableexception.py,0.3975641429424286,40
pytest-dev__pytest-11160,testing/example_scripts/warnings/test_group_warnings_by_message_summary/test_1.py,0.4278508424758911,27
pytest-dev__pytest-11160,testing/example_scripts/warnings/test_group_warnings_by_message.py,0.43936243653297424,23
pytest-dev__pytest-11160,testing/test_unittest.py,0.4586881399154663,17
pytest-dev__pytest-11160,testing/test_pytester.py,0.41641688346862793,33
pytest-dev__pytest-11160,src/_pytest/python.py,0.49765628576278687,9
pytest-dev__pytest-11160,testing/code/test_excinfo.py,0.37168383598327637,48
pytest-dev__pytest-11160,src/_pytest/terminal.py,0.49960941076278687,8
pytest-dev__pytest-11160,testing/test_config.py,0.4240303635597229,28
pytest-dev__pytest-11160,src/_pytest/deprecated.py,0.4432148039340973,21
pytest-dev__pytest-11160,testing/test_runner.py,0.4050721228122711,36
pytest-dev__pytest-11160,src/_pytest/pytester_assertions.py,0.47229403257369995,12
pytest-dev__pytest-11160,testing/python/collect.py,0.4278508424758911,27
pytest-dev__pytest-11160,src/_pytest/doctest.py,0.3975641429424286,40
pytest-dev__pytest-11160,src/_pytest/_code/code.py,0.4278508424758911,27
pytest-dev__pytest-11160,testing/deprecated_test.py,0.5191313028335571,6
pytest-dev__pytest-11160,testing/python/integration.py,0.3901040256023407,46
pytest-dev__pytest-11160,src/_pytest/hookspec.py,0.4703473448753357,15
pytest-dev__pytest-11160,testing/test_assertrewrite.py,0.36441558599472046,49
pytest-dev__pytest-11160,testing/examples/test_issue519.py,0.3975641429424286,40
pytest-dev__pytest-11160,src/pytest/__init__.py,0.6702630519866943,3
pytest-dev__pytest-11160,src/_pytest/unittest.py,0.4050721228122711,36
pytest-dev__pytest-11160,testing/logging/test_reporting.py,0.4509396255016327,19
pytest-dev__pytest-11160,testing/test_assertion.py,0.393827885389328,43
pytest-dev__pytest-11160,testing/test_compat.py,0.3901040256023407,46
pytest-dev__pytest-11160,testing/logging/test_fixture.py,0.41641688346862793,33
pytest-dev__pytest-11160,testing/test_terminal.py,0.4355173707008362,24
pytest-dev__pytest-11160,src/_pytest/nodes.py,0.4586881399154663,17
pytest-dev__pytest-11160,testing/acceptance_test.py,0.41641688346862793,33
pytest-dev__pytest-11160,testing/python/raises.py,0.3901040256023407,46
pytest-dev__pytest-11160,testing/test_collection.py,0.3863929510116577,47
pytest-dev__pytest-11160,src/_pytest/outcomes.py,0.47229403257369995,12
pytest-dev__pytest-11160,src/_pytest/unraisableexception.py,0.4432148039340973,21
pytest-dev__pytest-11160,testing/test_mark.py,0.4050721228122711,36
pytest-dev__pytest-11160,src/_pytest/reports.py,0.4703473448753357,15
pytest-dev__pytest-11160,src/_pytest/python_api.py,0.4820389747619629,10
pytest-dev__pytest-11160,testing/test_doctest.py,0.41641688346862793,33
pytest-dev__pytest-11160,src/_pytest/assertion/rewrite.py,0.393827885389328,43
pytest-dev__pytest-11160,testing/test_pluginmanager.py,0.42021888494491577,29
pytest-dev__pytest-11160,doc/en/conf.py,0.33947718143463135,50
pytest-dev__pytest-11160,testing/conftest.py,0.3975641429424286,40
pytest-dev__pytest-11160,testing/test_stepwise.py,0.393827885389328,43
pytest-dev__pytest-11178,src/_pytest/python_api.py,0.6805390119552612,2
pytest-dev__pytest-11178,testing/python/approx.py,0.7022034525871277,1
pytest-dev__pytest-11178,testing/test_assertion.py,0.454811155796051,8
pytest-dev__pytest-11178,testing/test_assertrewrite.py,0.3790105879306793,24
pytest-dev__pytest-11178,testing/test_unittest.py,0.33598238229751587,40
pytest-dev__pytest-11178,doc/en/example/assertion/failure_demo.py,0.41641688346862793,13
pytest-dev__pytest-11178,testing/test_error_diffs.py,0.5132781267166138,5
pytest-dev__pytest-11178,testing/python/raises.py,0.36080431938171387,28
pytest-dev__pytest-11178,testing/python/integration.py,0.36441558599472046,25
pytest-dev__pytest-11178,testing/typing_checks.py,0.33598238229751587,40
pytest-dev__pytest-11178,testing/test_doctest.py,0.3863929510116577,20
pytest-dev__pytest-11178,src/_pytest/doctest.py,0.4278508424758911,11
pytest-dev__pytest-11178,src/_pytest/assertion/util.py,0.5904014110565186,3
pytest-dev__pytest-11178,testing/code/test_excinfo.py,0.332505464553833,41
pytest-dev__pytest-11178,src/_pytest/python.py,0.4240303635597229,12
pytest-dev__pytest-11178,testing/test_compat.py,0.34298956394195557,36
pytest-dev__pytest-11178,src/_pytest/assertion/__init__.py,0.5074213147163391,6
pytest-dev__pytest-11178,src/_pytest/assertion/rewrite.py,0.49375033378601074,7
pytest-dev__pytest-11178,testing/io/test_saferepr.py,0.4355173707008362,10
pytest-dev__pytest-11178,testing/test_reports.py,0.38269495964050293,21
pytest-dev__pytest-11178,src/_pytest/pytester_assertions.py,0.43936243653297424,9
pytest-dev__pytest-11178,src/_pytest/compat.py,0.34651920199394226,35
pytest-dev__pytest-11178,testing/test_session.py,0.3790105879306793,24
pytest-dev__pytest-11178,testing/examples/test_issue519.py,0.3256063163280487,44
pytest-dev__pytest-11178,src/_pytest/_code/code.py,0.3790105879306793,24
pytest-dev__pytest-11178,doc/en/example/xfail_demo.py,0.35362908244132996,33
pytest-dev__pytest-11178,testing/test_unraisableexception.py,0.32218465209007263,45
pytest-dev__pytest-11178,testing/test_pytester.py,0.34651920199394226,35
pytest-dev__pytest-11178,src/_pytest/unittest.py,0.4050721228122711,16
pytest-dev__pytest-11178,src/_pytest/outcomes.py,0.35362908244132996,33
pytest-dev__pytest-11178,src/_pytest/skipping.py,0.36080431938171387,28
pytest-dev__pytest-11178,testing/python/collect.py,0.32904666662216187,42
pytest-dev__pytest-11178,src/_pytest/pytester.py,0.40131235122680664,17
pytest-dev__pytest-11178,testing/acceptance_test.py,0.3572086691856384,30
pytest-dev__pytest-11178,src/_pytest/reports.py,0.3863929510116577,20
pytest-dev__pytest-11178,testing/test_pluginmanager.py,0.35362908244132996,33
pytest-dev__pytest-11178,src/_pytest/fixtures.py,0.4126248061656952,14
pytest-dev__pytest-11178,testing/test_runner.py,0.3256063163280487,44
pytest-dev__pytest-11178,testing/test_warning_types.py,0.28905048966407776,50
pytest-dev__pytest-11178,testing/example_scripts/config/collect_pytest_prefix/conftest.py,0.3020615577697754,48
pytest-dev__pytest-11178,testing/test_monkeypatch.py,0.36080431938171387,28
pytest-dev__pytest-11178,testing/test_entry_points.py,0.29227200150489807,49
pytest-dev__pytest-11178,testing/test_recwarn.py,0.3572086691856384,30
pytest-dev__pytest-11178,src/_pytest/recwarn.py,0.4050721228122711,16
pytest-dev__pytest-11178,testing/test_skipping.py,0.33947718143463135,37
pytest-dev__pytest-11178,doc/en/example/assertion/test_failures.py,0.30536580085754395,47
pytest-dev__pytest-11178,testing/test_collection.py,0.3120344877243042,46
pytest-dev__pytest-11178,src/_pytest/warning_types.py,0.3901040256023407,18
pytest-dev__pytest-11178,testing/test_config.py,0.33598238229751587,40
pytest-dev__pytest-11178,src/pytest/__init__.py,0.5790196061134338,4
pytest-dev__pytest-11217,testing/test_skipping.py,0.4432148039340973,18
pytest-dev__pytest-11217,testing/test_junitxml.py,0.41641688346862793,22
pytest-dev__pytest-11217,testing/test_unittest.py,0.46645671129226685,11
pytest-dev__pytest-11217,src/_pytest/unittest.py,0.6527729034423828,1
pytest-dev__pytest-11217,testing/test_runner.py,0.4586881399154663,15
pytest-dev__pytest-11217,src/_pytest/skipping.py,0.46840155124664307,10
pytest-dev__pytest-11217,testing/test_terminal.py,0.4432148039340973,18
pytest-dev__pytest-11217,src/_pytest/python.py,0.5979365706443787,2
pytest-dev__pytest-11217,testing/python/collect.py,0.3901040256023407,31
pytest-dev__pytest-11217,testing/python/fixtures.py,0.4240303635597229,21
pytest-dev__pytest-11217,testing/test_doctest.py,0.332505464553833,41
pytest-dev__pytest-11217,src/_pytest/outcomes.py,0.4645129144191742,13
pytest-dev__pytest-11217,testing/test_nose.py,0.3680422008037567,36
pytest-dev__pytest-11217,testing/acceptance_test.py,0.393827885389328,29
pytest-dev__pytest-11217,src/_pytest/fixtures.py,0.4957032799720764,7
pytest-dev__pytest-11217,testing/test_setupplan.py,0.4625701606273651,14
pytest-dev__pytest-11217,src/_pytest/setuponly.py,0.5694696307182312,3
pytest-dev__pytest-11217,testing/test_session.py,0.3863929510116577,33
pytest-dev__pytest-11217,testing/test_setuponly.py,0.46840155124664307,10
pytest-dev__pytest-11217,testing/example_scripts/unittest/test_setup_skip_module.py,0.4278508424758911,20
pytest-dev__pytest-11217,bench/skip.py,0.3256063163280487,47
pytest-dev__pytest-11217,testing/python/show_fixtures_per_test.py,0.49960941076278687,6
pytest-dev__pytest-11217,src/_pytest/junitxml.py,0.40131235122680664,26
pytest-dev__pytest-11217,testing/example_scripts/unittest/test_setup_skip.py,0.4126248061656952,24
pytest-dev__pytest-11217,src/_pytest/setupplan.py,0.5132781267166138,5
pytest-dev__pytest-11217,testing/test_assertrewrite.py,0.32904666662216187,45
pytest-dev__pytest-11217,src/_pytest/runner.py,0.4509396255016327,16
pytest-dev__pytest-11217,testing/example_scripts/unittest/test_setup_skip_class.py,0.3975641429424286,28
pytest-dev__pytest-11217,testing/test_runner_xunit.py,0.5327655076980591,4
pytest-dev__pytest-11217,testing/python/integration.py,0.3863929510116577,33
pytest-dev__pytest-11217,doc/en/example/assertion/global_testmodule_config/conftest.py,0.32218465209007263,48
pytest-dev__pytest-11217,testing/test_collection.py,0.33598238229751587,40
pytest-dev__pytest-11217,src/_pytest/hookspec.py,0.4645129144191742,13
pytest-dev__pytest-11217,src/_pytest/doctest.py,0.3901040256023407,31
pytest-dev__pytest-11217,src/_pytest/nose.py,0.43168002367019653,19
pytest-dev__pytest-11217,testing/test_capture.py,0.32904666662216187,45
pytest-dev__pytest-11217,testing/test_pytester.py,0.3256063163280487,47
pytest-dev__pytest-11217,testing/test_stepwise.py,0.36441558599472046,37
pytest-dev__pytest-11217,testing/python/metafunc.py,0.4126248061656952,24
pytest-dev__pytest-11217,testing/deprecated_test.py,0.3187819719314575,49
pytest-dev__pytest-11217,testing/test_mark.py,0.3572086691856384,39
pytest-dev__pytest-11217,src/_pytest/_code/code.py,0.3975641429424286,28
pytest-dev__pytest-11217,testing/test_cacheprovider.py,0.36080431938171387,38
pytest-dev__pytest-11217,testing/test_warnings.py,0.32904666662216187,45
pytest-dev__pytest-11217,testing/conftest.py,0.37168383598327637,35
pytest-dev__pytest-11217,testing/test_debugging.py,0.40131235122680664,26
pytest-dev__pytest-11217,src/_pytest/reports.py,0.4878930151462555,8
pytest-dev__pytest-11217,testing/test_reports.py,0.3753400444984436,34
pytest-dev__pytest-11217,src/_pytest/pytester.py,0.32904666662216187,45
pytest-dev__pytest-11217,testing/examples/test_issue519.py,0.3020615577697754,50
pytest-dev__pytest-5103,src/_pytest/assertion/__init__.py,0.6923092603683472,2
pytest-dev__pytest-5103,src/_pytest/assertion/rewrite.py,0.7135114669799805,1
pytest-dev__pytest-5103,doc/en/example/assertion/failure_demo.py,0.5656346678733826,8
pytest-dev__pytest-5103,testing/test_assertrewrite.py,0.6580659747123718,4
pytest-dev__pytest-5103,testing/test_assertion.py,0.4839898645877838,23
pytest-dev__pytest-5103,src/_pytest/assertion/util.py,0.6822351217269897,3
pytest-dev__pytest-5103,src/_pytest/pytester.py,0.5191313028335571,14
pytest-dev__pytest-5103,testing/test_session.py,0.49765628576278687,19
pytest-dev__pytest-5103,testing/test_terminal.py,0.4820389747619629,24
pytest-dev__pytest-5103,testing/test_runner.py,0.46840155124664307,28
pytest-dev__pytest-5103,testing/python/integration.py,0.4878930151462555,22
pytest-dev__pytest-5103,src/_pytest/doctest.py,0.4898451566696167,20
pytest-dev__pytest-5103,src/_pytest/reports.py,0.5752062797546387,7
pytest-dev__pytest-5103,src/_pytest/nodes.py,0.5230305790901184,13
pytest-dev__pytest-5103,testing/python/collect.py,0.42021888494491577,46
pytest-dev__pytest-5103,src/_pytest/terminal.py,0.6054258346557617,5
pytest-dev__pytest-5103,testing/test_doctest.py,0.4278508424758911,43
pytest-dev__pytest-5103,testing/test_reports.py,0.5093739032745361,17
pytest-dev__pytest-5103,testing/examples/test_issue519.py,0.46645671129226685,30
pytest-dev__pytest-5103,testing/test_pytester.py,0.5230305790901184,13
pytest-dev__pytest-5103,src/_pytest/runner.py,0.47618991136550903,26
pytest-dev__pytest-5103,testing/python/show_fixtures_per_test.py,0.4050721228122711,48
pytest-dev__pytest-5103,testing/code/test_excinfo.py,0.4703473448753357,27
pytest-dev__pytest-5103,src/_pytest/warning_types.py,0.5230305790901184,13
pytest-dev__pytest-5103,testing/python/setup_plan.py,0.332505464553833,50
pytest-dev__pytest-5103,src/_pytest/_code/code.py,0.5579416155815125,9
pytest-dev__pytest-5103,src/_pytest/skipping.py,0.47618991136550903,26
pytest-dev__pytest-5103,testing/python/raises.py,0.43936243653297424,39
pytest-dev__pytest-5103,src/_pytest/unittest.py,0.4432148039340973,38
pytest-dev__pytest-5103,testing/test_config.py,0.5074213147163391,18
pytest-dev__pytest-5103,testing/acceptance_test.py,0.4470740258693695,37
pytest-dev__pytest-5103,src/_pytest/assertion/truncate.py,0.5904014110565186,6
pytest-dev__pytest-5103,testing/test_collection.py,0.454811155796051,34
pytest-dev__pytest-5103,testing/test_warnings.py,0.4240303635597229,44
pytest-dev__pytest-5103,testing/python/fixtures.py,0.42021888494491577,46
pytest-dev__pytest-5103,testing/test_compat.py,0.5288740992546082,10
pytest-dev__pytest-5103,src/_pytest/hookspec.py,0.454811155796051,34
pytest-dev__pytest-5103,doc/en/example/assertion/test_failures.py,0.46645671129226685,30
pytest-dev__pytest-5103,src/_pytest/python.py,0.4586881399154663,32
pytest-dev__pytest-5103,src/_pytest/cacheprovider.py,0.5152297019958496,16
pytest-dev__pytest-5103,testing/code/test_source.py,0.4509396255016327,36
pytest-dev__pytest-5103,testing/code/test_code.py,0.4126248061656952,47
pytest-dev__pytest-5103,testing/python/metafunc.py,0.4509396255016327,36
pytest-dev__pytest-5103,testing/python/approx.py,0.4878930151462555,22
pytest-dev__pytest-5103,src/_pytest/stepwise.py,0.4586881399154663,32
pytest-dev__pytest-5103,src/_pytest/python_api.py,0.5152297019958496,16
pytest-dev__pytest-5103,testing/test_monkeypatch.py,0.4278508424758911,43
pytest-dev__pytest-5103,src/_pytest/recwarn.py,0.43168002367019653,40
pytest-dev__pytest-5103,src/_pytest/main.py,0.3975641429424286,49
pytest-dev__pytest-5103,testing/python/setup_only.py,0.4278508424758911,43
pytest-dev__pytest-5205,src/_pytest/junitxml.py,0.798564076423645,1
pytest-dev__pytest-5205,testing/test_junitxml.py,0.6972792148590088,2
pytest-dev__pytest-5205,src/_pytest/unittest.py,0.43936243653297424,9
pytest-dev__pytest-5205,testing/test_reports.py,0.4625701606273651,8
pytest-dev__pytest-5205,testing/test_resultlog.py,0.41641688346862793,20
pytest-dev__pytest-5205,src/_pytest/reports.py,0.6091521978378296,3
pytest-dev__pytest-5205,testing/test_pytester.py,0.393827885389328,25
pytest-dev__pytest-5205,testing/deprecated_test.py,0.3790105879306793,32
pytest-dev__pytest-5205,src/_pytest/resultlog.py,0.4240303635597229,16
pytest-dev__pytest-5205,testing/test_terminal.py,0.4240303635597229,16
pytest-dev__pytest-5205,src/_pytest/nodes.py,0.4278508424758911,13
pytest-dev__pytest-5205,testing/examples/test_issue519.py,0.34651920199394226,40
pytest-dev__pytest-5205,testing/test_doctest.py,0.42021888494491577,18
pytest-dev__pytest-5205,src/_pytest/deprecated.py,0.4645129144191742,6
pytest-dev__pytest-5205,doc/en/example/nonpython/conftest.py,0.35006579756736755,39
pytest-dev__pytest-5205,testing/test_unittest.py,0.37168383598327637,35
pytest-dev__pytest-5205,src/_pytest/terminal.py,0.4278508424758911,13
pytest-dev__pytest-5205,src/_pytest/runner.py,0.4878930151462555,4
pytest-dev__pytest-5205,testing/python/collect.py,0.3790105879306793,32
pytest-dev__pytest-5205,testing/python/setup_plan.py,0.25802674889564514,50
pytest-dev__pytest-5205,testing/test_runner.py,0.3572086691856384,38
pytest-dev__pytest-5205,testing/test_assertion.py,0.37168383598327637,35
pytest-dev__pytest-5205,testing/test_warnings.py,0.33947718143463135,46
pytest-dev__pytest-5205,src/_pytest/python.py,0.38269495964050293,29
pytest-dev__pytest-5205,src/_pytest/logging.py,0.41641688346862793,20
pytest-dev__pytest-5205,testing/acceptance_test.py,0.4050721228122711,22
pytest-dev__pytest-5205,testing/test_session.py,0.38269495964050293,29
pytest-dev__pytest-5205,src/_pytest/pytester.py,0.393827885389328,25
pytest-dev__pytest-5205,src/_pytest/hookspec.py,0.4625701606273651,8
pytest-dev__pytest-5205,testing/example_scripts/fixtures/custom_item/conftest.py,0.282671183347702,49
pytest-dev__pytest-5205,testing/test_collection.py,0.36441558599472046,37
pytest-dev__pytest-5205,src/_pytest/warnings.py,0.4240303635597229,16
pytest-dev__pytest-5205,testing/example_scripts/config/collect_pytest_prefix/conftest.py,0.2987777292728424,48
pytest-dev__pytest-5205,src/_pytest/warning_types.py,0.3901040256023407,26
pytest-dev__pytest-5205,testing/test_pluginmanager.py,0.42021888494491577,18
pytest-dev__pytest-5205,src/_pytest/skipping.py,0.43168002367019653,10
pytest-dev__pytest-5205,testing/python/integration.py,0.3790105879306793,32
pytest-dev__pytest-5205,testing/test_mark.py,0.3863929510116577,27
pytest-dev__pytest-5205,testing/example_scripts/issue88_initial_file_multinodes/conftest.py,0.33947718143463135,46
pytest-dev__pytest-5205,testing/python/fixtures.py,0.34298956394195557,42
pytest-dev__pytest-5205,testing/python/show_fixtures_per_test.py,0.3256063163280487,47
pytest-dev__pytest-5205,testing/test_config.py,0.37168383598327637,35
pytest-dev__pytest-5205,testing/test_assertrewrite.py,0.33947718143463135,46
pytest-dev__pytest-5205,src/pytest.py,0.408843070268631,21
pytest-dev__pytest-5205,src/_pytest/assertion/__init__.py,0.4278508424758911,13
pytest-dev__pytest-5205,testing/test_cacheprovider.py,0.34298956394195557,42
pytest-dev__pytest-5205,src/_pytest/doctest.py,0.3680422008037567,36
pytest-dev__pytest-5205,src/_pytest/stepwise.py,0.393827885389328,25
pytest-dev__pytest-5205,testing/test_capture.py,0.33947718143463135,46
pytest-dev__pytest-5205,src/_pytest/config/__init__.py,0.47618991136550903,5
pytest-dev__pytest-5221,testing/python/setup_only.py,0.7465826869010925,3
pytest-dev__pytest-5221,src/_pytest/setuponly.py,0.8173413276672363,1
pytest-dev__pytest-5221,testing/python/fixtures.py,0.759653627872467,2
pytest-dev__pytest-5221,testing/python/show_fixtures_per_test.py,0.7406248450279236,4
pytest-dev__pytest-5221,src/_pytest/fixtures.py,0.6402760744094849,5
pytest-dev__pytest-5221,src/_pytest/python.py,0.6294102072715759,6
pytest-dev__pytest-5221,testing/test_doctest.py,0.47424158453941345,17
pytest-dev__pytest-5221,src/_pytest/setupplan.py,0.6257582902908325,7
pytest-dev__pytest-5221,testing/python/metafunc.py,0.5308202505111694,9
pytest-dev__pytest-5221,testing/python/setup_plan.py,0.4625701606273651,19
pytest-dev__pytest-5221,testing/acceptance_test.py,0.49765628576278687,14
pytest-dev__pytest-5221,testing/example_scripts/issue_519.py,0.521081268787384,10
pytest-dev__pytest-5221,src/_pytest/runner.py,0.5327655076980591,8
pytest-dev__pytest-5221,testing/test_terminal.py,0.393827885389328,32
pytest-dev__pytest-5221,src/_pytest/deprecated.py,0.36441558599472046,41
pytest-dev__pytest-5221,testing/conftest.py,0.3753400444984436,38
pytest-dev__pytest-5221,src/pytest.py,0.47618991136550903,15
pytest-dev__pytest-5221,src/_pytest/helpconfig.py,0.42021888494491577,25
pytest-dev__pytest-5221,src/_pytest/doctest.py,0.3901040256023407,34
pytest-dev__pytest-5221,testing/test_pdb.py,0.3256063163280487,47
pytest-dev__pytest-5221,src/_pytest/capture.py,0.43936243653297424,21
pytest-dev__pytest-5221,doc/en/example/assertion/global_testmodule_config/conftest.py,0.32904666662216187,45
pytest-dev__pytest-5221,src/_pytest/terminal.py,0.4355173707008362,23
pytest-dev__pytest-5221,src/_pytest/pytester.py,0.3256063163280487,47
pytest-dev__pytest-5221,testing/example_scripts/fixtures/fill_fixtures/test_funcarg_basic.py,0.43936243653297424,21
pytest-dev__pytest-5221,bench/manyparam.py,0.47424158453941345,17
pytest-dev__pytest-5221,src/_pytest/hookspec.py,0.35362908244132996,42
pytest-dev__pytest-5221,testing/example_scripts/fixtures/fill_fixtures/test_extend_fixture_module_class.py,0.3863929510116577,35
pytest-dev__pytest-5221,testing/python/integration.py,0.3680422008037567,40
pytest-dev__pytest-5221,testing/python/collect.py,0.393827885389328,32
pytest-dev__pytest-5221,testing/test_collection.py,0.49960941076278687,13
pytest-dev__pytest-5221,testing/example_scripts/fixtures/fill_fixtures/test_funcarg_lookup_modulelevel.py,0.37168383598327637,39
pytest-dev__pytest-5221,testing/example_scripts/fixtures/test_getfixturevalue_dynamic.py,0.393827885389328,32
pytest-dev__pytest-5221,testing/test_helpconfig.py,0.43168002367019653,24
pytest-dev__pytest-5221,src/_pytest/unittest.py,0.5015625357627869,12
pytest-dev__pytest-5221,testing/test_pluginmanager.py,0.3790105879306793,37
pytest-dev__pytest-5221,testing/test_mark.py,0.3086901903152466,50
pytest-dev__pytest-5221,src/_pytest/assertion/__init__.py,0.4126248061656952,26
pytest-dev__pytest-5221,testing/example_scripts/config/collect_pytest_prefix/conftest.py,0.31539851427078247,49
pytest-dev__pytest-5221,src/_pytest/junitxml.py,0.3975641429424286,28
pytest-dev__pytest-5221,src/_pytest/nodes.py,0.5074213147163391,11
pytest-dev__pytest-5221,src/_pytest/config/__init__.py,0.34298956394195557,44
pytest-dev__pytest-5221,testing/example_scripts/fixtures/fill_fixtures/test_funcarg_lookup_classlevel.py,0.393827885389328,32
pytest-dev__pytest-5221,src/_pytest/freeze_support.py,0.32218465209007263,48
pytest-dev__pytest-5221,src/_pytest/compat.py,0.4645129144191742,18
pytest-dev__pytest-5221,testing/test_capture.py,0.4050721228122711,27
pytest-dev__pytest-5221,testing/test_runner.py,0.38269495964050293,36
pytest-dev__pytest-5221,testing/example_scripts/fixtures/fill_fixtures/test_detect_recursive_dependency_error.py,0.4355173707008362,23
pytest-dev__pytest-5221,testing/test_session.py,0.34298956394195557,44
pytest-dev__pytest-5221,src/_pytest/logging.py,0.3901040256023407,34
pytest-dev__pytest-5227,src/_pytest/logging.py,0.6366694569587708,1
pytest-dev__pytest-5227,testing/logging/test_formatter.py,0.6275860667228699,2
pytest-dev__pytest-5227,testing/logging/test_reporting.py,0.3572086691856384,21
pytest-dev__pytest-5227,src/_pytest/resultlog.py,0.4126248061656952,6
pytest-dev__pytest-5227,testing/logging/test_fixture.py,0.47424158453941345,3
pytest-dev__pytest-5227,testing/code/test_excinfo.py,0.3790105879306793,13
pytest-dev__pytest-5227,testing/test_terminal.py,0.3680422008037567,17
pytest-dev__pytest-5227,testing/test_resultlog.py,0.4355173707008362,4
pytest-dev__pytest-5227,src/_pytest/nodes.py,0.3901040256023407,9
pytest-dev__pytest-5227,src/_pytest/reports.py,0.3680422008037567,17
pytest-dev__pytest-5227,src/_pytest/assertion/truncate.py,0.31539851427078247,46
pytest-dev__pytest-5227,src/_pytest/terminal.py,0.36080431938171387,18
pytest-dev__pytest-5227,src/_pytest/assertion/util.py,0.3753400444984436,14
pytest-dev__pytest-5227,testing/test_capture.py,0.33947718143463135,31
pytest-dev__pytest-5227,src/_pytest/assertion/__init__.py,0.33598238229751587,33
pytest-dev__pytest-5227,doc/en/_themes/flask_theme_support.py,0.393827885389328,8
pytest-dev__pytest-5227,src/_pytest/junitxml.py,0.38269495964050293,12
pytest-dev__pytest-5227,src/_pytest/_code/_py2traceback.py,0.3863929510116577,11
pytest-dev__pytest-5227,src/_pytest/_code/code.py,0.3572086691856384,21
pytest-dev__pytest-5227,src/_pytest/assertion/rewrite.py,0.35006579756736755,27
pytest-dev__pytest-5227,src/_pytest/helpconfig.py,0.33947718143463135,31
pytest-dev__pytest-5227,testing/test_assertrewrite.py,0.3256063163280487,38
pytest-dev__pytest-5227,testing/test_assertion.py,0.32218465209007263,41
pytest-dev__pytest-5227,testing/test_junitxml.py,0.393827885389328,8
pytest-dev__pytest-5227,src/_pytest/pytester.py,0.35362908244132996,23
pytest-dev__pytest-5227,testing/test_pdb.py,0.33598238229751587,33
pytest-dev__pytest-5227,src/_pytest/pastebin.py,0.34651920199394226,28
pytest-dev__pytest-5227,src/_pytest/runner.py,0.3572086691856384,21
pytest-dev__pytest-5227,scripts/release.py,0.28905048966407776,50
pytest-dev__pytest-5227,src/_pytest/setuponly.py,0.35006579756736755,27
pytest-dev__pytest-5227,src/_pytest/capture.py,0.32218465209007263,41
pytest-dev__pytest-5227,testing/test_warnings.py,0.30536580085754395,48
pytest-dev__pytest-5227,testing/python/collect.py,0.3256063163280487,38
pytest-dev__pytest-5227,testing/test_doctest.py,0.32904666662216187,35
pytest-dev__pytest-5227,testing/test_config.py,0.3086901903152466,47
pytest-dev__pytest-5227,src/_pytest/_code/source.py,0.3680422008037567,17
pytest-dev__pytest-5227,src/_pytest/warning_types.py,0.33947718143463135,31
pytest-dev__pytest-5227,src/_pytest/compat.py,0.4240303635597229,5
pytest-dev__pytest-5227,src/_pytest/_code/__init__.py,0.31539851427078247,46
pytest-dev__pytest-5227,src/_pytest/python.py,0.35362908244132996,23
pytest-dev__pytest-5227,src/_pytest/_io/saferepr.py,0.35006579756736755,27
pytest-dev__pytest-5227,doc/en/conf.py,0.3863929510116577,11
pytest-dev__pytest-5227,src/_pytest/warnings.py,0.31539851427078247,46
pytest-dev__pytest-5227,src/_pytest/cacheprovider.py,0.332505464553833,34
pytest-dev__pytest-5227,testing/deprecated_test.py,0.3187819719314575,42
pytest-dev__pytest-5227,src/_pytest/config/argparsing.py,0.29551446437835693,49
pytest-dev__pytest-5227,bench/bench_argcomplete.py,0.31539851427078247,46
pytest-dev__pytest-5227,src/_pytest/doctest.py,0.35006579756736755,27
pytest-dev__pytest-5227,src/_pytest/main.py,0.32218465209007263,41
pytest-dev__pytest-5227,src/_pytest/debugging.py,0.3256063163280487,38
pytest-dev__pytest-5254,src/_pytest/fixtures.py,0.7567892074584961,1
pytest-dev__pytest-5254,testing/python/collect.py,0.5732962489128113,7
pytest-dev__pytest-5254,testing/python/fixtures.py,0.6239269375801086,3
pytest-dev__pytest-5254,testing/python/metafunc.py,0.47229403257369995,13
pytest-dev__pytest-5254,testing/python/setup_only.py,0.5444138646125793,8
pytest-dev__pytest-5254,testing/example_scripts/issue_519.py,0.5366528630256653,9
pytest-dev__pytest-5254,src/_pytest/python.py,0.7253374457359314,2
pytest-dev__pytest-5254,testing/test_mark.py,0.43936243653297424,17
pytest-dev__pytest-5254,testing/example_scripts/fixtures/test_getfixturevalue_dynamic.py,0.4898451566696167,11
pytest-dev__pytest-5254,testing/python/integration.py,0.3790105879306793,30
pytest-dev__pytest-5254,testing/test_conftest.py,0.4240303635597229,20
pytest-dev__pytest-5254,src/_pytest/mark/structures.py,0.5152297019958496,10
pytest-dev__pytest-5254,testing/acceptance_test.py,0.3901040256023407,28
pytest-dev__pytest-5254,testing/example_scripts/fixtures/fill_fixtures/test_detect_recursive_dependency_error.py,0.6147178411483765,4
pytest-dev__pytest-5254,testing/example_scripts/unittest/test_parametrized_fixture_error_message.py,0.5790196061134338,5
pytest-dev__pytest-5254,testing/example_scripts/fixtures/fill_fixtures/test_funcarg_basic.py,0.4470740258693695,16
pytest-dev__pytest-5254,bench/manyparam.py,0.4278508424758911,19
pytest-dev__pytest-5254,testing/test_doctest.py,0.37168383598327637,35
pytest-dev__pytest-5254,testing/python/setup_plan.py,0.393827885389328,27
pytest-dev__pytest-5254,testing/example_scripts/fixtures/fill_fixtures/test_extend_fixture_module_class.py,0.37168383598327637,35
pytest-dev__pytest-5254,testing/example_scripts/fixtures/fill_fixtures/test_conftest_funcargs_only_available_in_subdir/sub1/conftest.py,0.3572086691856384,38
pytest-dev__pytest-5254,testing/example_scripts/fixtures/fill_fixtures/test_funcarg_lookup_modulelevel.py,0.35362908244132996,40
pytest-dev__pytest-5254,testing/example_scripts/fixtures/fill_fixtures/test_conftest_funcargs_only_available_in_subdir/sub2/conftest.py,0.34651920199394226,42
pytest-dev__pytest-5254,testing/python/show_fixtures_per_test.py,0.3753400444984436,32
pytest-dev__pytest-5254,src/_pytest/deprecated.py,0.40131235122680664,25
pytest-dev__pytest-5254,src/_pytest/mark/__init__.py,0.4625701606273651,14
pytest-dev__pytest-5254,testing/example_scripts/acceptance/fixture_mock_integration.py,0.34298956394195557,45
pytest-dev__pytest-5254,src/_pytest/unittest.py,0.36080431938171387,37
pytest-dev__pytest-5254,src/_pytest/runner.py,0.4278508424758911,19
pytest-dev__pytest-5254,testing/test_unittest.py,0.454811155796051,15
pytest-dev__pytest-5254,src/_pytest/nodes.py,0.4781389832496643,12
pytest-dev__pytest-5254,src/_pytest/pytester.py,0.40131235122680664,25
pytest-dev__pytest-5254,testing/examples/test_issue519.py,0.32218465209007263,48
pytest-dev__pytest-5254,testing/example_scripts/fixtures/fill_fixtures/test_funcarg_lookupfails.py,0.3975641429424286,26
pytest-dev__pytest-5254,testing/test_session.py,0.31539851427078247,49
pytest-dev__pytest-5254,testing/example_scripts/fixtures/fill_fixtures/test_funcarg_lookup_classlevel.py,0.37168383598327637,35
pytest-dev__pytest-5254,testing/test_runner.py,0.36080431938171387,37
pytest-dev__pytest-5254,testing/test_nose.py,0.34298956394195557,45
pytest-dev__pytest-5254,testing/test_cacheprovider.py,0.32218465209007263,48
pytest-dev__pytest-5254,src/_pytest/monkeypatch.py,0.408843070268631,23
pytest-dev__pytest-5254,src/_pytest/main.py,0.408843070268631,23
pytest-dev__pytest-5254,testing/test_pluginmanager.py,0.3256063163280487,46
pytest-dev__pytest-5254,src/_pytest/setuponly.py,0.5732962489128113,7
pytest-dev__pytest-5254,testing/test_runner_xunit.py,0.3790105879306793,30
pytest-dev__pytest-5254,testing/conftest.py,0.35006579756736755,41
pytest-dev__pytest-5254,testing/test_assertion.py,0.30536580085754395,50
pytest-dev__pytest-5254,testing/test_tmpdir.py,0.35362908244132996,40
pytest-dev__pytest-5254,src/_pytest/compat.py,0.42021888494491577,21
pytest-dev__pytest-5254,testing/test_nodes.py,0.3753400444984436,32
pytest-dev__pytest-5254,testing/example_scripts/fixtures/fill_fixtures/test_extend_fixture_conftest_module/test_extend_fixture_conftest_module.py,0.34298956394195557,45
pytest-dev__pytest-5262,src/_pytest/capture.py,0.8430441617965698,1
pytest-dev__pytest-5262,testing/test_capture.py,0.7436150908470154,2
pytest-dev__pytest-5262,src/_pytest/assertion/rewrite.py,0.5847217440605164,13
pytest-dev__pytest-5262,testing/test_assertrewrite.py,0.6035580039024353,9
pytest-dev__pytest-5262,testing/test_runner.py,0.49179762601852417,41
pytest-dev__pytest-5262,testing/test_terminal.py,0.4957032799720764,38
pytest-dev__pytest-5262,testing/test_junitxml.py,0.5269270539283752,27
pytest-dev__pytest-5262,testing/test_pastebin.py,0.5327655076980591,25
pytest-dev__pytest-5262,testing/code/test_code.py,0.5385949611663818,23
pytest-dev__pytest-5262,testing/test_pytester.py,0.5675531625747681,15
pytest-dev__pytest-5262,src/_pytest/doctest.py,0.5540844202041626,20
pytest-dev__pytest-5262,testing/logging/test_reporting.py,0.5152297019958496,31
pytest-dev__pytest-5262,testing/test_assertion.py,0.49375033378601074,40
pytest-dev__pytest-5262,testing/test_warnings.py,0.49375033378601074,40
pytest-dev__pytest-5262,src/_pytest/pytester.py,0.5960569977760315,10
pytest-dev__pytest-5262,testing/test_doctest.py,0.48008865118026733,44
pytest-dev__pytest-5262,src/_pytest/terminal.py,0.6438668966293335,5
pytest-dev__pytest-5262,testing/test_resultlog.py,0.5560138821601868,19
pytest-dev__pytest-5262,testing/python/collect.py,0.4839898645877838,42
pytest-dev__pytest-5262,src/_pytest/logging.py,0.6580659747123718,4
pytest-dev__pytest-5262,testing/examples/test_issue519.py,0.5015625357627869,36
pytest-dev__pytest-5262,src/_pytest/assertion/__init__.py,0.5035156011581421,35
pytest-dev__pytest-5262,src/_pytest/junitxml.py,0.6035580039024353,9
pytest-dev__pytest-5262,src/_pytest/reports.py,0.5617918968200684,17
pytest-dev__pytest-5262,src/_pytest/pastebin.py,0.6348603367805481,6
pytest-dev__pytest-5262,testing/code/test_source.py,0.5385949611663818,23
pytest-dev__pytest-5262,src/_pytest/warnings.py,0.5598676800727844,18
pytest-dev__pytest-5262,src/_pytest/compat.py,0.6754221320152283,3
pytest-dev__pytest-5262,testing/code/test_excinfo.py,0.5054685473442078,34
pytest-dev__pytest-5262,testing/test_pdb.py,0.4586881399154663,45
pytest-dev__pytest-5262,testing/test_monkeypatch.py,0.4820389747619629,43
pytest-dev__pytest-5262,doc/en/example/py2py3/conftest.py,0.43936243653297424,47
pytest-dev__pytest-5262,src/_pytest/resultlog.py,0.5941745638847351,11
pytest-dev__pytest-5262,src/_pytest/_code/code.py,0.521081268787384,28
pytest-dev__pytest-5262,testing/logging/test_fixture.py,0.5482865571975708,21
pytest-dev__pytest-5262,testing/test_pathlib.py,0.4050721228122711,49
pytest-dev__pytest-5262,src/_pytest/nodes.py,0.5885108113288879,12
pytest-dev__pytest-5262,src/_pytest/unittest.py,0.5617918968200684,17
pytest-dev__pytest-5262,testing/example_scripts/fixtures/custom_item/conftest.py,0.40131235122680664,50
pytest-dev__pytest-5262,src/_pytest/warning_types.py,0.5288740992546082,26
pytest-dev__pytest-5262,testing/acceptance_test.py,0.4957032799720764,38
pytest-dev__pytest-5262,testing/test_config.py,0.5191313028335571,30
pytest-dev__pytest-5262,testing/test_collection.py,0.5347096920013428,24
pytest-dev__pytest-5262,testing/test_reports.py,0.5191313028335571,30
pytest-dev__pytest-5262,src/_pytest/cacheprovider.py,0.5074213147163391,33
pytest-dev__pytest-5262,testing/logging/test_formatter.py,0.4126248061656952,48
pytest-dev__pytest-5262,testing/example_scripts/issue88_initial_file_multinodes/conftest.py,0.4432148039340973,46
pytest-dev__pytest-5262,src/_pytest/runner.py,0.5675531625747681,15
pytest-dev__pytest-5262,testing/python/metafunc.py,0.6239269375801086,7
pytest-dev__pytest-5262,testing/test_session.py,0.5113261938095093,32
pytest-dev__pytest-5281,testing/test_runner.py,0.6165664792060852,25
pytest-dev__pytest-5281,testing/test_doctest.py,0.6839264035224915,9
pytest-dev__pytest-5281,testing/code/test_excinfo.py,0.7406248450279236,3
pytest-dev__pytest-5281,testing/test_warnings.py,0.5771140456199646,31
pytest-dev__pytest-5281,testing/code/test_code.py,0.6294102072715759,21
pytest-dev__pytest-5281,testing/test_capture.py,0.5828235149383545,30
pytest-dev__pytest-5281,src/_pytest/_code/code.py,0.7610771059989929,1
pytest-dev__pytest-5281,src/_pytest/doctest.py,0.6788381338119507,11
pytest-dev__pytest-5281,src/_pytest/reports.py,0.6822351217269897,10
pytest-dev__pytest-5281,testing/test_terminal.py,0.6147178411483765,27
pytest-dev__pytest-5281,testing/code/test_source.py,0.5732962489128113,33
pytest-dev__pytest-5281,src/_pytest/terminal.py,0.7345767617225647,5
pytest-dev__pytest-5281,testing/test_assertion.py,0.6147178411483765,27
pytest-dev__pytest-5281,src/_pytest/compat.py,0.6719873547554016,12
pytest-dev__pytest-5281,testing/test_assertrewrite.py,0.5637142658233643,36
pytest-dev__pytest-5281,src/_pytest/warnings.py,0.7030196189880371,6
pytest-dev__pytest-5281,testing/test_junitxml.py,0.6650626063346863,13
pytest-dev__pytest-5281,testing/io/test_saferepr.py,0.6275860667228699,22
pytest-dev__pytest-5281,src/_pytest/assertion/util.py,0.6856127977371216,8
pytest-dev__pytest-5281,testing/python/metafunc.py,0.6165664792060852,25
pytest-dev__pytest-5281,src/_pytest/pytester.py,0.6580659747123718,14
pytest-dev__pytest-5281,testing/test_session.py,0.5540844202041626,41
pytest-dev__pytest-5281,testing/test_pastebin.py,0.633047342300415,20
pytest-dev__pytest-5281,testing/test_pytester.py,0.6366694569587708,18
pytest-dev__pytest-5281,src/_pytest/capture.py,0.638474702835083,17
pytest-dev__pytest-5281,src/_pytest/_code/_py2traceback.py,0.7428696751594543,2
pytest-dev__pytest-5281,src/_pytest/assertion/rewrite.py,0.6091521978378296,28
pytest-dev__pytest-5281,testing/test_reports.py,0.6348603367805481,19
pytest-dev__pytest-5281,src/_pytest/assertion/__init__.py,0.5713839530944824,34
pytest-dev__pytest-5281,testing/test_pdb.py,0.6257582902908325,23
pytest-dev__pytest-5281,src/_pytest/assertion/truncate.py,0.6563059091567993,15
pytest-dev__pytest-5281,testing/python/collect.py,0.49179762601852417,49
pytest-dev__pytest-5281,src/_pytest/unittest.py,0.5424755215644836,42
pytest-dev__pytest-5281,src/_pytest/junitxml.py,0.6956275701522827,7
pytest-dev__pytest-5281,testing/acceptance_test.py,0.5998133420944214,29
pytest-dev__pytest-5281,src/_pytest/pastebin.py,0.7398737668991089,4
pytest-dev__pytest-5281,testing/test_monkeypatch.py,0.5171807408332825,47
pytest-dev__pytest-5281,src/_pytest/nodes.py,0.5752062797546387,32
pytest-dev__pytest-5281,src/_pytest/_code/source.py,0.5327655076980591,46
pytest-dev__pytest-5281,doc/en/example/assertion/failure_demo.py,0.5405358076095581,43
pytest-dev__pytest-5281,testing/test_resultlog.py,0.5560138821601868,40
pytest-dev__pytest-5281,src/_pytest/warning_types.py,0.5385949611663818,44
pytest-dev__pytest-5281,testing/examples/test_issue519.py,0.5617918968200684,38
pytest-dev__pytest-5281,src/_pytest/deprecated.py,0.5560138821601868,40
pytest-dev__pytest-5281,testing/logging/test_formatter.py,0.5694696307182312,35
pytest-dev__pytest-5281,testing/test_skipping.py,0.48008865118026733,50
pytest-dev__pytest-5281,testing/logging/test_reporting.py,0.6492228507995605,16
pytest-dev__pytest-5281,src/_pytest/hookspec.py,0.5617918968200684,38
pytest-dev__pytest-5281,testing/test_unittest.py,0.5113261938095093,48
pytest-dev__pytest-5281,src/_pytest/runner.py,0.5366528630256653,45
pytest-dev__pytest-5356,src/_pytest/outcomes.py,0.7338144779205322,1
pytest-dev__pytest-5356,src/pytest.py,0.6420735120773315,16
pytest-dev__pytest-5356,src/_pytest/unittest.py,0.6580659747123718,11
pytest-dev__pytest-5356,doc/en/example/py2py3/conftest.py,0.5132781267166138,49
pytest-dev__pytest-5356,testing/test_runner.py,0.7330507040023804,2
pytest-dev__pytest-5356,src/_pytest/skipping.py,0.6939709186553955,4
pytest-dev__pytest-5356,bench/skip.py,0.6275860667228699,19
pytest-dev__pytest-5356,testing/python/collect.py,0.6456562876701355,14
pytest-dev__pytest-5356,testing/test_nose.py,0.6091521978378296,32
pytest-dev__pytest-5356,testing/test_unittest.py,0.6939709186553955,4
pytest-dev__pytest-5356,testing/conftest.py,0.6165664792060852,28
pytest-dev__pytest-5356,src/_pytest/doctest.py,0.6275860667228699,19
pytest-dev__pytest-5356,testing/test_helpconfig.py,0.6016871333122253,36
pytest-dev__pytest-5356,src/_pytest/deprecated.py,0.6545414924621582,12
pytest-dev__pytest-5356,testing/test_entry_points.py,0.54635089635849,45
pytest-dev__pytest-5356,src/_pytest/pytester.py,0.6580659747123718,11
pytest-dev__pytest-5356,testing/test_skipping.py,0.6719873547554016,6
pytest-dev__pytest-5356,testing/examples/test_issue519.py,0.5752062797546387,42
pytest-dev__pytest-5356,testing/test_terminal.py,0.6685341000556946,8
pytest-dev__pytest-5356,src/_pytest/warnings.py,0.6165664792060852,28
pytest-dev__pytest-5356,src/_pytest/stepwise.py,0.638474702835083,17
pytest-dev__pytest-5356,testing/test_assertion.py,0.5675531625747681,43
pytest-dev__pytest-5356,testing/test_pytester.py,0.5790196061134338,40
pytest-dev__pytest-5356,src/_pytest/nose.py,0.6184117794036865,20
pytest-dev__pytest-5356,setup.py,0.6016871333122253,36
pytest-dev__pytest-5356,testing/python/setup_plan.py,0.5249791741371155,48
pytest-dev__pytest-5356,testing/acceptance_test.py,0.6474416255950928,13
pytest-dev__pytest-5356,src/_pytest/main.py,0.6872942447662354,5
pytest-dev__pytest-5356,testing/python/integration.py,0.6165664792060852,28
pytest-dev__pytest-5356,testing/test_doctest.py,0.6165664792060852,28
pytest-dev__pytest-5356,testing/test_collection.py,0.6035580039024353,34
pytest-dev__pytest-5356,testing/test_cacheprovider.py,0.6598217487335205,9
pytest-dev__pytest-5356,testing/deprecated_test.py,0.6072905659675598,33
pytest-dev__pytest-5356,testing/python/metafunc.py,0.5904014110565186,37
pytest-dev__pytest-5356,testing/example_scripts/conftest_usageerror/conftest.py,0.5093739032745361,50
pytest-dev__pytest-5356,testing/test_pluginmanager.py,0.6110106706619263,31
pytest-dev__pytest-5356,testing/example_scripts/config/collect_pytest_prefix/conftest.py,0.5424755215644836,46
pytest-dev__pytest-5356,src/_pytest/python.py,0.6165664792060852,28
pytest-dev__pytest-5356,testing/test_pdb.py,0.5828235149383545,38
pytest-dev__pytest-5356,testing/python/fixtures.py,0.6685341000556946,8
pytest-dev__pytest-5356,testing/test_conftest.py,0.6165664792060852,28
pytest-dev__pytest-5356,testing/test_session.py,0.6110106706619263,31
pytest-dev__pytest-5356,testing/example_scripts/collect/package_infinite_recursion/conftest.py,0.5502207279205322,44
pytest-dev__pytest-5356,testing/test_warnings.py,0.6165664792060852,28
pytest-dev__pytest-5356,src/_pytest/runner.py,0.6438668966293335,15
pytest-dev__pytest-5356,src/_pytest/config/__init__.py,0.5752062797546387,42
pytest-dev__pytest-5356,src/_pytest/hookspec.py,0.5809227228164673,39
pytest-dev__pytest-5356,testing/test_config.py,0.6110106706619263,31
pytest-dev__pytest-5356,doc/en/example/assertion/test_failures.py,0.5288740992546082,47
pytest-dev__pytest-5356,testing/example_scripts/unittest/test_setup_skip_module.py,0.6165664792060852,28
pytest-dev__pytest-5404,src/_pytest/compat.py,0.7054604887962341,3
pytest-dev__pytest-5404,testing/python/integration.py,0.6202536225318909,16
pytest-dev__pytest-5404,testing/python/collect.py,0.5482865571975708,38
pytest-dev__pytest-5404,src/_pytest/python.py,0.6702630519866943,7
pytest-dev__pytest-5404,src/_pytest/monkeypatch.py,0.7206436395645142,2
pytest-dev__pytest-5404,testing/test_assertrewrite.py,0.5771140456199646,28
pytest-dev__pytest-5404,testing/example_scripts/acceptance/fixture_mock_integration.py,0.4820389747619629,47
pytest-dev__pytest-5404,testing/acceptance_test.py,0.5866175889968872,24
pytest-dev__pytest-5404,src/pytest.py,0.6312306523323059,12
pytest-dev__pytest-5404,testing/test_compat.py,0.6294102072715759,13
pytest-dev__pytest-5404,src/_pytest/fixtures.py,0.6719873547554016,6
pytest-dev__pytest-5404,src/_pytest/warning_types.py,0.5482865571975708,38
pytest-dev__pytest-5404,testing/test_config.py,0.4878930151462555,46
pytest-dev__pytest-5404,testing/test_pluginmanager.py,0.6054258346557617,19
pytest-dev__pytest-5404,testing/test_pytester.py,0.5675531625747681,31
pytest-dev__pytest-5404,testing/code/test_excinfo.py,0.6035580039024353,21
pytest-dev__pytest-5404,testing/conftest.py,0.5230305790901184,41
pytest-dev__pytest-5404,testing/test_collection.py,0.5828235149383545,25
pytest-dev__pytest-5404,testing/test_assertion.py,0.5637142658233643,32
pytest-dev__pytest-5404,testing/examples/test_issue519.py,0.5093739032745361,43
pytest-dev__pytest-5404,testing/test_terminal.py,0.5482865571975708,38
pytest-dev__pytest-5404,testing/python/fixtures.py,0.5579416155815125,34
pytest-dev__pytest-5404,src/_pytest/assertion/rewrite.py,0.7443591356277466,1
pytest-dev__pytest-5404,src/_pytest/_code/code.py,0.6402760744094849,11
pytest-dev__pytest-5404,testing/test_monkeypatch.py,0.5809227228164673,27
pytest-dev__pytest-5404,src/_pytest/pytester.py,0.6598217487335205,9
pytest-dev__pytest-5404,src/_pytest/main.py,0.6754221320152283,5
pytest-dev__pytest-5404,testing/test_runner.py,0.622092068195343,15
pytest-dev__pytest-5404,src/_pytest/outcomes.py,0.6685341000556946,8
pytest-dev__pytest-5404,src/_pytest/freeze_support.py,0.5904014110565186,23
pytest-dev__pytest-5404,src/_pytest/deprecated.py,0.6147178411483765,18
pytest-dev__pytest-5404,src/_pytest/hookspec.py,0.5560138821601868,35
pytest-dev__pytest-5404,testing/test_modimport.py,0.5152297019958496,42
pytest-dev__pytest-5404,testing/deprecated_test.py,0.48008865118026733,48
pytest-dev__pytest-5404,doc/en/example/py2py3/conftest.py,0.47424158453941345,49
pytest-dev__pytest-5404,src/_pytest/mark/legacy.py,0.54635089635849,39
pytest-dev__pytest-5404,src/_pytest/doctest.py,0.6771324872970581,4
pytest-dev__pytest-5404,testing/test_mark.py,0.5015625357627869,44
pytest-dev__pytest-5404,src/_pytest/unittest.py,0.6239269375801086,14
pytest-dev__pytest-5404,src/_pytest/warnings.py,0.5675531625747681,31
pytest-dev__pytest-5404,testing/python/setup_plan.py,0.4355173707008362,50
pytest-dev__pytest-5404,src/_pytest/nodes.py,0.5941745638847351,22
pytest-dev__pytest-5404,testing/test_session.py,0.5809227228164673,27
pytest-dev__pytest-5404,src/_pytest/config/__init__.py,0.6420735120773315,10
pytest-dev__pytest-5404,testing/test_conftest.py,0.6035580039024353,21
pytest-dev__pytest-5404,doc/en/example/assertion/global_testmodule_config/conftest.py,0.4957032799720764,45
pytest-dev__pytest-5404,src/_pytest/capture.py,0.6165664792060852,17
pytest-dev__pytest-5404,testing/python/show_fixtures_per_test.py,0.5269270539283752,40
pytest-dev__pytest-5404,testing/code/test_code.py,0.5617918968200684,33
pytest-dev__pytest-5404,src/_pytest/recwarn.py,0.5752062797546387,29
pytest-dev__pytest-5413,testing/python/raises.py,0.6771324872970581,3
pytest-dev__pytest-5413,testing/test_assertrewrite.py,0.393827885389328,39
pytest-dev__pytest-5413,src/_pytest/assertion/rewrite.py,0.5637142658233643,9
pytest-dev__pytest-5413,testing/code/test_excinfo.py,0.5502207279205322,13
pytest-dev__pytest-5413,src/_pytest/outcomes.py,0.6668006181716919,4
pytest-dev__pytest-5413,testing/examples/test_issue519.py,0.408843070268631,34
pytest-dev__pytest-5413,src/_pytest/warning_types.py,0.4050721228122711,36
pytest-dev__pytest-5413,src/_pytest/_code/code.py,0.7030196189880371,1
pytest-dev__pytest-5413,src/_pytest/config/exceptions.py,0.4278508424758911,30
pytest-dev__pytest-5413,testing/test_pastebin.py,0.3680422008037567,43
pytest-dev__pytest-5413,testing/test_runner.py,0.5171807408332825,16
pytest-dev__pytest-5413,src/_pytest/reports.py,0.5598676800727844,11
pytest-dev__pytest-5413,testing/test_reports.py,0.43168002367019653,28
pytest-dev__pytest-5413,src/_pytest/assertion/util.py,0.5560138821601868,12
pytest-dev__pytest-5413,src/_pytest/pastebin.py,0.4050721228122711,36
pytest-dev__pytest-5413,testing/test_session.py,0.5015625357627869,18
pytest-dev__pytest-5413,testing/test_pytester.py,0.454811155796051,26
pytest-dev__pytest-5413,testing/test_terminal.py,0.3753400444984436,42
pytest-dev__pytest-5413,src/_pytest/python_api.py,0.6839264035224915,2
pytest-dev__pytest-5413,doc/en/example/assertion/failure_demo.py,0.4625701606273651,24
pytest-dev__pytest-5413,src/_pytest/nodes.py,0.6072905659675598,5
pytest-dev__pytest-5413,src/_pytest/doctest.py,0.408843070268631,34
pytest-dev__pytest-5413,testing/test_assertion.py,0.4278508424758911,30
pytest-dev__pytest-5413,src/_pytest/pytester.py,0.5113261938095093,17
pytest-dev__pytest-5413,testing/code/test_code.py,0.6016871333122253,6
pytest-dev__pytest-5413,src/_pytest/capture.py,0.49375033378601074,21
pytest-dev__pytest-5413,testing/test_entry_points.py,0.32904666662216187,48
pytest-dev__pytest-5413,testing/test_helpconfig.py,0.3086901903152466,49
pytest-dev__pytest-5413,testing/example_scripts/config/collect_pytest_prefix/conftest.py,0.36080431938171387,44
pytest-dev__pytest-5413,src/_pytest/assertion/__init__.py,0.5866175889968872,7
pytest-dev__pytest-5413,src/_pytest/deprecated.py,0.5366528630256653,15
pytest-dev__pytest-5413,testing/test_warnings.py,0.40131235122680664,38
pytest-dev__pytest-5413,testing/python/collect.py,0.5598676800727844,11
pytest-dev__pytest-5413,testing/acceptance_test.py,0.41641688346862793,31
pytest-dev__pytest-5413,src/_pytest/compat.py,0.49765628576278687,20
pytest-dev__pytest-5413,setup.py,0.34298956394195557,45
pytest-dev__pytest-5413,src/_pytest/hookspec.py,0.47618991136550903,23
pytest-dev__pytest-5413,testing/test_junitxml.py,0.4126248061656952,32
pytest-dev__pytest-5413,testing/python/show_fixtures_per_test.py,0.332505464553833,47
pytest-dev__pytest-5413,testing/code/test_source.py,0.5828235149383545,8
pytest-dev__pytest-5413,src/_pytest/recwarn.py,0.49179762601852417,22
pytest-dev__pytest-5413,testing/python/setup_plan.py,0.2610294222831726,50
pytest-dev__pytest-5413,testing/test_capture.py,0.40131235122680664,38
pytest-dev__pytest-5413,src/pytest.py,0.49960941076278687,19
pytest-dev__pytest-5413,testing/test_config.py,0.3790105879306793,41
pytest-dev__pytest-5413,testing/python/fixtures.py,0.43936243653297424,27
pytest-dev__pytest-5413,src/_pytest/monkeypatch.py,0.5482865571975708,14
pytest-dev__pytest-5413,src/_pytest/warnings.py,0.4586881399154663,25
pytest-dev__pytest-5413,testing/test_doctest.py,0.33598238229751587,46
pytest-dev__pytest-5413,testing/conftest.py,0.3863929510116577,40
pytest-dev__pytest-5479,testing/test_warnings.py,0.5656346678733826,8
pytest-dev__pytest-5479,testing/test_runner.py,0.4625701606273651,29
pytest-dev__pytest-5479,testing/test_doctest.py,0.622092068195343,6
pytest-dev__pytest-5479,src/_pytest/assertion/rewrite.py,0.5502207279205322,11
pytest-dev__pytest-5479,testing/test_capture.py,0.4839898645877838,21
pytest-dev__pytest-5479,testing/code/test_code.py,0.6545414924621582,1
pytest-dev__pytest-5479,testing/test_junitxml.py,0.46645671129226685,26
pytest-dev__pytest-5479,src/_pytest/warnings.py,0.5771140456199646,7
pytest-dev__pytest-5479,testing/test_assertrewrite.py,0.454811155796051,32
pytest-dev__pytest-5479,testing/example_scripts/config/collect_pytest_prefix/conftest.py,0.454811155796051,32
pytest-dev__pytest-5479,src/_pytest/doctest.py,0.6366694569587708,3
pytest-dev__pytest-5479,testing/test_assertion.py,0.4126248061656952,40
pytest-dev__pytest-5479,testing/python/raises.py,0.5637142658233643,9
pytest-dev__pytest-5479,src/_pytest/compat.py,0.6456562876701355,2
pytest-dev__pytest-5479,testing/test_pastebin.py,0.47424158453941345,23
pytest-dev__pytest-5479,src/_pytest/pytester.py,0.5482865571975708,12
pytest-dev__pytest-5479,testing/test_unittest.py,0.36441558599472046,46
pytest-dev__pytest-5479,src/_pytest/assertion/__init__.py,0.4781389832496643,22
pytest-dev__pytest-5479,src/_pytest/assertion/util.py,0.6312306523323059,5
pytest-dev__pytest-5479,testing/test_monkeypatch.py,0.5288740992546082,14
pytest-dev__pytest-5479,doc/en/example/assertion/failure_demo.py,0.43936243653297424,34
pytest-dev__pytest-5479,testing/code/test_excinfo.py,0.46840155124664307,25
pytest-dev__pytest-5479,testing/examples/test_issue519.py,0.4586881399154663,30
pytest-dev__pytest-5479,testing/test_pytester.py,0.4898451566696167,17
pytest-dev__pytest-5479,testing/code/test_source.py,0.4878930151462555,18
pytest-dev__pytest-5479,testing/python/setup_plan.py,0.34298956394195557,48
pytest-dev__pytest-5479,src/_pytest/recwarn.py,0.43168002367019653,36
pytest-dev__pytest-5479,testing/test_pathlib.py,0.3863929510116577,44
pytest-dev__pytest-5479,src/_pytest/outcomes.py,0.48594123125076294,19
pytest-dev__pytest-5479,src/_pytest/python_api.py,0.6312306523323059,5
pytest-dev__pytest-5479,testing/test_nose.py,0.4240303635597229,37
pytest-dev__pytest-5479,testing/acceptance_test.py,0.47229403257369995,24
pytest-dev__pytest-5479,src/_pytest/_code/code.py,0.5405358076095581,13
pytest-dev__pytest-5479,doc/en/example/py2py3/conftest.py,0.41641688346862793,38
pytest-dev__pytest-5479,testing/python/collect.py,0.4355173707008362,35
pytest-dev__pytest-5479,doc/en/example/xfail_demo.py,0.4645129144191742,27
pytest-dev__pytest-5479,src/_pytest/config/exceptions.py,0.3975641429424286,42
pytest-dev__pytest-5479,testing/example_scripts/collect/collect_init_tests/tests/test_foo.py,0.4625701606273651,29
pytest-dev__pytest-5479,testing/example_scripts/config/collect_pytest_prefix/test_foo.py,0.4898451566696167,17
pytest-dev__pytest-5479,testing/python/integration.py,0.35362908244132996,47
pytest-dev__pytest-5479,testing/python/metafunc.py,0.5598676800727844,10
pytest-dev__pytest-5479,testing/freeze/tests/test_trivial.py,0.4050721228122711,41
pytest-dev__pytest-5479,testing/freeze/runtests_script.py,0.37168383598327637,45
pytest-dev__pytest-5479,src/_pytest/warning_types.py,0.3863929510116577,44
pytest-dev__pytest-5479,testing/example_scripts/conftest_usageerror/conftest.py,0.33947718143463135,50
pytest-dev__pytest-5479,src/_pytest/capture.py,0.4432148039340973,33
pytest-dev__pytest-5479,src/pytest.py,0.4957032799720764,15
pytest-dev__pytest-5479,src/_pytest/unittest.py,0.4839898645877838,21
pytest-dev__pytest-5479,testing/test_terminal.py,0.33947718143463135,50
pytest-dev__pytest-5479,doc/en/example/assertion/test_failures.py,0.4126248061656952,40
pytest-dev__pytest-5495,src/_pytest/assertion/util.py,0.7624948024749756,1
pytest-dev__pytest-5495,testing/test_assertion.py,0.6633201241493225,5
pytest-dev__pytest-5495,testing/test_assertrewrite.py,0.7268911600112915,3
pytest-dev__pytest-5495,src/_pytest/assertion/rewrite.py,0.7610771059989929,2
pytest-dev__pytest-5495,src/_pytest/assertion/__init__.py,0.7013859152793884,4
pytest-dev__pytest-5495,doc/en/example/assertion/failure_demo.py,0.5732962489128113,9
pytest-dev__pytest-5495,testing/test_doctest.py,0.4645129144191742,31
pytest-dev__pytest-5495,testing/test_runner.py,0.4355173707008362,41
pytest-dev__pytest-5495,src/_pytest/assertion/truncate.py,0.6110106706619263,6
pytest-dev__pytest-5495,src/_pytest/_code/code.py,0.5288740992546082,16
pytest-dev__pytest-5495,testing/test_reports.py,0.43936243653297424,38
pytest-dev__pytest-5495,testing/code/test_code.py,0.49179762601852417,22
pytest-dev__pytest-5495,testing/test_session.py,0.4240303635597229,43
pytest-dev__pytest-5495,testing/test_junitxml.py,0.5866175889968872,7
pytest-dev__pytest-5495,testing/python/metafunc.py,0.5540844202041626,12
pytest-dev__pytest-5495,src/_pytest/reports.py,0.4432148039340973,37
pytest-dev__pytest-5495,src/_pytest/doctest.py,0.48008865118026733,28
pytest-dev__pytest-5495,testing/python/approx.py,0.4470740258693695,34
pytest-dev__pytest-5495,testing/code/test_excinfo.py,0.4645129144191742,31
pytest-dev__pytest-5495,src/_pytest/python_api.py,0.5347096920013428,15
pytest-dev__pytest-5495,testing/code/test_source.py,0.4355173707008362,41
pytest-dev__pytest-5495,testing/test_terminal.py,0.4839898645877838,26
pytest-dev__pytest-5495,src/_pytest/terminal.py,0.4432148039340973,37
pytest-dev__pytest-5495,testing/test_capture.py,0.5074213147163391,19
pytest-dev__pytest-5495,testing/io/test_saferepr.py,0.4898451566696167,25
pytest-dev__pytest-5495,testing/test_pastebin.py,0.5482865571975708,13
pytest-dev__pytest-5495,src/_pytest/pytester.py,0.454811155796051,33
pytest-dev__pytest-5495,testing/python/collect.py,0.4240303635597229,43
pytest-dev__pytest-5495,testing/test_warnings.py,0.5074213147163391,19
pytest-dev__pytest-5495,src/_pytest/_code/source.py,0.3975641429424286,47
pytest-dev__pytest-5495,src/_pytest/capture.py,0.49960941076278687,20
pytest-dev__pytest-5495,testing/logging/test_formatter.py,0.4126248061656952,45
pytest-dev__pytest-5495,testing/example_scripts/dataclasses/test_compare_dataclasses_verbose.py,0.4898451566696167,25
pytest-dev__pytest-5495,testing/test_skipping.py,0.3572086691856384,49
pytest-dev__pytest-5495,testing/test_pytester.py,0.5385949611663818,14
pytest-dev__pytest-5495,testing/acceptance_test.py,0.5579416155815125,11
pytest-dev__pytest-5495,testing/test_resultlog.py,0.4432148039340973,37
pytest-dev__pytest-5495,testing/python/raises.py,0.3975641429424286,47
pytest-dev__pytest-5495,src/_pytest/pastebin.py,0.4957032799720764,21
pytest-dev__pytest-5495,src/_pytest/outcomes.py,0.4898451566696167,25
pytest-dev__pytest-5495,testing/test_warning_types.py,0.33598238229751587,50
pytest-dev__pytest-5495,testing/python/show_fixtures_per_test.py,0.3572086691856384,49
pytest-dev__pytest-5495,src/_pytest/nodes.py,0.4586881399154663,32
pytest-dev__pytest-5495,src/_pytest/warning_types.py,0.5637142658233643,10
pytest-dev__pytest-5495,testing/test_cacheprovider.py,0.5771140456199646,8
pytest-dev__pytest-5495,testing/examples/test_issue519.py,0.5132781267166138,17
pytest-dev__pytest-5495,src/_pytest/config/__init__.py,0.4355173707008362,41
pytest-dev__pytest-5495,testing/test_recwarn.py,0.42021888494491577,44
pytest-dev__pytest-5495,testing/example_scripts/dataclasses/test_compare_two_different_dataclasses.py,0.47229403257369995,29
pytest-dev__pytest-5495,testing/example_scripts/dataclasses/test_compare_dataclasses_field_comparison_off.py,0.4820389747619629,27
pytest-dev__pytest-5550,src/_pytest/junitxml.py,0.7345767617225647,1
pytest-dev__pytest-5550,setup.py,0.34298956394195557,39
pytest-dev__pytest-5550,testing/test_junitxml.py,0.5191313028335571,4
pytest-dev__pytest-5550,testing/test_reports.py,0.408843070268631,15
pytest-dev__pytest-5550,testing/examples/test_issue519.py,0.34651920199394226,37
pytest-dev__pytest-5550,src/_pytest/pastebin.py,0.3753400444984436,30
pytest-dev__pytest-5550,src/_pytest/freeze_support.py,0.34298956394195557,39
pytest-dev__pytest-5550,src/_pytest/resultlog.py,0.4050721228122711,17
pytest-dev__pytest-5550,testing/conftest.py,0.33947718143463135,44
pytest-dev__pytest-5550,src/_pytest/reports.py,0.4432148039340973,9
pytest-dev__pytest-5550,testing/test_terminal.py,0.3680422008037567,33
pytest-dev__pytest-5550,testing/test_assertrewrite.py,0.33947718143463135,44
pytest-dev__pytest-5550,testing/python/collect.py,0.4050721228122711,17
pytest-dev__pytest-5550,src/_pytest/assertion/rewrite.py,0.3753400444984436,30
pytest-dev__pytest-5550,testing/test_collection.py,0.40131235122680664,19
pytest-dev__pytest-5550,src/_pytest/runner.py,0.4586881399154663,6
pytest-dev__pytest-5550,testing/acceptance_test.py,0.3863929510116577,25
pytest-dev__pytest-5550,src/pytest.py,0.4126248061656952,12
pytest-dev__pytest-5550,src/_pytest/pytester.py,0.3975641429424286,20
pytest-dev__pytest-5550,testing/test_helpconfig.py,0.3256063163280487,47
pytest-dev__pytest-5550,src/_pytest/terminal.py,0.49179762601852417,5
pytest-dev__pytest-5550,testing/test_doctest.py,0.43168002367019653,10
pytest-dev__pytest-5550,testing/test_pastebin.py,0.34651920199394226,37
pytest-dev__pytest-5550,src/_pytest/cacheprovider.py,0.4432148039340973,9
pytest-dev__pytest-5550,testing/test_entry_points.py,0.33947718143463135,44
pytest-dev__pytest-5550,doc/en/example/py2py3/conftest.py,0.31539851427078247,48
pytest-dev__pytest-5550,src/_pytest/main.py,0.5347096920013428,3
pytest-dev__pytest-5550,testing/example_scripts/config/collect_pytest_prefix/conftest.py,0.3256063163280487,47
pytest-dev__pytest-5550,testing/test_warnings.py,0.34651920199394226,37
pytest-dev__pytest-5550,src/_pytest/outcomes.py,0.408843070268631,15
pytest-dev__pytest-5550,testing/python/integration.py,0.3753400444984436,30
pytest-dev__pytest-5550,src/_pytest/warning_types.py,0.3863929510116577,25
pytest-dev__pytest-5550,testing/freeze/create_executable.py,0.2987777292728424,49
pytest-dev__pytest-5550,testing/test_pytester.py,0.38269495964050293,26
pytest-dev__pytest-5550,testing/test_resultlog.py,0.42021888494491577,11
pytest-dev__pytest-5550,testing/test_cacheprovider.py,0.3790105879306793,27
pytest-dev__pytest-5550,testing/code/test_excinfo.py,0.3572086691856384,34
pytest-dev__pytest-5550,src/_pytest/config/__init__.py,0.4470740258693695,7
pytest-dev__pytest-5550,testing/python/show_fixtures_per_test.py,0.33947718143463135,44
pytest-dev__pytest-5550,testing/test_runner.py,0.3863929510116577,25
pytest-dev__pytest-5550,testing/test_assertion.py,0.3901040256023407,21
pytest-dev__pytest-5550,testing/test_unittest.py,0.33947718143463135,44
pytest-dev__pytest-5550,src/_pytest/doctest.py,0.3863929510116577,25
pytest-dev__pytest-5550,testing/python/setup_plan.py,0.28905048966407776,50
pytest-dev__pytest-5550,src/_pytest/hookspec.py,0.40131235122680664,19
pytest-dev__pytest-5550,src/_pytest/python.py,0.5385949611663818,2
pytest-dev__pytest-5550,src/_pytest/compat.py,0.37168383598327637,31
pytest-dev__pytest-5550,testing/test_session.py,0.408843070268631,15
pytest-dev__pytest-5550,testing/freeze/runtests_script.py,0.33598238229751587,45
pytest-dev__pytest-5550,testing/test_skipping.py,0.3680422008037567,33
pytest-dev__pytest-5555,testing/test_skipping.py,0.6580659747123718,4
pytest-dev__pytest-5555,src/_pytest/stepwise.py,0.8026174306869507,1
pytest-dev__pytest-5555,src/_pytest/skipping.py,0.7383673787117004,2
pytest-dev__pytest-5555,testing/python/metafunc.py,0.5904014110565186,7
pytest-dev__pytest-5555,testing/test_stepwise.py,0.6580659747123718,4
pytest-dev__pytest-5555,testing/test_pytester.py,0.5866175889968872,8
pytest-dev__pytest-5555,doc/en/example/xfail_demo.py,0.5809227228164673,9
pytest-dev__pytest-5555,testing/test_unittest.py,0.4470740258693695,30
pytest-dev__pytest-5555,testing/test_session.py,0.46645671129226685,27
pytest-dev__pytest-5555,testing/test_runner.py,0.4432148039340973,31
pytest-dev__pytest-5555,testing/python/collect.py,0.43936243653297424,33
pytest-dev__pytest-5555,src/_pytest/outcomes.py,0.5656346678733826,11
pytest-dev__pytest-5555,bench/skip.py,0.3790105879306793,47
pytest-dev__pytest-5555,testing/test_cacheprovider.py,0.4878930151462555,21
pytest-dev__pytest-5555,testing/test_junitxml.py,0.5521534085273743,13
pytest-dev__pytest-5555,testing/test_collection.py,0.5074213147163391,18
pytest-dev__pytest-5555,src/_pytest/cacheprovider.py,0.5327655076980591,16
pytest-dev__pytest-5555,testing/conftest.py,0.41641688346862793,38
pytest-dev__pytest-5555,src/_pytest/main.py,0.6366694569587708,5
pytest-dev__pytest-5555,testing/test_mark.py,0.48008865118026733,23
pytest-dev__pytest-5555,testing/test_terminal.py,0.43936243653297424,33
pytest-dev__pytest-5555,doc/en/example/assertion/test_failures.py,0.4126248061656952,40
pytest-dev__pytest-5555,testing/examples/test_issue519.py,0.4050721228122711,41
pytest-dev__pytest-5555,testing/python/setup_plan.py,0.35006579756736755,50
pytest-dev__pytest-5555,testing/example_scripts/config/collect_pytest_prefix/conftest.py,0.40131235122680664,42
pytest-dev__pytest-5555,testing/acceptance_test.py,0.4470740258693695,30
pytest-dev__pytest-5555,testing/test_warnings.py,0.4126248061656952,40
pytest-dev__pytest-5555,testing/test_config.py,0.4278508424758911,35
pytest-dev__pytest-5555,src/_pytest/unittest.py,0.5560138821601868,12
pytest-dev__pytest-5555,testing/test_conftest.py,0.3975641429424286,43
pytest-dev__pytest-5555,src/_pytest/junitxml.py,0.46840155124664307,26
pytest-dev__pytest-5555,testing/python/fixtures.py,0.3790105879306793,47
pytest-dev__pytest-5555,src/_pytest/warnings.py,0.4355173707008362,34
pytest-dev__pytest-5555,src/_pytest/hookspec.py,0.47424158453941345,24
pytest-dev__pytest-5555,testing/python/integration.py,0.42021888494491577,36
pytest-dev__pytest-5555,src/_pytest/terminal.py,0.5288740992546082,17
pytest-dev__pytest-5555,src/_pytest/assertion/__init__.py,0.46840155124664307,26
pytest-dev__pytest-5555,testing/test_assertion.py,0.3901040256023407,44
pytest-dev__pytest-5555,src/_pytest/config/__init__.py,0.6202536225318909,6
pytest-dev__pytest-5555,testing/test_assertrewrite.py,0.4586881399154663,28
pytest-dev__pytest-5555,src/_pytest/python.py,0.5713839530944824,10
pytest-dev__pytest-5555,src/pytest.py,0.5347096920013428,15
pytest-dev__pytest-5555,src/_pytest/doctest.py,0.4820389747619629,22
pytest-dev__pytest-5555,src/_pytest/nodes.py,0.5035156011581421,20
pytest-dev__pytest-5555,src/_pytest/runner.py,0.5405358076095581,14
pytest-dev__pytest-5555,src/_pytest/mark/__init__.py,0.5035156011581421,20
pytest-dev__pytest-5555,testing/example_scripts/conftest_usageerror/conftest.py,0.35006579756736755,50
pytest-dev__pytest-5555,testing/test_pdb.py,0.41641688346862793,38
pytest-dev__pytest-5555,testing/test_faulthandler.py,0.38269495964050293,45
pytest-dev__pytest-5555,doc/en/example/assertion/global_testmodule_config/conftest.py,0.35006579756736755,50
pytest-dev__pytest-5559,testing/test_skipping.py,0.6754221320152283,4
pytest-dev__pytest-5559,src/_pytest/stepwise.py,0.7963557839393616,1
pytest-dev__pytest-5559,src/_pytest/skipping.py,0.7451017498970032,3
pytest-dev__pytest-5559,testing/test_stepwise.py,0.7473210096359253,2
pytest-dev__pytest-5559,testing/test_pytester.py,0.5790196061134338,12
pytest-dev__pytest-5559,setup.py,0.43936243653297424,32
pytest-dev__pytest-5559,extra/setup-py.test/setup.py,0.4432148039340973,31
pytest-dev__pytest-5559,testing/python/metafunc.py,0.6165664792060852,7
pytest-dev__pytest-5559,doc/en/example/xfail_demo.py,0.6184117794036865,6
pytest-dev__pytest-5559,testing/freeze/create_executable.py,0.38269495964050293,47
pytest-dev__pytest-5559,testing/conftest.py,0.4586881399154663,28
pytest-dev__pytest-5559,testing/test_unittest.py,0.48594123125076294,21
pytest-dev__pytest-5559,src/_pytest/outcomes.py,0.5885108113288879,9
pytest-dev__pytest-5559,testing/test_runner.py,0.5308202505111694,15
pytest-dev__pytest-5559,testing/python/setup_plan.py,0.37168383598327637,50
pytest-dev__pytest-5559,testing/example_scripts/config/collect_pytest_prefix/conftest.py,0.42021888494491577,39
pytest-dev__pytest-5559,testing/acceptance_test.py,0.4586881399154663,28
pytest-dev__pytest-5559,testing/test_config.py,0.47618991136550903,23
pytest-dev__pytest-5559,testing/test_session.py,0.49179762601852417,18
pytest-dev__pytest-5559,testing/test_conftest.py,0.42021888494491577,39
pytest-dev__pytest-5559,testing/python/collect.py,0.4625701606273651,25
pytest-dev__pytest-5559,testing/examples/test_issue519.py,0.4240303635597229,36
pytest-dev__pytest-5559,src/pytest.py,0.5502207279205322,14
pytest-dev__pytest-5559,src/_pytest/nose.py,0.454811155796051,29
pytest-dev__pytest-5559,doc/en/example/assertion/test_failures.py,0.4586881399154663,28
pytest-dev__pytest-5559,testing/test_collection.py,0.4878930151462555,20
pytest-dev__pytest-5559,testing/deprecated_test.py,0.4050721228122711,43
pytest-dev__pytest-5559,testing/python/fixtures.py,0.41641688346862793,40
pytest-dev__pytest-5559,testing/test_mark.py,0.5074213147163391,17
pytest-dev__pytest-5559,src/_pytest/main.py,0.6312306523323059,5
pytest-dev__pytest-5559,testing/test_doctest.py,0.43168002367019653,33
pytest-dev__pytest-5559,doc/en/example/py2py3/conftest.py,0.38269495964050293,47
pytest-dev__pytest-5559,testing/test_nose.py,0.408843070268631,42
pytest-dev__pytest-5559,testing/example_scripts/conftest_usageerror/conftest.py,0.37168383598327637,50
pytest-dev__pytest-5559,bench/skip.py,0.393827885389328,45
pytest-dev__pytest-5559,testing/test_terminal.py,0.4625701606273651,25
pytest-dev__pytest-5559,testing/test_runner_xunit.py,0.5249791741371155,16
pytest-dev__pytest-5559,src/_pytest/python.py,0.5790196061134338,12
pytest-dev__pytest-5559,src/_pytest/setupplan.py,0.4878930151462555,20
pytest-dev__pytest-5559,doc/en/example/assertion/global_testmodule_config/conftest.py,0.3753400444984436,48
pytest-dev__pytest-5559,testing/test_cacheprovider.py,0.6054258346557617,8
pytest-dev__pytest-5559,testing/python/integration.py,0.4509396255016327,30
pytest-dev__pytest-5559,src/_pytest/warnings.py,0.4781389832496643,22
pytest-dev__pytest-5559,src/_pytest/unittest.py,0.5502207279205322,14
pytest-dev__pytest-5559,testing/test_assertion.py,0.4240303635597229,36
pytest-dev__pytest-5559,src/_pytest/config/__init__.py,0.5828235149383545,10
pytest-dev__pytest-5559,testing/test_entry_points.py,0.4126248061656952,41
pytest-dev__pytest-5559,testing/test_warnings.py,0.4240303635597229,36
pytest-dev__pytest-5559,testing/example_scripts/unittest/test_parametrized_fixture_error_message.py,0.3975641429424286,44
pytest-dev__pytest-5559,testing/test_faulthandler.py,0.42021888494491577,39
pytest-dev__pytest-5631,testing/python/integration.py,0.5637142658233643,12
pytest-dev__pytest-5631,src/_pytest/monkeypatch.py,0.6366694569587708,6
pytest-dev__pytest-5631,testing/example_scripts/acceptance/fixture_mock_integration.py,0.4839898645877838,26
pytest-dev__pytest-5631,testing/test_assertion.py,0.4509396255016327,41
pytest-dev__pytest-5631,testing/python/collect.py,0.5617918968200684,13
pytest-dev__pytest-5631,testing/test_collection.py,0.5904014110565186,9
pytest-dev__pytest-5631,src/_pytest/compat.py,0.784385085105896,1
pytest-dev__pytest-5631,src/_pytest/python.py,0.6492228507995605,5
pytest-dev__pytest-5631,testing/python/fixtures.py,0.4432148039340973,44
pytest-dev__pytest-5631,src/_pytest/fixtures.py,0.6147178411483765,8
pytest-dev__pytest-5631,testing/python/setup_plan.py,0.3572086691856384,50
pytest-dev__pytest-5631,testing/conftest.py,0.46840155124664307,34
pytest-dev__pytest-5631,testing/test_mark.py,0.4240303635597229,46
pytest-dev__pytest-5631,testing/examples/test_issue519.py,0.5327655076980591,19
pytest-dev__pytest-5631,src/_pytest/doctest.py,0.4898451566696167,23
pytest-dev__pytest-5631,testing/acceptance_test.py,0.47229403257369995,31
pytest-dev__pytest-5631,doc/en/example/py2py3/conftest.py,0.47229403257369995,31
pytest-dev__pytest-5631,testing/test_assertrewrite.py,0.4878930151462555,25
pytest-dev__pytest-5631,src/pytest.py,0.6294102072715759,7
pytest-dev__pytest-5631,src/_pytest/assertion/rewrite.py,0.48008865118026733,27
pytest-dev__pytest-5631,testing/test_monkeypatch.py,0.5637142658233643,12
pytest-dev__pytest-5631,src/_pytest/hookspec.py,0.7151057720184326,2
pytest-dev__pytest-5631,testing/python/metafunc.py,0.4586881399154663,39
pytest-dev__pytest-5631,testing/test_terminal.py,0.47618991136550903,29
pytest-dev__pytest-5631,src/_pytest/python_api.py,0.54635089635849,16
pytest-dev__pytest-5631,testing/test_pytester.py,0.5171807408332825,21
pytest-dev__pytest-5631,src/_pytest/mark/structures.py,0.4878930151462555,25
pytest-dev__pytest-5631,src/_pytest/pytester.py,0.5713839530944824,10
pytest-dev__pytest-5631,src/_pytest/mark/__init__.py,0.5385949611663818,17
pytest-dev__pytest-5631,testing/test_doctest.py,0.43936243653297424,45
pytest-dev__pytest-5631,testing/test_session.py,0.5171807408332825,21
pytest-dev__pytest-5631,testing/test_compat.py,0.46645671129226685,35
pytest-dev__pytest-5631,src/_pytest/config/__init__.py,0.4645129144191742,37
pytest-dev__pytest-5631,testing/example_scripts/issue_519.py,0.5482865571975708,14
pytest-dev__pytest-5631,testing/python/show_fixtures_per_test.py,0.4645129144191742,37
pytest-dev__pytest-5631,src/_pytest/assertion/__init__.py,0.5035156011581421,22
pytest-dev__pytest-5631,testing/test_entry_points.py,0.36441558599472046,49
pytest-dev__pytest-5631,testing/deprecated_test.py,0.3863929510116577,48
pytest-dev__pytest-5631,src/_pytest/unittest.py,0.6685341000556946,4
pytest-dev__pytest-5631,testing/test_warnings.py,0.408843070268631,47
pytest-dev__pytest-5631,src/_pytest/deprecated.py,0.54635089635849,16
pytest-dev__pytest-5631,src/_pytest/main.py,0.6788381338119507,3
pytest-dev__pytest-5631,testing/test_config.py,0.4586881399154663,39
pytest-dev__pytest-5631,testing/test_conftest.py,0.4470740258693695,43
pytest-dev__pytest-5631,src/_pytest/mark/legacy.py,0.454811155796051,40
pytest-dev__pytest-5631,testing/test_runner.py,0.5366528630256653,18
pytest-dev__pytest-5631,testing/python/setup_only.py,0.4703473448753357,32
pytest-dev__pytest-5631,testing/test_skipping.py,0.47618991136550903,29
pytest-dev__pytest-5631,testing/python/approx.py,0.4470740258693695,43
pytest-dev__pytest-5631,testing/test_unittest.py,0.46840155124664307,34
pytest-dev__pytest-5692,src/_pytest/junitxml.py,0.7368552684783936,1
pytest-dev__pytest-5692,testing/test_junitxml.py,0.6527729034423828,2
pytest-dev__pytest-5692,src/_pytest/reports.py,0.5074213147163391,3
pytest-dev__pytest-5692,src/_pytest/terminal.py,0.454811155796051,7
pytest-dev__pytest-5692,src/_pytest/runner.py,0.47229403257369995,5
pytest-dev__pytest-5692,src/_pytest/resultlog.py,0.4278508424758911,11
pytest-dev__pytest-5692,testing/test_terminal.py,0.36080431938171387,25
pytest-dev__pytest-5692,testing/test_reports.py,0.4781389832496643,4
pytest-dev__pytest-5692,src/_pytest/pastebin.py,0.3790105879306793,21
pytest-dev__pytest-5692,src/_pytest/logging.py,0.4355173707008362,9
pytest-dev__pytest-5692,src/_pytest/hookspec.py,0.4586881399154663,6
pytest-dev__pytest-5692,testing/conftest.py,0.34298956394195557,33
pytest-dev__pytest-5692,testing/deprecated_test.py,0.3256063163280487,36
pytest-dev__pytest-5692,testing/acceptance_test.py,0.34298956394195557,33
pytest-dev__pytest-5692,src/_pytest/nodes.py,0.4470740258693695,8
pytest-dev__pytest-5692,src/_pytest/pytester.py,0.40131235122680664,16
pytest-dev__pytest-5692,testing/test_resultlog.py,0.393827885389328,19
pytest-dev__pytest-5692,testing/test_runner.py,0.3975641429424286,18
pytest-dev__pytest-5692,testing/test_warnings.py,0.28905048966407776,43
pytest-dev__pytest-5692,testing/test_faulthandler.py,0.29551446437835693,41
pytest-dev__pytest-5692,src/pytest.py,0.3680422008037567,24
pytest-dev__pytest-5692,src/_pytest/unittest.py,0.4126248061656952,14
pytest-dev__pytest-5692,src/_pytest/helpconfig.py,0.4050721228122711,15
pytest-dev__pytest-5692,testing/freeze/create_executable.py,0.282671183347702,46
pytest-dev__pytest-5692,testing/logging/test_reporting.py,0.3975641429424286,18
pytest-dev__pytest-5692,src/_pytest/config/__init__.py,0.42021888494491577,12
pytest-dev__pytest-5692,src/_pytest/python.py,0.3901040256023407,20
pytest-dev__pytest-5692,testing/test_pytester.py,0.35006579756736755,28
pytest-dev__pytest-5692,testing/test_warning_types.py,0.22925899922847748,50
pytest-dev__pytest-5692,testing/python/collect.py,0.35362908244132996,27
pytest-dev__pytest-5692,src/_pytest/warnings.py,0.332505464553833,34
pytest-dev__pytest-5692,testing/example_scripts/fixtures/custom_item/conftest.py,0.27326399087905884,47
pytest-dev__pytest-5692,testing/example_scripts/config/collect_pytest_prefix/conftest.py,0.3187819719314575,37
pytest-dev__pytest-5692,doc/en/conf.py,0.4126248061656952,14
pytest-dev__pytest-5692,setup.py,0.2671021819114685,49
pytest-dev__pytest-5692,testing/python/integration.py,0.35362908244132996,27
pytest-dev__pytest-5692,src/_pytest/faulthandler.py,0.34651920199394226,31
pytest-dev__pytest-5692,testing/python/show_fixtures_per_test.py,0.2858501672744751,44
pytest-dev__pytest-5692,src/_pytest/setuponly.py,0.34651920199394226,31
pytest-dev__pytest-5692,bench/bench.py,0.27017202973365784,48
pytest-dev__pytest-5692,src/_pytest/assertion/rewrite.py,0.282671183347702,46
pytest-dev__pytest-5692,testing/test_doctest.py,0.3753400444984436,22
pytest-dev__pytest-5692,testing/test_cacheprovider.py,0.34651920199394226,31
pytest-dev__pytest-5692,src/_pytest/freeze_support.py,0.2987777292728424,40
pytest-dev__pytest-5692,doc/en/example/nonpython/conftest.py,0.37168383598327637,23
pytest-dev__pytest-5692,src/_pytest/tmpdir.py,0.3120344877243042,39
pytest-dev__pytest-5692,testing/examples/test_issue519.py,0.29227200150489807,42
pytest-dev__pytest-5692,testing/test_unittest.py,0.32904666662216187,35
pytest-dev__pytest-5692,testing/test_config.py,0.4278508424758911,11
pytest-dev__pytest-5692,src/_pytest/warning_types.py,0.31539851427078247,38
pytest-dev__pytest-5787,src/_pytest/_code/code.py,0.7902714610099792,1
pytest-dev__pytest-5787,testing/code/test_excinfo.py,0.6527729034423828,2
pytest-dev__pytest-5787,testing/test_reports.py,0.6035580039024353,3
pytest-dev__pytest-5787,testing/test_session.py,0.3753400444984436,34
pytest-dev__pytest-5787,testing/test_assertion.py,0.5054685473442078,8
pytest-dev__pytest-5787,testing/python/collect.py,0.43936243653297424,21
pytest-dev__pytest-5787,testing/test_config.py,0.37168383598327637,36
pytest-dev__pytest-5787,testing/test_runner.py,0.43936243653297424,21
pytest-dev__pytest-5787,src/_pytest/unittest.py,0.3901040256023407,27
pytest-dev__pytest-5787,src/_pytest/outcomes.py,0.5015625357627869,9
pytest-dev__pytest-5787,src/_pytest/doctest.py,0.3790105879306793,30
pytest-dev__pytest-5787,src/_pytest/nodes.py,0.48008865118026733,12
pytest-dev__pytest-5787,src/_pytest/reports.py,0.5790196061134338,4
pytest-dev__pytest-5787,src/_pytest/junitxml.py,0.4586881399154663,16
pytest-dev__pytest-5787,src/_pytest/runner.py,0.54635089635849,5
pytest-dev__pytest-5787,testing/python/raises.py,0.41641688346862793,24
pytest-dev__pytest-5787,src/_pytest/assertion/__init__.py,0.5054685473442078,8
pytest-dev__pytest-5787,testing/test_resultlog.py,0.47229403257369995,15
pytest-dev__pytest-5787,testing/test_terminal.py,0.47424158453941345,14
pytest-dev__pytest-5787,testing/test_junitxml.py,0.34651920199394226,42
pytest-dev__pytest-5787,src/_pytest/fixtures.py,0.3753400444984436,34
pytest-dev__pytest-5787,doc/en/example/assertion/failure_demo.py,0.3790105879306793,30
pytest-dev__pytest-5787,src/_pytest/assertion/util.py,0.4509396255016327,18
pytest-dev__pytest-5787,src/_pytest/faulthandler.py,0.5347096920013428,6
pytest-dev__pytest-5787,src/_pytest/python_api.py,0.4839898645877838,11
pytest-dev__pytest-5787,src/_pytest/terminal.py,0.47424158453941345,14
pytest-dev__pytest-5787,testing/test_unittest.py,0.33598238229751587,45
pytest-dev__pytest-5787,testing/examples/test_issue519.py,0.3790105879306793,30
pytest-dev__pytest-5787,testing/code/test_code.py,0.4509396255016327,18
pytest-dev__pytest-5787,src/_pytest/assertion/rewrite.py,0.3975641429424286,26
pytest-dev__pytest-5787,src/_pytest/config/exceptions.py,0.4240303635597229,22
pytest-dev__pytest-5787,testing/conftest.py,0.3753400444984436,34
pytest-dev__pytest-5787,doc/en/example/assertion/test_failures.py,0.32904666662216187,46
pytest-dev__pytest-5787,testing/test_assertrewrite.py,0.35362908244132996,41
pytest-dev__pytest-5787,src/_pytest/warning_types.py,0.33598238229751587,45
pytest-dev__pytest-5787,testing/acceptance_test.py,0.36080431938171387,38
pytest-dev__pytest-5787,testing/test_pytester.py,0.33598238229751587,45
pytest-dev__pytest-5787,testing/test_warning_types.py,0.2858501672744751,50
pytest-dev__pytest-5787,testing/test_collection.py,0.3256063163280487,47
pytest-dev__pytest-5787,testing/test_faulthandler.py,0.40131235122680664,25
pytest-dev__pytest-5787,src/_pytest/main.py,0.37168383598327637,36
pytest-dev__pytest-5787,src/_pytest/assertion/truncate.py,0.43936243653297424,21
pytest-dev__pytest-5787,src/_pytest/pastebin.py,0.49179762601852417,10
pytest-dev__pytest-5787,src/_pytest/skipping.py,0.3753400444984436,34
pytest-dev__pytest-5787,testing/test_capture.py,0.35362908244132996,41
pytest-dev__pytest-5787,src/_pytest/warnings.py,0.36080431938171387,38
pytest-dev__pytest-5787,src/_pytest/pytester.py,0.41641688346862793,24
pytest-dev__pytest-5787,testing/test_doctest.py,0.2987777292728424,49
pytest-dev__pytest-5787,src/_pytest/stepwise.py,0.35362908244132996,41
pytest-dev__pytest-5787,testing/test_pluginmanager.py,0.32218465209007263,48
pytest-dev__pytest-5808,src/_pytest/pastebin.py,0.857934832572937,1
pytest-dev__pytest-5808,testing/test_pastebin.py,0.810238778591156,2
pytest-dev__pytest-5808,testing/test_assertrewrite.py,0.5828235149383545,27
pytest-dev__pytest-5808,src/_pytest/pytester.py,0.7307512760162354,4
pytest-dev__pytest-5808,testing/test_runner.py,0.5922893285751343,25
pytest-dev__pytest-5808,src/_pytest/reports.py,0.5998133420944214,22
pytest-dev__pytest-5808,testing/test_doctest.py,0.5540844202041626,34
pytest-dev__pytest-5808,testing/test_junitxml.py,0.5998133420944214,22
pytest-dev__pytest-5808,src/_pytest/capture.py,0.6598217487335205,9
pytest-dev__pytest-5808,testing/examples/test_issue519.py,0.5074213147163391,46
pytest-dev__pytest-5808,testing/code/test_source.py,0.6822351217269897,6
pytest-dev__pytest-5808,src/_pytest/doctest.py,0.622092068195343,16
pytest-dev__pytest-5808,src/_pytest/assertion/truncate.py,0.5713839530944824,30
pytest-dev__pytest-5808,testing/acceptance_test.py,0.5482865571975708,36
pytest-dev__pytest-5808,testing/test_capture.py,0.5540844202041626,34
pytest-dev__pytest-5808,doc/en/_themes/flask_theme_support.py,0.633047342300415,14
pytest-dev__pytest-5808,src/_pytest/assertion/rewrite.py,0.5960569977760315,24
pytest-dev__pytest-5808,src/_pytest/assertion/__init__.py,0.5713839530944824,30
pytest-dev__pytest-5808,src/_pytest/resultlog.py,0.6650626063346863,7
pytest-dev__pytest-5808,src/_pytest/logging.py,0.5713839530944824,30
pytest-dev__pytest-5808,testing/test_pytester.py,0.650999903678894,10
pytest-dev__pytest-5808,testing/code/test_excinfo.py,0.6633201241493225,8
pytest-dev__pytest-5808,testing/code/test_code.py,0.5444138646125793,38
pytest-dev__pytest-5808,src/_pytest/_code/source.py,0.6438668966293335,11
pytest-dev__pytest-5808,src/_pytest/junitxml.py,0.5482865571975708,36
pytest-dev__pytest-5808,testing/test_resultlog.py,0.6147178411483765,19
pytest-dev__pytest-5808,src/_pytest/config/exceptions.py,0.5847217440605164,26
pytest-dev__pytest-5808,testing/test_terminal.py,0.5637142658233643,31
pytest-dev__pytest-5808,src/_pytest/assertion/util.py,0.6184117794036865,18
pytest-dev__pytest-5808,src/_pytest/terminal.py,0.6202536225318909,17
pytest-dev__pytest-5808,src/_pytest/config/argparsing.py,0.7245585918426514,5
pytest-dev__pytest-5808,testing/test_reports.py,0.6275860667228699,15
pytest-dev__pytest-5808,scripts/publish_gh_release_notes.py,0.521081268787384,41
pytest-dev__pytest-5808,extra/get_issues.py,0.48008865118026733,47
pytest-dev__pytest-5808,testing/test_parseopt.py,0.5327655076980591,40
pytest-dev__pytest-5808,testing/test_pdb.py,0.5093739032745361,45
pytest-dev__pytest-5808,testing/python/collect.py,0.5598676800727844,32
pytest-dev__pytest-5808,testing/test_config.py,0.54635089635849,37
pytest-dev__pytest-5808,src/_pytest/hookspec.py,0.638474702835083,12
pytest-dev__pytest-5808,src/_pytest/config/__init__.py,0.7315191626548767,3
pytest-dev__pytest-5808,src/_pytest/warning_types.py,0.5366528630256653,39
pytest-dev__pytest-5808,doc/en/example/py2py3/conftest.py,0.5171807408332825,43
pytest-dev__pytest-5808,testing/test_session.py,0.6366694569587708,13
pytest-dev__pytest-5808,testing/example_scripts/config/collect_pytest_prefix/conftest.py,0.4432148039340973,49
pytest-dev__pytest-5808,testing/deprecated_test.py,0.4470740258693695,48
pytest-dev__pytest-5808,testing/python/setup_plan.py,0.3863929510116577,50
pytest-dev__pytest-5808,src/_pytest/fixtures.py,0.5152297019958496,44
pytest-dev__pytest-5808,doc/en/example/assertion/failure_demo.py,0.5979365706443787,23
pytest-dev__pytest-5808,src/_pytest/_code/code.py,0.6016871333122253,20
pytest-dev__pytest-5808,testing/python/show_fixtures_per_test.py,0.5191313028335571,42
pytest-dev__pytest-5809,testing/test_pastebin.py,0.8445885181427002,2
pytest-dev__pytest-5809,src/_pytest/pastebin.py,0.8608114123344421,1
pytest-dev__pytest-5809,src/_pytest/pytester.py,0.6420735120773315,15
pytest-dev__pytest-5809,testing/code/test_source.py,0.6856127977371216,7
pytest-dev__pytest-5809,src/_pytest/doctest.py,0.5885108113288879,26
pytest-dev__pytest-5809,testing/test_runner.py,0.5656346678733826,34
pytest-dev__pytest-5809,testing/examples/test_issue519.py,0.5093739032745361,43
pytest-dev__pytest-5809,testing/test_doctest.py,0.5482865571975708,36
pytest-dev__pytest-5809,src/_pytest/capture.py,0.5809227228164673,30
pytest-dev__pytest-5809,testing/test_assertrewrite.py,0.5904014110565186,25
pytest-dev__pytest-5809,src/_pytest/reports.py,0.6128658652305603,20
pytest-dev__pytest-5809,src/_pytest/assertion/rewrite.py,0.6420735120773315,15
pytest-dev__pytest-5809,src/_pytest/assertion/__init__.py,0.5771140456199646,31
pytest-dev__pytest-5809,testing/test_junitxml.py,0.5979365706443787,22
pytest-dev__pytest-5809,src/_pytest/assertion/truncate.py,0.5847217440605164,28
pytest-dev__pytest-5809,testing/code/test_code.py,0.633047342300415,17
pytest-dev__pytest-5809,testing/test_capture.py,0.5752062797546387,33
pytest-dev__pytest-5809,src/_pytest/_code/source.py,0.6839264035224915,9
pytest-dev__pytest-5809,src/_pytest/resultlog.py,0.6839264035224915,9
pytest-dev__pytest-5809,testing/acceptance_test.py,0.5904014110565186,25
pytest-dev__pytest-5809,src/_pytest/logging.py,0.5866175889968872,27
pytest-dev__pytest-5809,src/_pytest/deprecated.py,0.6438668966293335,13
pytest-dev__pytest-5809,testing/example_scripts/config/collect_pytest_prefix/conftest.py,0.5015625357627869,45
pytest-dev__pytest-5809,src/_pytest/terminal.py,0.650999903678894,11
pytest-dev__pytest-5809,testing/test_pytester.py,0.5405358076095581,37
pytest-dev__pytest-5809,testing/test_resultlog.py,0.5922893285751343,23
pytest-dev__pytest-5809,src/_pytest/config/exceptions.py,0.5752062797546387,33
pytest-dev__pytest-5809,src/_pytest/assertion/util.py,0.6456562876701355,12
pytest-dev__pytest-5809,testing/test_terminal.py,0.5617918968200684,35
pytest-dev__pytest-5809,testing/code/test_excinfo.py,0.5327655076980591,38
pytest-dev__pytest-5809,doc/en/_themes/flask_theme_support.py,0.6035580039024353,21
pytest-dev__pytest-5809,src/_pytest/runner.py,0.712712287902832,3
pytest-dev__pytest-5809,src/_pytest/config/argparsing.py,0.6939709186553955,6
pytest-dev__pytest-5809,src/_pytest/_code/code.py,0.6956275701522827,5
pytest-dev__pytest-5809,testing/test_parseopt.py,0.5152297019958496,42
pytest-dev__pytest-5809,src/_pytest/warnings.py,0.5152297019958496,42
pytest-dev__pytest-5809,testing/python/collect.py,0.5828235149383545,29
pytest-dev__pytest-5809,src/_pytest/junitxml.py,0.6805390119552612,10
pytest-dev__pytest-5809,extra/get_issues.py,0.47229403257369995,48
pytest-dev__pytest-5809,testing/test_assertion.py,0.6165664792060852,19
pytest-dev__pytest-5809,src/_pytest/nodes.py,0.6239269375801086,18
pytest-dev__pytest-5809,testing/test_collection.py,0.6402760744094849,16
pytest-dev__pytest-5809,testing/deprecated_test.py,0.48008865118026733,46
pytest-dev__pytest-5809,src/_pytest/config/__init__.py,0.7030196189880371,4
pytest-dev__pytest-5809,testing/test_config.py,0.5074213147163391,44
pytest-dev__pytest-5809,doc/en/example/costlysetup/sub_a/__init__.py,0.35362908244132996,49
pytest-dev__pytest-5809,doc/en/example/costlysetup/sub_b/__init__.py,0.332505464553833,50
pytest-dev__pytest-5809,doc/en/example/py2py3/conftest.py,0.5269270539283752,40
pytest-dev__pytest-5809,scripts/publish_gh_release_notes.py,0.5308202505111694,39
pytest-dev__pytest-5809,testing/example_scripts/deprecated/test_fixture_named_request.py,0.47229403257369995,48
pytest-dev__pytest-5840,testing/test_conftest.py,0.8108386993408203,1
pytest-dev__pytest-5840,testing/acceptance_test.py,0.6239269375801086,11
pytest-dev__pytest-5840,testing/test_assertrewrite.py,0.5866175889968872,21
pytest-dev__pytest-5840,testing/python/collect.py,0.5885108113288879,19
pytest-dev__pytest-5840,testing/test_config.py,0.5308202505111694,42
pytest-dev__pytest-5840,src/_pytest/assertion/rewrite.py,0.5809227228164673,25
pytest-dev__pytest-5840,testing/examples/test_issue519.py,0.5132781267166138,43
pytest-dev__pytest-5840,src/_pytest/pathlib.py,0.5941745638847351,16
pytest-dev__pytest-5840,testing/test_pathlib.py,0.5809227228164673,25
pytest-dev__pytest-5840,testing/test_assertion.py,0.5656346678733826,29
pytest-dev__pytest-5840,testing/test_entry_points.py,0.47618991136550903,47
pytest-dev__pytest-5840,testing/test_modimport.py,0.5113261938095093,45
pytest-dev__pytest-5840,doc/en/example/py2py3/conftest.py,0.6633201241493225,6
pytest-dev__pytest-5840,testing/test_collection.py,0.5732962489128113,28
pytest-dev__pytest-5840,testing/test_pluginmanager.py,0.5960569977760315,15
pytest-dev__pytest-5840,src/_pytest/freeze_support.py,0.5752062797546387,26
pytest-dev__pytest-5840,src/_pytest/config/__init__.py,0.7198565006256104,2
pytest-dev__pytest-5840,src/_pytest/config/findpaths.py,0.6805390119552612,5
pytest-dev__pytest-5840,src/_pytest/python.py,0.6972792148590088,3
pytest-dev__pytest-5840,testing/test_runner.py,0.5637142658233643,30
pytest-dev__pytest-5840,testing/test_tmpdir.py,0.5617918968200684,32
pytest-dev__pytest-5840,src/_pytest/pytester.py,0.6545414924621582,7
pytest-dev__pytest-5840,testing/test_cacheprovider.py,0.6257582902908325,10
pytest-dev__pytest-5840,src/pytest.py,0.5922893285751343,17
pytest-dev__pytest-5840,testing/test_pytester.py,0.5904014110565186,18
pytest-dev__pytest-5840,src/_pytest/hookspec.py,0.622092068195343,12
pytest-dev__pytest-5840,setup.py,0.5732962489128113,28
pytest-dev__pytest-5840,testing/test_session.py,0.5809227228164673,25
pytest-dev__pytest-5840,testing/test_doctest.py,0.5617918968200684,32
pytest-dev__pytest-5840,src/_pytest/main.py,0.6889709234237671,4
pytest-dev__pytest-5840,doc/en/example/assertion/test_failures.py,0.5385949611663818,40
pytest-dev__pytest-5840,src/_pytest/tmpdir.py,0.5866175889968872,21
pytest-dev__pytest-5840,testing/test_warning_types.py,0.47424158453941345,48
pytest-dev__pytest-5840,testing/freeze/create_executable.py,0.4586881399154663,50
pytest-dev__pytest-5840,testing/python/fixtures.py,0.6147178411483765,13
pytest-dev__pytest-5840,testing/example_scripts/collect/package_infinite_recursion/conftest.py,0.5809227228164673,25
pytest-dev__pytest-5840,testing/conftest.py,0.6275860667228699,8
pytest-dev__pytest-5840,testing/python/setup_plan.py,0.4625701606273651,49
pytest-dev__pytest-5840,testing/test_terminal.py,0.5113261938095093,45
pytest-dev__pytest-5840,testing/test_helpconfig.py,0.5308202505111694,42
pytest-dev__pytest-5840,src/_pytest/compat.py,0.5502207279205322,36
pytest-dev__pytest-5840,testing/example_scripts/config/collect_pytest_prefix/conftest.py,0.6257582902908325,10
pytest-dev__pytest-5840,testing/test_warnings.py,0.4878930151462555,46
pytest-dev__pytest-5840,testing/test_junitxml.py,0.5521534085273743,34
pytest-dev__pytest-5840,testing/test_capture.py,0.5444138646125793,38
pytest-dev__pytest-5840,src/_pytest/cacheprovider.py,0.5502207279205322,36
pytest-dev__pytest-5840,testing/test_monkeypatch.py,0.54635089635849,37
pytest-dev__pytest-5840,src/_pytest/unittest.py,0.5598676800727844,33
pytest-dev__pytest-5840,src/_pytest/capture.py,0.6016871333122253,14
pytest-dev__pytest-5840,src/_pytest/warning_types.py,0.5385949611663818,40
pytest-dev__pytest-5980,src/_pytest/resultlog.py,0.8069134950637817,1
pytest-dev__pytest-5980,testing/test_resultlog.py,0.7214292883872986,2
pytest-dev__pytest-5980,testing/deprecated_test.py,0.5230305790901184,15
pytest-dev__pytest-5980,src/_pytest/logging.py,0.5790196061134338,7
pytest-dev__pytest-5980,src/_pytest/terminal.py,0.5828235149383545,6
pytest-dev__pytest-5980,testing/logging/test_reporting.py,0.5904014110565186,5
pytest-dev__pytest-5980,src/_pytest/reports.py,0.5675531625747681,9
pytest-dev__pytest-5980,src/_pytest/junitxml.py,0.5521534085273743,10
pytest-dev__pytest-5980,testing/test_terminal.py,0.5035156011581421,18
pytest-dev__pytest-5980,testing/test_reports.py,0.46840155124664307,20
pytest-dev__pytest-5980,src/_pytest/pastebin.py,0.5035156011581421,18
pytest-dev__pytest-5980,src/_pytest/pytester.py,0.5288740992546082,14
pytest-dev__pytest-5980,src/_pytest/stepwise.py,0.47229403257369995,19
pytest-dev__pytest-5980,src/_pytest/runner.py,0.5732962489128113,8
pytest-dev__pytest-5980,testing/test_pytester.py,0.4470740258693695,25
pytest-dev__pytest-5980,testing/test_runner.py,0.4240303635597229,31
pytest-dev__pytest-5980,testing/test_capture.py,0.42021888494491577,32
pytest-dev__pytest-5980,src/_pytest/deprecated.py,0.54635089635849,12
pytest-dev__pytest-5980,src/_pytest/cacheprovider.py,0.5385949611663818,13
pytest-dev__pytest-5980,testing/logging/test_fixture.py,0.43936243653297424,28
pytest-dev__pytest-5980,testing/test_junitxml.py,0.4050721228122711,34
pytest-dev__pytest-5980,src/_pytest/hookspec.py,0.6202536225318909,4
pytest-dev__pytest-5980,testing/python/integration.py,0.4625701606273651,21
pytest-dev__pytest-5980,testing/test_cacheprovider.py,0.38269495964050293,39
pytest-dev__pytest-5980,testing/test_assertrewrite.py,0.3020615577697754,49
pytest-dev__pytest-5980,testing/acceptance_test.py,0.3790105879306793,41
pytest-dev__pytest-5980,testing/conftest.py,0.5093739032745361,16
pytest-dev__pytest-5980,src/_pytest/capture.py,0.54635089635849,12
pytest-dev__pytest-5980,src/_pytest/setupplan.py,0.41641688346862793,33
pytest-dev__pytest-5980,src/_pytest/setuponly.py,0.4586881399154663,22
pytest-dev__pytest-5980,testing/test_pdb.py,0.38269495964050293,39
pytest-dev__pytest-5980,testing/test_helpconfig.py,0.3790105879306793,41
pytest-dev__pytest-5980,testing/test_stepwise.py,0.38269495964050293,39
pytest-dev__pytest-5980,testing/logging/test_formatter.py,0.4278508424758911,30
pytest-dev__pytest-5980,testing/test_session.py,0.393827885389328,35
pytest-dev__pytest-5980,src/_pytest/main.py,0.4509396255016327,24
pytest-dev__pytest-5980,testing/test_assertion.py,0.37168383598327637,42
pytest-dev__pytest-5980,src/_pytest/config/__init__.py,0.6202536225318909,4
pytest-dev__pytest-5980,testing/test_pastebin.py,0.4432148039340973,26
pytest-dev__pytest-5980,src/_pytest/assertion/rewrite.py,0.36080431938171387,45
pytest-dev__pytest-5980,testing/python/collect.py,0.43936243653297424,28
pytest-dev__pytest-5980,testing/test_setupplan.py,0.3020615577697754,49
pytest-dev__pytest-5980,testing/test_conftest.py,0.38269495964050293,39
pytest-dev__pytest-5980,src/_pytest/assertion/__init__.py,0.4278508424758911,30
pytest-dev__pytest-5980,testing/examples/test_issue519.py,0.30536580085754395,47
pytest-dev__pytest-5980,testing/test_collection.py,0.3680422008037567,43
pytest-dev__pytest-5980,src/_pytest/doctest.py,0.454811155796051,23
pytest-dev__pytest-5980,testing/example_scripts/fixtures/custom_item/conftest.py,0.2987777292728424,50
pytest-dev__pytest-5980,testing/test_warnings.py,0.36080431938171387,45
pytest-dev__pytest-5980,testing/test_skipping.py,0.35362908244132996,46
pytest-dev__pytest-6116,src/_pytest/main.py,0.7928494215011597,1
pytest-dev__pytest-6116,testing/test_terminal.py,0.5675531625747681,6
pytest-dev__pytest-6116,src/_pytest/hookspec.py,0.48594123125076294,17
pytest-dev__pytest-6116,testing/test_config.py,0.408843070268631,35
pytest-dev__pytest-6116,testing/test_parseopt.py,0.5269270539283752,11
pytest-dev__pytest-6116,testing/acceptance_test.py,0.4432148039340973,27
pytest-dev__pytest-6116,src/_pytest/terminal.py,0.5866175889968872,3
pytest-dev__pytest-6116,src/_pytest/config/__init__.py,0.5713839530944824,5
pytest-dev__pytest-6116,testing/conftest.py,0.4240303635597229,31
pytest-dev__pytest-6116,src/_pytest/config/argparsing.py,0.6839264035224915,2
pytest-dev__pytest-6116,src/pytest.py,0.5015625357627869,14
pytest-dev__pytest-6116,testing/test_collection.py,0.43168002367019653,29
pytest-dev__pytest-6116,testing/test_session.py,0.5560138821601868,8
pytest-dev__pytest-6116,src/_pytest/pytester.py,0.5579416155815125,7
pytest-dev__pytest-6116,src/_pytest/helpconfig.py,0.521081268787384,13
pytest-dev__pytest-6116,doc/en/example/pythoncollection.py,0.49179762601852417,16
pytest-dev__pytest-6116,src/_pytest/setupplan.py,0.5249791741371155,12
pytest-dev__pytest-6116,src/_pytest/mark/__init__.py,0.4703473448753357,20
pytest-dev__pytest-6116,testing/python/collect.py,0.4509396255016327,23
pytest-dev__pytest-6116,src/_pytest/runner.py,0.5405358076095581,9
pytest-dev__pytest-6116,testing/test_runner.py,0.35006579756736755,44
pytest-dev__pytest-6116,testing/test_helpconfig.py,0.36441558599472046,43
pytest-dev__pytest-6116,src/_pytest/setuponly.py,0.49179762601852417,16
pytest-dev__pytest-6116,src/_pytest/debugging.py,0.4625701606273651,21
pytest-dev__pytest-6116,src/_pytest/python.py,0.5269270539283752,11
pytest-dev__pytest-6116,src/_pytest/compat.py,0.40131235122680664,36
pytest-dev__pytest-6116,src/_pytest/config/exceptions.py,0.3975641429424286,37
pytest-dev__pytest-6116,src/_pytest/stepwise.py,0.4126248061656952,34
pytest-dev__pytest-6116,doc/en/example/py2py3/conftest.py,0.31539851427078247,48
pytest-dev__pytest-6116,testing/example_scripts/config/collect_pytest_prefix/conftest.py,0.34651920199394226,45
pytest-dev__pytest-6116,src/_pytest/capture.py,0.5828235149383545,4
pytest-dev__pytest-6116,testing/test_mark.py,0.4432148039340973,27
pytest-dev__pytest-6116,src/_pytest/config/findpaths.py,0.48008865118026733,19
pytest-dev__pytest-6116,src/_pytest/mark/legacy.py,0.393827885389328,38
pytest-dev__pytest-6116,src/_pytest/deprecated.py,0.36441558599472046,43
pytest-dev__pytest-6116,testing/test_entry_points.py,0.3187819719314575,47
pytest-dev__pytest-6116,testing/test_pytester.py,0.4240303635597229,31
pytest-dev__pytest-6116,src/_pytest/assertion/truncate.py,0.37168383598327637,40
pytest-dev__pytest-6116,testing/test_pdb.py,0.3680422008037567,41
pytest-dev__pytest-6116,testing/freeze/runtests_script.py,0.332505464553833,46
pytest-dev__pytest-6116,src/_pytest/cacheprovider.py,0.4839898645877838,18
pytest-dev__pytest-6116,src/_pytest/doctest.py,0.4432148039340973,27
pytest-dev__pytest-6116,testing/example_scripts/fixtures/custom_item/conftest.py,0.30536580085754395,49
pytest-dev__pytest-6116,testing/python/fixtures.py,0.4126248061656952,34
pytest-dev__pytest-6116,testing/example_scripts/issue88_initial_file_multinodes/conftest.py,0.37168383598327637,40
pytest-dev__pytest-6116,testing/python/integration.py,0.4355173707008362,28
pytest-dev__pytest-6116,testing/python/metafunc.py,0.4432148039340973,27
pytest-dev__pytest-6116,testing/python/show_fixtures_per_test.py,0.4509396255016327,23
pytest-dev__pytest-6116,testing/test_setupplan.py,0.29227200150489807,50
pytest-dev__pytest-6116,src/_pytest/assertion/__init__.py,0.42021888494491577,32
pytest-dev__pytest-6186,src/_pytest/deprecated.py,0.29551446437835693,8
pytest-dev__pytest-6186,testing/test_warnings.py,0.3256063163280487,5
pytest-dev__pytest-6186,testing/deprecated_test.py,0.29551446437835693,8
pytest-dev__pytest-6186,src/_pytest/warnings.py,0.4240303635597229,2
pytest-dev__pytest-6186,src/_pytest/junitxml.py,0.6147178411483765,1
pytest-dev__pytest-6186,testing/test_junitxml.py,0.34651920199394226,3
pytest-dev__pytest-6186,testing/test_recwarn.py,0.3120344877243042,6
pytest-dev__pytest-6186,testing/test_warning_types.py,0.21840254962444305,43
pytest-dev__pytest-6186,src/_pytest/warning_types.py,0.27951371669769287,14
pytest-dev__pytest-6186,testing/test_unittest.py,0.2610294222831726,23
pytest-dev__pytest-6186,src/_pytest/unittest.py,0.2858501672744751,11
pytest-dev__pytest-6186,testing/test_conftest.py,0.26405462622642517,20
pytest-dev__pytest-6186,src/_pytest/recwarn.py,0.3256063163280487,5
pytest-dev__pytest-6186,testing/example_scripts/warnings/test_group_warnings_by_message.py,0.24915480613708496,27
pytest-dev__pytest-6186,testing/test_config.py,0.2858501672744751,11
pytest-dev__pytest-6186,testing/test_meta.py,0.27951371669769287,14
pytest-dev__pytest-6186,testing/example_scripts/conftest_usageerror/conftest.py,0.23203159868717194,36
pytest-dev__pytest-6186,src/_pytest/nose.py,0.25802674889564514,25
pytest-dev__pytest-6186,testing/test_capture.py,0.22925899922847748,37
pytest-dev__pytest-6186,testing/test_terminal.py,0.24335461854934692,30
pytest-dev__pytest-6186,src/pytest.py,0.26405462622642517,20
pytest-dev__pytest-6186,testing/test_setupplan.py,0.19290399551391602,50
pytest-dev__pytest-6186,src/_pytest/python.py,0.27326399087905884,16
pytest-dev__pytest-6186,testing/python/collect.py,0.23203159868717194,36
pytest-dev__pytest-6186,src/_pytest/setuponly.py,0.22378391027450562,42
pytest-dev__pytest-6186,src/_pytest/config/__init__.py,0.27637791633605957,15
pytest-dev__pytest-6186,testing/python/fixtures.py,0.21050651371479034,46
pytest-dev__pytest-6186,src/_pytest/mark/structures.py,0.2671021819114685,18
pytest-dev__pytest-6186,testing/example_scripts/unittest/test_setup_skip_module.py,0.25802674889564514,25
pytest-dev__pytest-6186,testing/examples/test_issue519.py,0.20282189548015594,49
pytest-dev__pytest-6186,src/_pytest/setupplan.py,0.22650976479053497,40
pytest-dev__pytest-6186,doc/en/example/assertion/global_testmodule_config/conftest.py,0.22378391027450562,42
pytest-dev__pytest-6186,src/_pytest/terminal.py,0.27017202973365784,17
pytest-dev__pytest-6186,testing/acceptance_test.py,0.25504666566848755,26
pytest-dev__pytest-6186,testing/test_runner.py,0.2376466989517212,32
pytest-dev__pytest-6186,testing/test_setuponly.py,0.21050651371479034,46
pytest-dev__pytest-6186,testing/logging/test_fixture.py,0.24335461854934692,30
pytest-dev__pytest-6186,testing/test_nose.py,0.21574705839157104,44
pytest-dev__pytest-6186,testing/example_scripts/unittest/test_setup_skip_class.py,0.24048909544944763,31
pytest-dev__pytest-6186,testing/logging/test_reporting.py,0.2610294222831726,23
pytest-dev__pytest-6186,src/_pytest/skipping.py,0.23203159868717194,36
pytest-dev__pytest-6186,testing/test_skipping.py,0.22650976479053497,40
pytest-dev__pytest-6186,testing/example_scripts/unittest/test_setup_skip.py,0.2462432086467743,28
pytest-dev__pytest-6186,testing/test_assertion.py,0.23203159868717194,36
pytest-dev__pytest-6186,testing/python/integration.py,0.20282189548015594,49
pytest-dev__pytest-6186,testing/test_runner_xunit.py,0.2858501672744751,11
pytest-dev__pytest-6186,src/_pytest/stepwise.py,0.20792147517204285,47
pytest-dev__pytest-6186,testing/python/show_fixtures_per_test.py,0.22650976479053497,40
pytest-dev__pytest-6186,src/_pytest/hookspec.py,0.27951371669769287,14
pytest-dev__pytest-6186,testing/test_assertrewrite.py,0.2610294222831726,23
pytest-dev__pytest-6197,doc/en/example/py2py3/conftest.py,0.6165664792060852,17
pytest-dev__pytest-6197,testing/test_collection.py,0.6563059091567993,8
pytest-dev__pytest-6197,testing/python/collect.py,0.7268911600112915,2
pytest-dev__pytest-6197,testing/acceptance_test.py,0.6402760744094849,12
pytest-dev__pytest-6197,testing/test_session.py,0.6545414924621582,9
pytest-dev__pytest-6197,src/_pytest/python.py,0.761786699295044,1
pytest-dev__pytest-6197,testing/example_scripts/collect/package_infinite_recursion/conftest.py,0.6275860667228699,14
pytest-dev__pytest-6197,testing/test_terminal.py,0.5885108113288879,29
pytest-dev__pytest-6197,testing/test_assertrewrite.py,0.5922893285751343,28
pytest-dev__pytest-6197,src/_pytest/main.py,0.6872942447662354,4
pytest-dev__pytest-6197,testing/example_scripts/fixtures/custom_item/conftest.py,0.5579416155815125,36
pytest-dev__pytest-6197,testing/test_modimport.py,0.5809227228164673,32
pytest-dev__pytest-6197,testing/test_doctest.py,0.5960569977760315,25
pytest-dev__pytest-6197,src/_pytest/doctest.py,0.5732962489128113,34
pytest-dev__pytest-6197,testing/conftest.py,0.5866175889968872,30
pytest-dev__pytest-6197,testing/example_scripts/issue88_initial_file_multinodes/conftest.py,0.6054258346557617,21
pytest-dev__pytest-6197,testing/examples/test_issue519.py,0.5405358076095581,44
pytest-dev__pytest-6197,testing/test_pluginmanager.py,0.6239269375801086,15
pytest-dev__pytest-6197,testing/test_conftest.py,0.6091521978378296,20
pytest-dev__pytest-6197,src/_pytest/assertion/rewrite.py,0.6702630519866943,6
pytest-dev__pytest-6197,src/_pytest/pytester.py,0.6563059091567993,8
pytest-dev__pytest-6197,testing/test_meta.py,0.5171807408332825,46
pytest-dev__pytest-6197,testing/python/integration.py,0.4957032799720764,47
pytest-dev__pytest-6197,src/_pytest/hookspec.py,0.6492228507995605,10
pytest-dev__pytest-6197,testing/test_assertion.py,0.5771140456199646,33
pytest-dev__pytest-6197,testing/test_config.py,0.5941745638847351,26
pytest-dev__pytest-6197,src/_pytest/config/__init__.py,0.7095024585723877,3
pytest-dev__pytest-6197,testing/test_warnings.py,0.49179762601852417,48
pytest-dev__pytest-6197,src/pytest.py,0.5960569977760315,25
pytest-dev__pytest-6197,doc/en/example/conftest.py,0.5979365706443787,23
pytest-dev__pytest-6197,src/_pytest/freeze_support.py,0.638474702835083,13
pytest-dev__pytest-6197,testing/test_runner.py,0.6402760744094849,12
pytest-dev__pytest-6197,testing/test_pathlib.py,0.5540844202041626,38
pytest-dev__pytest-6197,src/_pytest/warnings.py,0.5521534085273743,41
pytest-dev__pytest-6197,src/_pytest/unittest.py,0.6091521978378296,20
pytest-dev__pytest-6197,testing/test_warning_types.py,0.4240303635597229,50
pytest-dev__pytest-6197,testing/test_pytester.py,0.6091521978378296,20
pytest-dev__pytest-6197,doc/en/conftest.py,0.5521534085273743,41
pytest-dev__pytest-6197,src/_pytest/warning_types.py,0.5922893285751343,28
pytest-dev__pytest-6197,testing/test_entry_points.py,0.4878930151462555,49
pytest-dev__pytest-6197,testing/code/test_excinfo.py,0.5482865571975708,42
pytest-dev__pytest-6197,src/_pytest/nodes.py,0.6702630519866943,6
pytest-dev__pytest-6197,testing/test_capture.py,0.5521534085273743,41
pytest-dev__pytest-6197,src/_pytest/runner.py,0.6016871333122253,22
pytest-dev__pytest-6197,testing/test_unittest.py,0.5675531625747681,35
pytest-dev__pytest-6197,testing/test_skipping.py,0.5847217440605164,31
pytest-dev__pytest-6197,testing/test_tmpdir.py,0.5405358076095581,44
pytest-dev__pytest-6197,doc/en/example/pythoncollection.py,0.5560138821601868,37
pytest-dev__pytest-6197,testing/test_reports.py,0.5385949611663818,45
pytest-dev__pytest-6197,src/_pytest/pathlib.py,0.6202536225318909,16
pytest-dev__pytest-6202,src/_pytest/reports.py,0.7857034802436829,2
pytest-dev__pytest-6202,testing/test_runner.py,0.6754221320152283,11
pytest-dev__pytest-6202,testing/test_terminal.py,0.5885108113288879,24
pytest-dev__pytest-6202,testing/python/collect.py,0.6402760744094849,14
pytest-dev__pytest-6202,src/_pytest/doctest.py,0.6668006181716919,12
pytest-dev__pytest-6202,src/_pytest/terminal.py,0.7979349493980408,1
pytest-dev__pytest-6202,src/_pytest/assertion/rewrite.py,0.6939709186553955,5
pytest-dev__pytest-6202,src/_pytest/assertion/__init__.py,0.6822351217269897,7
pytest-dev__pytest-6202,testing/test_assertrewrite.py,0.49375033378601074,42
pytest-dev__pytest-6202,testing/test_junitxml.py,0.6257582902908325,16
pytest-dev__pytest-6202,testing/code/test_excinfo.py,0.49960941076278687,39
pytest-dev__pytest-6202,testing/test_reports.py,0.6128658652305603,19
pytest-dev__pytest-6202,testing/test_session.py,0.49960941076278687,39
pytest-dev__pytest-6202,testing/test_assertion.py,0.5308202505111694,33
pytest-dev__pytest-6202,testing/examples/test_issue519.py,0.3753400444984436,50
pytest-dev__pytest-6202,src/_pytest/nodes.py,0.7736271023750305,3
pytest-dev__pytest-6202,src/_pytest/pytester.py,0.6184117794036865,17
pytest-dev__pytest-6202,testing/test_doctest.py,0.5502207279205322,29
pytest-dev__pytest-6202,testing/python/show_fixtures_per_test.py,0.4126248061656952,48
pytest-dev__pytest-6202,src/_pytest/junitxml.py,0.6839264035224915,6
pytest-dev__pytest-6202,src/_pytest/_code/code.py,0.6633201241493225,13
pytest-dev__pytest-6202,src/_pytest/runner.py,0.6016871333122253,22
pytest-dev__pytest-6202,testing/acceptance_test.py,0.5444138646125793,31
pytest-dev__pytest-6202,testing/code/test_source.py,0.54635089635849,30
pytest-dev__pytest-6202,src/_pytest/assertion/truncate.py,0.6147178411483765,18
pytest-dev__pytest-6202,doc/en/example/assertion/failure_demo.py,0.4957032799720764,40
pytest-dev__pytest-6202,src/_pytest/assertion/util.py,0.5979365706443787,23
pytest-dev__pytest-6202,testing/python/integration.py,0.5093739032745361,36
pytest-dev__pytest-6202,src/_pytest/python.py,0.7368552684783936,4
pytest-dev__pytest-6202,testing/code/test_code.py,0.454811155796051,46
pytest-dev__pytest-6202,src/_pytest/resultlog.py,0.6805390119552612,8
pytest-dev__pytest-6202,testing/test_warning_types.py,0.38269495964050293,49
pytest-dev__pytest-6202,testing/test_skipping.py,0.48008865118026733,44
pytest-dev__pytest-6202,testing/conftest.py,0.521081268787384,34
pytest-dev__pytest-6202,testing/test_config.py,0.5171807408332825,35
pytest-dev__pytest-6202,testing/python/fixtures.py,0.5074213147163391,37
pytest-dev__pytest-6202,testing/test_pytester.py,0.48594123125076294,43
pytest-dev__pytest-6202,testing/test_resultlog.py,0.6054258346557617,21
pytest-dev__pytest-6202,testing/test_collection.py,0.5598676800727844,27
pytest-dev__pytest-6202,src/_pytest/fixtures.py,0.5752062797546387,25
pytest-dev__pytest-6202,testing/python/metafunc.py,0.47424158453941345,45
pytest-dev__pytest-6202,src/_pytest/hookspec.py,0.6771324872970581,10
pytest-dev__pytest-6202,src/_pytest/_code/source.py,0.5637142658233643,26
pytest-dev__pytest-6202,src/_pytest/mark/structures.py,0.6054258346557617,21
pytest-dev__pytest-6202,src/_pytest/compat.py,0.6257582902908325,16
pytest-dev__pytest-6202,testing/test_unittest.py,0.4470740258693695,47
pytest-dev__pytest-6202,src/_pytest/warning_types.py,0.5521534085273743,28
pytest-dev__pytest-6202,src/_pytest/pastebin.py,0.6771324872970581,10
pytest-dev__pytest-6202,testing/python/setup_only.py,0.49375033378601074,42
pytest-dev__pytest-6202,testing/test_warnings.py,0.5385949611663818,32
pytest-dev__pytest-6214,src/_pytest/setuponly.py,0.787015974521637,3
pytest-dev__pytest-6214,src/_pytest/setupplan.py,0.8053874373435974,1
pytest-dev__pytest-6214,testing/python/setup_only.py,0.7922071814537048,2
pytest-dev__pytest-6214,testing/python/setup_plan.py,0.6366694569587708,4
pytest-dev__pytest-6214,testing/python/fixtures.py,0.6147178411483765,7
pytest-dev__pytest-6214,src/_pytest/runner.py,0.6184117794036865,6
pytest-dev__pytest-6214,testing/test_terminal.py,0.4586881399154663,33
pytest-dev__pytest-6214,testing/python/show_fixtures_per_test.py,0.5132781267166138,19
pytest-dev__pytest-6214,src/_pytest/hookspec.py,0.5732962489128113,11
pytest-dev__pytest-6214,testing/test_runner.py,0.5405358076095581,14
pytest-dev__pytest-6214,testing/test_capture.py,0.4509396255016327,37
pytest-dev__pytest-6214,testing/test_runner_xunit.py,0.5752062797546387,10
pytest-dev__pytest-6214,testing/acceptance_test.py,0.5035156011581421,20
pytest-dev__pytest-6214,testing/test_unittest.py,0.46645671129226685,29
pytest-dev__pytest-6214,testing/test_nose.py,0.4625701606273651,31
pytest-dev__pytest-6214,testing/test_junitxml.py,0.4126248061656952,43
pytest-dev__pytest-6214,doc/en/example/costlysetup/conftest.py,0.4509396255016327,37
pytest-dev__pytest-6214,testing/example_scripts/issue_519.py,0.49375033378601074,22
pytest-dev__pytest-6214,testing/conftest.py,0.4586881399154663,33
pytest-dev__pytest-6214,doc/en/example/assertion/global_testmodule_config/conftest.py,0.3901040256023407,47
pytest-dev__pytest-6214,src/_pytest/fixtures.py,0.5809227228164673,9
pytest-dev__pytest-6214,doc/en/example/costlysetup/sub_b/test_two.py,0.3572086691856384,49
pytest-dev__pytest-6214,src/_pytest/python.py,0.6312306523323059,5
pytest-dev__pytest-6214,testing/logging/test_reporting.py,0.4820389747619629,24
pytest-dev__pytest-6214,src/_pytest/capture.py,0.5230305790901184,16
pytest-dev__pytest-6214,testing/example_scripts/conftest_usageerror/conftest.py,0.4240303635597229,42
pytest-dev__pytest-6214,testing/logging/test_fixture.py,0.47424158453941345,27
pytest-dev__pytest-6214,src/_pytest/nose.py,0.49765628576278687,21
pytest-dev__pytest-6214,testing/python/integration.py,0.454811155796051,34
pytest-dev__pytest-6214,testing/python/metafunc.py,0.48008865118026733,25
pytest-dev__pytest-6214,doc/en/example/fixtures/test_fixtures_order.py,0.4625701606273651,31
pytest-dev__pytest-6214,src/_pytest/logging.py,0.5675531625747681,12
pytest-dev__pytest-6214,src/_pytest/unittest.py,0.5885108113288879,8
pytest-dev__pytest-6214,src/_pytest/pytester.py,0.5405358076095581,14
pytest-dev__pytest-6214,testing/python/collect.py,0.4509396255016327,37
pytest-dev__pytest-6214,testing/test_conftest.py,0.4355173707008362,38
pytest-dev__pytest-6214,testing/test_helpconfig.py,0.4240303635597229,42
pytest-dev__pytest-6214,testing/test_pytester.py,0.43168002367019653,39
pytest-dev__pytest-6214,testing/test_warnings.py,0.408843070268631,44
pytest-dev__pytest-6214,testing/test_assertion.py,0.393827885389328,45
pytest-dev__pytest-6214,testing/test_config.py,0.4240303635597229,42
pytest-dev__pytest-6214,src/pytest.py,0.521081268787384,17
pytest-dev__pytest-6214,doc/en/example/assertion/test_setup_flow_example.py,0.48594123125076294,23
pytest-dev__pytest-6214,src/_pytest/junitxml.py,0.5191313028335571,18
pytest-dev__pytest-6214,src/_pytest/terminal.py,0.5385949611663818,15
pytest-dev__pytest-6214,testing/test_pluginmanager.py,0.4781389832496643,26
pytest-dev__pytest-6214,testing/test_doctest.py,0.3863929510116577,48
pytest-dev__pytest-6214,testing/deprecated_test.py,0.32904666662216187,50
pytest-dev__pytest-6214,testing/test_session.py,0.4703473448753357,28
pytest-dev__pytest-6214,testing/example_scripts/config/collect_pytest_prefix/conftest.py,0.3901040256023407,47
pytest-dev__pytest-6283,src/_pytest/logging.py,0.7292113304138184,1
pytest-dev__pytest-6283,testing/logging/test_reporting.py,0.6456562876701355,3
pytest-dev__pytest-6283,testing/test_skipping.py,0.521081268787384,12
pytest-dev__pytest-6283,testing/test_capture.py,0.6054258346557617,5
pytest-dev__pytest-6283,testing/logging/test_fixture.py,0.5308202505111694,11
pytest-dev__pytest-6283,testing/test_terminal.py,0.5074213147163391,14
pytest-dev__pytest-6283,testing/test_runner.py,0.3753400444984436,41
pytest-dev__pytest-6283,src/_pytest/skipping.py,0.5866175889968872,6
pytest-dev__pytest-6283,testing/test_resultlog.py,0.5152297019958496,13
pytest-dev__pytest-6283,src/_pytest/warnings.py,0.47618991136550903,18
pytest-dev__pytest-6283,testing/acceptance_test.py,0.48008865118026733,17
pytest-dev__pytest-6283,testing/python/collect.py,0.41641688346862793,33
pytest-dev__pytest-6283,src/_pytest/outcomes.py,0.46840155124664307,21
pytest-dev__pytest-6283,testing/test_junitxml.py,0.5540844202041626,7
pytest-dev__pytest-6283,testing/test_warnings.py,0.4240303635597229,30
pytest-dev__pytest-6283,testing/test_debugging.py,0.5327655076980591,10
pytest-dev__pytest-6283,testing/deprecated_test.py,0.4126248061656952,36
pytest-dev__pytest-6283,src/_pytest/capture.py,0.6956275701522827,2
pytest-dev__pytest-6283,testing/python/integration.py,0.4625701606273651,23
pytest-dev__pytest-6283,testing/test_assertrewrite.py,0.4355173707008362,28
pytest-dev__pytest-6283,testing/test_unittest.py,0.42021888494491577,32
pytest-dev__pytest-6283,src/_pytest/recwarn.py,0.4703473448753357,19
pytest-dev__pytest-6283,src/_pytest/cacheprovider.py,0.4625701606273651,23
pytest-dev__pytest-6283,testing/test_recwarn.py,0.38269495964050293,39
pytest-dev__pytest-6283,src/_pytest/deprecated.py,0.454811155796051,25
pytest-dev__pytest-6283,testing/test_collection.py,0.3790105879306793,40
pytest-dev__pytest-6283,bench/skip.py,0.3086901903152466,46
pytest-dev__pytest-6283,testing/examples/test_issue519.py,0.32904666662216187,44
pytest-dev__pytest-6283,testing/test_main.py,0.3256063163280487,45
pytest-dev__pytest-6283,src/_pytest/pytester.py,0.43168002367019653,29
pytest-dev__pytest-6283,testing/test_assertion.py,0.37168383598327637,43
pytest-dev__pytest-6283,src/_pytest/runner.py,0.5521534085273743,8
pytest-dev__pytest-6283,testing/test_warning_types.py,0.2987777292728424,48
pytest-dev__pytest-6283,src/_pytest/hookspec.py,0.408843070268631,37
pytest-dev__pytest-6283,testing/test_pytester.py,0.4355173707008362,28
pytest-dev__pytest-6283,doc/en/example/assertion/global_testmodule_config/conftest.py,0.28905048966407776,50
pytest-dev__pytest-6283,testing/test_cacheprovider.py,0.4126248061656952,36
pytest-dev__pytest-6283,testing/test_config.py,0.37168383598327637,43
pytest-dev__pytest-6283,testing/test_session.py,0.42021888494491577,32
pytest-dev__pytest-6283,testing/conftest.py,0.4878930151462555,16
pytest-dev__pytest-6283,src/_pytest/stepwise.py,0.4126248061656952,36
pytest-dev__pytest-6283,src/_pytest/resultlog.py,0.5366528630256653,9
pytest-dev__pytest-6283,src/_pytest/main.py,0.49179762601852417,15
pytest-dev__pytest-6283,testing/test_doctest.py,0.3020615577697754,47
pytest-dev__pytest-6283,src/_pytest/unittest.py,0.4432148039340973,26
pytest-dev__pytest-6283,testing/python/fixtures.py,0.4586881399154663,24
pytest-dev__pytest-6283,testing/test_meta.py,0.29227200150489807,49
pytest-dev__pytest-6283,src/_pytest/reports.py,0.6165664792060852,4
pytest-dev__pytest-6283,src/_pytest/doctest.py,0.3901040256023407,38
pytest-dev__pytest-6283,src/_pytest/python.py,0.46840155124664307,21
pytest-dev__pytest-6323,testing/test_tmpdir.py,0.5171807408332825,2
pytest-dev__pytest-6323,src/_pytest/tmpdir.py,0.5385949611663818,1
pytest-dev__pytest-6323,testing/example_scripts/tmpdir/tmpdir_fixture.py,0.3901040256023407,11
pytest-dev__pytest-6323,src/_pytest/pathlib.py,0.4470740258693695,5
pytest-dev__pytest-6323,testing/test_pathlib.py,0.35006579756736755,25
pytest-dev__pytest-6323,testing/test_assertrewrite.py,0.3863929510116577,13
pytest-dev__pytest-6323,src/_pytest/pytester.py,0.3680422008037567,19
pytest-dev__pytest-6323,testing/test_cacheprovider.py,0.4957032799720764,3
pytest-dev__pytest-6323,testing/test_argcomplete.py,0.35362908244132996,23
pytest-dev__pytest-6323,testing/test_pytester.py,0.32904666662216187,33
pytest-dev__pytest-6323,testing/test_collection.py,0.4278508424758911,6
pytest-dev__pytest-6323,testing/test_doctest.py,0.3790105879306793,16
pytest-dev__pytest-6323,testing/acceptance_test.py,0.35006579756736755,25
pytest-dev__pytest-6323,src/_pytest/config/__init__.py,0.36441558599472046,22
pytest-dev__pytest-6323,testing/test_junitxml.py,0.3790105879306793,16
pytest-dev__pytest-6323,testing/test_monkeypatch.py,0.32218465209007263,38
pytest-dev__pytest-6323,testing/test_conftest.py,0.393827885389328,9
pytest-dev__pytest-6323,src/_pytest/assertion/rewrite.py,0.32904666662216187,33
pytest-dev__pytest-6323,testing/test_config.py,0.3863929510116577,13
pytest-dev__pytest-6323,testing/test_mark.py,0.3086901903152466,39
pytest-dev__pytest-6323,testing/test_warnings.py,0.34298956394195557,26
pytest-dev__pytest-6323,testing/test_nodes.py,0.3753400444984436,17
pytest-dev__pytest-6323,testing/examples/test_issue519.py,0.26405462622642517,48
pytest-dev__pytest-6323,testing/test_pluginmanager.py,0.2987777292728424,43
pytest-dev__pytest-6323,testing/test_assertion.py,0.3020615577697754,42
pytest-dev__pytest-6323,testing/python/collect.py,0.32904666662216187,33
pytest-dev__pytest-6323,testing/python/fixtures.py,0.454811155796051,4
pytest-dev__pytest-6323,testing/python/integration.py,0.37168383598327637,18
pytest-dev__pytest-6323,src/_pytest/config/findpaths.py,0.36441558599472046,22
pytest-dev__pytest-6323,testing/test_stepwise.py,0.32218465209007263,38
pytest-dev__pytest-6323,src/_pytest/cacheprovider.py,0.4240303635597229,7
pytest-dev__pytest-6323,testing/test_parseopt.py,0.32218465209007263,38
pytest-dev__pytest-6323,src/_pytest/main.py,0.3790105879306793,16
pytest-dev__pytest-6323,testing/test_capture.py,0.33598238229751587,28
pytest-dev__pytest-6323,src/_pytest/_argcomplete.py,0.32904666662216187,33
pytest-dev__pytest-6323,testing/code/test_excinfo.py,0.32904666662216187,33
pytest-dev__pytest-6323,testing/test_session.py,0.36441558599472046,22
pytest-dev__pytest-6323,src/_pytest/monkeypatch.py,0.33947718143463135,27
pytest-dev__pytest-6323,testing/test_helpconfig.py,0.30536580085754395,41
pytest-dev__pytest-6323,testing/deprecated_test.py,0.2858501672744751,45
pytest-dev__pytest-6323,doc/en/example/assertion/test_failures.py,0.3901040256023407,11
pytest-dev__pytest-6323,testing/example_scripts/collect/package_infinite_recursion/conftest.py,0.25208935141563416,49
pytest-dev__pytest-6323,src/_pytest/config/argparsing.py,0.40131235122680664,8
pytest-dev__pytest-6323,testing/test_skipping.py,0.26405462622642517,48
pytest-dev__pytest-6323,testing/test_modimport.py,0.29227200150489807,44
pytest-dev__pytest-6323,testing/python/metafunc.py,0.3256063163280487,35
pytest-dev__pytest-6323,testing/test_runner.py,0.24335461854934692,50
pytest-dev__pytest-6323,src/_pytest/python.py,0.3256063163280487,35
pytest-dev__pytest-6323,testing/test_pastebin.py,0.30536580085754395,41
pytest-dev__pytest-6323,src/_pytest/doctest.py,0.27637791633605957,46
pytest-dev__pytest-6368,src/_pytest/assertion/rewrite.py,0.6072905659675598,1
pytest-dev__pytest-6368,testing/test_assertion.py,0.5385949611663818,2
pytest-dev__pytest-6368,testing/test_assertrewrite.py,0.47618991136550903,4
pytest-dev__pytest-6368,src/_pytest/main.py,0.4126248061656952,6
pytest-dev__pytest-6368,src/_pytest/freeze_support.py,0.4898451566696167,3
pytest-dev__pytest-6368,testing/test_entry_points.py,0.3680422008037567,21
pytest-dev__pytest-6368,testing/test_pytester.py,0.3256063163280487,31
pytest-dev__pytest-6368,testing/test_config.py,0.3753400444984436,17
pytest-dev__pytest-6368,testing/python/collect.py,0.32904666662216187,29
pytest-dev__pytest-6368,doc/en/example/py2py3/conftest.py,0.3020615577697754,41
pytest-dev__pytest-6368,src/_pytest/config/__init__.py,0.38269495964050293,13
pytest-dev__pytest-6368,testing/test_collection.py,0.2858501672744751,44
pytest-dev__pytest-6368,setup.py,0.35006579756736755,25
pytest-dev__pytest-6368,src/_pytest/doctest.py,0.3572086691856384,23
pytest-dev__pytest-6368,src/_pytest/assertion/__init__.py,0.4240303635597229,5
pytest-dev__pytest-6368,testing/python/integration.py,0.37168383598327637,19
pytest-dev__pytest-6368,testing/test_modimport.py,0.3187819719314575,33
pytest-dev__pytest-6368,src/_pytest/python.py,0.3975641429424286,8
pytest-dev__pytest-6368,src/pytest.py,0.3901040256023407,10
pytest-dev__pytest-6368,testing/acceptance_test.py,0.37168383598327637,19
pytest-dev__pytest-6368,src/_pytest/monkeypatch.py,0.38269495964050293,13
pytest-dev__pytest-6368,testing/test_monkeypatch.py,0.3572086691856384,23
pytest-dev__pytest-6368,testing/test_pluginmanager.py,0.33947718143463135,27
pytest-dev__pytest-6368,src/_pytest/pytester.py,0.3020615577697754,41
pytest-dev__pytest-6368,testing/conftest.py,0.282671183347702,46
pytest-dev__pytest-6368,testing/test_conftest.py,0.38269495964050293,13
pytest-dev__pytest-6368,testing/test_doctest.py,0.3120344877243042,35
pytest-dev__pytest-6368,testing/example_scripts/acceptance/fixture_mock_integration.py,0.34298956394195557,26
pytest-dev__pytest-6368,src/_pytest/compat.py,0.40131235122680664,7
pytest-dev__pytest-6368,src/_pytest/hookspec.py,0.3753400444984436,17
pytest-dev__pytest-6368,src/_pytest/warning_types.py,0.32218465209007263,32
pytest-dev__pytest-6368,src/_pytest/config/findpaths.py,0.3753400444984436,17
pytest-dev__pytest-6368,testing/example_scripts/collect/package_infinite_recursion/conftest.py,0.28905048966407776,43
pytest-dev__pytest-6368,testing/code/test_excinfo.py,0.30536580085754395,39
pytest-dev__pytest-6368,extra/setup-py.test/setup.py,0.33598238229751587,28
pytest-dev__pytest-6368,src/_pytest/warnings.py,0.282671183347702,46
pytest-dev__pytest-6368,testing/test_helpconfig.py,0.3120344877243042,35
pytest-dev__pytest-6368,testing/test_runner.py,0.3901040256023407,10
pytest-dev__pytest-6368,testing/deprecated_test.py,0.27951371669769287,48
pytest-dev__pytest-6368,testing/example_scripts/fixtures/custom_item/conftest.py,0.30536580085754395,39
pytest-dev__pytest-6368,testing/test_cacheprovider.py,0.3086901903152466,36
pytest-dev__pytest-6368,testing/test_reports.py,0.30536580085754395,39
pytest-dev__pytest-6368,testing/test_warnings.py,0.2987777292728424,42
pytest-dev__pytest-6368,testing/test_pathlib.py,0.27017202973365784,49
pytest-dev__pytest-6368,testing/python/fixtures.py,0.35362908244132996,24
pytest-dev__pytest-6368,src/_pytest/cacheprovider.py,0.27951371669769287,48
pytest-dev__pytest-6368,testing/freeze/create_executable.py,0.2671021819114685,50
pytest-dev__pytest-6368,testing/test_session.py,0.3256063163280487,31
pytest-dev__pytest-6368,testing/example_scripts/issue88_initial_file_multinodes/conftest.py,0.3680422008037567,21
pytest-dev__pytest-6368,src/_pytest/fixtures.py,0.3790105879306793,14
pytest-dev__pytest-6680,src/_pytest/nodes.py,0.8412265777587891,1
pytest-dev__pytest-6680,src/_pytest/deprecated.py,0.8311977982521057,2
pytest-dev__pytest-6680,testing/deprecated_test.py,0.7667130827903748,4
pytest-dev__pytest-6680,testing/test_nodes.py,0.8208144307136536,3
pytest-dev__pytest-6680,src/_pytest/warning_types.py,0.5979365706443787,29
pytest-dev__pytest-6680,testing/test_warnings.py,0.5502207279205322,37
pytest-dev__pytest-6680,doc/en/conf.py,0.6348603367805481,21
pytest-dev__pytest-6680,src/_pytest/doctest.py,0.7276659607887268,6
pytest-dev__pytest-6680,src/_pytest/pytester.py,0.622092068195343,23
pytest-dev__pytest-6680,src/_pytest/warnings.py,0.6054258346557617,27
pytest-dev__pytest-6680,testing/test_recwarn.py,0.5790196061134338,31
pytest-dev__pytest-6680,src/_pytest/terminal.py,0.5790196061134338,31
pytest-dev__pytest-6680,src/_pytest/junitxml.py,0.6165664792060852,24
pytest-dev__pytest-6680,testing/test_monkeypatch.py,0.54635089635849,40
pytest-dev__pytest-6680,scripts/release.py,0.5405358076095581,41
pytest-dev__pytest-6680,src/_pytest/main.py,0.5771140456199646,32
pytest-dev__pytest-6680,src/_pytest/_code/__init__.py,0.6456562876701355,19
pytest-dev__pytest-6680,testing/examples/test_issue519.py,0.6737070679664612,11
pytest-dev__pytest-6680,src/_pytest/hookspec.py,0.6737070679664612,11
pytest-dev__pytest-6680,testing/test_warning_types.py,0.5171807408332825,44
pytest-dev__pytest-6680,src/_pytest/config/__init__.py,0.5035156011581421,47
pytest-dev__pytest-6680,testing/test_session.py,0.6456562876701355,19
pytest-dev__pytest-6680,src/_pytest/assertion/rewrite.py,0.5152297019958496,45
pytest-dev__pytest-6680,testing/code/test_excinfo.py,0.5998133420944214,28
pytest-dev__pytest-6680,testing/test_main.py,0.6685341000556946,13
pytest-dev__pytest-6680,src/_pytest/reports.py,0.6054258346557617,27
pytest-dev__pytest-6680,src/_pytest/recwarn.py,0.5132781267166138,46
pytest-dev__pytest-6680,src/_pytest/python.py,0.761786699295044,5
pytest-dev__pytest-6680,doc/en/example/assertion/global_testmodule_config/conftest.py,0.6492228507995605,17
pytest-dev__pytest-6680,testing/test_config.py,0.6668006181716919,14
pytest-dev__pytest-6680,testing/example_scripts/conftest_usageerror/conftest.py,0.49179762601852417,50
pytest-dev__pytest-6680,testing/python/collect.py,0.5598676800727844,35
pytest-dev__pytest-6680,src/_pytest/helpconfig.py,0.5308202505111694,43
pytest-dev__pytest-6680,testing/test_collection.py,0.6972792148590088,8
pytest-dev__pytest-6680,src/_pytest/mark/structures.py,0.7038345336914062,7
pytest-dev__pytest-6680,testing/test_reports.py,0.6685341000556946,13
pytest-dev__pytest-6680,src/pytest/__init__.py,0.633047342300415,22
pytest-dev__pytest-6680,testing/test_mark.py,0.6402760744094849,20
pytest-dev__pytest-6680,testing/python/fixtures.py,0.5482865571975708,38
pytest-dev__pytest-6680,testing/test_pluginmanager.py,0.5521534085273743,36
pytest-dev__pytest-6680,testing/example_scripts/warnings/test_group_warnings_by_message_summary.py,0.5675531625747681,34
pytest-dev__pytest-6680,testing/test_cacheprovider.py,0.6598217487335205,16
pytest-dev__pytest-6680,src/_pytest/_code/source.py,0.5385949611663818,42
pytest-dev__pytest-6680,testing/test_assertrewrite.py,0.5015625357627869,48
pytest-dev__pytest-6680,testing/acceptance_test.py,0.49375033378601074,49
pytest-dev__pytest-6680,testing/test_terminal.py,0.6754221320152283,9
pytest-dev__pytest-6680,src/_pytest/_code/code.py,0.5752062797546387,33
pytest-dev__pytest-6680,testing/test_doctest.py,0.6054258346557617,27
pytest-dev__pytest-6680,src/_pytest/fixtures.py,0.6598217487335205,16
pytest-dev__pytest-6680,testing/test_conftest.py,0.54635089635849,40
pytest-dev__pytest-6926,src/_pytest/capture.py,0.5866175889968872,1
pytest-dev__pytest-6926,testing/test_capture.py,0.43936243653297424,2
pytest-dev__pytest-6926,src/_pytest/assertion/rewrite.py,0.34298956394195557,4
pytest-dev__pytest-6926,testing/test_assertrewrite.py,0.2610294222831726,27
pytest-dev__pytest-6926,src/_pytest/pytester.py,0.28905048966407776,13
pytest-dev__pytest-6926,testing/test_pytester.py,0.2671021819114685,25
pytest-dev__pytest-6926,testing/test_terminal.py,0.28905048966407776,13
pytest-dev__pytest-6926,src/_pytest/config/__init__.py,0.2462432086467743,34
pytest-dev__pytest-6926,testing/examples/test_issue519.py,0.20792147517204285,48
pytest-dev__pytest-6926,testing/test_assertion.py,0.23203159868717194,37
pytest-dev__pytest-6926,testing/test_reports.py,0.24335461854934692,35
pytest-dev__pytest-6926,src/_pytest/compat.py,0.3680422008037567,3
pytest-dev__pytest-6926,src/_pytest/hookspec.py,0.21311502158641815,46
pytest-dev__pytest-6926,testing/test_resultlog.py,0.27637791633605957,20
pytest-dev__pytest-6926,testing/conftest.py,0.282671183347702,15
pytest-dev__pytest-6926,testing/code/test_source.py,0.24915480613708496,32
pytest-dev__pytest-6926,testing/freeze/runtests_script.py,0.1904829740524292,50
pytest-dev__pytest-6926,src/_pytest/_code/code.py,0.27637791633605957,20
pytest-dev__pytest-6926,src/_pytest/reports.py,0.27951371669769287,17
pytest-dev__pytest-6926,testing/test_junitxml.py,0.27326399087905884,22
pytest-dev__pytest-6926,testing/python/collect.py,0.24915480613708496,32
pytest-dev__pytest-6926,src/_pytest/logging.py,0.3086901903152466,6
pytest-dev__pytest-6926,src/_pytest/resultlog.py,0.23203159868717194,37
pytest-dev__pytest-6926,src/_pytest/pastebin.py,0.29551446437835693,10
pytest-dev__pytest-6926,testing/test_doctest.py,0.2987777292728424,8
pytest-dev__pytest-6926,testing/test_pastebin.py,0.25802674889564514,28
pytest-dev__pytest-6926,testing/acceptance_test.py,0.25208935141563416,30
pytest-dev__pytest-6926,testing/test_warnings.py,0.27326399087905884,22
pytest-dev__pytest-6926,testing/test_cacheprovider.py,0.22108151018619537,41
pytest-dev__pytest-6926,testing/test_config.py,0.2671021819114685,25
pytest-dev__pytest-6926,src/_pytest/assertion/__init__.py,0.27637791633605957,20
pytest-dev__pytest-6926,testing/test_debugging.py,0.27951371669769287,17
pytest-dev__pytest-6926,src/_pytest/warnings.py,0.22650976479053497,38
pytest-dev__pytest-6926,src/_pytest/terminal.py,0.31539851427078247,5
pytest-dev__pytest-6926,testing/code/test_code.py,0.2462432086467743,34
pytest-dev__pytest-6926,testing/code/test_terminal_writer.py,0.21574705839157104,44
pytest-dev__pytest-6926,testing/test_runner.py,0.21574705839157104,44
pytest-dev__pytest-6926,src/_pytest/runner.py,0.29551446437835693,10
pytest-dev__pytest-6926,testing/logging/test_reporting.py,0.25504666566848755,29
pytest-dev__pytest-6926,testing/test_faulthandler.py,0.21311502158641815,46
pytest-dev__pytest-6926,src/_pytest/junitxml.py,0.282671183347702,15
pytest-dev__pytest-6926,src/_pytest/_io/__init__.py,0.21840254962444305,42
pytest-dev__pytest-6926,src/_pytest/cacheprovider.py,0.2987777292728424,8
pytest-dev__pytest-6926,src/_pytest/deprecated.py,0.2671021819114685,25
pytest-dev__pytest-6926,setup.py,0.21050651371479034,47
pytest-dev__pytest-6926,src/_pytest/doctest.py,0.26405462622642517,26
pytest-dev__pytest-6926,testing/logging/test_fixture.py,0.22108151018619537,41
pytest-dev__pytest-6926,src/_pytest/_code/source.py,0.29227200150489807,11
pytest-dev__pytest-6926,testing/test_main.py,0.1904829740524292,50
pytest-dev__pytest-6926,src/_pytest/_code/__init__.py,0.22378391027450562,39
pytest-dev__pytest-7046,testing/test_collection.py,0.6438668966293335,4
pytest-dev__pytest-7046,testing/test_mark.py,0.4355173707008362,27
pytest-dev__pytest-7046,src/_pytest/python.py,0.6527729034423828,3
pytest-dev__pytest-7046,testing/python/collect.py,0.5732962489128113,12
pytest-dev__pytest-7046,src/_pytest/main.py,0.6889709234237671,2
pytest-dev__pytest-7046,testing/example_scripts/collect/package_infinite_recursion/conftest.py,0.393827885389328,41
pytest-dev__pytest-7046,testing/acceptance_test.py,0.4878930151462555,18
pytest-dev__pytest-7046,testing/test_session.py,0.5752062797546387,11
pytest-dev__pytest-7046,testing/test_config.py,0.5540844202041626,14
pytest-dev__pytest-7046,testing/test_pathlib.py,0.42021888494491577,33
pytest-dev__pytest-7046,src/_pytest/nodes.py,0.5847217440605164,9
pytest-dev__pytest-7046,src/_pytest/mark/__init__.py,0.7206436395645142,1
pytest-dev__pytest-7046,testing/test_terminal.py,0.5941745638847351,8
pytest-dev__pytest-7046,testing/test_assertrewrite.py,0.4509396255016327,22
pytest-dev__pytest-7046,src/_pytest/hookspec.py,0.6202536225318909,6
pytest-dev__pytest-7046,testing/conftest.py,0.43168002367019653,30
pytest-dev__pytest-7046,testing/python/integration.py,0.38269495964050293,44
pytest-dev__pytest-7046,doc/en/example/pythoncollection.py,0.4586881399154663,21
pytest-dev__pytest-7046,testing/test_doctest.py,0.3572086691856384,47
pytest-dev__pytest-7046,src/_pytest/pytester.py,0.6016871333122253,7
pytest-dev__pytest-7046,testing/test_conftest.py,0.37168383598327637,46
pytest-dev__pytest-7046,src/_pytest/config/__init__.py,0.5752062797546387,11
pytest-dev__pytest-7046,testing/example_scripts/fixtures/custom_item/conftest.py,0.40131235122680664,39
pytest-dev__pytest-7046,testing/example_scripts/issue88_initial_file_multinodes/conftest.py,0.4470740258693695,24
pytest-dev__pytest-7046,src/_pytest/cacheprovider.py,0.5347096920013428,16
pytest-dev__pytest-7046,testing/test_cacheprovider.py,0.4278508424758911,31
pytest-dev__pytest-7046,src/_pytest/pathlib.py,0.5617918968200684,13
pytest-dev__pytest-7046,src/pytest/collect.py,0.4703473448753357,19
pytest-dev__pytest-7046,testing/test_nodes.py,0.4355173707008362,27
pytest-dev__pytest-7046,src/_pytest/assertion/rewrite.py,0.5405358076095581,15
pytest-dev__pytest-7046,src/pytest/__init__.py,0.38269495964050293,44
pytest-dev__pytest-7046,testing/examples/test_issue519.py,0.332505464553833,49
pytest-dev__pytest-7046,src/_pytest/config/findpaths.py,0.6257582902908325,5
pytest-dev__pytest-7046,src/_pytest/warnings.py,0.4126248061656952,36
pytest-dev__pytest-7046,testing/test_pytester.py,0.4126248061656952,36
pytest-dev__pytest-7046,testing/python/fixtures.py,0.43168002367019653,30
pytest-dev__pytest-7046,testing/test_warnings.py,0.3790105879306793,45
pytest-dev__pytest-7046,src/_pytest/unittest.py,0.4470740258693695,24
pytest-dev__pytest-7046,doc/en/example/conftest.py,0.393827885389328,41
pytest-dev__pytest-7046,src/_pytest/runner.py,0.4625701606273651,20
pytest-dev__pytest-7046,testing/test_runner.py,0.38269495964050293,44
pytest-dev__pytest-7046,src/_pytest/freeze_support.py,0.408843070268631,38
pytest-dev__pytest-7046,testing/logging/test_reporting.py,0.4432148039340973,25
pytest-dev__pytest-7046,testing/test_mark_expression.py,0.49375033378601074,17
pytest-dev__pytest-7046,doc/en/example/assertion/global_testmodule_config/conftest.py,0.41641688346862793,34
pytest-dev__pytest-7046,testing/test_meta.py,0.3120344877243042,50
pytest-dev__pytest-7046,testing/test_assertion.py,0.33598238229751587,48
pytest-dev__pytest-7046,src/_pytest/deprecated.py,0.43168002367019653,30
pytest-dev__pytest-7046,testing/python/show_fixtures_per_test.py,0.408843070268631,38
pytest-dev__pytest-7046,src/_pytest/doctest.py,0.4240303635597229,32
pytest-dev__pytest-7122,testing/test_mark.py,0.5637142658233643,6
pytest-dev__pytest-7122,src/_pytest/mark/legacy.py,0.7817308306694031,1
pytest-dev__pytest-7122,src/_pytest/mark/__init__.py,0.759653627872467,2
pytest-dev__pytest-7122,testing/test_collection.py,0.5560138821601868,8
pytest-dev__pytest-7122,testing/test_doctest.py,0.4240303635597229,26
pytest-dev__pytest-7122,testing/acceptance_test.py,0.3975641429424286,35
pytest-dev__pytest-7122,src/_pytest/python.py,0.5249791741371155,10
pytest-dev__pytest-7122,src/_pytest/main.py,0.5904014110565186,3
pytest-dev__pytest-7122,testing/python/integration.py,0.3680422008037567,43
pytest-dev__pytest-7122,testing/conftest.py,0.4509396255016327,16
pytest-dev__pytest-7122,testing/python/collect.py,0.4625701606273651,14
pytest-dev__pytest-7122,testing/examples/test_issue519.py,0.35362908244132996,46
pytest-dev__pytest-7122,testing/test_session.py,0.43168002367019653,23
pytest-dev__pytest-7122,testing/test_skipping.py,0.43168002367019653,23
pytest-dev__pytest-7122,testing/test_terminal.py,0.5424755215644836,9
pytest-dev__pytest-7122,src/_pytest/nodes.py,0.5617918968200684,7
pytest-dev__pytest-7122,testing/python/fixtures.py,0.4470740258693695,18
pytest-dev__pytest-7122,src/_pytest/mark/evaluate.py,0.5828235149383545,4
pytest-dev__pytest-7122,testing/test_config.py,0.43936243653297424,21
pytest-dev__pytest-7122,testing/python/metafunc.py,0.4240303635597229,26
pytest-dev__pytest-7122,testing/test_assertrewrite.py,0.3680422008037567,43
pytest-dev__pytest-7122,testing/test_pathlib.py,0.3572086691856384,44
pytest-dev__pytest-7122,src/pytest/__init__.py,0.4432148039340973,20
pytest-dev__pytest-7122,src/_pytest/config/__init__.py,0.5809227228164673,5
pytest-dev__pytest-7122,src/_pytest/mark/structures.py,0.5035156011581421,11
pytest-dev__pytest-7122,src/_pytest/assertion/rewrite.py,0.4470740258693695,18
pytest-dev__pytest-7122,doc/en/example/assertion/failure_demo.py,0.40131235122680664,32
pytest-dev__pytest-7122,src/pytest/__main__.py,0.393827885389328,36
pytest-dev__pytest-7122,testing/example_scripts/config/collect_pytest_prefix/conftest.py,0.32218465209007263,48
pytest-dev__pytest-7122,testing/test_assertion.py,0.3753400444984436,40
pytest-dev__pytest-7122,src/_pytest/doctest.py,0.40131235122680664,32
pytest-dev__pytest-7122,src/_pytest/pytester.py,0.4586881399154663,15
pytest-dev__pytest-7122,src/_pytest/python_api.py,0.37168383598327637,41
pytest-dev__pytest-7122,testing/test_runner.py,0.3753400444984436,40
pytest-dev__pytest-7122,doc/en/example/pythoncollection.py,0.3863929510116577,37
pytest-dev__pytest-7122,testing/test_pytester.py,0.41641688346862793,27
pytest-dev__pytest-7122,src/_pytest/assertion/util.py,0.4278508424758911,24
pytest-dev__pytest-7122,src/_pytest/runner.py,0.4820389747619629,12
pytest-dev__pytest-7122,src/_pytest/assertion/__init__.py,0.4050721228122711,30
pytest-dev__pytest-7122,testing/test_nodes.py,0.35006579756736755,47
pytest-dev__pytest-7122,src/_pytest/cacheprovider.py,0.47618991136550903,13
pytest-dev__pytest-7122,testing/test_cacheprovider.py,0.3975641429424286,35
pytest-dev__pytest-7122,testing/python/raises.py,0.3975641429424286,35
pytest-dev__pytest-7122,testing/test_entry_points.py,0.29551446437835693,49
pytest-dev__pytest-7122,testing/test_tmpdir.py,0.4050721228122711,30
pytest-dev__pytest-7122,testing/python/show_fixtures_per_test.py,0.38269495964050293,38
pytest-dev__pytest-7122,src/_pytest/hookspec.py,0.4050721228122711,30
pytest-dev__pytest-7122,testing/code/test_source.py,0.35362908244132996,46
pytest-dev__pytest-7122,src/_pytest/compat.py,0.4432148039340973,20
pytest-dev__pytest-7122,testing/example_scripts/collect/package_infinite_recursion/conftest.py,0.2671021819114685,50
pytest-dev__pytest-7151,testing/examples/test_issue519.py,0.38269495964050293,45
pytest-dev__pytest-7151,testing/test_runner.py,0.6202536225318909,2
pytest-dev__pytest-7151,src/_pytest/unittest.py,0.6702630519866943,1
pytest-dev__pytest-7151,testing/acceptance_test.py,0.47229403257369995,26
pytest-dev__pytest-7151,testing/conftest.py,0.4839898645877838,21
pytest-dev__pytest-7151,testing/test_unittest.py,0.521081268787384,12
pytest-dev__pytest-7151,testing/test_setupplan.py,0.5074213147163391,16
pytest-dev__pytest-7151,testing/test_assertrewrite.py,0.4126248061656952,39
pytest-dev__pytest-7151,src/_pytest/pytester.py,0.5288740992546082,10
pytest-dev__pytest-7151,testing/test_pytester.py,0.4509396255016327,34
pytest-dev__pytest-7151,src/_pytest/runner.py,0.6035580039024353,5
pytest-dev__pytest-7151,testing/test_debugging.py,0.49179762601852417,19
pytest-dev__pytest-7151,src/_pytest/warnings.py,0.4509396255016327,34
pytest-dev__pytest-7151,testing/example_scripts/config/collect_pytest_prefix/conftest.py,0.36441558599472046,47
pytest-dev__pytest-7151,testing/test_assertion.py,0.3863929510116577,43
pytest-dev__pytest-7151,testing/test_faulthandler.py,0.46645671129226685,28
pytest-dev__pytest-7151,setup.py,0.35006579756736755,48
pytest-dev__pytest-7151,testing/python/integration.py,0.4878930151462555,20
pytest-dev__pytest-7151,testing/python/collect.py,0.454811155796051,31
pytest-dev__pytest-7151,testing/test_config.py,0.42021888494491577,38
pytest-dev__pytest-7151,src/pytest/__init__.py,0.4820389747619629,23
pytest-dev__pytest-7151,testing/example_scripts/conftest_usageerror/conftest.py,0.42021888494491577,38
pytest-dev__pytest-7151,src/_pytest/monkeypatch.py,0.5152297019958496,14
pytest-dev__pytest-7151,src/_pytest/deprecated.py,0.5015625357627869,17
pytest-dev__pytest-7151,testing/test_collection.py,0.4625701606273651,29
pytest-dev__pytest-7151,src/_pytest/cacheprovider.py,0.5327655076980591,7
pytest-dev__pytest-7151,src/_pytest/config/__init__.py,0.5308202505111694,8
pytest-dev__pytest-7151,testing/test_meta.py,0.332505464553833,49
pytest-dev__pytest-7151,testing/test_helpconfig.py,0.3790105879306793,46
pytest-dev__pytest-7151,src/_pytest/python.py,0.5171807408332825,13
pytest-dev__pytest-7151,testing/test_compat.py,0.3901040256023407,41
pytest-dev__pytest-7151,src/_pytest/faulthandler.py,0.5288740992546082,10
pytest-dev__pytest-7151,src/_pytest/logging.py,0.5540844202041626,6
pytest-dev__pytest-7151,testing/test_warnings.py,0.4509396255016327,34
pytest-dev__pytest-7151,testing/test_runner_xunit.py,0.6091521978378296,4
pytest-dev__pytest-7151,src/_pytest/compat.py,0.49960941076278687,18
pytest-dev__pytest-7151,src/_pytest/assertion/rewrite.py,0.454811155796051,31
pytest-dev__pytest-7151,src/_pytest/_code/code.py,0.4278508424758911,35
pytest-dev__pytest-7151,doc/en/example/assertion/test_failures.py,0.3863929510116577,43
pytest-dev__pytest-7151,src/_pytest/hookspec.py,0.6110106706619263,3
pytest-dev__pytest-7151,testing/python/fixtures.py,0.5113261938095093,15
pytest-dev__pytest-7151,src/_pytest/doctest.py,0.4781389832496643,24
pytest-dev__pytest-7151,src/pytest/__main__.py,0.4050721228122711,40
pytest-dev__pytest-7151,src/_pytest/warning_types.py,0.4240303635597229,36
pytest-dev__pytest-7151,testing/test_monkeypatch.py,0.46840155124664307,27
pytest-dev__pytest-7151,testing/test_capture.py,0.5230305790901184,11
pytest-dev__pytest-7151,testing/test_warning_types.py,0.3086901903152466,50
pytest-dev__pytest-7151,testing/test_cacheprovider.py,0.47229403257369995,26
pytest-dev__pytest-7151,testing/test_entry_points.py,0.38269495964050293,45
pytest-dev__pytest-7151,testing/test_nose.py,0.4820389747619629,23
pytest-dev__pytest-7158,testing/test_skipping.py,0.5998133420944214,12
pytest-dev__pytest-7158,src/_pytest/terminal.py,0.650999903678894,5
pytest-dev__pytest-7158,src/_pytest/reports.py,0.6072905659675598,10
pytest-dev__pytest-7158,testing/test_runner.py,0.49960941076278687,44
pytest-dev__pytest-7158,src/_pytest/nodes.py,0.7151057720184326,2
pytest-dev__pytest-7158,testing/python/collect.py,0.5444138646125793,29
pytest-dev__pytest-7158,testing/test_terminal.py,0.5656346678733826,22
pytest-dev__pytest-7158,testing/test_junitxml.py,0.5327655076980591,35
pytest-dev__pytest-7158,testing/test_warnings.py,0.47229403257369995,48
pytest-dev__pytest-7158,testing/test_collection.py,0.5502207279205322,27
pytest-dev__pytest-7158,testing/acceptance_test.py,0.5752062797546387,21
pytest-dev__pytest-7158,testing/test_assertrewrite.py,0.5015625357627869,42
pytest-dev__pytest-7158,testing/test_resultlog.py,0.5405358076095581,31
pytest-dev__pytest-7158,testing/test_doctest.py,0.5093739032745361,41
pytest-dev__pytest-7158,src/_pytest/cacheprovider.py,0.6110106706619263,9
pytest-dev__pytest-7158,testing/test_config.py,0.5790196061134338,19
pytest-dev__pytest-7158,testing/test_reports.py,0.5790196061134338,19
pytest-dev__pytest-7158,src/_pytest/resultlog.py,0.5979365706443787,13
pytest-dev__pytest-7158,testing/code/test_excinfo.py,0.5093739032745361,41
pytest-dev__pytest-7158,testing/test_session.py,0.5960569977760315,14
pytest-dev__pytest-7158,src/_pytest/doctest.py,0.49375033378601074,47
pytest-dev__pytest-7158,testing/test_conftest.py,0.5366528630256653,34
pytest-dev__pytest-7158,testing/test_assertion.py,0.5385949611663818,33
pytest-dev__pytest-7158,src/_pytest/pytester.py,0.6054258346557617,11
pytest-dev__pytest-7158,src/_pytest/outcomes.py,0.5866175889968872,17
pytest-dev__pytest-7158,src/_pytest/skipping.py,0.6128658652305603,7
pytest-dev__pytest-7158,src/_pytest/main.py,0.7159009575843811,1
pytest-dev__pytest-7158,src/_pytest/junitxml.py,0.49960941076278687,44
pytest-dev__pytest-7158,src/_pytest/_code/code.py,0.6856127977371216,3
pytest-dev__pytest-7158,testing/test_tmpdir.py,0.5904014110565186,16
pytest-dev__pytest-7158,testing/examples/test_issue519.py,0.5249791741371155,38
pytest-dev__pytest-7158,testing/test_pytester.py,0.5598676800727844,24
pytest-dev__pytest-7158,src/_pytest/assertion/rewrite.py,0.5941745638847351,15
pytest-dev__pytest-7158,src/_pytest/stepwise.py,0.5191313028335571,39
pytest-dev__pytest-7158,testing/example_scripts/collect/package_infinite_recursion/conftest.py,0.454811155796051,50
pytest-dev__pytest-7158,testing/test_unittest.py,0.5482865571975708,28
pytest-dev__pytest-7158,src/_pytest/runner.py,0.5540844202041626,26
pytest-dev__pytest-7158,testing/logging/test_reporting.py,0.49765628576278687,45
pytest-dev__pytest-7158,testing/test_nose.py,0.5288740992546082,37
pytest-dev__pytest-7158,src/_pytest/hookspec.py,0.5637142658233643,23
pytest-dev__pytest-7158,bench/skip.py,0.4625701606273651,49
pytest-dev__pytest-7158,testing/test_cacheprovider.py,0.5560138821601868,25
pytest-dev__pytest-7158,src/_pytest/config/__init__.py,0.6110106706619263,9
pytest-dev__pytest-7158,src/_pytest/config/findpaths.py,0.6737070679664612,4
pytest-dev__pytest-7158,testing/test_nodes.py,0.6239269375801086,6
pytest-dev__pytest-7158,testing/python/integration.py,0.5385949611663818,33
pytest-dev__pytest-7158,testing/conftest.py,0.4957032799720764,46
pytest-dev__pytest-7158,src/_pytest/logging.py,0.5405358076095581,31
pytest-dev__pytest-7158,src/_pytest/pathlib.py,0.5771140456199646,20
pytest-dev__pytest-7158,testing/test_stepwise.py,0.5308202505111694,36
pytest-dev__pytest-7168,testing/test_session.py,0.6939709186553955,1
pytest-dev__pytest-7168,testing/test_reports.py,0.5327655076980591,33
pytest-dev__pytest-7168,testing/test_runner.py,0.5385949611663818,31
pytest-dev__pytest-7168,src/_pytest/nodes.py,0.6856127977371216,3
pytest-dev__pytest-7168,testing/code/test_excinfo.py,0.6147178411483765,11
pytest-dev__pytest-7168,src/_pytest/reports.py,0.5998133420944214,14
pytest-dev__pytest-7168,src/_pytest/runner.py,0.6184117794036865,9
pytest-dev__pytest-7168,src/_pytest/_code/code.py,0.6563059091567993,5
pytest-dev__pytest-7168,testing/io/test_saferepr.py,0.6856127977371216,3
pytest-dev__pytest-7168,testing/test_main.py,0.6035580039024353,13
pytest-dev__pytest-7168,testing/test_compat.py,0.5885108113288879,17
pytest-dev__pytest-7168,testing/test_pytester.py,0.5308202505111694,36
pytest-dev__pytest-7168,testing/python/collect.py,0.5288740992546082,37
pytest-dev__pytest-7168,testing/python/integration.py,0.5713839530944824,20
pytest-dev__pytest-7168,testing/test_assertion.py,0.4898451566696167,46
pytest-dev__pytest-7168,src/_pytest/hookspec.py,0.5922893285751343,16
pytest-dev__pytest-7168,src/_pytest/unittest.py,0.6438668966293335,7
pytest-dev__pytest-7168,src/_pytest/python.py,0.6456562876701355,6
pytest-dev__pytest-7168,src/_pytest/outcomes.py,0.6563059091567993,5
pytest-dev__pytest-7168,src/_pytest/pytester.py,0.5809227228164673,19
pytest-dev__pytest-7168,src/_pytest/doctest.py,0.5035156011581421,42
pytest-dev__pytest-7168,testing/test_terminal.py,0.49375033378601074,44
pytest-dev__pytest-7168,src/_pytest/assertion/__init__.py,0.5675531625747681,22
pytest-dev__pytest-7168,src/_pytest/logging.py,0.5922893285751343,16
pytest-dev__pytest-7168,testing/test_unittest.py,0.5308202505111694,36
pytest-dev__pytest-7168,testing/python/raises.py,0.5502207279205322,27
pytest-dev__pytest-7168,doc/en/example/assertion/failure_demo.py,0.5617918968200684,23
pytest-dev__pytest-7168,src/_pytest/junitxml.py,0.5347096920013428,32
pytest-dev__pytest-7168,testing/examples/test_issue519.py,0.5171807408332825,39
pytest-dev__pytest-7168,testing/test_resultlog.py,0.6165664792060852,10
pytest-dev__pytest-7168,src/_pytest/main.py,0.6184117794036865,9
pytest-dev__pytest-7168,testing/test_debugging.py,0.47229403257369995,48
pytest-dev__pytest-7168,src/_pytest/cacheprovider.py,0.54635089635849,29
pytest-dev__pytest-7168,src/_pytest/assertion/util.py,0.6072905659675598,12
pytest-dev__pytest-7168,src/_pytest/terminal.py,0.5675531625747681,22
pytest-dev__pytest-7168,testing/test_collection.py,0.5502207279205322,27
pytest-dev__pytest-7168,testing/test_cacheprovider.py,0.5074213147163391,41
pytest-dev__pytest-7168,testing/acceptance_test.py,0.47424158453941345,47
pytest-dev__pytest-7168,testing/test_assertrewrite.py,0.5269270539283752,38
pytest-dev__pytest-7168,testing/test_faulthandler.py,0.49179762601852417,45
pytest-dev__pytest-7168,src/_pytest/skipping.py,0.5598676800727844,24
pytest-dev__pytest-7168,testing/conftest.py,0.49765628576278687,43
pytest-dev__pytest-7168,src/_pytest/warnings.py,0.46645671129226685,49
pytest-dev__pytest-7168,src/_pytest/faulthandler.py,0.5828235149383545,18
pytest-dev__pytest-7168,testing/code/test_code.py,0.5444138646125793,30
pytest-dev__pytest-7168,testing/test_warning_types.py,0.40131235122680664,50
pytest-dev__pytest-7168,testing/test_capture.py,0.54635089635849,29
pytest-dev__pytest-7168,src/_pytest/assertion/rewrite.py,0.5308202505111694,36
pytest-dev__pytest-7168,src/_pytest/monkeypatch.py,0.5132781267166138,40
pytest-dev__pytest-7168,src/_pytest/capture.py,0.5521534085273743,25
pytest-dev__pytest-7186,setup.py,0.4126248061656952,45
pytest-dev__pytest-7186,testing/conftest.py,0.5444138646125793,16
pytest-dev__pytest-7186,testing/python/collect.py,0.6956275701522827,3
pytest-dev__pytest-7186,testing/test_doctest.py,0.7495274543762207,1
pytest-dev__pytest-7186,testing/acceptance_test.py,0.47618991136550903,34
pytest-dev__pytest-7186,src/_pytest/doctest.py,0.7406248450279236,2
pytest-dev__pytest-7186,src/_pytest/pytester.py,0.47618991136550903,34
pytest-dev__pytest-7186,testing/examples/test_issue519.py,0.43936243653297424,40
pytest-dev__pytest-7186,testing/test_collection.py,0.5093739032745361,24
pytest-dev__pytest-7186,testing/test_runner.py,0.5656346678733826,13
pytest-dev__pytest-7186,testing/test_terminal.py,0.5171807408332825,22
pytest-dev__pytest-7186,testing/test_assertrewrite.py,0.43936243653297424,40
pytest-dev__pytest-7186,testing/test_capture.py,0.5790196061134338,9
pytest-dev__pytest-7186,testing/test_config.py,0.5752062797546387,11
pytest-dev__pytest-7186,src/pytest/__init__.py,0.5054685473442078,26
pytest-dev__pytest-7186,src/_pytest/runner.py,0.5904014110565186,7
pytest-dev__pytest-7186,testing/test_pytester.py,0.4820389747619629,31
pytest-dev__pytest-7186,testing/test_warnings.py,0.5540844202041626,14
pytest-dev__pytest-7186,doc/en/conf.py,0.5113261938095093,23
pytest-dev__pytest-7186,testing/test_junitxml.py,0.4355173707008362,41
pytest-dev__pytest-7186,testing/test_setupplan.py,0.408843070268631,46
pytest-dev__pytest-7186,testing/test_meta.py,0.38269495964050293,50
pytest-dev__pytest-7186,testing/test_helpconfig.py,0.3863929510116577,49
pytest-dev__pytest-7186,testing/test_conftest.py,0.4625701606273651,37
pytest-dev__pytest-7186,testing/test_entry_points.py,0.3863929510116577,49
pytest-dev__pytest-7186,src/_pytest/python.py,0.5847217440605164,8
pytest-dev__pytest-7186,testing/test_faulthandler.py,0.4050721228122711,47
pytest-dev__pytest-7186,testing/test_assertion.py,0.47229403257369995,36
pytest-dev__pytest-7186,testing/python/show_fixtures_per_test.py,0.5424755215644836,17
pytest-dev__pytest-7186,src/_pytest/freeze_support.py,0.4240303635597229,43
pytest-dev__pytest-7186,src/_pytest/config/__init__.py,0.6257582902908325,5
pytest-dev__pytest-7186,src/_pytest/unittest.py,0.5327655076980591,19
pytest-dev__pytest-7186,src/_pytest/warnings.py,0.49960941076278687,29
pytest-dev__pytest-7186,src/_pytest/assertion/rewrite.py,0.5444138646125793,16
pytest-dev__pytest-7186,testing/example_scripts/config/collect_pytest_prefix/conftest.py,0.4240303635597229,43
pytest-dev__pytest-7186,src/_pytest/cacheprovider.py,0.5288740992546082,20
pytest-dev__pytest-7186,src/_pytest/logging.py,0.5347096920013428,18
pytest-dev__pytest-7186,src/_pytest/hookspec.py,0.6110106706619263,6
pytest-dev__pytest-7186,src/_pytest/faulthandler.py,0.49375033378601074,30
pytest-dev__pytest-7186,testing/python/fixtures.py,0.48008865118026733,32
pytest-dev__pytest-7186,src/_pytest/main.py,0.6474416255950928,4
pytest-dev__pytest-7186,src/_pytest/capture.py,0.5732962489128113,12
pytest-dev__pytest-7186,testing/test_session.py,0.49960941076278687,29
pytest-dev__pytest-7186,testing/test_cacheprovider.py,0.5230305790901184,21
pytest-dev__pytest-7186,testing/test_tmpdir.py,0.454811155796051,38
pytest-dev__pytest-7186,testing/io/test_terminalwriter.py,0.49960941076278687,29
pytest-dev__pytest-7186,src/_pytest/terminal.py,0.5771140456199646,10
pytest-dev__pytest-7186,src/pytest/__main__.py,0.5054685473442078,26
pytest-dev__pytest-7186,testing/test_setuponly.py,0.41641688346862793,44
pytest-dev__pytest-7186,testing/python/integration.py,0.47424158453941345,35
pytest-dev__pytest-7205,src/_pytest/setuponly.py,0.7190681099891663,2
pytest-dev__pytest-7205,src/_pytest/runner.py,0.7330507040023804,1
pytest-dev__pytest-7205,testing/test_setuponly.py,0.5171807408332825,23
pytest-dev__pytest-7205,testing/test_setupplan.py,0.5191313028335571,21
pytest-dev__pytest-7205,testing/python/fixtures.py,0.5308202505111694,19
pytest-dev__pytest-7205,src/_pytest/python.py,0.6889709234237671,5
pytest-dev__pytest-7205,testing/python/show_fixtures_per_test.py,0.4703473448753357,34
pytest-dev__pytest-7205,testing/io/test_saferepr.py,0.6668006181716919,7
pytest-dev__pytest-7205,testing/test_warnings.py,0.5015625357627869,25
pytest-dev__pytest-7205,testing/test_terminal.py,0.46840155124664307,35
pytest-dev__pytest-7205,testing/test_runner.py,0.49765628576278687,28
pytest-dev__pytest-7205,src/_pytest/nodes.py,0.5732962489128113,13
pytest-dev__pytest-7205,testing/conftest.py,0.49765628576278687,28
pytest-dev__pytest-7205,src/_pytest/capture.py,0.6016871333122253,12
pytest-dev__pytest-7205,src/_pytest/warning_types.py,0.5288740992546082,20
pytest-dev__pytest-7205,src/_pytest/fixtures.py,0.6312306523323059,9
pytest-dev__pytest-7205,testing/acceptance_test.py,0.5035156011581421,24
pytest-dev__pytest-7205,testing/test_warning_types.py,0.4050721228122711,48
pytest-dev__pytest-7205,testing/test_assertrewrite.py,0.4240303635597229,45
pytest-dev__pytest-7205,src/_pytest/warnings.py,0.6906425356864929,4
pytest-dev__pytest-7205,src/_pytest/hookspec.py,0.49960941076278687,26
pytest-dev__pytest-7205,src/_pytest/reports.py,0.54635089635849,17
pytest-dev__pytest-7205,src/_pytest/deprecated.py,0.5347096920013428,18
pytest-dev__pytest-7205,src/_pytest/doctest.py,0.5171807408332825,23
pytest-dev__pytest-7205,testing/test_assertion.py,0.43936243653297424,41
pytest-dev__pytest-7205,src/_pytest/assertion/util.py,0.6685341000556946,6
pytest-dev__pytest-7205,testing/test_capture.py,0.4898451566696167,30
pytest-dev__pytest-7205,src/_pytest/_code/code.py,0.5694696307182312,14
pytest-dev__pytest-7205,testing/python/collect.py,0.4625701606273651,37
pytest-dev__pytest-7205,src/_pytest/setupplan.py,0.6147178411483765,10
pytest-dev__pytest-7205,src/_pytest/assertion/__init__.py,0.5540844202041626,16
pytest-dev__pytest-7205,testing/test_session.py,0.49375033378601074,29
pytest-dev__pytest-7205,testing/python/metafunc.py,0.4432148039340973,40
pytest-dev__pytest-7205,src/_pytest/terminal.py,0.7005671858787537,3
pytest-dev__pytest-7205,src/_pytest/compat.py,0.6563059091567993,8
pytest-dev__pytest-7205,testing/code/test_excinfo.py,0.4645129144191742,36
pytest-dev__pytest-7205,src/_pytest/recwarn.py,0.5579416155815125,15
pytest-dev__pytest-7205,testing/code/test_code.py,0.4509396255016327,39
pytest-dev__pytest-7205,testing/test_pytester.py,0.43168002367019653,43
pytest-dev__pytest-7205,src/_pytest/junitxml.py,0.47229403257369995,33
pytest-dev__pytest-7205,testing/python/integration.py,0.47229403257369995,33
pytest-dev__pytest-7205,testing/test_recwarn.py,0.4355173707008362,42
pytest-dev__pytest-7205,doc/en/example/assertion/global_testmodule_config/conftest.py,0.4050721228122711,48
pytest-dev__pytest-7205,testing/test_junitxml.py,0.4240303635597229,45
pytest-dev__pytest-7205,testing/test_doctest.py,0.393827885389328,49
pytest-dev__pytest-7205,src/_pytest/logging.py,0.6128658652305603,11
pytest-dev__pytest-7205,testing/test_debugging.py,0.4050721228122711,48
pytest-dev__pytest-7205,testing/logging/test_fixture.py,0.4509396255016327,39
pytest-dev__pytest-7205,testing/io/test_terminalwriter.py,0.47618991136550903,31
pytest-dev__pytest-7205,testing/deprecated_test.py,0.3790105879306793,50
pytest-dev__pytest-7220,testing/test_collection.py,0.6420735120773315,7
pytest-dev__pytest-7220,testing/test_tmpdir.py,0.6650626063346863,5
pytest-dev__pytest-7220,src/_pytest/pytester.py,0.6719873547554016,4
pytest-dev__pytest-7220,testing/example_scripts/tmpdir/tmpdir_fixture.py,0.5093739032745361,39
pytest-dev__pytest-7220,testing/python/collect.py,0.5675531625747681,20
pytest-dev__pytest-7220,testing/test_assertrewrite.py,0.5035156011581421,41
pytest-dev__pytest-7220,testing/test_pytester.py,0.5132781267166138,38
pytest-dev__pytest-7220,testing/acceptance_test.py,0.5694696307182312,17
pytest-dev__pytest-7220,testing/python/fixtures.py,0.6771324872970581,2
pytest-dev__pytest-7220,testing/test_conftest.py,0.5713839530944824,16
pytest-dev__pytest-7220,src/_pytest/tmpdir.py,0.7143092751502991,1
pytest-dev__pytest-7220,testing/conftest.py,0.5560138821601868,21
pytest-dev__pytest-7220,testing/test_terminal.py,0.5327655076980591,27
pytest-dev__pytest-7220,testing/examples/test_issue519.py,0.46840155124664307,47
pytest-dev__pytest-7220,testing/test_assertion.py,0.4781389832496643,46
pytest-dev__pytest-7220,testing/python/show_fixtures_per_test.py,0.49765628576278687,42
pytest-dev__pytest-7220,testing/test_setupplan.py,0.49375033378601074,43
pytest-dev__pytest-7220,src/_pytest/assertion/rewrite.py,0.633047342300415,8
pytest-dev__pytest-7220,testing/test_config.py,0.5171807408332825,36
pytest-dev__pytest-7220,src/_pytest/nodes.py,0.6615731120109558,6
pytest-dev__pytest-7220,doc/en/example/assertion/test_failures.py,0.5074213147163391,40
pytest-dev__pytest-7220,src/_pytest/monkeypatch.py,0.6754221320152283,3
pytest-dev__pytest-7220,testing/test_cacheprovider.py,0.5444138646125793,22
pytest-dev__pytest-7220,testing/test_pathlib.py,0.5366528630256653,26
pytest-dev__pytest-7220,testing/test_setuponly.py,0.5171807408332825,36
pytest-dev__pytest-7220,testing/test_runner.py,0.5308202505111694,28
pytest-dev__pytest-7220,testing/test_stepwise.py,0.5979365706443787,12
pytest-dev__pytest-7220,testing/test_session.py,0.5152297019958496,37
pytest-dev__pytest-7220,src/_pytest/pathlib.py,0.6184117794036865,9
pytest-dev__pytest-7220,testing/test_monkeypatch.py,0.5828235149383545,13
pytest-dev__pytest-7220,testing/code/test_excinfo.py,0.6091521978378296,11
pytest-dev__pytest-7220,testing/example_scripts/acceptance/fixture_mock_integration.py,0.4781389832496643,46
pytest-dev__pytest-7220,src/_pytest/doctest.py,0.521081268787384,33
pytest-dev__pytest-7220,testing/python/integration.py,0.5288740992546082,30
pytest-dev__pytest-7220,testing/test_main.py,0.4278508424758911,49
pytest-dev__pytest-7220,src/_pytest/setuponly.py,0.5752062797546387,15
pytest-dev__pytest-7220,testing/test_doctest.py,0.4839898645877838,44
pytest-dev__pytest-7220,testing/test_unittest.py,0.4625701606273651,48
pytest-dev__pytest-7220,testing/test_warning_types.py,0.38269495964050293,50
pytest-dev__pytest-7220,src/_pytest/runner.py,0.5771140456199646,14
pytest-dev__pytest-7220,doc/en/example/assertion/global_testmodule_config/conftest.py,0.5288740992546082,30
pytest-dev__pytest-7220,testing/test_warnings.py,0.5249791741371155,31
pytest-dev__pytest-7220,testing/test_capture.py,0.5171807408332825,36
pytest-dev__pytest-7220,src/_pytest/logging.py,0.5675531625747681,20
pytest-dev__pytest-7220,testing/test_debugging.py,0.5385949611663818,24
pytest-dev__pytest-7220,src/_pytest/capture.py,0.5366528630256653,26
pytest-dev__pytest-7220,src/_pytest/assertion/__init__.py,0.5675531625747681,20
pytest-dev__pytest-7220,testing/test_junitxml.py,0.5385949611663818,24
pytest-dev__pytest-7220,src/_pytest/python.py,0.6147178411483765,10
pytest-dev__pytest-7220,testing/test_error_diffs.py,0.521081268787384,33
pytest-dev__pytest-7231,testing/example_scripts/warnings/test_group_warnings_by_message.py,0.46645671129226685,13
pytest-dev__pytest-7231,testing/example_scripts/warnings/test_group_warnings_by_message_summary/test_1.py,0.4586881399154663,15
pytest-dev__pytest-7231,testing/test_junitxml.py,0.5132781267166138,4
pytest-dev__pytest-7231,src/_pytest/recwarn.py,0.5113261938095093,5
pytest-dev__pytest-7231,testing/logging/test_reporting.py,0.521081268787384,2
pytest-dev__pytest-7231,testing/test_capture.py,0.5847217440605164,1
pytest-dev__pytest-7231,testing/test_warnings.py,0.5035156011581421,6
pytest-dev__pytest-7231,testing/test_recwarn.py,0.5132781267166138,4
pytest-dev__pytest-7231,testing/test_warning_types.py,0.3975641429424286,35
pytest-dev__pytest-7231,testing/test_runner.py,0.4126248061656952,24
pytest-dev__pytest-7231,testing/test_resultlog.py,0.47618991136550903,9
pytest-dev__pytest-7231,testing/test_terminal.py,0.38269495964050293,44
pytest-dev__pytest-7231,doc/en/example/assertion/test_failures.py,0.41641688346862793,22
pytest-dev__pytest-7231,testing/test_stepwise.py,0.38269495964050293,44
pytest-dev__pytest-7231,testing/python/collect.py,0.4126248061656952,24
pytest-dev__pytest-7231,testing/acceptance_test.py,0.43936243653297424,17
pytest-dev__pytest-7231,src/_pytest/warning_types.py,0.393827885389328,38
pytest-dev__pytest-7231,src/_pytest/outcomes.py,0.47424158453941345,10
pytest-dev__pytest-7231,testing/test_assertion.py,0.3901040256023407,39
pytest-dev__pytest-7231,testing/example_scripts/warnings/test_group_warnings_by_message_summary/test_2.py,0.4470740258693695,16
pytest-dev__pytest-7231,src/_pytest/resultlog.py,0.4645129144191742,14
pytest-dev__pytest-7231,testing/deprecated_test.py,0.4240303635597229,21
pytest-dev__pytest-7231,testing/test_skipping.py,0.3790105879306793,46
pytest-dev__pytest-7231,src/_pytest/logging.py,0.49960941076278687,7
pytest-dev__pytest-7231,testing/test_cacheprovider.py,0.408843070268631,26
pytest-dev__pytest-7231,doc/en/example/xfail_demo.py,0.4240303635597229,21
pytest-dev__pytest-7231,testing/test_unittest.py,0.408843070268631,26
pytest-dev__pytest-7231,testing/examples/test_issue519.py,0.3753400444984436,47
pytest-dev__pytest-7231,testing/python/integration.py,0.40131235122680664,32
pytest-dev__pytest-7231,src/_pytest/warnings.py,0.47229403257369995,11
pytest-dev__pytest-7231,testing/logging/test_fixture.py,0.43168002367019653,18
pytest-dev__pytest-7231,testing/test_reports.py,0.4050721228122711,29
pytest-dev__pytest-7231,testing/test_session.py,0.393827885389328,38
pytest-dev__pytest-7231,testing/test_assertrewrite.py,0.38269495964050293,44
pytest-dev__pytest-7231,testing/test_debugging.py,0.47618991136550903,9
pytest-dev__pytest-7231,testing/python/raises.py,0.393827885389328,38
pytest-dev__pytest-7231,testing/test_mark.py,0.3187819719314575,50
pytest-dev__pytest-7231,testing/test_main.py,0.36441558599472046,49
pytest-dev__pytest-7231,src/_pytest/pytester.py,0.4050721228122711,29
pytest-dev__pytest-7231,src/_pytest/python_api.py,0.4050721228122711,29
pytest-dev__pytest-7231,src/_pytest/skipping.py,0.40131235122680664,32
pytest-dev__pytest-7231,doc/en/example/assertion/failure_demo.py,0.38269495964050293,44
pytest-dev__pytest-7231,testing/test_collection.py,0.3790105879306793,46
pytest-dev__pytest-7231,src/_pytest/runner.py,0.4703473448753357,12
pytest-dev__pytest-7231,testing/test_pytester.py,0.40131235122680664,32
pytest-dev__pytest-7231,src/_pytest/config/exceptions.py,0.36441558599472046,49
pytest-dev__pytest-7231,src/_pytest/assertion/rewrite.py,0.3863929510116577,40
pytest-dev__pytest-7231,src/_pytest/deprecated.py,0.3975641429424286,35
pytest-dev__pytest-7231,testing/test_doctest.py,0.3975641429424286,35
pytest-dev__pytest-7231,src/_pytest/terminal.py,0.4278508424758911,19
pytest-dev__pytest-7236,testing/test_debugging.py,0.6989257335662842,4
pytest-dev__pytest-7236,testing/test_unittest.py,0.8196625113487244,1
pytest-dev__pytest-7236,src/_pytest/debugging.py,0.7143092751502991,3
pytest-dev__pytest-7236,testing/test_runner.py,0.6072905659675598,9
pytest-dev__pytest-7236,src/_pytest/unittest.py,0.8155853152275085,2
pytest-dev__pytest-7236,testing/test_skipping.py,0.5152297019958496,21
pytest-dev__pytest-7236,testing/python/collect.py,0.4645129144191742,32
pytest-dev__pytest-7236,src/_pytest/outcomes.py,0.5809227228164673,12
pytest-dev__pytest-7236,bench/skip.py,0.38269495964050293,48
pytest-dev__pytest-7236,testing/test_runner_xunit.py,0.6072905659675598,9
pytest-dev__pytest-7236,testing/example_scripts/unittest/test_setup_skip_module.py,0.5152297019958496,21
pytest-dev__pytest-7236,testing/example_scripts/unittest/test_setup_skip.py,0.4781389832496643,28
pytest-dev__pytest-7236,testing/test_faulthandler.py,0.4820389747619629,27
pytest-dev__pytest-7236,testing/acceptance_test.py,0.43936243653297424,39
pytest-dev__pytest-7236,testing/test_nose.py,0.5152297019958496,21
pytest-dev__pytest-7236,src/_pytest/runner.py,0.638474702835083,5
pytest-dev__pytest-7236,src/_pytest/skipping.py,0.5922893285751343,11
pytest-dev__pytest-7236,testing/example_scripts/unittest/test_setup_skip_class.py,0.4586881399154663,34
pytest-dev__pytest-7236,src/_pytest/nose.py,0.6165664792060852,6
pytest-dev__pytest-7236,src/_pytest/faulthandler.py,0.6016871333122253,10
pytest-dev__pytest-7236,src/_pytest/stepwise.py,0.5015625357627869,23
pytest-dev__pytest-7236,src/_pytest/hookspec.py,0.5617918968200684,13
pytest-dev__pytest-7236,testing/example_scripts/conftest_usageerror/conftest.py,0.3901040256023407,46
pytest-dev__pytest-7236,testing/test_doctest.py,0.40131235122680664,44
pytest-dev__pytest-7236,testing/test_capture.py,0.47618991136550903,29
pytest-dev__pytest-7236,testing/test_junitxml.py,0.4432148039340973,37
pytest-dev__pytest-7236,testing/test_setupplan.py,0.4820389747619629,27
pytest-dev__pytest-7236,src/_pytest/doctest.py,0.4355173707008362,40
pytest-dev__pytest-7236,testing/examples/test_issue519.py,0.3975641429424286,45
pytest-dev__pytest-7236,src/_pytest/python.py,0.6128658652305603,7
pytest-dev__pytest-7236,src/_pytest/setuponly.py,0.5560138821601868,14
pytest-dev__pytest-7236,testing/example_scripts/unittest/test_unittest_asynctest.py,0.41641688346862793,43
pytest-dev__pytest-7236,testing/test_terminal.py,0.5093739032745361,22
pytest-dev__pytest-7236,testing/test_main.py,0.38269495964050293,48
pytest-dev__pytest-7236,testing/python/integration.py,0.47229403257369995,30
pytest-dev__pytest-7236,testing/code/test_excinfo.py,0.4509396255016327,36
pytest-dev__pytest-7236,testing/test_session.py,0.4898451566696167,24
pytest-dev__pytest-7236,testing/test_assertrewrite.py,0.41641688346862793,43
pytest-dev__pytest-7236,testing/test_collection.py,0.4703473448753357,31
pytest-dev__pytest-7236,testing/python/fixtures.py,0.4878930151462555,25
pytest-dev__pytest-7236,doc/en/example/assertion/global_testmodule_config/conftest.py,0.37168383598327637,50
pytest-dev__pytest-7236,src/_pytest/pytester.py,0.4509396255016327,36
pytest-dev__pytest-7236,testing/test_pytester.py,0.4278508424758911,41
pytest-dev__pytest-7236,testing/example_scripts/config/collect_pytest_prefix/conftest.py,0.37168383598327637,50
pytest-dev__pytest-7236,src/_pytest/cacheprovider.py,0.5249791741371155,18
pytest-dev__pytest-7236,src/_pytest/logging.py,0.5327655076980591,17
pytest-dev__pytest-7236,src/_pytest/capture.py,0.54635089635849,15
pytest-dev__pytest-7236,src/pytest/__init__.py,0.5424755215644836,16
pytest-dev__pytest-7236,testing/conftest.py,0.4625701606273651,33
pytest-dev__pytest-7236,testing/test_stepwise.py,0.43936243653297424,39
pytest-dev__pytest-7283,testing/test_debugging.py,0.6989257335662842,4
pytest-dev__pytest-7283,testing/test_unittest.py,0.8196625113487244,2
pytest-dev__pytest-7283,src/_pytest/debugging.py,0.7054604887962341,3
pytest-dev__pytest-7283,src/_pytest/unittest.py,0.8389966487884521,1
pytest-dev__pytest-7283,testing/test_runner.py,0.6072905659675598,8
pytest-dev__pytest-7283,testing/test_terminal.py,0.5035156011581421,22
pytest-dev__pytest-7283,testing/python/collect.py,0.454811155796051,36
pytest-dev__pytest-7283,testing/test_skipping.py,0.5152297019958496,19
pytest-dev__pytest-7283,src/_pytest/outcomes.py,0.5866175889968872,11
pytest-dev__pytest-7283,bench/skip.py,0.38269495964050293,48
pytest-dev__pytest-7283,testing/test_runner_xunit.py,0.6072905659675598,8
pytest-dev__pytest-7283,testing/example_scripts/unittest/test_setup_skip_module.py,0.5152297019958496,19
pytest-dev__pytest-7283,testing/example_scripts/unittest/test_setup_skip.py,0.4781389832496643,30
pytest-dev__pytest-7283,src/_pytest/runner.py,0.6474416255950928,5
pytest-dev__pytest-7283,testing/test_faulthandler.py,0.4820389747619629,28
pytest-dev__pytest-7283,testing/test_nose.py,0.5152297019958496,19
pytest-dev__pytest-7283,src/_pytest/skipping.py,0.5922893285751343,10
pytest-dev__pytest-7283,testing/example_scripts/unittest/test_setup_skip_class.py,0.4586881399154663,34
pytest-dev__pytest-7283,src/_pytest/hookspec.py,0.5366528630256653,15
pytest-dev__pytest-7283,src/_pytest/nose.py,0.6165664792060852,6
pytest-dev__pytest-7283,src/_pytest/faulthandler.py,0.6016871333122253,9
pytest-dev__pytest-7283,testing/acceptance_test.py,0.4509396255016327,37
pytest-dev__pytest-7283,src/_pytest/stepwise.py,0.5015625357627869,23
pytest-dev__pytest-7283,testing/test_capture.py,0.454811155796051,36
pytest-dev__pytest-7283,testing/example_scripts/conftest_usageerror/conftest.py,0.3901040256023407,46
pytest-dev__pytest-7283,testing/test_setupplan.py,0.4820389747619629,28
pytest-dev__pytest-7283,src/_pytest/nodes.py,0.5308202505111694,16
pytest-dev__pytest-7283,testing/test_doctest.py,0.40131235122680664,44
pytest-dev__pytest-7283,src/_pytest/doctest.py,0.4355173707008362,39
pytest-dev__pytest-7283,testing/test_junitxml.py,0.42021888494491577,42
pytest-dev__pytest-7283,testing/examples/test_issue519.py,0.3975641429424286,45
pytest-dev__pytest-7283,testing/python/fixtures.py,0.4781389832496643,30
pytest-dev__pytest-7283,src/_pytest/python.py,0.4898451566696167,25
pytest-dev__pytest-7283,testing/python/integration.py,0.4839898645877838,26
pytest-dev__pytest-7283,testing/example_scripts/unittest/test_unittest_asynctest.py,0.41641688346862793,43
pytest-dev__pytest-7283,src/_pytest/cacheprovider.py,0.5074213147163391,20
pytest-dev__pytest-7283,testing/test_main.py,0.38269495964050293,48
pytest-dev__pytest-7283,testing/test_config.py,0.43936243653297424,38
pytest-dev__pytest-7283,src/_pytest/setuponly.py,0.5405358076095581,14
pytest-dev__pytest-7283,testing/test_assertrewrite.py,0.47229403257369995,32
pytest-dev__pytest-7283,src/_pytest/pytester.py,0.5054685473442078,21
pytest-dev__pytest-7283,testing/code/test_excinfo.py,0.42021888494491577,42
pytest-dev__pytest-7283,testing/test_session.py,0.4898451566696167,25
pytest-dev__pytest-7283,testing/test_collection.py,0.4703473448753357,33
pytest-dev__pytest-7283,doc/en/example/assertion/global_testmodule_config/conftest.py,0.37168383598327637,50
pytest-dev__pytest-7283,testing/test_pytester.py,0.4278508424758911,40
pytest-dev__pytest-7283,src/_pytest/capture.py,0.5405358076095581,14
pytest-dev__pytest-7283,src/_pytest/warnings.py,0.47229403257369995,32
pytest-dev__pytest-7283,testing/example_scripts/config/collect_pytest_prefix/conftest.py,0.37168383598327637,50
pytest-dev__pytest-7283,src/_pytest/main.py,0.5560138821601868,12
pytest-dev__pytest-7314,src/_pytest/terminal.py,0.842914879322052,1
pytest-dev__pytest-7314,testing/test_runner.py,0.6972792148590088,28
pytest-dev__pytest-7314,testing/test_terminal.py,0.7960389256477356,7
pytest-dev__pytest-7314,src/_pytest/resultlog.py,0.8270473480224609,2
pytest-dev__pytest-7314,src/_pytest/reports.py,0.7947674989700317,8
pytest-dev__pytest-7314,src/_pytest/runner.py,0.7850450277328491,10
pytest-dev__pytest-7314,testing/python/collect.py,0.6805390119552612,32
pytest-dev__pytest-7314,src/_pytest/skipping.py,0.8147023320198059,4
pytest-dev__pytest-7314,testing/test_resultlog.py,0.7086966633796692,23
pytest-dev__pytest-7314,testing/test_pytester.py,0.7095024585723877,22
pytest-dev__pytest-7314,testing/examples/test_issue519.py,0.5385949611663818,47
pytest-dev__pytest-7314,src/_pytest/cacheprovider.py,0.7473210096359253,14
pytest-dev__pytest-7314,testing/test_assertrewrite.py,0.7111100554466248,21
pytest-dev__pytest-7314,testing/test_junitxml.py,0.7022034525871277,27
pytest-dev__pytest-7314,testing/test_capture.py,0.6737070679664612,36
pytest-dev__pytest-7314,src/_pytest/hookspec.py,0.8123319745063782,6
pytest-dev__pytest-7314,src/_pytest/pytester.py,0.7368552684783936,18
pytest-dev__pytest-7314,testing/test_skipping.py,0.6771324872970581,35
pytest-dev__pytest-7314,src/_pytest/assertion/rewrite.py,0.6580659747123718,40
pytest-dev__pytest-7314,testing/test_cacheprovider.py,0.7054604887962341,26
pytest-dev__pytest-7314,testing/test_warnings.py,0.6438668966293335,42
pytest-dev__pytest-7314,src/_pytest/junitxml.py,0.8132236003875732,5
pytest-dev__pytest-7314,src/_pytest/pastebin.py,0.7589396834373474,13
pytest-dev__pytest-7314,testing/acceptance_test.py,0.6822351217269897,31
pytest-dev__pytest-7314,src/_pytest/unittest.py,0.7198565006256104,19
pytest-dev__pytest-7314,testing/test_pastebin.py,0.6856127977371216,29
pytest-dev__pytest-7314,testing/test_unittest.py,0.6822351217269897,31
pytest-dev__pytest-7314,testing/test_assertion.py,0.633047342300415,43
pytest-dev__pytest-7314,src/_pytest/warnings.py,0.6650626063346863,39
pytest-dev__pytest-7314,testing/deprecated_test.py,0.6054258346557617,45
pytest-dev__pytest-7314,src/_pytest/logging.py,0.7708789706230164,12
pytest-dev__pytest-7314,testing/test_reports.py,0.8179237246513367,3
pytest-dev__pytest-7314,src/_pytest/outcomes.py,0.7941296100616455,9
pytest-dev__pytest-7314,src/_pytest/capture.py,0.7770293354988098,11
pytest-dev__pytest-7314,testing/example_scripts/conftest_usageerror/conftest.py,0.5288740992546082,48
pytest-dev__pytest-7314,src/_pytest/assertion/__init__.py,0.7070811986923218,25
pytest-dev__pytest-7314,src/_pytest/stepwise.py,0.7421227693557739,15
pytest-dev__pytest-7314,testing/code/test_code.py,0.6702630519866943,38
pytest-dev__pytest-7314,testing/test_doctest.py,0.6702630519866943,38
pytest-dev__pytest-7314,doc/en/example/assertion/test_failures.py,0.5074213147163391,49
pytest-dev__pytest-7314,testing/example_scripts/config/collect_pytest_prefix/conftest.py,0.5866175889968872,46
pytest-dev__pytest-7314,testing/python/integration.py,0.6771324872970581,35
pytest-dev__pytest-7314,testing/python/setup_plan.py,0.4586881399154663,50
pytest-dev__pytest-7314,src/_pytest/deprecated.py,0.7159009575843811,20
pytest-dev__pytest-7314,src/_pytest/main.py,0.7070811986923218,25
pytest-dev__pytest-7314,testing/test_session.py,0.7413744926452637,16
pytest-dev__pytest-7314,testing/conftest.py,0.6184117794036865,44
pytest-dev__pytest-7314,testing/code/test_excinfo.py,0.6527729034423828,41
pytest-dev__pytest-7314,src/_pytest/nodes.py,0.7391212582588196,17
pytest-dev__pytest-7314,src/_pytest/doctest.py,0.6771324872970581,35
pytest-dev__pytest-7324,testing/test_assertrewrite.py,0.4050721228122711,37
pytest-dev__pytest-7324,testing/test_mark_expression.py,0.5732962489128113,5
pytest-dev__pytest-7324,src/_pytest/assertion/rewrite.py,0.4957032799720764,9
pytest-dev__pytest-7324,src/_pytest/mark/expression.py,0.5828235149383545,4
pytest-dev__pytest-7324,testing/code/test_source.py,0.3975641429424286,38
pytest-dev__pytest-7324,src/_pytest/assertion/__init__.py,0.49375033378601074,10
pytest-dev__pytest-7324,src/_pytest/mark/evaluate.py,0.4820389747619629,16
pytest-dev__pytest-7324,src/_pytest/assertion/util.py,0.5998133420944214,2
pytest-dev__pytest-7324,src/_pytest/_code/source.py,0.4878930151462555,13
pytest-dev__pytest-7324,testing/code/test_code.py,0.4278508424758911,29
pytest-dev__pytest-7324,src/_pytest/_code/code.py,0.43168002367019653,27
pytest-dev__pytest-7324,testing/test_skipping.py,0.36441558599472046,46
pytest-dev__pytest-7324,testing/test_assertion.py,0.36080431938171387,47
pytest-dev__pytest-7324,testing/acceptance_test.py,0.4126248061656952,33
pytest-dev__pytest-7324,doc/en/example/assertion/failure_demo.py,0.454811155796051,22
pytest-dev__pytest-7324,testing/code/test_excinfo.py,0.393827885389328,40
pytest-dev__pytest-7324,src/_pytest/compat.py,0.5847217440605164,3
pytest-dev__pytest-7324,testing/test_doctest.py,0.4126248061656952,33
pytest-dev__pytest-7324,src/_pytest/_code/__init__.py,0.4126248061656952,33
pytest-dev__pytest-7324,testing/test_runner.py,0.43936243653297424,26
pytest-dev__pytest-7324,src/_pytest/doctest.py,0.4625701606273651,19
pytest-dev__pytest-7324,src/_pytest/mark/__init__.py,0.48594123125076294,15
pytest-dev__pytest-7324,testing/examples/test_issue519.py,0.4470740258693695,24
pytest-dev__pytest-7324,testing/test_mark.py,0.4050721228122711,37
pytest-dev__pytest-7324,testing/python/collect.py,0.3901040256023407,42
pytest-dev__pytest-7324,testing/test_debugging.py,0.4898451566696167,12
pytest-dev__pytest-7324,testing/io/test_saferepr.py,0.4432148039340973,25
pytest-dev__pytest-7324,src/_pytest/warning_types.py,0.3863929510116577,43
pytest-dev__pytest-7324,testing/test_junitxml.py,0.4050721228122711,37
pytest-dev__pytest-7324,testing/python/raises.py,0.3901040256023407,42
pytest-dev__pytest-7324,src/_pytest/debugging.py,0.5675531625747681,6
pytest-dev__pytest-7324,testing/test_warnings.py,0.34298956394195557,49
pytest-dev__pytest-7324,testing/test_error_diffs.py,0.4278508424758911,29
pytest-dev__pytest-7324,testing/python/metafunc.py,0.4470740258693695,24
pytest-dev__pytest-7324,src/_pytest/hookspec.py,0.454811155796051,22
pytest-dev__pytest-7324,src/_pytest/outcomes.py,0.6016871333122253,1
pytest-dev__pytest-7324,testing/test_compat.py,0.48594123125076294,15
pytest-dev__pytest-7324,src/_pytest/config/__init__.py,0.35362908244132996,48
pytest-dev__pytest-7324,testing/test_session.py,0.393827885389328,40
pytest-dev__pytest-7324,testing/test_warning_types.py,0.3086901903152466,50
pytest-dev__pytest-7324,testing/test_faulthandler.py,0.454811155796051,22
pytest-dev__pytest-7324,src/_pytest/python.py,0.49179762601852417,11
pytest-dev__pytest-7324,testing/test_config.py,0.3680422008037567,45
pytest-dev__pytest-7324,src/_pytest/fixtures.py,0.3753400444984436,44
pytest-dev__pytest-7324,src/_pytest/unittest.py,0.47424158453941345,18
pytest-dev__pytest-7324,src/_pytest/deprecated.py,0.4050721228122711,37
pytest-dev__pytest-7324,testing/test_monkeypatch.py,0.4240303635597229,30
pytest-dev__pytest-7324,src/_pytest/python_api.py,0.49765628576278687,7
pytest-dev__pytest-7324,testing/test_terminal.py,0.48008865118026733,17
pytest-dev__pytest-7324,src/_pytest/mark/structures.py,0.4957032799720764,9
pytest-dev__pytest-7352,testing/test_tmpdir.py,0.6856127977371216,4
pytest-dev__pytest-7352,src/_pytest/tmpdir.py,0.8032355308532715,1
pytest-dev__pytest-7352,src/_pytest/pathlib.py,0.7276659607887268,2
pytest-dev__pytest-7352,testing/test_cacheprovider.py,0.54635089635849,21
pytest-dev__pytest-7352,src/_pytest/pytester.py,0.6754221320152283,5
pytest-dev__pytest-7352,testing/test_main.py,0.5675531625747681,15
pytest-dev__pytest-7352,src/_pytest/cacheprovider.py,0.6275860667228699,10
pytest-dev__pytest-7352,testing/test_assertrewrite.py,0.5540844202041626,18
pytest-dev__pytest-7352,testing/test_pathlib.py,0.6527729034423828,8
pytest-dev__pytest-7352,testing/test_pytester.py,0.5054685473442078,33
pytest-dev__pytest-7352,testing/examples/test_issue519.py,0.42021888494491577,50
pytest-dev__pytest-7352,testing/test_link_resolve.py,0.4432148039340973,49
pytest-dev__pytest-7352,testing/acceptance_test.py,0.5152297019958496,29
pytest-dev__pytest-7352,src/_pytest/nodes.py,0.6615731120109558,7
pytest-dev__pytest-7352,testing/test_conftest.py,0.521081268787384,26
pytest-dev__pytest-7352,testing/python/collect.py,0.47424158453941345,42
pytest-dev__pytest-7352,testing/test_collection.py,0.5035156011581421,34
pytest-dev__pytest-7352,src/_pytest/main.py,0.6737070679664612,6
pytest-dev__pytest-7352,testing/example_scripts/tmpdir/tmpdir_fixture.py,0.454811155796051,45
pytest-dev__pytest-7352,testing/python/fixtures.py,0.5015625357627869,36
pytest-dev__pytest-7352,src/_pytest/python.py,0.5579416155815125,17
pytest-dev__pytest-7352,src/_pytest/logging.py,0.6054258346557617,11
pytest-dev__pytest-7352,testing/test_pluginmanager.py,0.46840155124664307,44
pytest-dev__pytest-7352,testing/test_nodes.py,0.48594123125076294,39
pytest-dev__pytest-7352,testing/test_runner.py,0.5521534085273743,19
pytest-dev__pytest-7352,testing/test_session.py,0.4839898645877838,40
pytest-dev__pytest-7352,testing/test_unittest.py,0.46840155124664307,44
pytest-dev__pytest-7352,testing/test_stepwise.py,0.5171807408332825,28
pytest-dev__pytest-7352,testing/test_terminal.py,0.5093739032745361,31
pytest-dev__pytest-7352,src/_pytest/fixtures.py,0.6312306523323059,9
pytest-dev__pytest-7352,testing/test_faulthandler.py,0.4470740258693695,48
pytest-dev__pytest-7352,src/_pytest/config/__init__.py,0.5732962489128113,14
pytest-dev__pytest-7352,src/_pytest/faulthandler.py,0.5191313028335571,27
pytest-dev__pytest-7352,testing/test_monkeypatch.py,0.4820389747619629,41
pytest-dev__pytest-7352,testing/test_warnings.py,0.4470740258693695,48
pytest-dev__pytest-7352,doc/en/example/assertion/test_failures.py,0.4509396255016327,46
pytest-dev__pytest-7352,testing/conftest.py,0.5249791741371155,25
pytest-dev__pytest-7352,src/_pytest/assertion/rewrite.py,0.54635089635849,21
pytest-dev__pytest-7352,src/_pytest/stepwise.py,0.5405358076095581,22
pytest-dev__pytest-7352,src/_pytest/deprecated.py,0.5054685473442078,33
pytest-dev__pytest-7352,src/_pytest/resultlog.py,0.5904014110565186,12
pytest-dev__pytest-7352,src/_pytest/junitxml.py,0.7222136855125427,3
pytest-dev__pytest-7352,testing/test_junitxml.py,0.5656346678733826,16
pytest-dev__pytest-7352,testing/python/integration.py,0.5385949611663818,23
pytest-dev__pytest-7352,testing/test_capture.py,0.49179762601852417,38
pytest-dev__pytest-7352,src/_pytest/hookspec.py,0.5249791741371155,25
pytest-dev__pytest-7352,testing/test_config.py,0.5132781267166138,30
pytest-dev__pytest-7352,src/_pytest/runner.py,0.5790196061134338,13
pytest-dev__pytest-7352,testing/test_reports.py,0.5015625357627869,36
pytest-dev__pytest-7352,src/_pytest/monkeypatch.py,0.49375033378601074,37
pytest-dev__pytest-7373,src/_pytest/mark/evaluate.py,0.8320183753967285,1
pytest-dev__pytest-7373,testing/test_skipping.py,0.7443591356277466,3
pytest-dev__pytest-7373,src/_pytest/skipping.py,0.7889736890792847,2
pytest-dev__pytest-7373,testing/test_cacheprovider.py,0.5171807408332825,13
pytest-dev__pytest-7373,testing/test_assertrewrite.py,0.41641688346862793,30
pytest-dev__pytest-7373,src/_pytest/cacheprovider.py,0.5790196061134338,8
pytest-dev__pytest-7373,testing/test_mark.py,0.43936243653297424,24
pytest-dev__pytest-7373,testing/test_mark_expression.py,0.5637142658233643,10
pytest-dev__pytest-7373,testing/python/fixtures.py,0.47618991136550903,21
pytest-dev__pytest-7373,src/_pytest/mark/__init__.py,0.5828235149383545,7
pytest-dev__pytest-7373,testing/test_runner.py,0.4126248061656952,31
pytest-dev__pytest-7373,testing/acceptance_test.py,0.35362908244132996,47
pytest-dev__pytest-7373,testing/python/collect.py,0.5132781267166138,15
pytest-dev__pytest-7373,testing/test_unittest.py,0.4878930151462555,17
pytest-dev__pytest-7373,testing/python/metafunc.py,0.4586881399154663,22
pytest-dev__pytest-7373,src/_pytest/_code/code.py,0.5074213147163391,16
pytest-dev__pytest-7373,testing/python/integration.py,0.36441558599472046,43
pytest-dev__pytest-7373,src/_pytest/outcomes.py,0.5366528630256653,12
pytest-dev__pytest-7373,src/_pytest/mark/structures.py,0.5540844202041626,11
pytest-dev__pytest-7373,testing/test_pytester.py,0.43936243653297424,24
pytest-dev__pytest-7373,src/_pytest/unittest.py,0.4820389747619629,18
pytest-dev__pytest-7373,src/_pytest/doctest.py,0.3753400444984436,39
pytest-dev__pytest-7373,src/_pytest/mark/expression.py,0.6456562876701355,4
pytest-dev__pytest-7373,src/_pytest/assertion/rewrite.py,0.40131235122680664,33
pytest-dev__pytest-7373,src/_pytest/python.py,0.5152297019958496,14
pytest-dev__pytest-7373,src/_pytest/fixtures.py,0.5732962489128113,9
pytest-dev__pytest-7373,testing/examples/test_issue519.py,0.43168002367019653,28
pytest-dev__pytest-7373,bench/skip.py,0.36080431938171387,46
pytest-dev__pytest-7373,src/_pytest/warnings.py,0.4278508424758911,29
pytest-dev__pytest-7373,doc/en/example/xfail_demo.py,0.6165664792060852,5
pytest-dev__pytest-7373,testing/test_junitxml.py,0.48008865118026733,20
pytest-dev__pytest-7373,testing/test_doctest.py,0.33947718143463135,48
pytest-dev__pytest-7373,testing/test_collection.py,0.4355173707008362,26
pytest-dev__pytest-7373,testing/test_assertion.py,0.3680422008037567,41
pytest-dev__pytest-7373,src/_pytest/config/__init__.py,0.3901040256023407,36
pytest-dev__pytest-7373,src/_pytest/stepwise.py,0.43168002367019653,28
pytest-dev__pytest-7373,testing/code/test_excinfo.py,0.3975641429424286,34
pytest-dev__pytest-7373,testing/example_scripts/marks/marks_considered_keywords/test_marks_as_keywords.py,0.36441558599472046,43
pytest-dev__pytest-7373,testing/test_session.py,0.37168383598327637,40
pytest-dev__pytest-7373,src/_pytest/nodes.py,0.5941745638847351,6
pytest-dev__pytest-7373,testing/test_nose.py,0.36080431938171387,46
pytest-dev__pytest-7373,testing/test_conftest.py,0.4050721228122711,32
pytest-dev__pytest-7373,testing/test_warnings.py,0.3753400444984436,39
pytest-dev__pytest-7373,testing/test_config.py,0.36080431938171387,46
pytest-dev__pytest-7373,src/_pytest/main.py,0.48008865118026733,20
pytest-dev__pytest-7373,src/_pytest/hookspec.py,0.3863929510116577,37
pytest-dev__pytest-7373,testing/test_stepwise.py,0.4355173707008362,26
pytest-dev__pytest-7373,testing/test_pluginmanager.py,0.33598238229751587,49
pytest-dev__pytest-7373,src/_pytest/deprecated.py,0.3901040256023407,36
pytest-dev__pytest-7373,testing/example_scripts/unittest/test_setup_skip_module.py,0.29227200150489807,50
pytest-dev__pytest-7432,testing/test_skipping.py,0.6110106706619263,7
pytest-dev__pytest-7432,src/_pytest/skipping.py,0.7941296100616455,1
pytest-dev__pytest-7432,testing/test_pytester.py,0.4355173707008362,41
pytest-dev__pytest-7432,src/_pytest/unittest.py,0.650999903678894,4
pytest-dev__pytest-7432,src/_pytest/runner.py,0.6165664792060852,6
pytest-dev__pytest-7432,testing/test_junitxml.py,0.4432148039340973,38
pytest-dev__pytest-7432,testing/test_runner.py,0.4878930151462555,23
pytest-dev__pytest-7432,testing/test_cacheprovider.py,0.46840155124664307,28
pytest-dev__pytest-7432,testing/test_collection.py,0.46645671129226685,29
pytest-dev__pytest-7432,testing/test_unittest.py,0.49960941076278687,21
pytest-dev__pytest-7432,testing/python/collect.py,0.4586881399154663,33
pytest-dev__pytest-7432,src/_pytest/cacheprovider.py,0.5617918968200684,9
pytest-dev__pytest-7432,src/_pytest/reports.py,0.6202536225318909,5
pytest-dev__pytest-7432,doc/en/example/xfail_demo.py,0.4957032799720764,22
pytest-dev__pytest-7432,testing/python/metafunc.py,0.4355173707008362,41
pytest-dev__pytest-7432,testing/test_session.py,0.4645129144191742,31
pytest-dev__pytest-7432,testing/acceptance_test.py,0.4432148039340973,38
pytest-dev__pytest-7432,testing/test_warnings.py,0.5054685473442078,20
pytest-dev__pytest-7432,src/_pytest/stepwise.py,0.5385949611663818,12
pytest-dev__pytest-7432,testing/test_terminal.py,0.4586881399154663,33
pytest-dev__pytest-7432,src/_pytest/doctest.py,0.43168002367019653,42
pytest-dev__pytest-7432,src/_pytest/outcomes.py,0.5152297019958496,19
pytest-dev__pytest-7432,src/_pytest/hookspec.py,0.5675531625747681,8
pytest-dev__pytest-7432,testing/test_reports.py,0.46840155124664307,28
pytest-dev__pytest-7432,testing/test_stepwise.py,0.4509396255016327,35
pytest-dev__pytest-7432,src/_pytest/junitxml.py,0.521081268787384,15
pytest-dev__pytest-7432,testing/test_resultlog.py,0.5327655076980591,13
pytest-dev__pytest-7432,src/_pytest/nodes.py,0.6580659747123718,3
pytest-dev__pytest-7432,testing/test_mark.py,0.5171807408332825,18
pytest-dev__pytest-7432,testing/examples/test_issue519.py,0.393827885389328,44
pytest-dev__pytest-7432,src/_pytest/logging.py,0.5171807408332825,18
pytest-dev__pytest-7432,src/_pytest/terminal.py,0.5444138646125793,10
pytest-dev__pytest-7432,testing/test_assertion.py,0.43936243653297424,39
pytest-dev__pytest-7432,src/_pytest/assertion/__init__.py,0.4645129144191742,31
pytest-dev__pytest-7432,testing/python/integration.py,0.4470740258693695,36
pytest-dev__pytest-7432,src/_pytest/mark/structures.py,0.5385949611663818,12
pytest-dev__pytest-7432,testing/test_doctest.py,0.35006579756736755,49
pytest-dev__pytest-7432,src/_pytest/python.py,0.48594123125076294,24
pytest-dev__pytest-7432,doc/en/example/assertion/test_failures.py,0.37168383598327637,48
pytest-dev__pytest-7432,doc/en/example/assertion/global_testmodule_config/conftest.py,0.3790105879306793,46
pytest-dev__pytest-7432,bench/skip.py,0.3753400444984436,47
pytest-dev__pytest-7432,testing/code/test_excinfo.py,0.41641688346862793,43
pytest-dev__pytest-7432,testing/python/fixtures.py,0.4703473448753357,26
pytest-dev__pytest-7432,src/_pytest/warnings.py,0.4509396255016327,35
pytest-dev__pytest-7432,src/_pytest/main.py,0.6702630519866943,2
pytest-dev__pytest-7432,src/_pytest/capture.py,0.5230305790901184,14
pytest-dev__pytest-7432,testing/test_config.py,0.3863929510116577,45
pytest-dev__pytest-7432,testing/conftest.py,0.4703473448753357,26
pytest-dev__pytest-7432,src/_pytest/pytester.py,0.5191313028335571,16
pytest-dev__pytest-7432,testing/test_warning_types.py,0.32218465209007263,50
pytest-dev__pytest-7466,testing/test_terminal.py,0.54635089635849,13
pytest-dev__pytest-7466,testing/io/test_terminalwriter.py,0.5093739032745361,19
pytest-dev__pytest-7466,src/_pytest/capture.py,0.5904014110565186,5
pytest-dev__pytest-7466,src/_pytest/config/__init__.py,0.6615731120109558,1
pytest-dev__pytest-7466,testing/conftest.py,0.54635089635849,13
pytest-dev__pytest-7466,src/_pytest/logging.py,0.5866175889968872,7
pytest-dev__pytest-7466,testing/logging/test_formatter.py,0.5230305790901184,17
pytest-dev__pytest-7466,src/_pytest/terminal.py,0.6054258346557617,3
pytest-dev__pytest-7466,src/_pytest/_io/terminalwriter.py,0.6257582902908325,2
pytest-dev__pytest-7466,testing/test_capture.py,0.4470740258693695,38
pytest-dev__pytest-7466,src/_pytest/reports.py,0.5482865571975708,11
pytest-dev__pytest-7466,testing/test_config.py,0.46645671129226685,35
pytest-dev__pytest-7466,src/_pytest/python.py,0.46840155124664307,34
pytest-dev__pytest-7466,testing/logging/test_reporting.py,0.5230305790901184,17
pytest-dev__pytest-7466,src/_pytest/hookspec.py,0.5035156011581421,22
pytest-dev__pytest-7466,testing/test_debugging.py,0.5015625357627869,23
pytest-dev__pytest-7466,src/_pytest/_io/__init__.py,0.48594123125076294,27
pytest-dev__pytest-7466,src/_pytest/helpconfig.py,0.5424755215644836,14
pytest-dev__pytest-7466,src/_pytest/main.py,0.47229403257369995,32
pytest-dev__pytest-7466,testing/test_runner.py,0.4240303635597229,42
pytest-dev__pytest-7466,src/_pytest/doctest.py,0.46840155124664307,34
pytest-dev__pytest-7466,src/_pytest/setuponly.py,0.5502207279205322,10
pytest-dev__pytest-7466,src/_pytest/pytester.py,0.47424158453941345,29
pytest-dev__pytest-7466,src/_pytest/assertion/truncate.py,0.4820389747619629,28
pytest-dev__pytest-7466,testing/test_helpconfig.py,0.41641688346862793,45
pytest-dev__pytest-7466,testing/test_doctest.py,0.38269495964050293,49
pytest-dev__pytest-7466,src/pytest/__init__.py,0.5191313028335571,18
pytest-dev__pytest-7466,src/_pytest/warnings.py,0.5230305790901184,17
pytest-dev__pytest-7466,testing/python/collect.py,0.454811155796051,36
pytest-dev__pytest-7466,src/_pytest/_code/code.py,0.5790196061134338,8
pytest-dev__pytest-7466,src/_pytest/compat.py,0.41641688346862793,45
pytest-dev__pytest-7466,testing/test_collection.py,0.4050721228122711,47
pytest-dev__pytest-7466,src/_pytest/mark/__init__.py,0.49179762601852417,25
pytest-dev__pytest-7466,testing/logging/test_fixture.py,0.49765628576278687,24
pytest-dev__pytest-7466,src/_pytest/deprecated.py,0.5074213147163391,20
pytest-dev__pytest-7466,testing/python/show_fixtures_per_test.py,0.47229403257369995,32
pytest-dev__pytest-7466,testing/deprecated_test.py,0.4432148039340973,39
pytest-dev__pytest-7466,testing/test_warnings.py,0.4509396255016327,37
pytest-dev__pytest-7466,testing/test_assertion.py,0.4278508424758911,41
pytest-dev__pytest-7466,src/pytest/__main__.py,0.5941745638847351,4
pytest-dev__pytest-7466,testing/test_setuponly.py,0.42021888494491577,43
pytest-dev__pytest-7466,testing/example_scripts/collect/package_infinite_recursion/conftest.py,0.3790105879306793,50
pytest-dev__pytest-7466,src/_pytest/warning_types.py,0.4278508424758911,41
pytest-dev__pytest-7466,testing/test_assertrewrite.py,0.4126248061656952,46
pytest-dev__pytest-7466,testing/acceptance_test.py,0.47229403257369995,32
pytest-dev__pytest-7466,testing/examples/test_issue519.py,0.40131235122680664,48
pytest-dev__pytest-7466,src/_pytest/assertion/__init__.py,0.48594123125076294,27
pytest-dev__pytest-7466,src/_pytest/runner.py,0.5885108113288879,6
pytest-dev__pytest-7466,testing/code/test_excinfo.py,0.5598676800727844,9
pytest-dev__pytest-7466,testing/test_resultlog.py,0.5035156011581421,22
pytest-dev__pytest-7468,src/_pytest/logging.py,0.7857034802436829,2
pytest-dev__pytest-7468,src/_pytest/pytester.py,0.5847217440605164,13
pytest-dev__pytest-7468,testing/logging/test_reporting.py,0.6294102072715759,9
pytest-dev__pytest-7468,testing/test_tmpdir.py,0.5444138646125793,23
pytest-dev__pytest-7468,src/_pytest/junitxml.py,0.759653627872467,3
pytest-dev__pytest-7468,testing/test_junitxml.py,0.5713839530944824,14
pytest-dev__pytest-7468,testing/test_capture.py,0.49375033378601074,39
pytest-dev__pytest-7468,testing/test_resultlog.py,0.5385949611663818,26
pytest-dev__pytest-7468,testing/example_scripts/tmpdir/tmpdir_fixture.py,0.43936243653297424,49
pytest-dev__pytest-7468,src/_pytest/resultlog.py,0.8152912855148315,1
pytest-dev__pytest-7468,src/_pytest/tmpdir.py,0.6492228507995605,6
pytest-dev__pytest-7468,testing/test_cacheprovider.py,0.5922893285751343,11
pytest-dev__pytest-7468,testing/test_pytester.py,0.5598676800727844,18
pytest-dev__pytest-7468,testing/test_link_resolve.py,0.4586881399154663,47
pytest-dev__pytest-7468,testing/logging/test_fixture.py,0.5904014110565186,12
pytest-dev__pytest-7468,testing/test_config.py,0.4957032799720764,38
pytest-dev__pytest-7468,testing/test_conftest.py,0.49960941076278687,37
pytest-dev__pytest-7468,testing/test_collection.py,0.6438668966293335,7
pytest-dev__pytest-7468,testing/test_assertrewrite.py,0.5941745638847351,10
pytest-dev__pytest-7468,testing/test_pathlib.py,0.5637142658233643,17
pytest-dev__pytest-7468,testing/acceptance_test.py,0.5054685473442078,33
pytest-dev__pytest-7468,src/_pytest/cacheprovider.py,0.6719873547554016,5
pytest-dev__pytest-7468,testing/python/collect.py,0.5093739032745361,32
pytest-dev__pytest-7468,testing/deprecated_test.py,0.5035156011581421,35
pytest-dev__pytest-7468,testing/examples/test_issue519.py,0.3863929510116577,50
pytest-dev__pytest-7468,testing/test_terminal.py,0.5482865571975708,21
pytest-dev__pytest-7468,src/_pytest/pathlib.py,0.5540844202041626,20
pytest-dev__pytest-7468,doc/en/example/assertion/test_failures.py,0.4509396255016327,48
pytest-dev__pytest-7468,testing/python/fixtures.py,0.4645129144191742,45
pytest-dev__pytest-7468,testing/test_warnings.py,0.5405358076095581,25
pytest-dev__pytest-7468,testing/test_findpaths.py,0.5035156011581421,35
pytest-dev__pytest-7468,src/_pytest/config/__init__.py,0.7368552684783936,4
pytest-dev__pytest-7468,testing/test_stepwise.py,0.49960941076278687,37
pytest-dev__pytest-7468,testing/test_nodes.py,0.5424755215644836,24
pytest-dev__pytest-7468,testing/test_session.py,0.5656346678733826,16
pytest-dev__pytest-7468,src/_pytest/config/findpaths.py,0.5675531625747681,15
pytest-dev__pytest-7468,testing/test_main.py,0.5579416155815125,19
pytest-dev__pytest-7468,testing/test_runner.py,0.5152297019958496,31
pytest-dev__pytest-7468,testing/test_pluginmanager.py,0.47618991136550903,41
pytest-dev__pytest-7468,testing/python/integration.py,0.5249791741371155,29
pytest-dev__pytest-7468,testing/python/metafunc.py,0.47229403257369995,42
pytest-dev__pytest-7468,testing/test_assertion.py,0.46645671129226685,44
pytest-dev__pytest-7468,src/_pytest/main.py,0.633047342300415,8
pytest-dev__pytest-7468,src/_pytest/deprecated.py,0.5327655076980591,27
pytest-dev__pytest-7468,testing/test_argcomplete.py,0.5308202505111694,28
pytest-dev__pytest-7468,testing/test_debugging.py,0.5444138646125793,23
pytest-dev__pytest-7468,testing/example_scripts/fixtures/custom_item/conftest.py,0.4586881399154663,47
pytest-dev__pytest-7468,src/_pytest/assertion/rewrite.py,0.4878930151462555,40
pytest-dev__pytest-7468,testing/example_scripts/issue88_initial_file_multinodes/conftest.py,0.4703473448753357,43
pytest-dev__pytest-7468,src/_pytest/python.py,0.5230305790901184,30
pytest-dev__pytest-7481,testing/test_assertrewrite.py,0.5828235149383545,29
pytest-dev__pytest-7481,src/_pytest/capture.py,0.7857034802436829,2
pytest-dev__pytest-7481,testing/io/test_terminalwriter.py,0.8176327347755432,1
pytest-dev__pytest-7481,testing/test_capture.py,0.6737070679664612,14
pytest-dev__pytest-7481,testing/test_terminal.py,0.6989257335662842,9
pytest-dev__pytest-7481,testing/test_doctest.py,0.6016871333122253,24
pytest-dev__pytest-7481,testing/test_pastebin.py,0.6091521978378296,22
pytest-dev__pytest-7481,src/_pytest/pastebin.py,0.7646105289459229,4
pytest-dev__pytest-7481,src/_pytest/pytester.py,0.6366694569587708,17
pytest-dev__pytest-7481,src/_pytest/terminal.py,0.7589396834373474,5
pytest-dev__pytest-7481,testing/test_runner.py,0.6580659747123718,15
pytest-dev__pytest-7481,src/_pytest/reports.py,0.7803948521614075,3
pytest-dev__pytest-7481,src/_pytest/hookspec.py,0.6872942447662354,11
pytest-dev__pytest-7481,testing/conftest.py,0.7062714695930481,8
pytest-dev__pytest-7481,testing/test_resultlog.py,0.5847217440605164,27
pytest-dev__pytest-7481,testing/code/test_excinfo.py,0.6420735120773315,16
pytest-dev__pytest-7481,testing/test_faulthandler.py,0.521081268787384,45
pytest-dev__pytest-7481,src/_pytest/resultlog.py,0.6956275701522827,10
pytest-dev__pytest-7481,testing/examples/test_issue519.py,0.5035156011581421,49
pytest-dev__pytest-7481,src/_pytest/assertion/rewrite.py,0.5502207279205322,38
pytest-dev__pytest-7481,testing/test_pytester.py,0.5191313028335571,46
pytest-dev__pytest-7481,testing/test_warnings.py,0.5656346678733826,33
pytest-dev__pytest-7481,testing/test_assertion.py,0.5941745638847351,25
pytest-dev__pytest-7481,testing/test_link_resolve.py,0.5288740992546082,44
pytest-dev__pytest-7481,testing/test_junitxml.py,0.6202536225318909,19
pytest-dev__pytest-7481,testing/test_reports.py,0.54635089635849,40
pytest-dev__pytest-7481,testing/python/collect.py,0.5093739032745361,48
pytest-dev__pytest-7481,testing/test_session.py,0.5482865571975708,39
pytest-dev__pytest-7481,testing/test_skipping.py,0.5366528630256653,42
pytest-dev__pytest-7481,testing/test_stepwise.py,0.5579416155815125,35
pytest-dev__pytest-7481,testing/io/test_wcwidth.py,0.5656346678733826,33
pytest-dev__pytest-7481,testing/acceptance_test.py,0.5347096920013428,43
pytest-dev__pytest-7481,testing/test_config.py,0.5828235149383545,29
pytest-dev__pytest-7481,testing/test_debugging.py,0.6035580039024353,23
pytest-dev__pytest-7481,src/_pytest/faulthandler.py,0.5885108113288879,26
pytest-dev__pytest-7481,src/_pytest/unittest.py,0.5656346678733826,33
pytest-dev__pytest-7481,src/_pytest/config/__init__.py,0.7509912848472595,6
pytest-dev__pytest-7481,src/_pytest/runner.py,0.7495274543762207,7
pytest-dev__pytest-7481,src/_pytest/doctest.py,0.6128658652305603,21
pytest-dev__pytest-7481,testing/test_cacheprovider.py,0.5540844202041626,37
pytest-dev__pytest-7481,src/_pytest/stepwise.py,0.5809227228164673,30
pytest-dev__pytest-7481,testing/freeze/runtests_script.py,0.4781389832496643,50
pytest-dev__pytest-7481,src/_pytest/compat.py,0.6805390119552612,12
pytest-dev__pytest-7481,testing/test_unittest.py,0.5560138821601868,36
pytest-dev__pytest-7481,src/_pytest/assertion/truncate.py,0.6128658652305603,21
pytest-dev__pytest-7481,src/_pytest/junitxml.py,0.6737070679664612,14
pytest-dev__pytest-7481,src/_pytest/warning_types.py,0.5171807408332825,47
pytest-dev__pytest-7481,testing/logging/test_reporting.py,0.6257582902908325,18
pytest-dev__pytest-7481,src/pytest/__main__.py,0.5405358076095581,41
pytest-dev__pytest-7481,testing/code/test_code.py,0.5598676800727844,34
pytest-dev__pytest-7490,testing/examples/test_issue519.py,0.5790196061134338,38
pytest-dev__pytest-7490,doc/en/example/xfail_demo.py,0.7770293354988098,3
pytest-dev__pytest-7490,testing/test_skipping.py,0.7135114669799805,10
pytest-dev__pytest-7490,src/_pytest/skipping.py,0.7883225679397583,2
pytest-dev__pytest-7490,testing/acceptance_test.py,0.6110106706619263,30
pytest-dev__pytest-7490,testing/test_pytester.py,0.716694712638855,9
pytest-dev__pytest-7490,testing/test_helpconfig.py,0.5288740992546082,45
pytest-dev__pytest-7490,testing/test_runner.py,0.5482865571975708,43
pytest-dev__pytest-7490,testing/test_terminal.py,0.6312306523323059,26
pytest-dev__pytest-7490,src/_pytest/pytester.py,0.7005671858787537,14
pytest-dev__pytest-7490,testing/example_scripts/config/collect_pytest_prefix/conftest.py,0.4878930151462555,47
pytest-dev__pytest-7490,testing/test_cacheprovider.py,0.7539017796516418,4
pytest-dev__pytest-7490,src/pytest/__init__.py,0.7509912848472595,5
pytest-dev__pytest-7490,testing/test_pastebin.py,0.5960569977760315,32
pytest-dev__pytest-7490,testing/test_mark.py,0.7119118571281433,11
pytest-dev__pytest-7490,src/_pytest/outcomes.py,0.7299820184707642,8
pytest-dev__pytest-7490,testing/test_meta.py,0.48594123125076294,48
pytest-dev__pytest-7490,testing/test_junitxml.py,0.7473210096359253,6
pytest-dev__pytest-7490,testing/conftest.py,0.6402760744094849,23
pytest-dev__pytest-7490,src/_pytest/deprecated.py,0.6805390119552612,18
pytest-dev__pytest-7490,testing/test_unittest.py,0.6906425356864929,16
pytest-dev__pytest-7490,testing/python/metafunc.py,0.6989257335662842,15
pytest-dev__pytest-7490,src/_pytest/assertion/rewrite.py,0.6275860667228699,29
pytest-dev__pytest-7490,testing/test_config.py,0.5790196061134338,38
pytest-dev__pytest-7490,testing/test_warnings.py,0.6016871333122253,31
pytest-dev__pytest-7490,testing/python/collect.py,0.5847217440605164,36
pytest-dev__pytest-7490,testing/test_entry_points.py,0.4820389747619629,49
pytest-dev__pytest-7490,src/_pytest/nodes.py,0.8213882446289062,1
pytest-dev__pytest-7490,testing/test_assertrewrite.py,0.5904014110565186,33
pytest-dev__pytest-7490,src/_pytest/freeze_support.py,0.5132781267166138,46
pytest-dev__pytest-7490,src/_pytest/python.py,0.633047342300415,25
pytest-dev__pytest-7490,src/_pytest/config/__init__.py,0.6650626063346863,19
pytest-dev__pytest-7490,src/_pytest/cacheprovider.py,0.7086966633796692,13
pytest-dev__pytest-7490,src/_pytest/warning_types.py,0.6348603367805481,24
pytest-dev__pytest-7490,src/_pytest/compat.py,0.6633201241493225,20
pytest-dev__pytest-7490,testing/test_faulthandler.py,0.5637142658233643,40
pytest-dev__pytest-7490,src/_pytest/mark/__init__.py,0.7360972166061401,7
pytest-dev__pytest-7490,testing/deprecated_test.py,0.6294102072715759,28
pytest-dev__pytest-7490,src/_pytest/pastebin.py,0.6294102072715759,28
pytest-dev__pytest-7490,src/_pytest/warnings.py,0.6492228507995605,21
pytest-dev__pytest-7490,src/_pytest/hookspec.py,0.6474416255950928,22
pytest-dev__pytest-7490,testing/test_reports.py,0.7095024585723877,12
pytest-dev__pytest-7490,doc/en/conf.py,0.5847217440605164,36
pytest-dev__pytest-7490,testing/test_compat.py,0.5617918968200684,41
pytest-dev__pytest-7490,testing/test_warning_types.py,0.4355173707008362,50
pytest-dev__pytest-7490,testing/test_doctest.py,0.5598676800727844,42
pytest-dev__pytest-7490,testing/test_assertion.py,0.5866175889968872,34
pytest-dev__pytest-7490,doc/en/example/assertion/test_failures.py,0.5444138646125793,44
pytest-dev__pytest-7490,src/_pytest/stepwise.py,0.6889709234237671,17
pytest-dev__pytest-7490,src/pytest/__main__.py,0.5732962489128113,39
pytest-dev__pytest-7499,testing/python/raises.py,0.6545414924621582,2
pytest-dev__pytest-7499,src/_pytest/python_api.py,0.6771324872970581,1
pytest-dev__pytest-7499,src/_pytest/pytester.py,0.5171807408332825,14
pytest-dev__pytest-7499,src/_pytest/recwarn.py,0.5230305790901184,13
pytest-dev__pytest-7499,src/_pytest/_code/code.py,0.5366528630256653,12
pytest-dev__pytest-7499,testing/test_pytester.py,0.5540844202041626,9
pytest-dev__pytest-7499,doc/en/example/assertion/failure_demo.py,0.5424755215644836,10
pytest-dev__pytest-7499,testing/test_assertrewrite.py,0.48594123125076294,23
pytest-dev__pytest-7499,testing/test_assertion.py,0.4898451566696167,21
pytest-dev__pytest-7499,testing/code/test_excinfo.py,0.5074213147163391,16
pytest-dev__pytest-7499,src/_pytest/config/exceptions.py,0.4278508424758911,45
pytest-dev__pytest-7499,src/_pytest/assertion/util.py,0.5771140456199646,4
pytest-dev__pytest-7499,testing/test_warning_types.py,0.3863929510116577,48
pytest-dev__pytest-7499,testing/test_runner.py,0.4470740258693695,40
pytest-dev__pytest-7499,testing/test_error_diffs.py,0.48008865118026733,25
pytest-dev__pytest-7499,testing/test_recwarn.py,0.5405358076095581,11
pytest-dev__pytest-7499,src/_pytest/assertion/__init__.py,0.5732962489128113,6
pytest-dev__pytest-7499,src/_pytest/mark/expression.py,0.6257582902908325,3
pytest-dev__pytest-7499,src/_pytest/assertion/rewrite.py,0.5637142658233643,7
pytest-dev__pytest-7499,src/_pytest/warning_types.py,0.46645671129226685,32
pytest-dev__pytest-7499,src/_pytest/outcomes.py,0.5732962489128113,6
pytest-dev__pytest-7499,testing/test_terminal.py,0.4898451566696167,21
pytest-dev__pytest-7499,testing/test_warnings.py,0.4278508424758911,45
pytest-dev__pytest-7499,doc/en/example/xfail_demo.py,0.4878930151462555,22
pytest-dev__pytest-7499,testing/test_pathlib.py,0.46645671129226685,32
pytest-dev__pytest-7499,testing/test_doctest.py,0.4278508424758911,45
pytest-dev__pytest-7499,testing/test_mark_expression.py,0.5540844202041626,9
pytest-dev__pytest-7499,testing/acceptance_test.py,0.4126248061656952,46
pytest-dev__pytest-7499,src/_pytest/mark/__init__.py,0.4586881399154663,36
pytest-dev__pytest-7499,testing/test_config.py,0.47618991136550903,27
pytest-dev__pytest-7499,testing/test_mark.py,0.47424158453941345,28
pytest-dev__pytest-7499,src/_pytest/doctest.py,0.454811155796051,37
pytest-dev__pytest-7499,testing/test_compat.py,0.4625701606273651,35
pytest-dev__pytest-7499,src/_pytest/warnings.py,0.5074213147163391,16
pytest-dev__pytest-7499,testing/test_session.py,0.47618991136550903,27
pytest-dev__pytest-7499,testing/python/collect.py,0.49765628576278687,19
pytest-dev__pytest-7499,testing/conftest.py,0.4839898645877838,24
pytest-dev__pytest-7499,src/pytest/__init__.py,0.5035156011581421,17
pytest-dev__pytest-7499,src/_pytest/assertion/truncate.py,0.49765628576278687,19
pytest-dev__pytest-7499,testing/python/approx.py,0.4509396255016327,38
pytest-dev__pytest-7499,testing/examples/test_issue519.py,0.4645129144191742,34
pytest-dev__pytest-7499,src/_pytest/hookspec.py,0.46840155124664307,30
pytest-dev__pytest-7499,testing/test_meta.py,0.3790105879306793,50
pytest-dev__pytest-7499,testing/test_unittest.py,0.4278508424758911,45
pytest-dev__pytest-7499,testing/test_pastebin.py,0.4278508424758911,45
pytest-dev__pytest-7499,src/_pytest/unittest.py,0.4470740258693695,40
pytest-dev__pytest-7499,testing/test_entry_points.py,0.38269495964050293,49
pytest-dev__pytest-7499,src/_pytest/skipping.py,0.4703473448753357,29
pytest-dev__pytest-7499,testing/test_junitxml.py,0.4645129144191742,34
pytest-dev__pytest-7499,testing/example_scripts/config/collect_pytest_prefix/conftest.py,0.393827885389328,47
pytest-dev__pytest-7500,src/_pytest/pathlib.py,0.7473210096359253,2
pytest-dev__pytest-7500,testing/test_tmpdir.py,0.6474416255950928,4
pytest-dev__pytest-7500,src/_pytest/tmpdir.py,0.7539017796516418,1
pytest-dev__pytest-7500,src/_pytest/pytester.py,0.5521534085273743,5
pytest-dev__pytest-7500,testing/test_pathlib.py,0.6580659747123718,3
pytest-dev__pytest-7500,testing/test_cacheprovider.py,0.47229403257369995,16
pytest-dev__pytest-7500,testing/test_main.py,0.49960941076278687,11
pytest-dev__pytest-7500,testing/test_unittest.py,0.4240303635597229,35
pytest-dev__pytest-7500,testing/test_assertrewrite.py,0.4957032799720764,12
pytest-dev__pytest-7500,testing/example_scripts/tmpdir/tmpdir_fixture.py,0.4509396255016327,24
pytest-dev__pytest-7500,testing/acceptance_test.py,0.332505464553833,48
pytest-dev__pytest-7500,testing/examples/test_issue519.py,0.4050721228122711,41
pytest-dev__pytest-7500,testing/test_link_resolve.py,0.3863929510116577,45
pytest-dev__pytest-7500,src/_pytest/cacheprovider.py,0.49960941076278687,11
pytest-dev__pytest-7500,testing/test_pytester.py,0.41641688346862793,37
pytest-dev__pytest-7500,testing/test_conftest.py,0.42021888494491577,36
pytest-dev__pytest-7500,testing/test_stepwise.py,0.43936243653297424,27
pytest-dev__pytest-7500,src/_pytest/assertion/rewrite.py,0.46840155124664307,18
pytest-dev__pytest-7500,testing/test_runner.py,0.4703473448753357,17
pytest-dev__pytest-7500,testing/python/collect.py,0.4278508424758911,33
pytest-dev__pytest-7500,src/_pytest/monkeypatch.py,0.49375033378601074,13
pytest-dev__pytest-7500,testing/test_monkeypatch.py,0.4278508424758911,33
pytest-dev__pytest-7500,testing/test_collection.py,0.4586881399154663,22
pytest-dev__pytest-7500,src/_pytest/main.py,0.54635089635849,6
pytest-dev__pytest-7500,src/_pytest/python.py,0.4625701606273651,20
pytest-dev__pytest-7500,testing/example_scripts/unittest/test_unittest_asynctest.py,0.34651920199394226,47
pytest-dev__pytest-7500,testing/python/fixtures.py,0.46645671129226685,19
pytest-dev__pytest-7500,testing/test_terminal.py,0.4355173707008362,29
pytest-dev__pytest-7500,doc/en/example/assertion/test_failures.py,0.37168383598327637,46
pytest-dev__pytest-7500,testing/test_config.py,0.454811155796051,23
pytest-dev__pytest-7500,testing/test_capture.py,0.40131235122680664,42
pytest-dev__pytest-7500,testing/test_faulthandler.py,0.4126248061656952,39
pytest-dev__pytest-7500,src/_pytest/runner.py,0.5366528630256653,7
pytest-dev__pytest-7500,testing/conftest.py,0.43936243653297424,27
pytest-dev__pytest-7500,src/_pytest/config/__init__.py,0.43168002367019653,30
pytest-dev__pytest-7500,src/_pytest/faulthandler.py,0.5074213147163391,8
pytest-dev__pytest-7500,src/_pytest/capture.py,0.4586881399154663,22
pytest-dev__pytest-7500,testing/python/integration.py,0.4355173707008362,29
pytest-dev__pytest-7500,src/_pytest/nodes.py,0.4820389747619629,15
pytest-dev__pytest-7500,src/_pytest/deprecated.py,0.4240303635597229,35
pytest-dev__pytest-7500,testing/test_session.py,0.4050721228122711,41
pytest-dev__pytest-7500,src/_pytest/timing.py,0.32218465209007263,49
pytest-dev__pytest-7500,src/_pytest/fixtures.py,0.5015625357627869,9
pytest-dev__pytest-7500,testing/example_scripts/acceptance/fixture_mock_integration.py,0.3187819719314575,50
pytest-dev__pytest-7500,testing/test_pluginmanager.py,0.4126248061656952,39
pytest-dev__pytest-7500,testing/python/metafunc.py,0.4278508424758911,33
pytest-dev__pytest-7500,testing/test_argcomplete.py,0.3975641429424286,43
pytest-dev__pytest-7500,testing/test_setupplan.py,0.393827885389328,44
pytest-dev__pytest-7500,testing/example_scripts/issue_519.py,0.43936243653297424,27
pytest-dev__pytest-7500,src/_pytest/logging.py,0.4898451566696167,14
pytest-dev__pytest-7521,src/_pytest/capture.py,0.7624948024749756,1
pytest-dev__pytest-7521,testing/test_capture.py,0.6598217487335205,3
pytest-dev__pytest-7521,testing/io/test_terminalwriter.py,0.650999903678894,4
pytest-dev__pytest-7521,testing/test_terminal.py,0.5675531625747681,11
pytest-dev__pytest-7521,testing/test_runner.py,0.454811155796051,37
pytest-dev__pytest-7521,src/_pytest/assertion/rewrite.py,0.48008865118026733,29
pytest-dev__pytest-7521,testing/test_pastebin.py,0.43936243653297424,42
pytest-dev__pytest-7521,testing/conftest.py,0.5979365706443787,6
pytest-dev__pytest-7521,testing/examples/test_issue519.py,0.42021888494491577,48
pytest-dev__pytest-7521,testing/test_assertion.py,0.454811155796051,37
pytest-dev__pytest-7521,testing/test_assertrewrite.py,0.5171807408332825,23
pytest-dev__pytest-7521,src/_pytest/pytester.py,0.43936243653297424,42
pytest-dev__pytest-7521,testing/test_resultlog.py,0.5113261938095093,24
pytest-dev__pytest-7521,testing/test_doctest.py,0.46645671129226685,32
pytest-dev__pytest-7521,src/_pytest/reports.py,0.5941745638847351,7
pytest-dev__pytest-7521,src/_pytest/assertion/truncate.py,0.5637142658233643,13
pytest-dev__pytest-7521,testing/test_pytester.py,0.4355173707008362,45
pytest-dev__pytest-7521,src/_pytest/terminal.py,0.712712287902832,2
pytest-dev__pytest-7521,testing/test_junitxml.py,0.5656346678733826,12
pytest-dev__pytest-7521,src/_pytest/logging.py,0.6492228507995605,5
pytest-dev__pytest-7521,testing/logging/test_fixture.py,0.5482865571975708,19
pytest-dev__pytest-7521,testing/test_debugging.py,0.5366528630256653,20
pytest-dev__pytest-7521,testing/test_config.py,0.47229403257369995,31
pytest-dev__pytest-7521,testing/test_link_resolve.py,0.3753400444984436,49
pytest-dev__pytest-7521,testing/test_warnings.py,0.43936243653297424,42
pytest-dev__pytest-7521,src/_pytest/hookspec.py,0.5790196061134338,9
pytest-dev__pytest-7521,src/_pytest/doctest.py,0.5093739032745361,26
pytest-dev__pytest-7521,testing/code/test_excinfo.py,0.5579416155815125,16
pytest-dev__pytest-7521,testing/acceptance_test.py,0.4586881399154663,35
pytest-dev__pytest-7521,testing/logging/test_reporting.py,0.5249791741371155,21
pytest-dev__pytest-7521,testing/test_cacheprovider.py,0.4355173707008362,45
pytest-dev__pytest-7521,testing/test_error_diffs.py,0.5093739032745361,26
pytest-dev__pytest-7521,testing/python/collect.py,0.43936243653297424,42
pytest-dev__pytest-7521,testing/test_reports.py,0.43936243653297424,42
pytest-dev__pytest-7521,src/_pytest/assertion/__init__.py,0.5598676800727844,14
pytest-dev__pytest-7521,testing/test_unittest.py,0.43168002367019653,46
pytest-dev__pytest-7521,testing/logging/test_formatter.py,0.5694696307182312,10
pytest-dev__pytest-7521,testing/test_setupplan.py,0.4240303635597229,47
pytest-dev__pytest-7521,testing/test_faulthandler.py,0.4355173707008362,45
pytest-dev__pytest-7521,testing/test_stepwise.py,0.49960941076278687,27
pytest-dev__pytest-7521,doc/en/example/assertion/failure_demo.py,0.5230305790901184,22
pytest-dev__pytest-7521,src/_pytest/pastebin.py,0.5502207279205322,17
pytest-dev__pytest-7521,src/_pytest/cacheprovider.py,0.49765628576278687,28
pytest-dev__pytest-7521,src/_pytest/assertion/util.py,0.5579416155815125,16
pytest-dev__pytest-7521,src/_pytest/resultlog.py,0.5482865571975708,19
pytest-dev__pytest-7521,testing/test_skipping.py,0.4645129144191742,33
pytest-dev__pytest-7521,testing/test_entry_points.py,0.36441558599472046,50
pytest-dev__pytest-7521,src/_pytest/unittest.py,0.4586881399154663,35
pytest-dev__pytest-7521,testing/test_session.py,0.4781389832496643,30
pytest-dev__pytest-7521,src/_pytest/deprecated.py,0.5866175889968872,8
pytest-dev__pytest-7535,testing/code/test_excinfo.py,0.771568238735199,4
pytest-dev__pytest-7535,src/_pytest/_code/code.py,0.7681075930595398,5
pytest-dev__pytest-7535,testing/test_assertion.py,0.6239269375801086,35
pytest-dev__pytest-7535,testing/python/collect.py,0.6275860667228699,33
pytest-dev__pytest-7535,src/_pytest/nodes.py,0.8205269575119019,1
pytest-dev__pytest-7535,testing/test_terminal.py,0.5809227228164673,42
pytest-dev__pytest-7535,src/_pytest/assertion/rewrite.py,0.6972792148590088,17
pytest-dev__pytest-7535,testing/test_session.py,0.7086966633796692,13
pytest-dev__pytest-7535,testing/test_assertrewrite.py,0.5771140456199646,43
pytest-dev__pytest-7535,testing/test_runner.py,0.756069540977478,6
pytest-dev__pytest-7535,testing/code/test_code.py,0.650999903678894,29
pytest-dev__pytest-7535,testing/test_link_resolve.py,0.7206436395645142,10
pytest-dev__pytest-7535,src/_pytest/reports.py,0.6906425356864929,19
pytest-dev__pytest-7535,testing/test_reports.py,0.6771324872970581,21
pytest-dev__pytest-7535,src/_pytest/assertion/util.py,0.7229966521263123,8
pytest-dev__pytest-7535,testing/test_skipping.py,0.5444138646125793,48
pytest-dev__pytest-7535,src/_pytest/assertion/__init__.py,0.7261149883270264,7
pytest-dev__pytest-7535,testing/test_warnings.py,0.6474416255950928,30
pytest-dev__pytest-7535,testing/test_pathlib.py,0.8187947869300842,2
pytest-dev__pytest-7535,src/_pytest/doctest.py,0.7086966633796692,13
pytest-dev__pytest-7535,testing/test_warning_types.py,0.5191313028335571,50
pytest-dev__pytest-7535,testing/test_config.py,0.6615731120109558,26
pytest-dev__pytest-7535,testing/io/test_saferepr.py,0.6527729034423828,28
pytest-dev__pytest-7535,testing/test_resultlog.py,0.6110106706619263,40
pytest-dev__pytest-7535,doc/en/example/assertion/failure_demo.py,0.6184117794036865,38
pytest-dev__pytest-7535,src/_pytest/python.py,0.7823965549468994,3
pytest-dev__pytest-7535,testing/examples/test_issue519.py,0.5482865571975708,47
pytest-dev__pytest-7535,testing/test_doctest.py,0.5979365706443787,41
pytest-dev__pytest-7535,src/_pytest/fixtures.py,0.7013859152793884,15
pytest-dev__pytest-7535,testing/test_collection.py,0.5637142658233643,46
pytest-dev__pytest-7535,doc/en/example/assertion/test_failures.py,0.7038345336914062,14
pytest-dev__pytest-7535,src/_pytest/assertion/truncate.py,0.6856127977371216,20
pytest-dev__pytest-7535,testing/python/raises.py,0.712712287902832,11
pytest-dev__pytest-7535,testing/acceptance_test.py,0.622092068195343,36
pytest-dev__pytest-7535,testing/test_error_diffs.py,0.6202536225318909,37
pytest-dev__pytest-7535,src/_pytest/warning_types.py,0.6165664792060852,39
pytest-dev__pytest-7535,src/_pytest/pytester.py,0.6366694569587708,32
pytest-dev__pytest-7535,src/_pytest/terminal.py,0.6956275701522827,18
pytest-dev__pytest-7535,src/_pytest/pastebin.py,0.6563059091567993,27
pytest-dev__pytest-7535,testing/conftest.py,0.5713839530944824,44
pytest-dev__pytest-7535,testing/test_pytester.py,0.6754221320152283,24
pytest-dev__pytest-7535,src/_pytest/unittest.py,0.6754221320152283,24
pytest-dev__pytest-7535,testing/test_debugging.py,0.6633201241493225,25
pytest-dev__pytest-7535,src/_pytest/_code/__init__.py,0.6972792148590088,17
pytest-dev__pytest-7535,testing/test_junitxml.py,0.6754221320152283,24
pytest-dev__pytest-7535,testing/code/test_source.py,0.7222136855125427,9
pytest-dev__pytest-7535,testing/test_unittest.py,0.6239269375801086,35
pytest-dev__pytest-7535,testing/logging/test_formatter.py,0.638474702835083,31
pytest-dev__pytest-7535,testing/test_pastebin.py,0.5656346678733826,45
pytest-dev__pytest-7535,testing/io/test_terminalwriter.py,0.5366528630256653,49
pytest-dev__pytest-7571,testing/logging/test_fixture.py,0.8270473480224609,2
pytest-dev__pytest-7571,src/_pytest/logging.py,0.8362070918083191,1
pytest-dev__pytest-7571,testing/logging/test_reporting.py,0.650999903678894,3
pytest-dev__pytest-7571,testing/test_capture.py,0.633047342300415,4
pytest-dev__pytest-7571,src/_pytest/capture.py,0.5960569977760315,7
pytest-dev__pytest-7571,testing/test_terminal.py,0.5366528630256653,15
pytest-dev__pytest-7571,testing/test_resultlog.py,0.41641688346862793,40
pytest-dev__pytest-7571,src/_pytest/pytester.py,0.5922893285751343,8
pytest-dev__pytest-7571,testing/test_setupplan.py,0.42021888494491577,36
pytest-dev__pytest-7571,testing/test_junitxml.py,0.4625701606273651,23
pytest-dev__pytest-7571,testing/deprecated_test.py,0.4432148039340973,28
pytest-dev__pytest-7571,src/_pytest/hookspec.py,0.5288740992546082,16
pytest-dev__pytest-7571,testing/python/fixtures.py,0.47424158453941345,21
pytest-dev__pytest-7571,testing/acceptance_test.py,0.4432148039340973,28
pytest-dev__pytest-7571,testing/test_pytester.py,0.41641688346862793,40
pytest-dev__pytest-7571,testing/test_unittest.py,0.454811155796051,25
pytest-dev__pytest-7571,testing/conftest.py,0.454811155796051,25
pytest-dev__pytest-7571,src/_pytest/deprecated.py,0.5675531625747681,10
pytest-dev__pytest-7571,testing/python/collect.py,0.408843070268631,42
pytest-dev__pytest-7571,testing/test_assertion.py,0.3790105879306793,48
pytest-dev__pytest-7571,testing/test_runner.py,0.5269270539283752,18
pytest-dev__pytest-7571,testing/test_warnings.py,0.43168002367019653,33
pytest-dev__pytest-7571,testing/test_monkeypatch.py,0.41641688346862793,40
pytest-dev__pytest-7571,src/_pytest/fixtures.py,0.5598676800727844,11
pytest-dev__pytest-7571,testing/test_debugging.py,0.4878930151462555,20
pytest-dev__pytest-7571,testing/example_scripts/acceptance/fixture_mock_integration.py,0.408843070268631,42
pytest-dev__pytest-7571,testing/logging/test_formatter.py,0.5385949611663818,14
pytest-dev__pytest-7571,src/_pytest/unittest.py,0.5502207279205322,13
pytest-dev__pytest-7571,testing/test_config.py,0.38269495964050293,47
pytest-dev__pytest-7571,testing/examples/test_issue519.py,0.40131235122680664,45
pytest-dev__pytest-7571,testing/test_recwarn.py,0.43168002367019653,33
pytest-dev__pytest-7571,src/_pytest/junitxml.py,0.5502207279205322,13
pytest-dev__pytest-7571,testing/test_setuponly.py,0.4278508424758911,35
pytest-dev__pytest-7571,src/_pytest/resultlog.py,0.49960941076278687,19
pytest-dev__pytest-7571,testing/test_runner_xunit.py,0.43168002367019653,33
pytest-dev__pytest-7571,testing/example_scripts/conftest_usageerror/conftest.py,0.3901040256023407,46
pytest-dev__pytest-7571,src/_pytest/setuponly.py,0.5694696307182312,9
pytest-dev__pytest-7571,src/_pytest/warnings.py,0.43168002367019653,33
pytest-dev__pytest-7571,src/_pytest/runner.py,0.5979365706443787,5
pytest-dev__pytest-7571,testing/test_assertrewrite.py,0.43168002367019653,33
pytest-dev__pytest-7571,doc/en/example/assertion/global_testmodule_config/conftest.py,0.36441558599472046,49
pytest-dev__pytest-7571,testing/python/show_fixtures_per_test.py,0.4278508424758911,35
pytest-dev__pytest-7571,testing/python/integration.py,0.4645129144191742,22
pytest-dev__pytest-7571,testing/test_faulthandler.py,0.4470740258693695,26
pytest-dev__pytest-7571,src/_pytest/monkeypatch.py,0.5960569977760315,7
pytest-dev__pytest-7571,src/_pytest/reports.py,0.5269270539283752,18
pytest-dev__pytest-7571,testing/test_pluginmanager.py,0.4050721228122711,43
pytest-dev__pytest-7571,testing/test_cacheprovider.py,0.41641688346862793,40
pytest-dev__pytest-7571,testing/test_warning_types.py,0.33947718143463135,50
pytest-dev__pytest-7571,testing/test_doctest.py,0.40131235122680664,45
pytest-dev__pytest-7637,testing/test_warning_types.py,0.5866175889968872,40
pytest-dev__pytest-7637,testing/test_warnings.py,0.7398737668991089,14
pytest-dev__pytest-7637,src/_pytest/warning_types.py,0.8126295208930969,3
pytest-dev__pytest-7637,src/_pytest/deprecated.py,0.7797245979309082,9
pytest-dev__pytest-7637,src/_pytest/warnings.py,0.7797245979309082,9
pytest-dev__pytest-7637,src/_pytest/recwarn.py,0.7857034802436829,6
pytest-dev__pytest-7637,testing/test_recwarn.py,0.7850450277328491,7
pytest-dev__pytest-7637,testing/test_assertion.py,0.787015974521637,5
pytest-dev__pytest-7637,testing/example_scripts/warnings/test_group_warnings_by_message.py,0.638474702835083,32
pytest-dev__pytest-7637,testing/example_scripts/warnings/test_group_warnings_by_message_summary/test_1.py,0.6474416255950928,29
pytest-dev__pytest-7637,testing/test_meta.py,0.7013859152793884,17
pytest-dev__pytest-7637,testing/deprecated_test.py,0.8548119068145752,1
pytest-dev__pytest-7637,testing/test_runner.py,0.7005671858787537,18
pytest-dev__pytest-7637,src/_pytest/hookspec.py,0.7582242488861084,11
pytest-dev__pytest-7637,src/pytest/__init__.py,0.807521402835846,4
pytest-dev__pytest-7637,testing/test_assertrewrite.py,0.6128658652305603,35
pytest-dev__pytest-7637,testing/test_config.py,0.633047342300415,33
pytest-dev__pytest-7637,testing/python/collect.py,0.7770293354988098,10
pytest-dev__pytest-7637,testing/examples/test_issue519.py,0.454811155796051,49
pytest-dev__pytest-7637,testing/acceptance_test.py,0.6972792148590088,20
pytest-dev__pytest-7637,src/_pytest/nodes.py,0.6474416255950928,29
pytest-dev__pytest-7637,testing/test_entry_points.py,0.40131235122680664,50
pytest-dev__pytest-7637,testing/test_helpconfig.py,0.49179762601852417,48
pytest-dev__pytest-7637,src/_pytest/helpconfig.py,0.5732962489128113,43
pytest-dev__pytest-7637,src/_pytest/terminal.py,0.7315191626548767,15
pytest-dev__pytest-7637,src/pytest/collect.py,0.833514392375946,2
pytest-dev__pytest-7637,doc/en/conf.py,0.5771140456199646,42
pytest-dev__pytest-7637,testing/test_terminal.py,0.6650626063346863,26
pytest-dev__pytest-7637,testing/test_doctest.py,0.650999903678894,27
pytest-dev__pytest-7637,src/_pytest/pytester.py,0.6438668966293335,31
pytest-dev__pytest-7637,testing/example_scripts/conftest_usageerror/conftest.py,0.5054685473442078,47
pytest-dev__pytest-7637,src/_pytest/assertion/rewrite.py,0.5922893285751343,38
pytest-dev__pytest-7637,src/_pytest/assertion/__init__.py,0.5540844202041626,44
pytest-dev__pytest-7637,testing/test_compat.py,0.5866175889968872,40
pytest-dev__pytest-7637,testing/test_unittest.py,0.6939709186553955,21
pytest-dev__pytest-7637,src/_pytest/config/__init__.py,0.6889709234237671,22
pytest-dev__pytest-7637,testing/test_pluginmanager.py,0.5074213147163391,46
pytest-dev__pytest-7637,testing/test_faulthandler.py,0.6668006181716919,25
pytest-dev__pytest-7637,testing/test_conftest.py,0.6072905659675598,36
pytest-dev__pytest-7637,testing/python/show_fixtures_per_test.py,0.6016871333122253,37
pytest-dev__pytest-7637,testing/test_cacheprovider.py,0.7451017498970032,13
pytest-dev__pytest-7637,src/_pytest/outcomes.py,0.716694712638855,16
pytest-dev__pytest-7637,src/_pytest/python.py,0.7451017498970032,13
pytest-dev__pytest-7637,testing/test_capture.py,0.6989257335662842,19
pytest-dev__pytest-7637,src/_pytest/doctest.py,0.6771324872970581,23
pytest-dev__pytest-7637,testing/conftest.py,0.5347096920013428,45
pytest-dev__pytest-7637,testing/python/fixtures.py,0.6719873547554016,24
pytest-dev__pytest-7637,testing/test_mark.py,0.5790196061134338,41
pytest-dev__pytest-7637,testing/code/test_excinfo.py,0.622092068195343,34
pytest-dev__pytest-7637,testing/test_stepwise.py,0.6456562876701355,30
pytest-dev__pytest-7648,testing/example_scripts/fixtures/custom_item/conftest.py,0.5308202505111694,10
pytest-dev__pytest-7648,testing/example_scripts/issue88_initial_file_multinodes/conftest.py,0.5960569977760315,7
pytest-dev__pytest-7648,testing/test_collection.py,0.6527729034423828,5
pytest-dev__pytest-7648,doc/en/example/nonpython/conftest.py,0.7143092751502991,3
pytest-dev__pytest-7648,src/pytest/collect.py,0.5249791741371155,12
pytest-dev__pytest-7648,src/_pytest/hookspec.py,0.5828235149383545,8
pytest-dev__pytest-7648,testing/python/collect.py,0.5152297019958496,14
pytest-dev__pytest-7648,testing/test_session.py,0.4470740258693695,26
pytest-dev__pytest-7648,doc/en/example/pythoncollection.py,0.4278508424758911,34
pytest-dev__pytest-7648,src/_pytest/python.py,0.7143092751502991,3
pytest-dev__pytest-7648,testing/acceptance_test.py,0.5035156011581421,16
pytest-dev__pytest-7648,src/_pytest/unittest.py,0.5132781267166138,15
pytest-dev__pytest-7648,src/_pytest/nodes.py,0.7229966521263123,1
pytest-dev__pytest-7648,testing/conftest.py,0.6889709234237671,4
pytest-dev__pytest-7648,testing/python/integration.py,0.40131235122680664,40
pytest-dev__pytest-7648,src/_pytest/pytester.py,0.43168002367019653,31
pytest-dev__pytest-7648,testing/test_terminal.py,0.454811155796051,25
pytest-dev__pytest-7648,src/_pytest/cacheprovider.py,0.48594123125076294,18
pytest-dev__pytest-7648,src/_pytest/main.py,0.6348603367805481,6
pytest-dev__pytest-7648,testing/example_scripts/collect/package_infinite_recursion/conftest.py,0.36080431938171387,47
pytest-dev__pytest-7648,src/pytest/__init__.py,0.5327655076980591,9
pytest-dev__pytest-7648,testing/example_scripts/config/collect_pytest_prefix/conftest.py,0.43168002367019653,31
pytest-dev__pytest-7648,testing/test_doctest.py,0.4240303635597229,37
pytest-dev__pytest-7648,src/_pytest/logging.py,0.46645671129226685,20
pytest-dev__pytest-7648,testing/test_warnings.py,0.43936243653297424,28
pytest-dev__pytest-7648,src/_pytest/runner.py,0.5288740992546082,11
pytest-dev__pytest-7648,src/_pytest/deprecated.py,0.4240303635597229,37
pytest-dev__pytest-7648,testing/test_pytester.py,0.4278508424758911,34
pytest-dev__pytest-7648,testing/examples/test_issue519.py,0.34651920199394226,49
pytest-dev__pytest-7648,testing/test_reports.py,0.40131235122680664,40
pytest-dev__pytest-7648,src/_pytest/fixtures.py,0.49375033378601074,17
pytest-dev__pytest-7648,testing/python/fixtures.py,0.4625701606273651,22
pytest-dev__pytest-7648,testing/deprecated_test.py,0.4240303635597229,37
pytest-dev__pytest-7648,testing/test_config.py,0.35362908244132996,48
pytest-dev__pytest-7648,testing/test_unittest.py,0.454811155796051,25
pytest-dev__pytest-7648,src/_pytest/capture.py,0.5191313028335571,13
pytest-dev__pytest-7648,src/_pytest/warning_types.py,0.3975641429424286,44
pytest-dev__pytest-7648,testing/test_assertion.py,0.3790105879306793,46
pytest-dev__pytest-7648,src/_pytest/doctest.py,0.4050721228122711,38
pytest-dev__pytest-7648,testing/test_mark.py,0.4278508424758911,34
pytest-dev__pytest-7648,testing/test_pluginmanager.py,0.3975641429424286,44
pytest-dev__pytest-7648,src/_pytest/terminal.py,0.4625701606273651,22
pytest-dev__pytest-7648,testing/test_assertrewrite.py,0.4586881399154663,23
pytest-dev__pytest-7648,testing/test_runner.py,0.43936243653297424,28
pytest-dev__pytest-7648,src/_pytest/assertion/rewrite.py,0.4355173707008362,29
pytest-dev__pytest-7648,testing/test_cacheprovider.py,0.3975641429424286,44
pytest-dev__pytest-7648,testing/test_conftest.py,0.3975641429424286,44
pytest-dev__pytest-7648,testing/test_setupplan.py,0.3901040256023407,45
pytest-dev__pytest-7648,src/_pytest/junitxml.py,0.47424158453941345,19
pytest-dev__pytest-7648,testing/test_warning_types.py,0.3086901903152466,50
pytest-dev__pytest-7673,testing/logging/test_fixture.py,0.7803948521614075,2
pytest-dev__pytest-7673,src/_pytest/logging.py,0.8144073486328125,1
pytest-dev__pytest-7673,testing/logging/test_reporting.py,0.5132781267166138,5
pytest-dev__pytest-7673,testing/test_capture.py,0.4586881399154663,11
pytest-dev__pytest-7673,src/_pytest/capture.py,0.4781389832496643,8
pytest-dev__pytest-7673,testing/test_terminal.py,0.4625701606273651,10
pytest-dev__pytest-7673,src/_pytest/unittest.py,0.35006579756736755,42
pytest-dev__pytest-7673,src/_pytest/assertion/__init__.py,0.36441558599472046,37
pytest-dev__pytest-7673,src/_pytest/config/__init__.py,0.4126248061656952,21
pytest-dev__pytest-7673,testing/test_runner.py,0.4050721228122711,23
pytest-dev__pytest-7673,src/_pytest/reports.py,0.5132781267166138,5
pytest-dev__pytest-7673,src/_pytest/runner.py,0.4781389832496643,8
pytest-dev__pytest-7673,testing/acceptance_test.py,0.3572086691856384,40
pytest-dev__pytest-7673,src/_pytest/pytester.py,0.3901040256023407,27
pytest-dev__pytest-7673,src/_pytest/python.py,0.3975641429424286,25
pytest-dev__pytest-7673,testing/python/fixtures.py,0.34651920199394226,44
pytest-dev__pytest-7673,testing/logging/test_formatter.py,0.5230305790901184,3
pytest-dev__pytest-7673,src/_pytest/junitxml.py,0.46840155124664307,9
pytest-dev__pytest-7673,testing/test_unittest.py,0.38269495964050293,33
pytest-dev__pytest-7673,testing/test_recwarn.py,0.3901040256023407,27
pytest-dev__pytest-7673,testing/test_pluginmanager.py,0.34651920199394226,44
pytest-dev__pytest-7673,src/_pytest/monkeypatch.py,0.4355173707008362,17
pytest-dev__pytest-7673,testing/test_monkeypatch.py,0.3753400444984436,36
pytest-dev__pytest-7673,src/_pytest/fixtures.py,0.4126248061656952,21
pytest-dev__pytest-7673,src/_pytest/hookspec.py,0.3790105879306793,35
pytest-dev__pytest-7673,testing/test_debugging.py,0.454811155796051,13
pytest-dev__pytest-7673,testing/test_warnings.py,0.3863929510116577,29
pytest-dev__pytest-7673,testing/test_faulthandler.py,0.4126248061656952,21
pytest-dev__pytest-7673,testing/python/collect.py,0.4126248061656952,21
pytest-dev__pytest-7673,testing/test_setupplan.py,0.32904666662216187,48
pytest-dev__pytest-7673,testing/test_pytester.py,0.4050721228122711,23
pytest-dev__pytest-7673,testing/example_scripts/acceptance/fixture_mock_integration.py,0.32904666662216187,48
pytest-dev__pytest-7673,src/_pytest/cacheprovider.py,0.36080431938171387,38
pytest-dev__pytest-7673,testing/test_assertrewrite.py,0.332505464553833,46
pytest-dev__pytest-7673,src/_pytest/faulthandler.py,0.4355173707008362,17
pytest-dev__pytest-7673,testing/test_junitxml.py,0.454811155796051,13
pytest-dev__pytest-7673,testing/examples/test_issue519.py,0.43936243653297424,14
pytest-dev__pytest-7673,src/_pytest/warnings.py,0.40131235122680664,24
pytest-dev__pytest-7673,src/_pytest/stepwise.py,0.38269495964050293,33
pytest-dev__pytest-7673,testing/test_runner_xunit.py,0.3863929510116577,29
pytest-dev__pytest-7673,testing/test_conftest.py,0.38269495964050293,33
pytest-dev__pytest-7673,testing/test_assertion.py,0.31539851427078247,50
pytest-dev__pytest-7673,src/_pytest/terminal.py,0.49765628576278687,6
pytest-dev__pytest-7673,testing/test_cacheprovider.py,0.3790105879306793,35
pytest-dev__pytest-7673,src/_pytest/debugging.py,0.4355173707008362,17
pytest-dev__pytest-7673,src/_pytest/nose.py,0.3572086691856384,40
pytest-dev__pytest-7673,doc/en/example/assertion/global_testmodule_config/conftest.py,0.31539851427078247,50
pytest-dev__pytest-7673,testing/test_setuponly.py,0.35006579756736755,42
pytest-dev__pytest-7673,testing/conftest.py,0.38269495964050293,33
pytest-dev__pytest-7673,testing/test_config.py,0.332505464553833,46
pytest-dev__pytest-7749,testing/python/collect.py,0.7368552684783936,1
pytest-dev__pytest-7749,testing/test_terminal.py,0.6685341000556946,12
pytest-dev__pytest-7749,testing/test_collection.py,0.622092068195343,19
pytest-dev__pytest-7749,testing/test_session.py,0.6128658652305603,20
pytest-dev__pytest-7749,testing/python/integration.py,0.5694696307182312,27
pytest-dev__pytest-7749,src/_pytest/runner.py,0.6474416255950928,14
pytest-dev__pytest-7749,src/_pytest/nodes.py,0.7046481370925903,5
pytest-dev__pytest-7749,src/_pytest/hookspec.py,0.7038345336914062,6
pytest-dev__pytest-7749,testing/test_runner.py,0.6438668966293335,15
pytest-dev__pytest-7749,testing/acceptance_test.py,0.6016871333122253,23
pytest-dev__pytest-7749,testing/code/test_excinfo.py,0.5405358076095581,33
pytest-dev__pytest-7749,testing/deprecated_test.py,0.4839898645877838,47
pytest-dev__pytest-7749,src/_pytest/_code/code.py,0.6275860667228699,17
pytest-dev__pytest-7749,src/_pytest/main.py,0.6989257335662842,7
pytest-dev__pytest-7749,testing/conftest.py,0.5579416155815125,29
pytest-dev__pytest-7749,src/pytest/collect.py,0.6822351217269897,9
pytest-dev__pytest-7749,src/_pytest/python.py,0.7159009575843811,3
pytest-dev__pytest-7749,testing/test_assertion.py,0.5093739032745361,45
pytest-dev__pytest-7749,src/_pytest/reports.py,0.7135114669799805,4
pytest-dev__pytest-7749,src/_pytest/pytester.py,0.6805390119552612,11
pytest-dev__pytest-7749,src/_pytest/assertion/__init__.py,0.6474416255950928,14
pytest-dev__pytest-7749,src/_pytest/fixtures.py,0.5347096920013428,39
pytest-dev__pytest-7749,testing/example_scripts/fixtures/custom_item/conftest.py,0.454811155796051,50
pytest-dev__pytest-7749,src/_pytest/assertion/rewrite.py,0.6839264035224915,8
pytest-dev__pytest-7749,testing/test_doctest.py,0.521081268787384,43
pytest-dev__pytest-7749,src/_pytest/cacheprovider.py,0.6805390119552612,11
pytest-dev__pytest-7749,testing/test_assertrewrite.py,0.6016871333122253,23
pytest-dev__pytest-7749,src/_pytest/unittest.py,0.48008865118026733,48
pytest-dev__pytest-7749,testing/code/test_code.py,0.49179762601852417,46
pytest-dev__pytest-7749,src/_pytest/doctest.py,0.5347096920013428,39
pytest-dev__pytest-7749,testing/example_scripts/issue88_initial_file_multinodes/conftest.py,0.5113261938095093,44
pytest-dev__pytest-7749,testing/test_skipping.py,0.5521534085273743,31
pytest-dev__pytest-7749,testing/test_pytester.py,0.5979365706443787,24
pytest-dev__pytest-7749,testing/test_warnings.py,0.5366528630256653,37
pytest-dev__pytest-7749,testing/test_reports.py,0.5230305790901184,42
pytest-dev__pytest-7749,testing/examples/test_issue519.py,0.5269270539283752,41
pytest-dev__pytest-7749,src/_pytest/deprecated.py,0.54635089635849,32
pytest-dev__pytest-7749,doc/en/example/assertion/test_failures.py,0.454811155796051,50
pytest-dev__pytest-7749,testing/test_mark.py,0.5385949611663818,35
pytest-dev__pytest-7749,testing/test_compat.py,0.5366528630256653,37
pytest-dev__pytest-7749,testing/code/test_source.py,0.6239269375801086,18
pytest-dev__pytest-7749,testing/test_main.py,0.5809227228164673,26
pytest-dev__pytest-7749,src/_pytest/terminal.py,0.6072905659675598,21
pytest-dev__pytest-7749,src/_pytest/warning_types.py,0.5385949611663818,35
pytest-dev__pytest-7749,src/_pytest/capture.py,0.5847217440605164,25
pytest-dev__pytest-7749,testing/test_unittest.py,0.5637142658233643,28
pytest-dev__pytest-7749,testing/python/fixtures.py,0.5540844202041626,30
pytest-dev__pytest-7749,src/_pytest/outcomes.py,0.7159009575843811,3
pytest-dev__pytest-7749,src/pytest/__init__.py,0.6366694569587708,16
pytest-dev__pytest-7749,testing/python/show_fixtures_per_test.py,0.5269270539283752,41
pytest-dev__pytest-7939,src/_pytest/stepwise.py,0.8114370703697205,1
pytest-dev__pytest-7939,src/_pytest/config/argparsing.py,0.7398737668991089,2
pytest-dev__pytest-7939,testing/test_parseopt.py,0.6035580039024353,5
pytest-dev__pytest-7939,testing/test_config.py,0.4470740258693695,31
pytest-dev__pytest-7939,src/_pytest/config/__init__.py,0.5540844202041626,11
pytest-dev__pytest-7939,testing/test_stepwise.py,0.7299820184707642,3
pytest-dev__pytest-7939,src/_pytest/helpconfig.py,0.5922893285751343,7
pytest-dev__pytest-7939,testing/test_terminal.py,0.5152297019958496,19
pytest-dev__pytest-7939,src/_pytest/terminal.py,0.5424755215644836,13
pytest-dev__pytest-7939,src/_pytest/main.py,0.5847217440605164,8
pytest-dev__pytest-7939,testing/test_helpconfig.py,0.4050721228122711,43
pytest-dev__pytest-7939,testing/test_mark.py,0.47229403257369995,25
pytest-dev__pytest-7939,bench/skip.py,0.3975641429424286,45
pytest-dev__pytest-7939,src/_pytest/hookspec.py,0.5771140456199646,9
pytest-dev__pytest-7939,testing/acceptance_test.py,0.4509396255016327,30
pytest-dev__pytest-7939,src/_pytest/setupplan.py,0.5288740992546082,16
pytest-dev__pytest-7939,src/_pytest/skipping.py,0.6563059091567993,4
pytest-dev__pytest-7939,src/_pytest/config/exceptions.py,0.4278508424758911,37
pytest-dev__pytest-7939,src/_pytest/mark/__init__.py,0.47618991136550903,24
pytest-dev__pytest-7939,src/_pytest/setuponly.py,0.5327655076980591,15
pytest-dev__pytest-7939,src/_pytest/outcomes.py,0.4957032799720764,21
pytest-dev__pytest-7939,src/_pytest/debugging.py,0.5424755215644836,13
pytest-dev__pytest-7939,testing/test_pluginmanager.py,0.4355173707008362,33
pytest-dev__pytest-7939,src/pytest/__main__.py,0.4703473448753357,26
pytest-dev__pytest-7939,testing/test_warnings.py,0.3680422008037567,46
pytest-dev__pytest-7939,testing/test_runner.py,0.4432148039340973,32
pytest-dev__pytest-7939,testing/test_skipping.py,0.5171807408332825,18
pytest-dev__pytest-7939,testing/example_scripts/config/collect_pytest_prefix/conftest.py,0.3086901903152466,49
pytest-dev__pytest-7939,testing/test_nose.py,0.4126248061656952,39
pytest-dev__pytest-7939,src/_pytest/doctest.py,0.49375033378601074,22
pytest-dev__pytest-7939,testing/python/metafunc.py,0.4050721228122711,43
pytest-dev__pytest-7939,testing/test_debugging.py,0.408843070268631,41
pytest-dev__pytest-7939,src/pytest/__init__.py,0.5269270539283752,17
pytest-dev__pytest-7939,src/_pytest/python.py,0.5132781267166138,20
pytest-dev__pytest-7939,src/_pytest/cacheprovider.py,0.5675531625747681,10
pytest-dev__pytest-7939,src/_pytest/deprecated.py,0.4278508424758911,37
pytest-dev__pytest-7939,src/_pytest/pytester.py,0.5922893285751343,7
pytest-dev__pytest-7939,testing/test_faulthandler.py,0.41641688346862793,38
pytest-dev__pytest-7939,testing/test_junitxml.py,0.4278508424758911,37
pytest-dev__pytest-7939,testing/test_doctest.py,0.43168002367019653,34
pytest-dev__pytest-7939,src/_pytest/assertion/__init__.py,0.47618991136550903,24
pytest-dev__pytest-7939,testing/examples/test_issue519.py,0.408843070268631,41
pytest-dev__pytest-7939,src/_pytest/fixtures.py,0.454811155796051,29
pytest-dev__pytest-7939,testing/test_setuponly.py,0.3975641429424286,45
pytest-dev__pytest-7939,testing/test_entry_points.py,0.2987777292728424,50
pytest-dev__pytest-7939,testing/test_unittest.py,0.4645129144191742,27
pytest-dev__pytest-7939,src/_pytest/logging.py,0.5385949611663818,14
pytest-dev__pytest-7939,src/_pytest/warning_types.py,0.35006579756736755,47
pytest-dev__pytest-7939,src/_pytest/junitxml.py,0.454811155796051,29
pytest-dev__pytest-7939,extra/setup-py.test/setup.py,0.33947718143463135,48
pytest-dev__pytest-7982,testing/test_collection.py,0.7688025832176208,1
pytest-dev__pytest-7982,testing/test_conftest.py,0.6788381338119507,4
pytest-dev__pytest-7982,testing/acceptance_test.py,0.6719873547554016,5
pytest-dev__pytest-7982,src/_pytest/main.py,0.7229966521263123,2
pytest-dev__pytest-7982,src/_pytest/python.py,0.6972792148590088,3
pytest-dev__pytest-7982,testing/python/collect.py,0.5713839530944824,13
pytest-dev__pytest-7982,testing/test_mark.py,0.5015625357627869,25
pytest-dev__pytest-7982,testing/example_scripts/collect/package_infinite_recursion/conftest.py,0.5288740992546082,19
pytest-dev__pytest-7982,testing/test_session.py,0.5230305790901184,21
pytest-dev__pytest-7982,src/_pytest/hookspec.py,0.6438668966293335,7
pytest-dev__pytest-7982,testing/test_link_resolve.py,0.5656346678733826,14
pytest-dev__pytest-7982,testing/deprecated_test.py,0.40131235122680664,48
pytest-dev__pytest-7982,testing/test_tmpdir.py,0.6563059091567993,6
pytest-dev__pytest-7982,src/_pytest/cacheprovider.py,0.5922893285751343,9
pytest-dev__pytest-7982,testing/test_main.py,0.5132781267166138,22
pytest-dev__pytest-7982,testing/conftest.py,0.4470740258693695,37
pytest-dev__pytest-7982,src/_pytest/pathlib.py,0.5828235149383545,11
pytest-dev__pytest-7982,testing/test_pathlib.py,0.5790196061134338,12
pytest-dev__pytest-7982,testing/test_assertrewrite.py,0.4278508424758911,43
pytest-dev__pytest-7982,src/_pytest/pytester.py,0.47618991136550903,31
pytest-dev__pytest-7982,src/pytest/collect.py,0.5074213147163391,23
pytest-dev__pytest-7982,testing/python/integration.py,0.4820389747619629,29
pytest-dev__pytest-7982,testing/test_terminal.py,0.5015625357627869,25
pytest-dev__pytest-7982,src/_pytest/config/__init__.py,0.6016871333122253,8
pytest-dev__pytest-7982,testing/test_pluginmanager.py,0.4240303635597229,45
pytest-dev__pytest-7982,testing/example_scripts/fixtures/custom_item/conftest.py,0.5269270539283752,20
pytest-dev__pytest-7982,src/_pytest/unittest.py,0.4878930151462555,28
pytest-dev__pytest-7982,testing/test_config.py,0.47229403257369995,33
pytest-dev__pytest-7982,testing/test_pytester.py,0.4355173707008362,41
pytest-dev__pytest-7982,testing/test_doctest.py,0.4509396255016327,36
pytest-dev__pytest-7982,testing/examples/test_issue519.py,0.43936243653297424,40
pytest-dev__pytest-7982,testing/python/metafunc.py,0.4625701606273651,34
pytest-dev__pytest-7982,testing/test_cacheprovider.py,0.5385949611663818,17
pytest-dev__pytest-7982,testing/example_scripts/issue88_initial_file_multinodes/conftest.py,0.5617918968200684,15
pytest-dev__pytest-7982,testing/test_findpaths.py,0.48008865118026733,30
pytest-dev__pytest-7982,src/_pytest/nodes.py,0.5866175889968872,10
pytest-dev__pytest-7982,src/_pytest/doctest.py,0.4957032799720764,27
pytest-dev__pytest-7982,testing/test_skipping.py,0.41641688346862793,47
pytest-dev__pytest-7982,src/_pytest/fixtures.py,0.4957032799720764,27
pytest-dev__pytest-7982,src/_pytest/tmpdir.py,0.5579416155815125,16
pytest-dev__pytest-7982,src/_pytest/assertion/rewrite.py,0.4432148039340973,38
pytest-dev__pytest-7982,src/_pytest/stepwise.py,0.43936243653297424,40
pytest-dev__pytest-7982,testing/test_unittest.py,0.42021888494491577,46
pytest-dev__pytest-7982,testing/test_assertion.py,0.3790105879306793,49
pytest-dev__pytest-7982,testing/test_stepwise.py,0.3753400444984436,50
pytest-dev__pytest-7982,src/_pytest/runner.py,0.5288740992546082,19
pytest-dev__pytest-7982,testing/test_runner.py,0.43168002367019653,42
pytest-dev__pytest-7982,testing/test_warnings.py,0.4240303635597229,45
pytest-dev__pytest-7982,src/pytest/__init__.py,0.454811155796051,35
pytest-dev__pytest-7982,testing/python/fixtures.py,0.47424158453941345,32
pytest-dev__pytest-7985,src/_pytest/deprecated.py,0.6668006181716919,1
pytest-dev__pytest-7985,src/_pytest/config/__init__.py,0.5249791741371155,6
pytest-dev__pytest-7985,testing/test_config.py,0.3975641429424286,26
pytest-dev__pytest-7985,testing/test_helpconfig.py,0.32904666662216187,46
pytest-dev__pytest-7985,src/_pytest/config/argparsing.py,0.5093739032745361,7
pytest-dev__pytest-7985,testing/test_warnings.py,0.4645129144191742,13
pytest-dev__pytest-7985,testing/test_skipping.py,0.4509396255016327,16
pytest-dev__pytest-7985,testing/deprecated_test.py,0.4240303635597229,22
pytest-dev__pytest-7985,testing/acceptance_test.py,0.3901040256023407,29
pytest-dev__pytest-7985,src/_pytest/helpconfig.py,0.5347096920013428,4
pytest-dev__pytest-7985,testing/example_scripts/conftest_usageerror/conftest.py,0.3120344877243042,47
pytest-dev__pytest-7985,testing/test_parseopt.py,0.47618991136550903,9
pytest-dev__pytest-7985,src/_pytest/main.py,0.454811155796051,15
pytest-dev__pytest-7985,src/_pytest/terminal.py,0.46840155124664307,10
pytest-dev__pytest-7985,src/_pytest/config/exceptions.py,0.37168383598327637,35
pytest-dev__pytest-7985,testing/test_terminal.py,0.393827885389328,27
pytest-dev__pytest-7985,src/_pytest/mark/__init__.py,0.40131235122680664,24
pytest-dev__pytest-7985,testing/test_mark.py,0.5308202505111694,5
pytest-dev__pytest-7985,testing/test_entry_points.py,0.2610294222831726,50
pytest-dev__pytest-7985,src/_pytest/warning_types.py,0.36441558599472046,38
pytest-dev__pytest-7985,src/_pytest/skipping.py,0.6110106706619263,2
pytest-dev__pytest-7985,src/_pytest/pytester.py,0.4645129144191742,13
pytest-dev__pytest-7985,src/pytest/__init__.py,0.4586881399154663,14
pytest-dev__pytest-7985,src/_pytest/hookspec.py,0.4470740258693695,17
pytest-dev__pytest-7985,testing/examples/test_issue519.py,0.282671183347702,49
pytest-dev__pytest-7985,testing/example_scripts/config/collect_pytest_prefix/conftest.py,0.29551446437835693,48
pytest-dev__pytest-7985,testing/test_pluginmanager.py,0.3572086691856384,39
pytest-dev__pytest-7985,testing/test_runner.py,0.3680422008037567,36
pytest-dev__pytest-7985,testing/test_setuponly.py,0.332505464553833,45
pytest-dev__pytest-7985,testing/test_assertion.py,0.34651920199394226,40
pytest-dev__pytest-7985,src/_pytest/mark/structures.py,0.5979365706443787,3
pytest-dev__pytest-7985,src/_pytest/setupplan.py,0.38269495964050293,31
pytest-dev__pytest-7985,testing/test_stepwise.py,0.4781389832496643,8
pytest-dev__pytest-7985,src/pytest/__main__.py,0.3901040256023407,29
pytest-dev__pytest-7985,src/_pytest/python.py,0.4432148039340973,18
pytest-dev__pytest-7985,src/_pytest/stepwise.py,0.37168383598327637,35
pytest-dev__pytest-7985,testing/python/metafunc.py,0.4645129144191742,13
pytest-dev__pytest-7985,src/_pytest/junitxml.py,0.38269495964050293,31
pytest-dev__pytest-7985,src/_pytest/warnings.py,0.43168002367019653,20
pytest-dev__pytest-7985,src/_pytest/setuponly.py,0.40131235122680664,24
pytest-dev__pytest-7985,testing/test_assertrewrite.py,0.332505464553833,45
pytest-dev__pytest-7985,src/_pytest/outcomes.py,0.3753400444984436,32
pytest-dev__pytest-7985,src/_pytest/assertion/__init__.py,0.4355173707008362,19
pytest-dev__pytest-7985,testing/test_setupplan.py,0.332505464553833,45
pytest-dev__pytest-7985,testing/test_recwarn.py,0.37168383598327637,35
pytest-dev__pytest-7985,testing/test_doctest.py,0.332505464553833,45
pytest-dev__pytest-7985,testing/python/show_fixtures_per_test.py,0.3975641429424286,26
pytest-dev__pytest-7985,src/_pytest/recwarn.py,0.4278508424758911,21
pytest-dev__pytest-7985,testing/test_faulthandler.py,0.34298956394195557,41
pytest-dev__pytest-7985,testing/python/fixtures.py,0.36441558599472046,38
pytest-dev__pytest-8022,testing/test_doctest.py,0.8407041430473328,1
pytest-dev__pytest-8022,src/_pytest/doctest.py,0.8190843462944031,2
pytest-dev__pytest-8022,testing/test_collection.py,0.5035156011581421,23
pytest-dev__pytest-8022,testing/python/collect.py,0.5998133420944214,6
pytest-dev__pytest-8022,testing/test_session.py,0.5521534085273743,12
pytest-dev__pytest-8022,src/_pytest/python.py,0.5847217440605164,7
pytest-dev__pytest-8022,testing/test_terminal.py,0.5249791741371155,18
pytest-dev__pytest-8022,testing/acceptance_test.py,0.5171807408332825,20
pytest-dev__pytest-8022,src/_pytest/hookspec.py,0.6110106706619263,5
pytest-dev__pytest-8022,src/_pytest/main.py,0.5809227228164673,9
pytest-dev__pytest-8022,src/_pytest/cacheprovider.py,0.5308202505111694,17
pytest-dev__pytest-8022,testing/test_mark.py,0.5366528630256653,15
pytest-dev__pytest-8022,testing/python/integration.py,0.5771140456199646,10
pytest-dev__pytest-8022,doc/en/example/pythoncollection.py,0.6147178411483765,4
pytest-dev__pytest-8022,testing/python/show_fixtures_per_test.py,0.7062714695930481,3
pytest-dev__pytest-8022,src/_pytest/unittest.py,0.5093739032745361,22
pytest-dev__pytest-8022,testing/conftest.py,0.5093739032745361,22
pytest-dev__pytest-8022,src/pytest/collect.py,0.5809227228164673,9
pytest-dev__pytest-8022,testing/test_cacheprovider.py,0.521081268787384,19
pytest-dev__pytest-8022,testing/example_scripts/collect/package_infinite_recursion/conftest.py,0.408843070268631,45
pytest-dev__pytest-8022,testing/example_scripts/fixtures/custom_item/conftest.py,0.4355173707008362,42
pytest-dev__pytest-8022,testing/deprecated_test.py,0.4470740258693695,36
pytest-dev__pytest-8022,testing/test_unittest.py,0.4781389832496643,28
pytest-dev__pytest-8022,testing/test_assertrewrite.py,0.4645129144191742,30
pytest-dev__pytest-8022,testing/test_pytester.py,0.5675531625747681,11
pytest-dev__pytest-8022,testing/example_scripts/issue88_initial_file_multinodes/conftest.py,0.49179762601852417,26
pytest-dev__pytest-8022,src/_pytest/pytester.py,0.49179762601852417,26
pytest-dev__pytest-8022,testing/python/fixtures.py,0.47229403257369995,29
pytest-dev__pytest-8022,testing/examples/test_issue519.py,0.48594123125076294,27
pytest-dev__pytest-8022,src/_pytest/nodes.py,0.5444138646125793,13
pytest-dev__pytest-8022,testing/test_conftest.py,0.43936243653297424,39
pytest-dev__pytest-8022,testing/test_pluginmanager.py,0.4355173707008362,42
pytest-dev__pytest-8022,testing/test_runner.py,0.43936243653297424,39
pytest-dev__pytest-8022,testing/test_skipping.py,0.3975641429424286,48
pytest-dev__pytest-8022,testing/test_config.py,0.4470740258693695,36
pytest-dev__pytest-8022,testing/test_nose.py,0.4126248061656952,44
pytest-dev__pytest-8022,testing/test_main.py,0.454811155796051,32
pytest-dev__pytest-8022,src/_pytest/fixtures.py,0.5405358076095581,14
pytest-dev__pytest-8022,testing/test_warnings.py,0.4470740258693695,36
pytest-dev__pytest-8022,src/_pytest/runner.py,0.5308202505111694,17
pytest-dev__pytest-8022,src/pytest/__init__.py,0.49375033378601074,24
pytest-dev__pytest-8022,testing/test_stepwise.py,0.3790105879306793,50
pytest-dev__pytest-8022,testing/test_assertion.py,0.40131235122680664,46
pytest-dev__pytest-8022,src/_pytest/stepwise.py,0.4586881399154663,31
pytest-dev__pytest-8022,doc/en/example/assertion/global_testmodule_config/conftest.py,0.43936243653297424,39
pytest-dev__pytest-8022,testing/example_scripts/unittest/test_setup_skip_module.py,0.38269495964050293,49
pytest-dev__pytest-8022,src/_pytest/assertion/rewrite.py,0.4509396255016327,33
pytest-dev__pytest-8022,testing/test_setupplan.py,0.4126248061656952,44
pytest-dev__pytest-8022,testing/test_runner_xunit.py,0.4355173707008362,42
pytest-dev__pytest-8022,testing/test_setuponly.py,0.3975641429424286,48
pytest-dev__pytest-8033,testing/test_unittest.py,0.5385949611663818,2
pytest-dev__pytest-8033,testing/test_runner_xunit.py,0.4432148039340973,10
pytest-dev__pytest-8033,src/_pytest/unittest.py,0.49765628576278687,4
pytest-dev__pytest-8033,bench/unit_test.py,0.3256063163280487,41
pytest-dev__pytest-8033,doc/en/example/assertion/test_setup_flow_example.py,0.4278508424758911,13
pytest-dev__pytest-8033,src/_pytest/python.py,0.4878930151462555,5
pytest-dev__pytest-8033,src/_pytest/nose.py,0.46645671129226685,6
pytest-dev__pytest-8033,testing/example_scripts/unittest/test_unittest_asynctest.py,0.4355173707008362,12
pytest-dev__pytest-8033,testing/example_scripts/unittest/test_setup_skip_class.py,0.38269495964050293,22
pytest-dev__pytest-8033,testing/test_nose.py,0.40131235122680664,17
pytest-dev__pytest-8033,testing/example_scripts/unittest/test_unittest_asyncio.py,0.4509396255016327,9
pytest-dev__pytest-8033,testing/python/fixtures.py,0.43936243653297424,11
pytest-dev__pytest-8033,testing/test_runner.py,0.4586881399154663,7
pytest-dev__pytest-8033,testing/example_scripts/unittest/test_setup_skip.py,0.35362908244132996,33
pytest-dev__pytest-8033,testing/example_scripts/unittest/test_setup_skip_module.py,0.4050721228122711,16
pytest-dev__pytest-8033,testing/acceptance_test.py,0.35362908244132996,33
pytest-dev__pytest-8033,testing/python/integration.py,0.3187819719314575,46
pytest-dev__pytest-8033,testing/test_setupplan.py,0.41641688346862793,15
pytest-dev__pytest-8033,testing/python/collect.py,0.38269495964050293,22
pytest-dev__pytest-8033,testing/test_capture.py,0.37168383598327637,25
pytest-dev__pytest-8033,testing/example_scripts/conftest_usageerror/conftest.py,0.42021888494491577,14
pytest-dev__pytest-8033,doc/en/example/pythoncollection.py,0.33947718143463135,36
pytest-dev__pytest-8033,testing/test_session.py,0.3256063163280487,41
pytest-dev__pytest-8033,bench/xunit.py,0.30536580085754395,49
pytest-dev__pytest-8033,testing/test_terminal.py,0.36441558599472046,28
pytest-dev__pytest-8033,testing/example_scripts/config/collect_pytest_prefix/conftest.py,0.3863929510116577,20
pytest-dev__pytest-8033,src/_pytest/runner.py,0.633047342300415,1
pytest-dev__pytest-8033,testing/test_doctest.py,0.3256063163280487,41
pytest-dev__pytest-8033,doc/en/example/assertion/global_testmodule_config/conftest.py,0.3086901903152466,47
pytest-dev__pytest-8033,testing/test_collection.py,0.34651920199394226,34
pytest-dev__pytest-8033,testing/example_scripts/unittest/test_parametrized_fixture_error_message.py,0.3753400444984436,23
pytest-dev__pytest-8033,testing/python/metafunc.py,0.32904666662216187,37
pytest-dev__pytest-8033,testing/conftest.py,0.3680422008037567,26
pytest-dev__pytest-8033,src/_pytest/fixtures.py,0.5288740992546082,3
pytest-dev__pytest-8033,testing/test_mark.py,0.2858501672744751,50
pytest-dev__pytest-8033,testing/example_scripts/issue_519.py,0.3572086691856384,29
pytest-dev__pytest-8033,testing/test_monkeypatch.py,0.34298956394195557,35
pytest-dev__pytest-8033,doc/en/example/assertion/test_failures.py,0.30536580085754395,49
pytest-dev__pytest-8033,src/_pytest/pytester.py,0.3975641429424286,18
pytest-dev__pytest-8033,testing/examples/test_issue519.py,0.32218465209007263,45
pytest-dev__pytest-8033,testing/test_cacheprovider.py,0.32218465209007263,45
pytest-dev__pytest-8033,src/pytest/__init__.py,0.37168383598327637,25
pytest-dev__pytest-8033,src/_pytest/outcomes.py,0.4509396255016327,9
pytest-dev__pytest-8033,src/_pytest/doctest.py,0.36441558599472046,28
pytest-dev__pytest-8033,testing/deprecated_test.py,0.35362908244132996,33
pytest-dev__pytest-8033,doc/en/example/assertion/failure_demo.py,0.3256063163280487,41
pytest-dev__pytest-8033,testing/test_pytester.py,0.35362908244132996,33
pytest-dev__pytest-8033,src/_pytest/capture.py,0.393827885389328,19
pytest-dev__pytest-8033,testing/test_stepwise.py,0.32218465209007263,45
pytest-dev__pytest-8033,testing/example_scripts/acceptance/fixture_mock_integration.py,0.32218465209007263,45
pytest-dev__pytest-8055,testing/test_runner.py,0.49960941076278687,12
pytest-dev__pytest-8055,src/_pytest/unittest.py,0.5093739032745361,11
pytest-dev__pytest-8055,testing/example_scripts/conftest_usageerror/conftest.py,0.3572086691856384,44
pytest-dev__pytest-8055,testing/test_unittest.py,0.4278508424758911,30
pytest-dev__pytest-8055,testing/test_faulthandler.py,0.5093739032745361,11
pytest-dev__pytest-8055,src/_pytest/hookspec.py,0.5405358076095581,6
pytest-dev__pytest-8055,src/_pytest/outcomes.py,0.5579416155815125,3
pytest-dev__pytest-8055,src/_pytest/faulthandler.py,0.5502207279205322,4
pytest-dev__pytest-8055,src/_pytest/warning_types.py,0.37168383598327637,41
pytest-dev__pytest-8055,testing/test_debugging.py,0.4470740258693695,23
pytest-dev__pytest-8055,testing/python/raises.py,0.5269270539283752,8
pytest-dev__pytest-8055,testing/example_scripts/config/collect_pytest_prefix/conftest.py,0.34298956394195557,47
pytest-dev__pytest-8055,src/pytest/__init__.py,0.5113261938095093,9
pytest-dev__pytest-8055,src/_pytest/python_api.py,0.4957032799720764,13
pytest-dev__pytest-8055,src/_pytest/_code/code.py,0.48008865118026733,15
pytest-dev__pytest-8055,src/pytest/__main__.py,0.35362908244132996,45
pytest-dev__pytest-8055,testing/test_session.py,0.5579416155815125,3
pytest-dev__pytest-8055,src/_pytest/pytester.py,0.4470740258693695,23
pytest-dev__pytest-8055,testing/code/test_excinfo.py,0.48594123125076294,14
pytest-dev__pytest-8055,testing/acceptance_test.py,0.408843070268631,33
pytest-dev__pytest-8055,src/_pytest/runner.py,0.5771140456199646,1
pytest-dev__pytest-8055,testing/test_assertrewrite.py,0.36441558599472046,43
pytest-dev__pytest-8055,testing/test_compat.py,0.4509396255016327,21
pytest-dev__pytest-8055,testing/python/collect.py,0.4126248061656952,32
pytest-dev__pytest-8055,src/_pytest/reports.py,0.4432148039340973,25
pytest-dev__pytest-8055,testing/test_warning_types.py,0.2987777292728424,50
pytest-dev__pytest-8055,src/_pytest/capture.py,0.4355173707008362,28
pytest-dev__pytest-8055,src/_pytest/config/exceptions.py,0.38269495964050293,37
pytest-dev__pytest-8055,src/_pytest/monkeypatch.py,0.4509396255016327,21
pytest-dev__pytest-8055,src/_pytest/warnings.py,0.5424755215644836,5
pytest-dev__pytest-8055,doc/en/example/assertion/global_testmodule_config/conftest.py,0.32904666662216187,49
pytest-dev__pytest-8055,testing/test_pluginmanager.py,0.4240303635597229,31
pytest-dev__pytest-8055,testing/test_monkeypatch.py,0.4355173707008362,28
pytest-dev__pytest-8055,src/_pytest/nodes.py,0.5366528630256653,7
pytest-dev__pytest-8055,testing/test_assertion.py,0.4625701606273651,19
pytest-dev__pytest-8055,src/_pytest/config/__init__.py,0.43936243653297424,26
pytest-dev__pytest-8055,testing/examples/test_issue519.py,0.33598238229751587,48
pytest-dev__pytest-8055,src/_pytest/assertion/rewrite.py,0.4625701606273651,19
pytest-dev__pytest-8055,src/_pytest/debugging.py,0.3901040256023407,36
pytest-dev__pytest-8055,testing/conftest.py,0.46840155124664307,17
pytest-dev__pytest-8055,testing/test_warnings.py,0.393827885389328,35
pytest-dev__pytest-8055,testing/python/fixtures.py,0.3790105879306793,39
pytest-dev__pytest-8055,doc/en/example/assertion/test_failures.py,0.3753400444984436,40
pytest-dev__pytest-8055,testing/test_terminal.py,0.4278508424758911,30
pytest-dev__pytest-8055,src/_pytest/deprecated.py,0.393827885389328,35
pytest-dev__pytest-8055,testing/test_pytester.py,0.3790105879306793,39
pytest-dev__pytest-8055,src/_pytest/assertion/__init__.py,0.4703473448753357,16
pytest-dev__pytest-8055,testing/typing_checks.py,0.36441558599472046,43
pytest-dev__pytest-8055,testing/test_skipping.py,0.35006579756736755,46
pytest-dev__pytest-8055,src/_pytest/fixtures.py,0.4432148039340973,25
pytest-dev__pytest-8124,src/_pytest/skipping.py,0.7268911600112915,1
pytest-dev__pytest-8124,testing/test_skipping.py,0.4781389832496643,3
pytest-dev__pytest-8124,src/_pytest/outcomes.py,0.43168002367019653,7
pytest-dev__pytest-8124,testing/test_doctest.py,0.3187819719314575,17
pytest-dev__pytest-8124,testing/acceptance_test.py,0.2671021819114685,37
pytest-dev__pytest-8124,testing/test_runner.py,0.2858501672744751,32
pytest-dev__pytest-8124,bench/skip.py,0.27637791633605957,33
pytest-dev__pytest-8124,testing/example_scripts/unittest/test_setup_skip_module.py,0.24335461854934692,40
pytest-dev__pytest-8124,doc/en/conf.py,0.32904666662216187,15
pytest-dev__pytest-8124,src/_pytest/stepwise.py,0.29551446437835693,27
pytest-dev__pytest-8124,testing/test_junitxml.py,0.4470740258693695,4
pytest-dev__pytest-8124,scripts/release.py,0.22108151018619537,48
pytest-dev__pytest-8124,testing/test_session.py,0.32904666662216187,15
pytest-dev__pytest-8124,testing/test_collection.py,0.2858501672744751,32
pytest-dev__pytest-8124,src/_pytest/unittest.py,0.37168383598327637,9
pytest-dev__pytest-8124,testing/python/fixtures.py,0.32904666662216187,15
pytest-dev__pytest-8124,src/_pytest/python.py,0.30536580085754395,22
pytest-dev__pytest-8124,src/_pytest/doctest.py,0.3086901903152466,21
pytest-dev__pytest-8124,doc/en/example/assertion/global_testmodule_config/conftest.py,0.3120344877243042,19
pytest-dev__pytest-8124,testing/examples/test_issue519.py,0.24048909544944763,43
pytest-dev__pytest-8124,doc/en/example/xfail_demo.py,0.5249791741371155,2
pytest-dev__pytest-8124,testing/test_pytester.py,0.32904666662216187,15
pytest-dev__pytest-8124,scripts/towncrier-draft-to-file.py,0.22108151018619537,48
pytest-dev__pytest-8124,testing/test_stepwise.py,0.29227200150489807,28
pytest-dev__pytest-8124,src/_pytest/capture.py,0.27017202973365784,36
pytest-dev__pytest-8124,src/_pytest/cacheprovider.py,0.2858501672744751,32
pytest-dev__pytest-8124,testing/test_cacheprovider.py,0.31539851427078247,18
pytest-dev__pytest-8124,testing/test_unittest.py,0.33598238229751587,11
pytest-dev__pytest-8124,testing/test_config.py,0.27326399087905884,34
pytest-dev__pytest-8124,testing/python/metafunc.py,0.26405462622642517,39
pytest-dev__pytest-8124,testing/python/collect.py,0.4355173707008362,6
pytest-dev__pytest-8124,testing/test_nose.py,0.32218465209007263,16
pytest-dev__pytest-8124,src/_pytest/junitxml.py,0.33598238229751587,11
pytest-dev__pytest-8124,src/_pytest/assertion/rewrite.py,0.3753400444984436,8
pytest-dev__pytest-8124,doc/en/conftest.py,0.23482751846313477,45
pytest-dev__pytest-8124,src/_pytest/pytester.py,0.29551446437835693,27
pytest-dev__pytest-8124,src/pytest/__init__.py,0.4432148039340973,5
pytest-dev__pytest-8124,testing/example_scripts/unittest/test_setup_skip_class.py,0.24048909544944763,43
pytest-dev__pytest-8124,src/_pytest/deprecated.py,0.26405462622642517,39
pytest-dev__pytest-8124,src/_pytest/config/__init__.py,0.3020615577697754,24
pytest-dev__pytest-8124,testing/example_scripts/unittest/test_setup_skip.py,0.2376466989517212,44
pytest-dev__pytest-8124,testing/test_pluginmanager.py,0.27017202973365784,36
pytest-dev__pytest-8124,testing/test_assertrewrite.py,0.29551446437835693,27
pytest-dev__pytest-8124,src/_pytest/main.py,0.2858501672744751,32
pytest-dev__pytest-8124,testing/typing_checks.py,0.3020615577697754,24
pytest-dev__pytest-8124,bench/unit_test.py,0.1904829740524292,50
pytest-dev__pytest-8124,testing/example_scripts/warnings/test_group_warnings_by_message_summary/test_1.py,0.22378391027450562,46
pytest-dev__pytest-8124,testing/test_conftest.py,0.3086901903152466,21
pytest-dev__pytest-8124,doc/en/example/conftest.py,0.24048909544944763,43
pytest-dev__pytest-8124,testing/example_scripts/warnings/test_group_warnings_by_message.py,0.21050651371479034,49
pytest-dev__pytest-8250,testing/test_capture.py,0.6492228507995605,6
pytest-dev__pytest-8250,src/_pytest/capture.py,0.6923092603683472,4
pytest-dev__pytest-8250,testing/test_faulthandler.py,0.7383673787117004,2
pytest-dev__pytest-8250,src/_pytest/faulthandler.py,0.850456178188324,1
pytest-dev__pytest-8250,src/_pytest/pytester.py,0.6312306523323059,7
pytest-dev__pytest-8250,testing/test_terminal.py,0.6091521978378296,10
pytest-dev__pytest-8250,testing/acceptance_test.py,0.5054685473442078,31
pytest-dev__pytest-8250,testing/test_debugging.py,0.5694696307182312,15
pytest-dev__pytest-8250,testing/test_runner.py,0.5191313028335571,25
pytest-dev__pytest-8250,src/_pytest/logging.py,0.6972792148590088,3
pytest-dev__pytest-8250,src/_pytest/doctest.py,0.5191313028335571,25
pytest-dev__pytest-8250,testing/test_assertrewrite.py,0.48008865118026733,37
pytest-dev__pytest-8250,testing/logging/test_reporting.py,0.5502207279205322,17
pytest-dev__pytest-8250,testing/test_pytester.py,0.5093739032745361,29
pytest-dev__pytest-8250,testing/python/collect.py,0.5132781267166138,28
pytest-dev__pytest-8250,testing/test_junitxml.py,0.49960941076278687,32
pytest-dev__pytest-8250,src/_pytest/unittest.py,0.6035580039024353,12
pytest-dev__pytest-8250,testing/test_config.py,0.43936243653297424,47
pytest-dev__pytest-8250,testing/examples/test_issue519.py,0.4240303635597229,50
pytest-dev__pytest-8250,testing/test_session.py,0.5366528630256653,21
pytest-dev__pytest-8250,doc/en/example/assertion/test_failures.py,0.43936243653297424,47
pytest-dev__pytest-8250,testing/python/fixtures.py,0.454811155796051,44
pytest-dev__pytest-8250,testing/test_link_resolve.py,0.43168002367019653,48
pytest-dev__pytest-8250,testing/test_assertion.py,0.454811155796051,44
pytest-dev__pytest-8250,testing/io/test_terminalwriter.py,0.4645129144191742,39
pytest-dev__pytest-8250,testing/test_unittest.py,0.6184117794036865,9
pytest-dev__pytest-8250,testing/logging/test_fixture.py,0.5249791741371155,22
pytest-dev__pytest-8250,src/_pytest/debugging.py,0.6294102072715759,8
pytest-dev__pytest-8250,testing/test_compat.py,0.5132781267166138,28
pytest-dev__pytest-8250,testing/conftest.py,0.5521534085273743,16
pytest-dev__pytest-8250,testing/test_collection.py,0.4278508424758911,49
pytest-dev__pytest-8250,testing/test_doctest.py,0.4645129144191742,39
pytest-dev__pytest-8250,testing/test_cacheprovider.py,0.5230305790901184,23
pytest-dev__pytest-8250,src/_pytest/unraisableexception.py,0.5809227228164673,14
pytest-dev__pytest-8250,testing/test_warnings.py,0.5054685473442078,31
pytest-dev__pytest-8250,testing/test_monkeypatch.py,0.4586881399154663,42
pytest-dev__pytest-8250,src/_pytest/hookspec.py,0.6035580039024353,12
pytest-dev__pytest-8250,src/_pytest/config/__init__.py,0.6563059091567993,5
pytest-dev__pytest-8250,testing/test_unraisableexception.py,0.5152297019958496,26
pytest-dev__pytest-8250,src/_pytest/deprecated.py,0.5405358076095581,19
pytest-dev__pytest-8250,src/_pytest/assertion/rewrite.py,0.49765628576278687,33
pytest-dev__pytest-8250,testing/python/integration.py,0.48008865118026733,37
pytest-dev__pytest-8250,testing/test_pastebin.py,0.49179762601852417,34
pytest-dev__pytest-8250,testing/test_recwarn.py,0.4432148039340973,45
pytest-dev__pytest-8250,testing/test_stepwise.py,0.4839898645877838,35
pytest-dev__pytest-8250,testing/test_conftest.py,0.4586881399154663,42
pytest-dev__pytest-8250,src/_pytest/outcomes.py,0.5922893285751343,13
pytest-dev__pytest-8250,testing/test_main.py,0.5366528630256653,21
pytest-dev__pytest-8250,testing/test_setuponly.py,0.4586881399154663,42
pytest-dev__pytest-8250,src/pytest/__init__.py,0.5424755215644836,18
pytest-dev__pytest-8365,testing/test_tmpdir.py,0.6719873547554016,2
pytest-dev__pytest-8365,src/_pytest/tmpdir.py,0.798564076423645,1
pytest-dev__pytest-8365,src/_pytest/pathlib.py,0.6420735120773315,3
pytest-dev__pytest-8365,testing/test_main.py,0.4703473448753357,10
pytest-dev__pytest-8365,testing/example_scripts/tmpdir/tmpdir_fixture.py,0.4625701606273651,14
pytest-dev__pytest-8365,testing/test_pathlib.py,0.4509396255016327,15
pytest-dev__pytest-8365,src/_pytest/pytester.py,0.5347096920013428,6
pytest-dev__pytest-8365,testing/test_cacheprovider.py,0.5093739032745361,7
pytest-dev__pytest-8365,src/_pytest/cacheprovider.py,0.5385949611663818,4
pytest-dev__pytest-8365,testing/test_link_resolve.py,0.38269495964050293,31
pytest-dev__pytest-8365,testing/test_pytester.py,0.4240303635597229,20
pytest-dev__pytest-8365,testing/test_collection.py,0.3790105879306793,33
pytest-dev__pytest-8365,testing/test_assertrewrite.py,0.3975641429424286,27
pytest-dev__pytest-8365,testing/test_conftest.py,0.3975641429424286,27
pytest-dev__pytest-8365,testing/python/fixtures.py,0.47424158453941345,9
pytest-dev__pytest-8365,testing/acceptance_test.py,0.3680422008037567,37
pytest-dev__pytest-8365,testing/python/collect.py,0.41641688346862793,21
pytest-dev__pytest-8365,src/_pytest/config/__init__.py,0.46840155124664307,11
pytest-dev__pytest-8365,src/_pytest/assertion/rewrite.py,0.3790105879306793,33
pytest-dev__pytest-8365,testing/test_monkeypatch.py,0.393827885389328,29
pytest-dev__pytest-8365,testing/test_config.py,0.4278508424758911,19
pytest-dev__pytest-8365,testing/test_argcomplete.py,0.3572086691856384,43
pytest-dev__pytest-8365,src/_pytest/monkeypatch.py,0.3753400444984436,35
pytest-dev__pytest-8365,testing/test_findpaths.py,0.43168002367019653,18
pytest-dev__pytest-8365,testing/test_junitxml.py,0.36080431938171387,40
pytest-dev__pytest-8365,src/_pytest/fixtures.py,0.408843070268631,22
pytest-dev__pytest-8365,testing/io/test_terminalwriter.py,0.35362908244132996,44
pytest-dev__pytest-8365,testing/python/integration.py,0.35006579756736755,45
pytest-dev__pytest-8365,testing/logging/test_reporting.py,0.37168383598327637,36
pytest-dev__pytest-8365,src/_pytest/main.py,0.4625701606273651,14
pytest-dev__pytest-8365,testing/test_session.py,0.40131235122680664,24
pytest-dev__pytest-8365,src/_pytest/nodes.py,0.4625701606273651,14
pytest-dev__pytest-8365,src/_pytest/capture.py,0.4470740258693695,16
pytest-dev__pytest-8365,doc/en/example/assertion/test_failures.py,0.3753400444984436,35
pytest-dev__pytest-8365,src/_pytest/python.py,0.40131235122680664,24
pytest-dev__pytest-8365,testing/test_capture.py,0.34651920199394226,47
pytest-dev__pytest-8365,testing/examples/test_issue519.py,0.3975641429424286,27
pytest-dev__pytest-8365,testing/test_mark.py,0.34298956394195557,48
pytest-dev__pytest-8365,src/_pytest/config/findpaths.py,0.4355173707008362,17
pytest-dev__pytest-8365,testing/test_nodes.py,0.34651920199394226,47
pytest-dev__pytest-8365,testing/test_runner.py,0.36441558599472046,39
pytest-dev__pytest-8365,src/pytest/__init__.py,0.5366528630256653,5
pytest-dev__pytest-8365,testing/test_pastebin.py,0.3572086691856384,43
pytest-dev__pytest-8365,testing/conftest.py,0.3572086691856384,43
pytest-dev__pytest-8365,testing/code/test_excinfo.py,0.47618991136550903,8
pytest-dev__pytest-8365,src/_pytest/reports.py,0.36441558599472046,39
pytest-dev__pytest-8365,doc/en/example/assertion/global_testmodule_config/conftest.py,0.30536580085754395,50
pytest-dev__pytest-8365,src/_pytest/logging.py,0.393827885389328,29
pytest-dev__pytest-8365,testing/test_compat.py,0.33598238229751587,49
pytest-dev__pytest-8365,testing/test_warnings.py,0.38269495964050293,31
pytest-dev__pytest-8399,src/_pytest/unittest.py,0.5405358076095581,1
pytest-dev__pytest-8399,testing/python/show_fixtures_per_test.py,0.4240303635597229,10
pytest-dev__pytest-8399,testing/python/fixtures.py,0.4509396255016327,5
pytest-dev__pytest-8399,testing/test_setuponly.py,0.43936243653297424,8
pytest-dev__pytest-8399,testing/test_setupplan.py,0.3901040256023407,20
pytest-dev__pytest-8399,src/_pytest/python.py,0.49375033378601074,4
pytest-dev__pytest-8399,src/_pytest/setuponly.py,0.4432148039340973,7
pytest-dev__pytest-8399,testing/test_unittest.py,0.408843070268631,14
pytest-dev__pytest-8399,testing/python/integration.py,0.3572086691856384,37
pytest-dev__pytest-8399,testing/python/collect.py,0.4240303635597229,10
pytest-dev__pytest-8399,src/_pytest/deprecated.py,0.5113261938095093,2
pytest-dev__pytest-8399,testing/conftest.py,0.3680422008037567,31
pytest-dev__pytest-8399,testing/test_terminal.py,0.3680422008037567,31
pytest-dev__pytest-8399,src/pytest/__init__.py,0.42021888494491577,11
pytest-dev__pytest-8399,src/_pytest/fixtures.py,0.49375033378601074,4
pytest-dev__pytest-8399,testing/deprecated_test.py,0.40131235122680664,18
pytest-dev__pytest-8399,src/_pytest/setupplan.py,0.41641688346862793,12
pytest-dev__pytest-8399,testing/test_doctest.py,0.3120344877243042,49
pytest-dev__pytest-8399,src/_pytest/doctest.py,0.36080431938171387,35
pytest-dev__pytest-8399,bench/unit_test.py,0.36441558599472046,34
pytest-dev__pytest-8399,testing/test_conftest.py,0.3790105879306793,27
pytest-dev__pytest-8399,testing/test_warnings.py,0.33598238229751587,43
pytest-dev__pytest-8399,src/_pytest/nose.py,0.40131235122680664,18
pytest-dev__pytest-8399,testing/test_runner.py,0.3790105879306793,27
pytest-dev__pytest-8399,src/_pytest/pytester.py,0.3572086691856384,37
pytest-dev__pytest-8399,testing/acceptance_test.py,0.36441558599472046,34
pytest-dev__pytest-8399,testing/test_junitxml.py,0.332505464553833,45
pytest-dev__pytest-8399,testing/test_collection.py,0.33947718143463135,42
pytest-dev__pytest-8399,src/_pytest/capture.py,0.3753400444984436,29
pytest-dev__pytest-8399,src/_pytest/junitxml.py,0.33947718143463135,42
pytest-dev__pytest-8399,src/_pytest/mark/structures.py,0.4470740258693695,6
pytest-dev__pytest-8399,doc/en/example/pythoncollection.py,0.34651920199394226,40
pytest-dev__pytest-8399,testing/example_scripts/config/collect_pytest_prefix/conftest.py,0.35006579756736755,39
pytest-dev__pytest-8399,testing/test_session.py,0.32904666662216187,47
pytest-dev__pytest-8399,testing/test_config.py,0.32218465209007263,48
pytest-dev__pytest-8399,src/_pytest/warnings.py,0.3753400444984436,29
pytest-dev__pytest-8399,testing/test_warning_types.py,0.26405462622642517,50
pytest-dev__pytest-8399,doc/en/example/assertion/global_testmodule_config/conftest.py,0.332505464553833,45
pytest-dev__pytest-8399,testing/test_mark.py,0.36441558599472046,34
pytest-dev__pytest-8399,src/_pytest/warning_types.py,0.32904666662216187,47
pytest-dev__pytest-8399,doc/en/example/fixtures/test_fixtures_order_scope.py,0.38269495964050293,24
pytest-dev__pytest-8399,src/pytest/collect.py,0.3790105879306793,27
pytest-dev__pytest-8399,testing/example_scripts/unittest/test_parametrized_fixture_error_message.py,0.4050721228122711,16
pytest-dev__pytest-8399,testing/test_capture.py,0.35006579756736755,39
pytest-dev__pytest-8399,doc/en/example/fixtures/test_fixtures_request_different_scope.py,0.4050721228122711,16
pytest-dev__pytest-8399,src/_pytest/hookspec.py,0.3863929510116577,22
pytest-dev__pytest-8399,testing/python/metafunc.py,0.38269495964050293,24
pytest-dev__pytest-8399,src/_pytest/runner.py,0.4126248061656952,13
pytest-dev__pytest-8399,testing/example_scripts/issue_519.py,0.3901040256023407,20
pytest-dev__pytest-8399,src/_pytest/config/__init__.py,0.3863929510116577,22
pytest-dev__pytest-8422,src/_pytest/python_api.py,0.8264878392219543,1
pytest-dev__pytest-8422,testing/python/approx.py,0.7480579614639282,2
pytest-dev__pytest-8422,testing/test_error_diffs.py,0.6348603367805481,5
pytest-dev__pytest-8422,testing/test_assertion.py,0.5230305790901184,21
pytest-dev__pytest-8422,testing/test_doctest.py,0.5637142658233643,12
pytest-dev__pytest-8422,testing/test_assertrewrite.py,0.4878930151462555,30
pytest-dev__pytest-8422,doc/en/example/assertion/failure_demo.py,0.5675531625747681,10
pytest-dev__pytest-8422,src/_pytest/assertion/util.py,0.6839264035224915,4
pytest-dev__pytest-8422,src/_pytest/doctest.py,0.5656346678733826,11
pytest-dev__pytest-8422,testing/python/raises.py,0.49179762601852417,28
pytest-dev__pytest-8422,src/_pytest/assertion/rewrite.py,0.5191313028335571,22
pytest-dev__pytest-8422,testing/test_unittest.py,0.454811155796051,43
pytest-dev__pytest-8422,testing/examples/test_issue519.py,0.4781389832496643,36
pytest-dev__pytest-8422,testing/example_scripts/dataclasses/test_compare_recursive_dataclasses.py,0.4839898645877838,32
pytest-dev__pytest-8422,testing/python/collect.py,0.4509396255016327,45
pytest-dev__pytest-8422,testing/test_reports.py,0.5424755215644836,17
pytest-dev__pytest-8422,testing/example_scripts/dataclasses/test_compare_dataclasses_verbose.py,0.4645129144191742,41
pytest-dev__pytest-8422,src/_pytest/pytester_assertions.py,0.5809227228164673,9
pytest-dev__pytest-8422,src/_pytest/recwarn.py,0.46840155124664307,39
pytest-dev__pytest-8422,testing/python/fixtures.py,0.4470740258693695,47
pytest-dev__pytest-8422,testing/typing_checks.py,0.4839898645877838,32
pytest-dev__pytest-8422,src/_pytest/reports.py,0.4820389747619629,33
pytest-dev__pytest-8422,testing/test_compat.py,0.48008865118026733,35
pytest-dev__pytest-8422,testing/test_monkeypatch.py,0.54635089635849,16
pytest-dev__pytest-8422,testing/test_runner.py,0.5035156011581421,24
pytest-dev__pytest-8422,testing/example_scripts/dataclasses/test_compare_dataclasses.py,0.46645671129226685,40
pytest-dev__pytest-8422,testing/conftest.py,0.5249791741371155,19
pytest-dev__pytest-8422,testing/python/integration.py,0.5015625357627869,25
pytest-dev__pytest-8422,src/_pytest/pytester.py,0.47229403257369995,37
pytest-dev__pytest-8422,testing/example_scripts/dataclasses/test_compare_two_different_dataclasses.py,0.4509396255016327,45
pytest-dev__pytest-8422,testing/example_scripts/dataclasses/test_compare_dataclasses_field_comparison_off.py,0.4470740258693695,47
pytest-dev__pytest-8422,src/_pytest/unittest.py,0.5230305790901184,21
pytest-dev__pytest-8422,testing/test_recwarn.py,0.5093739032745361,23
pytest-dev__pytest-8422,src/pytest/__init__.py,0.6989257335662842,3
pytest-dev__pytest-8422,src/_pytest/fixtures.py,0.5540844202041626,14
pytest-dev__pytest-8422,testing/test_session.py,0.4703473448753357,38
pytest-dev__pytest-8422,testing/test_entry_points.py,0.3975641429424286,49
pytest-dev__pytest-8422,testing/test_warning_types.py,0.3753400444984436,50
pytest-dev__pytest-8422,src/_pytest/mark/structures.py,0.6202536225318909,6
pytest-dev__pytest-8422,src/_pytest/assertion/__init__.py,0.5979365706443787,8
pytest-dev__pytest-8422,testing/test_pytester.py,0.5540844202041626,14
pytest-dev__pytest-8422,testing/test_mark.py,0.4586881399154663,42
pytest-dev__pytest-8422,testing/test_junitxml.py,0.49765628576278687,26
pytest-dev__pytest-8422,src/_pytest/monkeypatch.py,0.6184117794036865,7
pytest-dev__pytest-8422,src/_pytest/python.py,0.5521534085273743,15
pytest-dev__pytest-8422,testing/test_pathlib.py,0.4898451566696167,29
pytest-dev__pytest-8422,testing/acceptance_test.py,0.42021888494491577,48
pytest-dev__pytest-8422,testing/python/metafunc.py,0.4957032799720764,27
pytest-dev__pytest-8422,testing/plugins_integration/bdd_wallet.py,0.5249791741371155,19
pytest-dev__pytest-8422,doc/en/example/multipython.py,0.48008865118026733,35
pytest-dev__pytest-8428,src/_pytest/fixtures.py,0.7517210841178894,1
pytest-dev__pytest-8428,testing/python/fixtures.py,0.4957032799720764,21
pytest-dev__pytest-8428,testing/test_mark.py,0.6492228507995605,3
pytest-dev__pytest-8428,src/_pytest/mark/structures.py,0.6923092603683472,2
pytest-dev__pytest-8428,testing/example_scripts/marks/marks_considered_keywords/test_marks_as_keywords.py,0.5288740992546082,17
pytest-dev__pytest-8428,testing/test_doctest.py,0.5035156011581421,19
pytest-dev__pytest-8428,testing/acceptance_test.py,0.4878930151462555,24
pytest-dev__pytest-8428,testing/test_pytester.py,0.4957032799720764,21
pytest-dev__pytest-8428,testing/python/collect.py,0.42021888494491577,39
pytest-dev__pytest-8428,testing/test_collection.py,0.4898451566696167,23
pytest-dev__pytest-8428,src/_pytest/warning_types.py,0.5521534085273743,12
pytest-dev__pytest-8428,testing/deprecated_test.py,0.4645129144191742,30
pytest-dev__pytest-8428,testing/python/metafunc.py,0.5560138821601868,10
pytest-dev__pytest-8428,testing/python/show_fixtures_per_test.py,0.4050721228122711,44
pytest-dev__pytest-8428,testing/test_skipping.py,0.5308202505111694,15
pytest-dev__pytest-8428,src/_pytest/outcomes.py,0.5269270539283752,18
pytest-dev__pytest-8428,testing/test_warning_types.py,0.393827885389328,47
pytest-dev__pytest-8428,src/_pytest/deprecated.py,0.4586881399154663,31
pytest-dev__pytest-8428,testing/example_scripts/fixtures/fill_fixtures/test_detect_recursive_dependency_error.py,0.4355173707008362,36
pytest-dev__pytest-8428,testing/typing_checks.py,0.4355173707008362,36
pytest-dev__pytest-8428,testing/test_setuponly.py,0.4355173707008362,36
pytest-dev__pytest-8428,testing/test_runner.py,0.408843070268631,42
pytest-dev__pytest-8428,testing/test_warnings.py,0.5675531625747681,5
pytest-dev__pytest-8428,doc/en/example/xfail_demo.py,0.5637142658233643,6
pytest-dev__pytest-8428,testing/test_terminal.py,0.5617918968200684,8
pytest-dev__pytest-8428,testing/test_setupplan.py,0.393827885389328,47
pytest-dev__pytest-8428,testing/python/integration.py,0.5560138821601868,10
pytest-dev__pytest-8428,src/_pytest/skipping.py,0.5288740992546082,17
pytest-dev__pytest-8428,src/_pytest/junitxml.py,0.47618991136550903,27
pytest-dev__pytest-8428,testing/example_scripts/fixtures/fill_fixtures/test_conftest_funcargs_only_available_in_subdir/sub2/conftest.py,0.4126248061656952,41
pytest-dev__pytest-8428,testing/test_unittest.py,0.6128658652305603,4
pytest-dev__pytest-8428,testing/example_scripts/warnings/test_group_warnings_by_message.py,0.43168002367019653,38
pytest-dev__pytest-8428,src/_pytest/recwarn.py,0.49179762601852417,22
pytest-dev__pytest-8428,src/_pytest/config/__init__.py,0.5540844202041626,11
pytest-dev__pytest-8428,src/_pytest/doctest.py,0.3901040256023407,48
pytest-dev__pytest-8428,src/_pytest/python.py,0.46645671129226685,28
pytest-dev__pytest-8428,testing/example_scripts/acceptance/fixture_mock_integration.py,0.4050721228122711,44
pytest-dev__pytest-8428,testing/example_scripts/fixtures/fill_fixtures/test_conftest_funcargs_only_available_in_subdir/sub1/conftest.py,0.43168002367019653,38
pytest-dev__pytest-8428,testing/example_scripts/warnings/test_group_warnings_by_message_summary/test_1.py,0.4355173707008362,36
pytest-dev__pytest-8428,testing/examples/test_issue519.py,0.35362908244132996,50
pytest-dev__pytest-8428,src/_pytest/warnings.py,0.5617918968200684,8
pytest-dev__pytest-8428,testing/test_junitxml.py,0.4645129144191742,30
pytest-dev__pytest-8428,src/_pytest/nose.py,0.5405358076095581,13
pytest-dev__pytest-8428,testing/conftest.py,0.4820389747619629,26
pytest-dev__pytest-8428,testing/test_nose.py,0.454811155796051,32
pytest-dev__pytest-8428,src/pytest/__init__.py,0.5308202505111694,15
pytest-dev__pytest-8428,testing/test_config.py,0.41641688346862793,40
pytest-dev__pytest-8428,testing/test_recwarn.py,0.3790105879306793,49
pytest-dev__pytest-8428,testing/test_nodes.py,0.3975641429424286,45
pytest-dev__pytest-8428,testing/example_scripts/issue_519.py,0.48594123125076294,25
pytest-dev__pytest-8447,src/_pytest/config/compat.py,0.7915633916854858,3
pytest-dev__pytest-8447,src/_pytest/pytester.py,0.7398737668991089,8
pytest-dev__pytest-8447,testing/test_config.py,0.5637142658233643,34
pytest-dev__pytest-8447,testing/test_pluginmanager.py,0.6872942447662354,13
pytest-dev__pytest-8447,src/_pytest/hookspec.py,0.8013768196105957,2
pytest-dev__pytest-8447,src/_pytest/nodes.py,0.808127760887146,1
pytest-dev__pytest-8447,src/_pytest/config/__init__.py,0.7770293354988098,5
pytest-dev__pytest-8447,src/_pytest/deprecated.py,0.6872942447662354,13
pytest-dev__pytest-8447,testing/acceptance_test.py,0.5249791741371155,42
pytest-dev__pytest-8447,testing/deprecated_test.py,0.5424755215644836,38
pytest-dev__pytest-8447,testing/test_collection.py,0.7553483247756958,7
pytest-dev__pytest-8447,testing/example_scripts/fixtures/custom_item/conftest.py,0.5790196061134338,29
pytest-dev__pytest-8447,testing/test_pytester.py,0.5979365706443787,23
pytest-dev__pytest-8447,testing/test_assertion.py,0.5866175889968872,27
pytest-dev__pytest-8447,src/_pytest/main.py,0.7889736890792847,4
pytest-dev__pytest-8447,src/_pytest/fixtures.py,0.7095024585723877,11
pytest-dev__pytest-8447,testing/python/integration.py,0.5732962489128113,31
pytest-dev__pytest-8447,src/_pytest/python.py,0.7135114669799805,10
pytest-dev__pytest-8447,testing/python/collect.py,0.5617918968200684,35
pytest-dev__pytest-8447,testing/test_cacheprovider.py,0.5074213147163391,43
pytest-dev__pytest-8447,testing/example_scripts/issue88_initial_file_multinodes/conftest.py,0.6294102072715759,20
pytest-dev__pytest-8447,testing/test_conftest.py,0.4586881399154663,46
pytest-dev__pytest-8447,testing/test_helpconfig.py,0.4878930151462555,45
pytest-dev__pytest-8447,src/_pytest/cacheprovider.py,0.7749923467636108,6
pytest-dev__pytest-8447,testing/test_mark.py,0.5288740992546082,39
pytest-dev__pytest-8447,testing/test_main.py,0.5866175889968872,27
pytest-dev__pytest-8447,src/_pytest/warnings.py,0.5828235149383545,28
pytest-dev__pytest-8447,testing/test_session.py,0.6839264035224915,15
pytest-dev__pytest-8447,testing/python/fixtures.py,0.5885108113288879,25
pytest-dev__pytest-8447,testing/conftest.py,0.6366694569587708,19
pytest-dev__pytest-8447,src/_pytest/warning_types.py,0.5637142658233643,34
pytest-dev__pytest-8447,src/_pytest/doctest.py,0.6805390119552612,17
pytest-dev__pytest-8447,src/_pytest/mark/__init__.py,0.5885108113288879,25
pytest-dev__pytest-8447,testing/examples/test_issue519.py,0.3975641429424286,50
pytest-dev__pytest-8447,testing/test_assertrewrite.py,0.5249791741371155,42
pytest-dev__pytest-8447,testing/test_warnings.py,0.3975641429424286,50
pytest-dev__pytest-8447,src/_pytest/runner.py,0.6839264035224915,15
pytest-dev__pytest-8447,testing/test_nodes.py,0.5732962489128113,31
pytest-dev__pytest-8447,testing/test_parseopt.py,0.5502207279205322,36
pytest-dev__pytest-8447,src/_pytest/config/argparsing.py,0.7315191626548767,9
pytest-dev__pytest-8447,src/pytest/__init__.py,0.6822351217269897,16
pytest-dev__pytest-8447,src/pytest/collect.py,0.5269270539283752,40
pytest-dev__pytest-8447,testing/test_entry_points.py,0.4050721228122711,48
pytest-dev__pytest-8447,testing/test_monkeypatch.py,0.5054685473442078,44
pytest-dev__pytest-8447,testing/python/metafunc.py,0.5482865571975708,37
pytest-dev__pytest-8447,testing/example_scripts/config/collect_pytest_prefix/conftest.py,0.4355173707008362,47
pytest-dev__pytest-8447,testing/test_terminal.py,0.5694696307182312,32
pytest-dev__pytest-8447,src/_pytest/_code/code.py,0.6563059091567993,18
pytest-dev__pytest-8447,src/_pytest/compat.py,0.6072905659675598,22
pytest-dev__pytest-8447,src/_pytest/mark/structures.py,0.6239269375801086,21
pytest-dev__pytest-8463,src/_pytest/hookspec.py,0.7783799171447754,1
pytest-dev__pytest-8463,testing/conftest.py,0.43168002367019653,14
pytest-dev__pytest-8463,testing/test_terminal.py,0.28905048966407776,46
pytest-dev__pytest-8463,testing/test_config.py,0.34651920199394226,32
pytest-dev__pytest-8463,testing/test_assertrewrite.py,0.4432148039340973,13
pytest-dev__pytest-8463,src/_pytest/deprecated.py,0.6923092603683472,2
pytest-dev__pytest-8463,testing/test_pytester.py,0.36441558599472046,28
pytest-dev__pytest-8463,testing/acceptance_test.py,0.36441558599472046,28
pytest-dev__pytest-8463,testing/test_assertion.py,0.32904666662216187,35
pytest-dev__pytest-8463,src/_pytest/cacheprovider.py,0.454811155796051,9
pytest-dev__pytest-8463,src/_pytest/pytester.py,0.4509396255016327,10
pytest-dev__pytest-8463,src/_pytest/terminal.py,0.633047342300415,4
pytest-dev__pytest-8463,testing/test_pluginmanager.py,0.4050721228122711,20
pytest-dev__pytest-8463,doc/en/example/assertion/test_failures.py,0.30536580085754395,41
pytest-dev__pytest-8463,testing/examples/test_issue519.py,0.27951371669769287,49
pytest-dev__pytest-8463,src/_pytest/_code/code.py,0.393827885389328,22
pytest-dev__pytest-8463,src/_pytest/config/__init__.py,0.5113261938095093,6
pytest-dev__pytest-8463,testing/test_runner.py,0.33598238229751587,34
pytest-dev__pytest-8463,src/_pytest/assertion/rewrite.py,0.454811155796051,9
pytest-dev__pytest-8463,testing/deprecated_test.py,0.4240303635597229,15
pytest-dev__pytest-8463,src/_pytest/stepwise.py,0.36441558599472046,28
pytest-dev__pytest-8463,src/_pytest/capture.py,0.4050721228122711,20
pytest-dev__pytest-8463,testing/python/collect.py,0.33947718143463135,33
pytest-dev__pytest-8463,src/_pytest/warnings.py,0.4470740258693695,12
pytest-dev__pytest-8463,testing/test_cacheprovider.py,0.282671183347702,48
pytest-dev__pytest-8463,testing/python/fixtures.py,0.4781389832496643,7
pytest-dev__pytest-8463,testing/test_warnings.py,0.36080431938171387,30
pytest-dev__pytest-8463,testing/test_conftest.py,0.3120344877243042,40
pytest-dev__pytest-8463,src/_pytest/runner.py,0.4470740258693695,12
pytest-dev__pytest-8463,src/_pytest/python.py,0.42021888494491577,18
pytest-dev__pytest-8463,testing/test_capture.py,0.31539851427078247,38
pytest-dev__pytest-8463,testing/test_session.py,0.36080431938171387,30
pytest-dev__pytest-8463,src/_pytest/assertion/__init__.py,0.42021888494491577,18
pytest-dev__pytest-8463,testing/test_helpconfig.py,0.32218465209007263,37
pytest-dev__pytest-8463,src/_pytest/nodes.py,0.5866175889968872,5
pytest-dev__pytest-8463,src/_pytest/warning_types.py,0.3863929510116577,25
pytest-dev__pytest-8463,src/pytest/__init__.py,0.42021888494491577,18
pytest-dev__pytest-8463,testing/test_stepwise.py,0.2987777292728424,44
pytest-dev__pytest-8463,testing/io/test_terminalwriter.py,0.29227200150489807,45
pytest-dev__pytest-8463,testing/test_pastebin.py,0.3020615577697754,43
pytest-dev__pytest-8463,testing/test_warning_types.py,0.25802674889564514,50
pytest-dev__pytest-8463,testing/test_collection.py,0.3020615577697754,43
pytest-dev__pytest-8463,testing/test_link_resolve.py,0.3572086691856384,31
pytest-dev__pytest-8463,testing/test_setupplan.py,0.2858501672744751,47
pytest-dev__pytest-8463,testing/test_setuponly.py,0.3120344877243042,40
pytest-dev__pytest-8463,src/_pytest/main.py,0.6889709234237671,3
pytest-dev__pytest-8463,src/_pytest/unittest.py,0.3863929510116577,25
pytest-dev__pytest-8463,testing/test_main.py,0.3901040256023407,23
pytest-dev__pytest-8463,src/_pytest/setuponly.py,0.40131235122680664,21
pytest-dev__pytest-8463,src/_pytest/pytester_assertions.py,0.3256063163280487,36
pytest-dev__pytest-8516,src/_pytest/tmpdir.py,0.8929738402366638,1
pytest-dev__pytest-8516,testing/test_tmpdir.py,0.8684255480766296,2
pytest-dev__pytest-8516,src/_pytest/pytester.py,0.7966724038124084,6
pytest-dev__pytest-8516,testing/example_scripts/tmpdir/tmp_path_fixture.py,0.7624948024749756,10
pytest-dev__pytest-8516,testing/test_cacheprovider.py,0.8298231959342957,3
pytest-dev__pytest-8516,src/_pytest/pathlib.py,0.8173413276672363,4
pytest-dev__pytest-8516,src/_pytest/cacheprovider.py,0.7315191626548767,14
pytest-dev__pytest-8516,testing/test_main.py,0.6972792148590088,18
pytest-dev__pytest-8516,testing/test_pathlib.py,0.7502601146697998,13
pytest-dev__pytest-8516,testing/test_conftest.py,0.7837237119674683,8
pytest-dev__pytest-8516,testing/test_collection.py,0.6275860667228699,34
pytest-dev__pytest-8516,testing/test_pytester.py,0.7276659607887268,15
pytest-dev__pytest-8516,testing/test_assertrewrite.py,0.7889736890792847,7
pytest-dev__pytest-8516,testing/python/fixtures.py,0.7553483247756958,12
pytest-dev__pytest-8516,testing/test_link_resolve.py,0.5308202505111694,45
pytest-dev__pytest-8516,testing/acceptance_test.py,0.6719873547554016,24
pytest-dev__pytest-8516,testing/test_monkeypatch.py,0.5979365706443787,41
pytest-dev__pytest-8516,testing/python/collect.py,0.622092068195343,37
pytest-dev__pytest-8516,testing/test_config.py,0.5885108113288879,43
pytest-dev__pytest-8516,src/_pytest/monkeypatch.py,0.5941745638847351,42
pytest-dev__pytest-8516,src/_pytest/assertion/rewrite.py,0.6702630519866943,25
pytest-dev__pytest-8516,src/_pytest/deprecated.py,0.6822351217269897,21
pytest-dev__pytest-8516,src/pytest/__init__.py,0.808127760887146,5
pytest-dev__pytest-8516,src/_pytest/capture.py,0.6275860667228699,34
pytest-dev__pytest-8516,testing/example_scripts/acceptance/fixture_mock_integration.py,0.5771140456199646,44
pytest-dev__pytest-8516,testing/examples/test_issue519.py,0.6072905659675598,40
pytest-dev__pytest-8516,testing/test_warning_types.py,0.4432148039340973,50
pytest-dev__pytest-8516,testing/test_findpaths.py,0.6257582902908325,35
pytest-dev__pytest-8516,src/_pytest/config/__init__.py,0.6312306523323059,31
pytest-dev__pytest-8516,testing/test_warnings.py,0.650999903678894,28
pytest-dev__pytest-8516,doc/en/example/assertion/test_failures.py,0.6805390119552612,22
pytest-dev__pytest-8516,src/_pytest/nodes.py,0.7222136855125427,16
pytest-dev__pytest-8516,testing/test_session.py,0.7749923467636108,9
pytest-dev__pytest-8516,testing/conftest.py,0.6438668966293335,30
pytest-dev__pytest-8516,testing/test_capture.py,0.6527729034423828,27
pytest-dev__pytest-8516,testing/test_runner.py,0.6184117794036865,38
pytest-dev__pytest-8516,testing/python/integration.py,0.6754221320152283,23
pytest-dev__pytest-8516,src/_pytest/warning_types.py,0.6294102072715759,32
pytest-dev__pytest-8516,testing/test_assertion.py,0.5230305790901184,47
pytest-dev__pytest-8516,testing/test_pluginmanager.py,0.6527729034423828,27
pytest-dev__pytest-8516,testing/test_doctest.py,0.622092068195343,37
pytest-dev__pytest-8516,testing/logging/test_reporting.py,0.7111100554466248,17
pytest-dev__pytest-8516,src/_pytest/fixtures.py,0.7575074434280396,11
pytest-dev__pytest-8516,testing/example_scripts/conftest_usageerror/conftest.py,0.5230305790901184,47
pytest-dev__pytest-8516,src/pytest/__main__.py,0.5152297019958496,48
pytest-dev__pytest-8516,src/_pytest/timing.py,0.454811155796051,49
pytest-dev__pytest-8516,testing/test_setupplan.py,0.6165664792060852,39
pytest-dev__pytest-8516,src/_pytest/python.py,0.6492228507995605,29
pytest-dev__pytest-8516,testing/test_pastebin.py,0.6923092603683472,19
pytest-dev__pytest-8516,src/_pytest/main.py,0.6839264035224915,20
pytest-dev__pytest-8641,testing/logging/test_formatter.py,0.7883225679397583,2
pytest-dev__pytest-8641,src/_pytest/logging.py,0.8173413276672363,1
pytest-dev__pytest-8641,testing/test_terminal.py,0.5828235149383545,7
pytest-dev__pytest-8641,testing/logging/test_reporting.py,0.5598676800727844,11
pytest-dev__pytest-8641,testing/logging/test_fixture.py,0.5521534085273743,13
pytest-dev__pytest-8641,src/_pytest/terminal.py,0.6054258346557617,3
pytest-dev__pytest-8641,testing/conftest.py,0.5694696307182312,9
pytest-dev__pytest-8641,src/_pytest/assertion/rewrite.py,0.4240303635597229,42
pytest-dev__pytest-8641,src/_pytest/pytester.py,0.5675531625747681,10
pytest-dev__pytest-8641,testing/test_assertion.py,0.41641688346862793,44
pytest-dev__pytest-8641,testing/io/test_terminalwriter.py,0.43168002367019653,38
pytest-dev__pytest-8641,src/_pytest/assertion/truncate.py,0.4470740258693695,31
pytest-dev__pytest-8641,src/_pytest/assertion/util.py,0.4432148039340973,34
pytest-dev__pytest-8641,testing/test_assertrewrite.py,0.4278508424758911,40
pytest-dev__pytest-8641,src/_pytest/_code/code.py,0.49765628576278687,21
pytest-dev__pytest-8641,testing/test_collection.py,0.3863929510116577,49
pytest-dev__pytest-8641,src/_pytest/reports.py,0.5579416155815125,12
pytest-dev__pytest-8641,testing/test_capture.py,0.4820389747619629,25
pytest-dev__pytest-8641,testing/test_pytester.py,0.42021888494491577,43
pytest-dev__pytest-8641,src/_pytest/_io/terminalwriter.py,0.5922893285751343,4
pytest-dev__pytest-8641,src/_pytest/python.py,0.4432148039340973,34
pytest-dev__pytest-8641,testing/test_config.py,0.5790196061134338,8
pytest-dev__pytest-8641,testing/test_warnings.py,0.4126248061656952,45
pytest-dev__pytest-8641,testing/python/collect.py,0.48008865118026733,27
pytest-dev__pytest-8641,src/_pytest/junitxml.py,0.5828235149383545,7
pytest-dev__pytest-8641,src/_pytest/mark/__init__.py,0.4240303635597229,42
pytest-dev__pytest-8641,testing/test_mark.py,0.4432148039340973,34
pytest-dev__pytest-8641,testing/test_junitxml.py,0.5054685473442078,20
pytest-dev__pytest-8641,testing/test_doctest.py,0.4355173707008362,36
pytest-dev__pytest-8641,src/_pytest/nodes.py,0.5132781267166138,18
pytest-dev__pytest-8641,testing/test_debugging.py,0.5054685473442078,20
pytest-dev__pytest-8641,testing/code/test_excinfo.py,0.43168002367019653,38
pytest-dev__pytest-8641,src/_pytest/capture.py,0.5847217440605164,5
pytest-dev__pytest-8641,testing/acceptance_test.py,0.4355173707008362,36
pytest-dev__pytest-8641,testing/test_pathlib.py,0.393827885389328,47
pytest-dev__pytest-8641,src/_pytest/doctest.py,0.5482865571975708,14
pytest-dev__pytest-8641,src/_pytest/assertion/__init__.py,0.5171807408332825,17
pytest-dev__pytest-8641,testing/test_session.py,0.5269270539283752,16
pytest-dev__pytest-8641,testing/test_error_diffs.py,0.48008865118026733,27
pytest-dev__pytest-8641,src/_pytest/warning_types.py,0.4625701606273651,30
pytest-dev__pytest-8641,testing/test_conftest.py,0.3863929510116577,49
pytest-dev__pytest-8641,src/_pytest/pathlib.py,0.393827885389328,47
pytest-dev__pytest-8641,src/_pytest/config/argparsing.py,0.4703473448753357,29
pytest-dev__pytest-8641,testing/test_runner.py,0.47618991136550903,28
pytest-dev__pytest-8641,testing/python/approx.py,0.48594123125076294,24
pytest-dev__pytest-8641,src/_pytest/deprecated.py,0.4878930151462555,23
pytest-dev__pytest-8641,src/_pytest/config/__init__.py,0.5366528630256653,15
pytest-dev__pytest-8641,testing/test_findpaths.py,0.4278508424758911,40
pytest-dev__pytest-8641,testing/test_link_resolve.py,0.37168383598327637,50
pytest-dev__pytest-8641,src/_pytest/cacheprovider.py,0.4957032799720764,22
pytest-dev__pytest-8861,testing/acceptance_test.py,0.4240303635597229,37
pytest-dev__pytest-8861,src/_pytest/doctest.py,0.6128658652305603,4
pytest-dev__pytest-8861,testing/test_doctest.py,0.5113261938095093,18
pytest-dev__pytest-8861,src/_pytest/runner.py,0.5790196061134338,9
pytest-dev__pytest-8861,testing/test_runner.py,0.4645129144191742,27
pytest-dev__pytest-8861,testing/python/collect.py,0.4839898645877838,23
pytest-dev__pytest-8861,testing/test_pytester.py,0.454811155796051,30
pytest-dev__pytest-8861,src/_pytest/hookspec.py,0.6275860667228699,2
pytest-dev__pytest-8861,src/_pytest/main.py,0.5941745638847351,6
pytest-dev__pytest-8861,testing/test_skipping.py,0.4470740258693695,34
pytest-dev__pytest-8861,testing/test_nose.py,0.4878930151462555,22
pytest-dev__pytest-8861,src/_pytest/skipping.py,0.6257582902908325,3
pytest-dev__pytest-8861,testing/test_session.py,0.5191313028335571,14
pytest-dev__pytest-8861,testing/test_unittest.py,0.4781389832496643,24
pytest-dev__pytest-8861,testing/test_conftest.py,0.35362908244132996,48
pytest-dev__pytest-8861,testing/test_collection.py,0.454811155796051,30
pytest-dev__pytest-8861,src/_pytest/unittest.py,0.5113261938095093,18
pytest-dev__pytest-8861,testing/python/integration.py,0.408843070268631,41
pytest-dev__pytest-8861,testing/test_mark.py,0.5132781267166138,15
pytest-dev__pytest-8861,doc/en/example/assertion/global_testmodule_config/conftest.py,0.35362908244132996,48
pytest-dev__pytest-8861,testing/example_scripts/fixtures/custom_item/conftest.py,0.34298956394195557,49
pytest-dev__pytest-8861,src/_pytest/cacheprovider.py,0.5998133420944214,5
pytest-dev__pytest-8861,src/_pytest/outcomes.py,0.7391212582588196,1
pytest-dev__pytest-8861,src/_pytest/mark/structures.py,0.5809227228164673,8
pytest-dev__pytest-8861,src/_pytest/warnings.py,0.5637142658233643,10
pytest-dev__pytest-8861,testing/examples/test_issue519.py,0.3975641429424286,43
pytest-dev__pytest-8861,testing/test_terminal.py,0.47424158453941345,26
pytest-dev__pytest-8861,src/_pytest/python.py,0.5444138646125793,11
pytest-dev__pytest-8861,testing/conftest.py,0.5113261938095093,18
pytest-dev__pytest-8861,src/_pytest/pytester.py,0.49179762601852417,21
pytest-dev__pytest-8861,testing/test_stepwise.py,0.3975641429424286,43
pytest-dev__pytest-8861,testing/test_assertion.py,0.4278508424758911,36
pytest-dev__pytest-8861,testing/test_warnings.py,0.4126248061656952,39
pytest-dev__pytest-8861,testing/example_scripts/issue88_initial_file_multinodes/conftest.py,0.3863929510116577,44
pytest-dev__pytest-8861,testing/python/metafunc.py,0.4470740258693695,34
pytest-dev__pytest-8861,testing/test_assertrewrite.py,0.4586881399154663,28
pytest-dev__pytest-8861,src/_pytest/stepwise.py,0.49960941076278687,20
pytest-dev__pytest-8861,testing/test_pluginmanager.py,0.4509396255016327,31
pytest-dev__pytest-8861,bench/skip.py,0.36441558599472046,46
pytest-dev__pytest-8861,src/_pytest/nodes.py,0.5366528630256653,12
pytest-dev__pytest-8861,testing/test_junitxml.py,0.42021888494491577,38
pytest-dev__pytest-8861,testing/python/fixtures.py,0.5347096920013428,13
pytest-dev__pytest-8861,src/_pytest/nose.py,0.408843070268631,41
pytest-dev__pytest-8861,src/_pytest/assertion/__init__.py,0.47424158453941345,26
pytest-dev__pytest-8861,src/_pytest/mark/__init__.py,0.5904014110565186,7
pytest-dev__pytest-8861,testing/test_runner_xunit.py,0.4470740258693695,34
pytest-dev__pytest-8861,testing/example_scripts/unittest/test_setup_skip_module.py,0.3120344877243042,50
pytest-dev__pytest-8861,src/_pytest/deprecated.py,0.5054685473442078,19
pytest-dev__pytest-8861,testing/example_scripts/config/collect_pytest_prefix/conftest.py,0.38269495964050293,45
pytest-dev__pytest-8861,src/pytest/collect.py,0.4355173707008362,35
pytest-dev__pytest-8906,testing/test_runner.py,0.7038345336914062,4
pytest-dev__pytest-8906,testing/test_skipping.py,0.6474416255950928,7
pytest-dev__pytest-8906,src/_pytest/outcomes.py,0.834325909614563,1
pytest-dev__pytest-8906,src/_pytest/skipping.py,0.6956275701522827,5
pytest-dev__pytest-8906,testing/example_scripts/unittest/test_setup_skip_module.py,0.48594123125076294,37
pytest-dev__pytest-8906,testing/test_doctest.py,0.4432148039340973,44
pytest-dev__pytest-8906,src/_pytest/mark/structures.py,0.7046481370925903,3
pytest-dev__pytest-8906,testing/python/collect.py,0.5385949611663818,21
pytest-dev__pytest-8906,testing/acceptance_test.py,0.5093739032745361,27
pytest-dev__pytest-8906,bench/skip.py,0.5385949611663818,21
pytest-dev__pytest-8906,src/_pytest/doctest.py,0.4957032799720764,33
pytest-dev__pytest-8906,src/_pytest/python.py,0.7451017498970032,2
pytest-dev__pytest-8906,testing/test_unittest.py,0.5998133420944214,10
pytest-dev__pytest-8906,src/_pytest/deprecated.py,0.5482865571975708,19
pytest-dev__pytest-8906,testing/test_nose.py,0.4432148039340973,44
pytest-dev__pytest-8906,testing/python/fixtures.py,0.5015625357627869,31
pytest-dev__pytest-8906,testing/test_config.py,0.5269270539283752,24
pytest-dev__pytest-8906,testing/test_warnings.py,0.4355173707008362,45
pytest-dev__pytest-8906,testing/test_junitxml.py,0.5540844202041626,17
pytest-dev__pytest-8906,testing/test_pluginmanager.py,0.5502207279205322,18
pytest-dev__pytest-8906,testing/test_collection.py,0.5288740992546082,23
pytest-dev__pytest-8906,testing/test_warning_types.py,0.3901040256023407,50
pytest-dev__pytest-8906,src/_pytest/hookspec.py,0.5732962489128113,11
pytest-dev__pytest-8906,testing/test_session.py,0.5152297019958496,25
pytest-dev__pytest-8906,testing/test_terminal.py,0.5540844202041626,17
pytest-dev__pytest-8906,src/_pytest/config/exceptions.py,0.4898451566696167,36
pytest-dev__pytest-8906,testing/test_pytester.py,0.4703473448753357,40
pytest-dev__pytest-8906,src/_pytest/unittest.py,0.5637142658233643,14
pytest-dev__pytest-8906,testing/test_stepwise.py,0.49179762601852417,34
pytest-dev__pytest-8906,testing/deprecated_test.py,0.4839898645877838,39
pytest-dev__pytest-8906,testing/test_mark.py,0.5656346678733826,13
pytest-dev__pytest-8906,src/_pytest/warning_types.py,0.5035156011581421,29
pytest-dev__pytest-8906,doc/en/example/assertion/global_testmodule_config/conftest.py,0.408843070268631,49
pytest-dev__pytest-8906,doc/en/example/xfail_demo.py,0.5713839530944824,12
pytest-dev__pytest-8906,src/pytest/collect.py,0.4898451566696167,36
pytest-dev__pytest-8906,src/_pytest/config/__init__.py,0.5540844202041626,17
pytest-dev__pytest-8906,testing/example_scripts/unittest/test_setup_skip_class.py,0.42021888494491577,48
pytest-dev__pytest-8906,testing/test_assertrewrite.py,0.5998133420944214,10
pytest-dev__pytest-8906,testing/example_scripts/unittest/test_setup_skip.py,0.4240303635597229,47
pytest-dev__pytest-8906,testing/python/integration.py,0.4957032799720764,33
pytest-dev__pytest-8906,testing/test_conftest.py,0.454811155796051,41
pytest-dev__pytest-8906,testing/python/raises.py,0.5035156011581421,29
pytest-dev__pytest-8906,src/pytest/__init__.py,0.6348603367805481,8
pytest-dev__pytest-8906,src/_pytest/assertion/rewrite.py,0.5015625357627869,31
pytest-dev__pytest-8906,testing/test_recwarn.py,0.4470740258693695,42
pytest-dev__pytest-8906,src/_pytest/stepwise.py,0.5132781267166138,26
pytest-dev__pytest-8906,testing/python/metafunc.py,0.6492228507995605,6
pytest-dev__pytest-8906,src/_pytest/warnings.py,0.5366528630256653,22
pytest-dev__pytest-8906,src/_pytest/python_api.py,0.4839898645877838,39
pytest-dev__pytest-8906,testing/examples/test_issue519.py,0.4240303635597229,47
pytest-dev__pytest-8950,testing/test_skipping.py,0.7276659607887268,4
pytest-dev__pytest-8950,src/_pytest/skipping.py,0.7307512760162354,3
pytest-dev__pytest-8950,src/_pytest/outcomes.py,0.7777053117752075,1
pytest-dev__pytest-8950,testing/test_runner.py,0.6312306523323059,6
pytest-dev__pytest-8950,testing/test_junitxml.py,0.638474702835083,5
pytest-dev__pytest-8950,bench/skip.py,0.4625701606273651,33
pytest-dev__pytest-8950,testing/test_unittest.py,0.6147178411483765,11
pytest-dev__pytest-8950,doc/en/example/xfail_demo.py,0.6257582902908325,7
pytest-dev__pytest-8950,src/_pytest/deprecated.py,0.5866175889968872,12
pytest-dev__pytest-8950,testing/acceptance_test.py,0.5249791741371155,19
pytest-dev__pytest-8950,testing/test_nose.py,0.4050721228122711,44
pytest-dev__pytest-8950,src/_pytest/mark/structures.py,0.7353376746177673,2
pytest-dev__pytest-8950,src/_pytest/unittest.py,0.622092068195343,9
pytest-dev__pytest-8950,testing/test_stepwise.py,0.5579416155815125,15
pytest-dev__pytest-8950,testing/test_doctest.py,0.4645129144191742,32
pytest-dev__pytest-8950,src/_pytest/hookspec.py,0.5366528630256653,17
pytest-dev__pytest-8950,testing/test_mark.py,0.5502207279205322,16
pytest-dev__pytest-8950,src/_pytest/config/exceptions.py,0.36080431938171387,49
pytest-dev__pytest-8950,testing/python/collect.py,0.5132781267166138,20
pytest-dev__pytest-8950,testing/python/metafunc.py,0.6147178411483765,11
pytest-dev__pytest-8950,testing/test_session.py,0.5074213147163391,22
pytest-dev__pytest-8950,testing/example_scripts/unittest/test_setup_skip_module.py,0.4240303635597229,41
pytest-dev__pytest-8950,src/_pytest/doctest.py,0.46840155124664307,31
pytest-dev__pytest-8950,testing/test_terminal.py,0.6239269375801086,8
pytest-dev__pytest-8950,testing/deprecated_test.py,0.408843070268631,43
pytest-dev__pytest-8950,testing/test_warnings.py,0.4240303635597229,41
pytest-dev__pytest-8950,testing/test_debugging.py,0.49960941076278687,24
pytest-dev__pytest-8950,src/pytest/__init__.py,0.5656346678733826,14
pytest-dev__pytest-8950,testing/python/fixtures.py,0.4586881399154663,35
pytest-dev__pytest-8950,src/_pytest/warning_types.py,0.42021888494491577,42
pytest-dev__pytest-8950,doc/en/example/assertion/failure_demo.py,0.4839898645877838,29
pytest-dev__pytest-8950,testing/python/raises.py,0.49765628576278687,27
pytest-dev__pytest-8950,src/_pytest/stepwise.py,0.4432148039340973,37
pytest-dev__pytest-8950,testing/test_config.py,0.5054685473442078,23
pytest-dev__pytest-8950,testing/test_collection.py,0.5074213147163391,22
pytest-dev__pytest-8950,src/_pytest/nodes.py,0.4355173707008362,39
pytest-dev__pytest-8950,testing/test_assertrewrite.py,0.43936243653297424,38
pytest-dev__pytest-8950,src/_pytest/python_api.py,0.49765628576278687,27
pytest-dev__pytest-8950,doc/en/example/assertion/test_failures.py,0.3790105879306793,46
pytest-dev__pytest-8950,testing/test_conftest.py,0.40131235122680664,45
pytest-dev__pytest-8950,testing/typing_checks.py,0.4432148039340973,37
pytest-dev__pytest-8950,testing/example_scripts/unittest/test_setup_skip.py,0.3680422008037567,48
pytest-dev__pytest-8950,testing/test_warning_types.py,0.34651920199394226,50
pytest-dev__pytest-8950,src/_pytest/runner.py,0.5327655076980591,18
pytest-dev__pytest-8950,src/_pytest/config/__init__.py,0.48008865118026733,30
pytest-dev__pytest-8950,src/_pytest/python.py,0.49179762601852417,28
pytest-dev__pytest-8950,testing/test_cacheprovider.py,0.5713839530944824,13
pytest-dev__pytest-8950,testing/example_scripts/unittest/test_setup_skip_class.py,0.3680422008037567,48
pytest-dev__pytest-8950,src/_pytest/fixtures.py,0.4586881399154663,35
pytest-dev__pytest-8950,testing/test_pluginmanager.py,0.49765628576278687,27
pytest-dev__pytest-8952,src/_pytest/pytester_assertions.py,0.5694696307182312,2
pytest-dev__pytest-8952,testing/test_warnings.py,0.5694696307182312,2
pytest-dev__pytest-8952,testing/test_warning_types.py,0.35362908244132996,37
pytest-dev__pytest-8952,src/_pytest/recwarn.py,0.5113261938095093,7
pytest-dev__pytest-8952,src/_pytest/pytester.py,0.5598676800727844,3
pytest-dev__pytest-8952,testing/test_terminal.py,0.4820389747619629,10
pytest-dev__pytest-8952,testing/test_recwarn.py,0.49765628576278687,8
pytest-dev__pytest-8952,testing/test_nodes.py,0.3975641429424286,27
pytest-dev__pytest-8952,src/_pytest/warning_types.py,0.40131235122680664,26
pytest-dev__pytest-8952,testing/test_pytester.py,0.5502207279205322,5
pytest-dev__pytest-8952,testing/test_assertion.py,0.4645129144191742,13
pytest-dev__pytest-8952,testing/example_scripts/warnings/test_group_warnings_by_message_summary/test_1.py,0.29551446437835693,46
pytest-dev__pytest-8952,testing/example_scripts/warnings/test_group_warnings_by_message.py,0.29227200150489807,47
pytest-dev__pytest-8952,src/_pytest/hookspec.py,0.4126248061656952,25
pytest-dev__pytest-8952,testing/test_runner.py,0.4355173707008362,18
pytest-dev__pytest-8952,src/_pytest/assertion/__init__.py,0.42021888494491577,21
pytest-dev__pytest-8952,testing/test_assertrewrite.py,0.3863929510116577,30
pytest-dev__pytest-8952,src/_pytest/warnings.py,0.4432148039340973,17
pytest-dev__pytest-8952,testing/test_unittest.py,0.47618991136550903,11
pytest-dev__pytest-8952,testing/examples/test_issue519.py,0.4957032799720764,9
pytest-dev__pytest-8952,src/_pytest/terminal.py,0.4470740258693695,16
pytest-dev__pytest-8952,testing/test_stepwise.py,0.34298956394195557,42
pytest-dev__pytest-8952,doc/en/example/assertion/failure_demo.py,0.2987777292728424,45
pytest-dev__pytest-8952,src/_pytest/assertion/rewrite.py,0.36441558599472046,33
pytest-dev__pytest-8952,testing/test_error_diffs.py,0.25802674889564514,50
pytest-dev__pytest-8952,testing/test_doctest.py,0.3572086691856384,36
pytest-dev__pytest-8952,src/_pytest/reports.py,0.4126248061656952,25
pytest-dev__pytest-8952,src/_pytest/runner.py,0.41641688346862793,22
pytest-dev__pytest-8952,doc/en/example/assertion/test_failures.py,0.38269495964050293,31
pytest-dev__pytest-8952,src/_pytest/unittest.py,0.34298956394195557,42
pytest-dev__pytest-8952,testing/python/approx.py,0.28905048966407776,48
pytest-dev__pytest-8952,testing/test_nose.py,0.34298956394195557,42
pytest-dev__pytest-8952,testing/python/raises.py,0.3572086691856384,36
pytest-dev__pytest-8952,testing/test_capture.py,0.3863929510116577,30
pytest-dev__pytest-8952,testing/test_session.py,0.4126248061656952,25
pytest-dev__pytest-8952,testing/test_threadexception.py,0.5540844202041626,4
pytest-dev__pytest-8952,testing/python/collect.py,0.4240303635597229,20
pytest-dev__pytest-8952,src/_pytest/deprecated.py,0.34651920199394226,38
pytest-dev__pytest-8952,src/_pytest/outcomes.py,0.47229403257369995,12
pytest-dev__pytest-8952,src/pytest/__init__.py,0.43168002367019653,19
pytest-dev__pytest-8952,testing/acceptance_test.py,0.4586881399154663,15
pytest-dev__pytest-8952,testing/test_config.py,0.4625701606273651,14
pytest-dev__pytest-8952,testing/logging/test_fixture.py,0.3901040256023407,28
pytest-dev__pytest-8952,testing/test_helpconfig.py,0.3020615577697754,44
pytest-dev__pytest-8952,src/_pytest/doctest.py,0.2858501672744751,49
pytest-dev__pytest-8952,testing/logging/test_reporting.py,0.34298956394195557,42
pytest-dev__pytest-8952,testing/test_junitxml.py,0.3790105879306793,32
pytest-dev__pytest-8952,testing/test_setupplan.py,0.30536580085754395,43
pytest-dev__pytest-8952,testing/test_unraisableexception.py,0.5288740992546082,6
pytest-dev__pytest-8952,testing/test_skipping.py,0.36080431938171387,34
pytest-dev__pytest-8987,testing/test_mark.py,0.6456562876701355,8
pytest-dev__pytest-8987,src/_pytest/mark/__init__.py,0.763906717300415,2
pytest-dev__pytest-8987,testing/acceptance_test.py,0.5249791741371155,36
pytest-dev__pytest-8987,testing/test_collection.py,0.6702630519866943,7
pytest-dev__pytest-8987,testing/test_mark_expression.py,0.6939709186553955,5
pytest-dev__pytest-8987,testing/test_junitxml.py,0.6054258346557617,14
pytest-dev__pytest-8987,src/_pytest/mark/expression.py,0.8259269595146179,1
pytest-dev__pytest-8987,testing/test_terminal.py,0.6110106706619263,12
pytest-dev__pytest-8987,testing/test_assertrewrite.py,0.49960941076278687,41
pytest-dev__pytest-8987,src/_pytest/mark/structures.py,0.7292113304138184,3
pytest-dev__pytest-8987,testing/python/metafunc.py,0.5521534085273743,30
pytest-dev__pytest-8987,src/_pytest/assertion/rewrite.py,0.5847217440605164,18
pytest-dev__pytest-8987,src/_pytest/python.py,0.6788381338119507,6
pytest-dev__pytest-8987,testing/test_config.py,0.5752062797546387,19
pytest-dev__pytest-8987,testing/test_doctest.py,0.6091521978378296,13
pytest-dev__pytest-8987,testing/test_session.py,0.6147178411483765,11
pytest-dev__pytest-8987,src/_pytest/pytester.py,0.7253374457359314,4
pytest-dev__pytest-8987,testing/conftest.py,0.5521534085273743,30
pytest-dev__pytest-8987,testing/examples/test_issue519.py,0.42021888494491577,50
pytest-dev__pytest-8987,testing/test_pytester.py,0.5502207279205322,31
pytest-dev__pytest-8987,testing/python/collect.py,0.5675531625747681,22
pytest-dev__pytest-8987,doc/en/example/assertion/failure_demo.py,0.5979365706443787,15
pytest-dev__pytest-8987,testing/test_skipping.py,0.5113261938095093,38
pytest-dev__pytest-8987,testing/test_assertion.py,0.4878930151462555,45
pytest-dev__pytest-8987,testing/typing_checks.py,0.4878930151462555,45
pytest-dev__pytest-8987,testing/python/integration.py,0.49179762601852417,43
pytest-dev__pytest-8987,testing/test_conftest.py,0.5675531625747681,22
pytest-dev__pytest-8987,src/_pytest/doctest.py,0.5054685473442078,39
pytest-dev__pytest-8987,testing/test_pastebin.py,0.49960941076278687,41
pytest-dev__pytest-8987,testing/test_parseopt.py,0.5922893285751343,16
pytest-dev__pytest-8987,testing/python/fixtures.py,0.5637142658233643,25
pytest-dev__pytest-8987,testing/test_error_diffs.py,0.5405358076095581,35
pytest-dev__pytest-8987,testing/test_runner.py,0.5191313028335571,37
pytest-dev__pytest-8987,src/_pytest/skipping.py,0.5694696307182312,20
pytest-dev__pytest-8987,testing/test_capture.py,0.5405358076095581,35
pytest-dev__pytest-8987,src/_pytest/assertion/util.py,0.5904014110565186,17
pytest-dev__pytest-8987,testing/python/raises.py,0.4839898645877838,46
pytest-dev__pytest-8987,src/_pytest/python_api.py,0.6275860667228699,10
pytest-dev__pytest-8987,testing/test_cacheprovider.py,0.49765628576278687,42
pytest-dev__pytest-8987,testing/test_main.py,0.5637142658233643,25
pytest-dev__pytest-8987,src/_pytest/assertion/__init__.py,0.5560138821601868,27
pytest-dev__pytest-8987,testing/test_warnings.py,0.4625701606273651,48
pytest-dev__pytest-8987,testing/test_pathlib.py,0.54635089635849,32
pytest-dev__pytest-8987,testing/deprecated_test.py,0.5560138821601868,27
pytest-dev__pytest-8987,testing/test_link_resolve.py,0.43168002367019653,49
pytest-dev__pytest-8987,doc/en/example/xfail_demo.py,0.48008865118026733,47
pytest-dev__pytest-8987,src/_pytest/config/__init__.py,0.6438668966293335,9
pytest-dev__pytest-8987,testing/test_unittest.py,0.5521534085273743,30
pytest-dev__pytest-8987,src/_pytest/_code/code.py,0.5405358076095581,35
pytest-dev__pytest-8987,testing/code/test_source.py,0.5656346678733826,23
pytest-dev__pytest-9064,testing/test_stepwise.py,0.7982496619224548,2
pytest-dev__pytest-9064,src/_pytest/stepwise.py,0.8555376529693604,1
pytest-dev__pytest-9064,bench/skip.py,0.454811155796051,45
pytest-dev__pytest-9064,src/_pytest/skipping.py,0.622092068195343,10
pytest-dev__pytest-9064,testing/test_skipping.py,0.5752062797546387,16
pytest-dev__pytest-9064,testing/test_unittest.py,0.5617918968200684,22
pytest-dev__pytest-9064,src/_pytest/cacheprovider.py,0.6737070679664612,5
pytest-dev__pytest-9064,testing/test_doctest.py,0.49375033378601074,38
pytest-dev__pytest-9064,testing/test_cacheprovider.py,0.5675531625747681,20
pytest-dev__pytest-9064,testing/test_runner.py,0.6527729034423828,8
pytest-dev__pytest-9064,testing/test_terminal.py,0.5885108113288879,14
pytest-dev__pytest-9064,testing/test_session.py,0.6754221320152283,4
pytest-dev__pytest-9064,testing/test_debugging.py,0.5054685473442078,31
pytest-dev__pytest-9064,testing/acceptance_test.py,0.4781389832496643,42
pytest-dev__pytest-9064,testing/python/fixtures.py,0.5502207279205322,24
pytest-dev__pytest-9064,src/_pytest/outcomes.py,0.6702630519866943,6
pytest-dev__pytest-9064,testing/test_collection.py,0.5656346678733826,21
pytest-dev__pytest-9064,src/_pytest/doctest.py,0.5444138646125793,25
pytest-dev__pytest-9064,src/_pytest/main.py,0.6633201241493225,7
pytest-dev__pytest-9064,testing/python/metafunc.py,0.49960941076278687,36
pytest-dev__pytest-9064,testing/test_junitxml.py,0.5732962489128113,18
pytest-dev__pytest-9064,testing/test_nose.py,0.5230305790901184,27
pytest-dev__pytest-9064,testing/examples/test_issue519.py,0.4839898645877838,41
pytest-dev__pytest-9064,testing/test_mark.py,0.5790196061134338,15
pytest-dev__pytest-9064,testing/example_scripts/unittest/test_setup_skip_module.py,0.41641688346862793,47
pytest-dev__pytest-9064,src/_pytest/unittest.py,0.5713839530944824,19
pytest-dev__pytest-9064,src/_pytest/hookspec.py,0.5732962489128113,18
pytest-dev__pytest-9064,src/_pytest/runner.py,0.6202536225318909,11
pytest-dev__pytest-9064,testing/test_warnings.py,0.5035156011581421,35
pytest-dev__pytest-9064,doc/en/example/assertion/test_failures.py,0.5035156011581421,35
pytest-dev__pytest-9064,testing/test_faulthandler.py,0.4898451566696167,40
pytest-dev__pytest-9064,testing/test_setupplan.py,0.49375033378601074,38
pytest-dev__pytest-9064,testing/python/collect.py,0.5035156011581421,35
pytest-dev__pytest-9064,testing/test_config.py,0.4586881399154663,44
pytest-dev__pytest-9064,testing/test_conftest.py,0.47229403257369995,43
pytest-dev__pytest-9064,src/_pytest/setupplan.py,0.5424755215644836,26
pytest-dev__pytest-9064,src/_pytest/terminal.py,0.6257582902908325,9
pytest-dev__pytest-9064,testing/test_setuponly.py,0.49179762601852417,39
pytest-dev__pytest-9064,src/_pytest/config/__init__.py,0.6856127977371216,3
pytest-dev__pytest-9064,src/_pytest/pytester.py,0.5885108113288879,14
pytest-dev__pytest-9064,testing/test_assertion.py,0.5132781267166138,29
pytest-dev__pytest-9064,testing/example_scripts/unittest/test_setup_skip.py,0.40131235122680664,50
pytest-dev__pytest-9064,testing/example_scripts/config/collect_pytest_prefix/conftest.py,0.4050721228122711,49
pytest-dev__pytest-9064,doc/en/example/xfail_demo.py,0.5132781267166138,29
pytest-dev__pytest-9064,testing/example_scripts/unittest/test_setup_skip_class.py,0.408843070268631,48
pytest-dev__pytest-9064,testing/test_pytester.py,0.5885108113288879,14
pytest-dev__pytest-9064,testing/test_main.py,0.5540844202041626,23
pytest-dev__pytest-9064,src/_pytest/pytester_assertions.py,0.5054685473442078,31
pytest-dev__pytest-9064,testing/test_helpconfig.py,0.5035156011581421,35
pytest-dev__pytest-9064,testing/deprecated_test.py,0.4240303635597229,46
pytest-dev__pytest-9066,testing/test_warning_types.py,0.41641688346862793,42
pytest-dev__pytest-9066,src/_pytest/warning_types.py,0.5637142658233643,9
pytest-dev__pytest-9066,src/_pytest/nodes.py,0.7667130827903748,1
pytest-dev__pytest-9066,testing/python/collect.py,0.4878930151462555,23
pytest-dev__pytest-9066,testing/test_nodes.py,0.6294102072715759,2
pytest-dev__pytest-9066,src/_pytest/deprecated.py,0.6239269375801086,3
pytest-dev__pytest-9066,testing/test_warnings.py,0.5560138821601868,10
pytest-dev__pytest-9066,testing/test_pluginmanager.py,0.5249791741371155,13
pytest-dev__pytest-9066,src/_pytest/hookspec.py,0.5809227228164673,6
pytest-dev__pytest-9066,src/pytest/__init__.py,0.48594123125076294,25
pytest-dev__pytest-9066,testing/deprecated_test.py,0.48594123125076294,25
pytest-dev__pytest-9066,src/_pytest/config/__init__.py,0.5347096920013428,11
pytest-dev__pytest-9066,testing/test_config.py,0.4470740258693695,37
pytest-dev__pytest-9066,src/_pytest/_code/code.py,0.46840155124664307,30
pytest-dev__pytest-9066,testing/test_assertrewrite.py,0.4839898645877838,26
pytest-dev__pytest-9066,testing/acceptance_test.py,0.5015625357627869,18
pytest-dev__pytest-9066,src/pytest/collect.py,0.5191313028335571,16
pytest-dev__pytest-9066,testing/test_recwarn.py,0.4050721228122711,43
pytest-dev__pytest-9066,src/_pytest/reports.py,0.521081268787384,15
pytest-dev__pytest-9066,src/_pytest/warnings.py,0.5732962489128113,7
pytest-dev__pytest-9066,src/_pytest/python.py,0.5637142658233643,9
pytest-dev__pytest-9066,src/_pytest/mark/structures.py,0.47424158453941345,29
pytest-dev__pytest-9066,src/_pytest/helpconfig.py,0.48008865118026733,27
pytest-dev__pytest-9066,src/_pytest/fixtures.py,0.4586881399154663,33
pytest-dev__pytest-9066,testing/code/test_excinfo.py,0.4470740258693695,37
pytest-dev__pytest-9066,src/_pytest/assertion/rewrite.py,0.4432148039340973,38
pytest-dev__pytest-9066,src/_pytest/terminal.py,0.49765628576278687,20
pytest-dev__pytest-9066,src/_pytest/assertion/__init__.py,0.5904014110565186,4
pytest-dev__pytest-9066,testing/test_helpconfig.py,0.3753400444984436,48
pytest-dev__pytest-9066,src/_pytest/recwarn.py,0.4625701606273651,31
pytest-dev__pytest-9066,testing/test_assertion.py,0.47618991136550903,28
pytest-dev__pytest-9066,testing/test_runner.py,0.4278508424758911,41
pytest-dev__pytest-9066,src/_pytest/config/exceptions.py,0.38269495964050293,46
pytest-dev__pytest-9066,testing/test_terminal.py,0.4509396255016327,35
pytest-dev__pytest-9066,testing/python/show_fixtures_per_test.py,0.40131235122680664,44
pytest-dev__pytest-9066,testing/test_unittest.py,0.454811155796051,34
pytest-dev__pytest-9066,src/_pytest/pytester.py,0.5132781267166138,17
pytest-dev__pytest-9066,testing/test_unraisableexception.py,0.43936243653297424,40
pytest-dev__pytest-9066,testing/python/fixtures.py,0.5249791741371155,13
pytest-dev__pytest-9066,testing/python/integration.py,0.5866175889968872,5
pytest-dev__pytest-9066,src/_pytest/assertion/util.py,0.5230305790901184,14
pytest-dev__pytest-9066,testing/test_session.py,0.43936243653297424,40
pytest-dev__pytest-9066,testing/code/test_source.py,0.4586881399154663,33
pytest-dev__pytest-9066,testing/test_mark.py,0.49765628576278687,20
pytest-dev__pytest-9066,testing/test_conftest.py,0.3863929510116577,45
pytest-dev__pytest-9066,src/_pytest/config/compat.py,0.4957032799720764,21
pytest-dev__pytest-9066,testing/example_scripts/conftest_usageerror/conftest.py,0.34651920199394226,50
pytest-dev__pytest-9066,doc/en/example/assertion/global_testmodule_config/conftest.py,0.49179762601852417,22
pytest-dev__pytest-9066,testing/test_meta.py,0.3790105879306793,47
pytest-dev__pytest-9066,testing/code/test_code.py,0.37168383598327637,49
pytest-dev__pytest-9133,src/_pytest/pytester_assertions.py,0.8211015462875366,2
pytest-dev__pytest-9133,src/_pytest/pytester.py,0.8681464195251465,1
pytest-dev__pytest-9133,testing/test_pytester.py,0.7299820184707642,10
pytest-dev__pytest-9133,testing/test_terminal.py,0.7546257972717285,6
pytest-dev__pytest-9133,testing/test_session.py,0.8029267191886902,3
pytest-dev__pytest-9133,testing/test_assertion.py,0.6257582902908325,21
pytest-dev__pytest-9133,src/_pytest/assertion/__init__.py,0.6035580039024353,27
pytest-dev__pytest-9133,src/_pytest/hookspec.py,0.6165664792060852,24
pytest-dev__pytest-9133,testing/test_mark.py,0.7722559571266174,5
pytest-dev__pytest-9133,testing/acceptance_test.py,0.6906425356864929,15
pytest-dev__pytest-9133,testing/test_runner.py,0.5809227228164673,32
pytest-dev__pytest-9133,testing/examples/test_issue519.py,0.6989257335662842,13
pytest-dev__pytest-9133,testing/test_warnings.py,0.5540844202041626,37
pytest-dev__pytest-9133,src/_pytest/outcomes.py,0.7005671858787537,12
pytest-dev__pytest-9133,testing/test_assertrewrite.py,0.622092068195343,22
pytest-dev__pytest-9133,testing/test_collection.py,0.6633201241493225,18
pytest-dev__pytest-9133,src/_pytest/reports.py,0.6072905659675598,26
pytest-dev__pytest-9133,src/_pytest/runner.py,0.5771140456199646,34
pytest-dev__pytest-9133,testing/test_nose.py,0.5752062797546387,35
pytest-dev__pytest-9133,src/_pytest/mark/__init__.py,0.7465826869010925,8
pytest-dev__pytest-9133,testing/test_unittest.py,0.6668006181716919,17
pytest-dev__pytest-9133,testing/test_error_diffs.py,0.43168002367019653,48
pytest-dev__pytest-9133,testing/test_cacheprovider.py,0.787015974521637,4
pytest-dev__pytest-9133,doc/en/example/assertion/failure_demo.py,0.4878930151462555,45
pytest-dev__pytest-9133,testing/conftest.py,0.5866175889968872,31
pytest-dev__pytest-9133,src/_pytest/assertion/rewrite.py,0.5405358076095581,39
pytest-dev__pytest-9133,testing/test_skipping.py,0.6972792148590088,14
pytest-dev__pytest-9133,testing/test_doctest.py,0.6312306523323059,20
pytest-dev__pytest-9133,src/_pytest/cacheprovider.py,0.7531762719154358,7
pytest-dev__pytest-9133,testing/example_scripts/config/collect_pytest_prefix/conftest.py,0.4126248061656952,49
pytest-dev__pytest-9133,testing/python/collect.py,0.5960569977760315,28
pytest-dev__pytest-9133,src/_pytest/unittest.py,0.5054685473442078,43
pytest-dev__pytest-9133,testing/python/integration.py,0.6702630519866943,16
pytest-dev__pytest-9133,testing/test_reports.py,0.5771140456199646,34
pytest-dev__pytest-9133,doc/en/example/assertion/test_failures.py,0.5424755215644836,38
pytest-dev__pytest-9133,src/_pytest/terminal.py,0.5941745638847351,29
pytest-dev__pytest-9133,testing/example_scripts/doctest/main_py/__main__.py,0.3901040256023407,50
pytest-dev__pytest-9133,src/_pytest/main.py,0.7182783484458923,11
pytest-dev__pytest-9133,src/_pytest/doctest.py,0.5694696307182312,36
pytest-dev__pytest-9133,testing/test_junitxml.py,0.633047342300415,19
pytest-dev__pytest-9133,testing/test_conftest.py,0.5269270539283752,41
pytest-dev__pytest-9133,testing/test_setupplan.py,0.5385949611663818,40
pytest-dev__pytest-9133,testing/test_pastebin.py,0.6128658652305603,25
pytest-dev__pytest-9133,testing/test_stepwise.py,0.7458429336547852,9
pytest-dev__pytest-9133,testing/python/raises.py,0.49960941076278687,44
pytest-dev__pytest-9133,testing/test_helpconfig.py,0.46645671129226685,46
pytest-dev__pytest-9133,testing/test_capture.py,0.5904014110565186,30
pytest-dev__pytest-9133,src/pytest/__init__.py,0.6165664792060852,24
pytest-dev__pytest-9133,src/_pytest/assertion/truncate.py,0.5230305790901184,42
pytest-dev__pytest-9133,testing/example_scripts/fixtures/custom_item/conftest.py,0.4470740258693695,47
pytest-dev__pytest-9249,testing/test_mark.py,0.4898451566696167,22
pytest-dev__pytest-9249,testing/python/metafunc.py,0.5941745638847351,5
pytest-dev__pytest-9249,src/_pytest/mark/__init__.py,0.6438668966293335,3
pytest-dev__pytest-9249,src/_pytest/python.py,0.7119118571281433,1
pytest-dev__pytest-9249,testing/acceptance_test.py,0.5152297019958496,13
pytest-dev__pytest-9249,testing/test_collection.py,0.5152297019958496,13
pytest-dev__pytest-9249,testing/test_junitxml.py,0.49179762601852417,21
pytest-dev__pytest-9249,testing/python/integration.py,0.4703473448753357,26
pytest-dev__pytest-9249,src/_pytest/mark/structures.py,0.6348603367805481,4
pytest-dev__pytest-9249,testing/python/collect.py,0.5074213147163391,15
pytest-dev__pytest-9249,testing/typing_checks.py,0.47424158453941345,25
pytest-dev__pytest-9249,testing/test_setuponly.py,0.4586881399154663,31
pytest-dev__pytest-9249,testing/test_mark_expression.py,0.5579416155815125,7
pytest-dev__pytest-9249,src/_pytest/nodes.py,0.5113261938095093,14
pytest-dev__pytest-9249,testing/test_conftest.py,0.4586881399154663,31
pytest-dev__pytest-9249,testing/conftest.py,0.4126248061656952,41
pytest-dev__pytest-9249,testing/test_terminal.py,0.521081268787384,10
pytest-dev__pytest-9249,testing/test_scope.py,0.4240303635597229,36
pytest-dev__pytest-9249,testing/test_session.py,0.5152297019958496,13
pytest-dev__pytest-9249,testing/test_nodes.py,0.5347096920013428,9
pytest-dev__pytest-9249,src/_pytest/fixtures.py,0.5366528630256653,8
pytest-dev__pytest-9249,doc/en/example/assertion/failure_demo.py,0.4781389832496643,24
pytest-dev__pytest-9249,testing/python/fixtures.py,0.4126248061656952,41
pytest-dev__pytest-9249,src/_pytest/pytester.py,0.4878930151462555,23
pytest-dev__pytest-9249,testing/test_parseopt.py,0.46645671129226685,27
pytest-dev__pytest-9249,testing/examples/test_issue519.py,0.33947718143463135,49
pytest-dev__pytest-9249,testing/test_assertrewrite.py,0.4355173707008362,34
pytest-dev__pytest-9249,src/_pytest/assertion/rewrite.py,0.4126248061656952,41
pytest-dev__pytest-9249,src/_pytest/main.py,0.5847217440605164,6
pytest-dev__pytest-9249,testing/test_error_diffs.py,0.4645129144191742,28
pytest-dev__pytest-9249,testing/test_main.py,0.5015625357627869,16
pytest-dev__pytest-9249,testing/test_link_resolve.py,0.4050721228122711,43
pytest-dev__pytest-9249,testing/test_cacheprovider.py,0.41641688346862793,38
pytest-dev__pytest-9249,bench/manyparam.py,0.3975641429424286,45
pytest-dev__pytest-9249,testing/test_config.py,0.49375033378601074,20
pytest-dev__pytest-9249,src/_pytest/junitxml.py,0.4586881399154663,31
pytest-dev__pytest-9249,src/pytest/__init__.py,0.3790105879306793,46
pytest-dev__pytest-9249,src/_pytest/deprecated.py,0.49960941076278687,17
pytest-dev__pytest-9249,testing/test_pathlib.py,0.4509396255016327,32
pytest-dev__pytest-9249,testing/test_setupplan.py,0.35362908244132996,47
pytest-dev__pytest-9249,testing/test_doctest.py,0.33947718143463135,49
pytest-dev__pytest-9249,testing/test_pytester.py,0.43936243653297424,33
pytest-dev__pytest-9249,src/_pytest/config/__init__.py,0.4957032799720764,19
pytest-dev__pytest-9249,src/_pytest/doctest.py,0.4278508424758911,35
pytest-dev__pytest-9249,testing/plugins_integration/simple_integration.py,0.41641688346862793,38
pytest-dev__pytest-9249,src/_pytest/config/argparsing.py,0.6580659747123718,2
pytest-dev__pytest-9249,testing/deprecated_test.py,0.49765628576278687,18
pytest-dev__pytest-9249,testing/example_scripts/config/collect_pytest_prefix/conftest.py,0.3256063163280487,50
pytest-dev__pytest-9249,testing/example_scripts/warnings/test_group_warnings_by_message_summary/test_1.py,0.4050721228122711,43
pytest-dev__pytest-9249,testing/example_scripts/warnings/test_group_warnings_by_message.py,0.40131235122680664,44
pytest-dev__pytest-9279,src/_pytest/config/compat.py,0.7922071814537048,3
pytest-dev__pytest-9279,src/_pytest/deprecated.py,0.6633201241493225,17
pytest-dev__pytest-9279,src/_pytest/nodes.py,0.8211015462875366,1
pytest-dev__pytest-9279,src/_pytest/hookspec.py,0.8149970173835754,2
pytest-dev__pytest-9279,testing/test_pluginmanager.py,0.6872942447662354,13
pytest-dev__pytest-9279,testing/acceptance_test.py,0.5828235149383545,30
pytest-dev__pytest-9279,src/_pytest/config/__init__.py,0.7473210096359253,6
pytest-dev__pytest-9279,testing/test_config.py,0.5579416155815125,38
pytest-dev__pytest-9279,testing/deprecated_test.py,0.5790196061134338,33
pytest-dev__pytest-9279,src/_pytest/legacypath.py,0.7078896164894104,9
pytest-dev__pytest-9279,testing/test_legacypath.py,0.6580659747123718,19
pytest-dev__pytest-9279,src/pytest/__init__.py,0.5656346678733826,36
pytest-dev__pytest-9279,testing/test_collection.py,0.7553483247756958,5
pytest-dev__pytest-9279,testing/python/collect.py,0.5771140456199646,34
pytest-dev__pytest-9279,testing/test_pytester.py,0.5694696307182312,35
pytest-dev__pytest-9279,testing/test_assertion.py,0.6257582902908325,23
pytest-dev__pytest-9279,testing/example_scripts/fixtures/custom_item/conftest.py,0.5790196061134338,33
pytest-dev__pytest-9279,testing/test_nodes.py,0.6906425356864929,12
pytest-dev__pytest-9279,src/_pytest/main.py,0.7777053117752075,4
pytest-dev__pytest-9279,testing/test_pythonpath.py,0.5015625357627869,44
pytest-dev__pytest-9279,testing/test_cacheprovider.py,0.5424755215644836,40
pytest-dev__pytest-9279,src/_pytest/pytester.py,0.6456562876701355,20
pytest-dev__pytest-9279,testing/test_assertrewrite.py,0.5847217440605164,29
pytest-dev__pytest-9279,src/_pytest/python.py,0.7054604887962341,10
pytest-dev__pytest-9279,src/_pytest/fixtures.py,0.6939709186553955,11
pytest-dev__pytest-9279,testing/example_scripts/issue88_initial_file_multinodes/conftest.py,0.6294102072715759,22
pytest-dev__pytest-9279,testing/test_conftest.py,0.4586881399154663,47
pytest-dev__pytest-9279,testing/python/integration.py,0.5998133420944214,26
pytest-dev__pytest-9279,testing/test_helpconfig.py,0.4898451566696167,45
pytest-dev__pytest-9279,src/_pytest/pythonpath.py,0.47618991136550903,46
pytest-dev__pytest-9279,src/_pytest/cacheprovider.py,0.7421227693557739,7
pytest-dev__pytest-9279,testing/test_mark.py,0.6016871333122253,25
pytest-dev__pytest-9279,testing/test_main.py,0.5866175889968872,28
pytest-dev__pytest-9279,src/_pytest/warnings.py,0.5790196061134338,33
pytest-dev__pytest-9279,testing/test_session.py,0.6839264035224915,15
pytest-dev__pytest-9279,src/_pytest/mark/__init__.py,0.6147178411483765,24
pytest-dev__pytest-9279,src/_pytest/doctest.py,0.6668006181716919,16
pytest-dev__pytest-9279,testing/python/fixtures.py,0.5385949611663818,41
pytest-dev__pytest-9279,testing/conftest.py,0.6366694569587708,21
pytest-dev__pytest-9279,src/_pytest/reports.py,0.6598217487335205,18
pytest-dev__pytest-9279,src/_pytest/warning_types.py,0.5598676800727844,37
pytest-dev__pytest-9279,testing/examples/test_issue519.py,0.3975641429424286,50
pytest-dev__pytest-9279,testing/test_warnings.py,0.3975641429424286,50
pytest-dev__pytest-9279,src/_pytest/runner.py,0.6839264035224915,15
pytest-dev__pytest-9279,testing/test_parseopt.py,0.5502207279205322,39
pytest-dev__pytest-9279,src/_pytest/config/argparsing.py,0.7315191626548767,8
pytest-dev__pytest-9279,src/pytest/collect.py,0.5269270539283752,42
pytest-dev__pytest-9279,testing/test_monkeypatch.py,0.5054685473442078,43
pytest-dev__pytest-9279,testing/test_pathlib.py,0.5885108113288879,27
pytest-dev__pytest-9279,testing/test_entry_points.py,0.4050721228122711,48
pytest-dev__pytest-9359,src/_pytest/_code/code.py,0.7135114669799805,5
pytest-dev__pytest-9359,testing/test_assertion.py,0.6402760744094849,13
pytest-dev__pytest-9359,testing/code/test_source.py,0.6598217487335205,8
pytest-dev__pytest-9359,testing/test_assertrewrite.py,0.6580659747123718,9
pytest-dev__pytest-9359,src/_pytest/assertion/__init__.py,0.7582242488861084,2
pytest-dev__pytest-9359,src/_pytest/assertion/rewrite.py,0.7998178601264954,1
pytest-dev__pytest-9359,testing/python/collect.py,0.6035580039024353,19
pytest-dev__pytest-9359,testing/code/test_excinfo.py,0.6239269375801086,15
pytest-dev__pytest-9359,testing/code/test_code.py,0.5482865571975708,28
pytest-dev__pytest-9359,doc/en/example/assertion/failure_demo.py,0.5998133420944214,20
pytest-dev__pytest-9359,src/_pytest/nodes.py,0.7421227693557739,3
pytest-dev__pytest-9359,src/_pytest/doctest.py,0.5790196061134338,22
pytest-dev__pytest-9359,testing/test_runner.py,0.5327655076980591,30
pytest-dev__pytest-9359,testing/test_terminal.py,0.5828235149383545,21
pytest-dev__pytest-9359,testing/test_error_diffs.py,0.5540844202041626,26
pytest-dev__pytest-9359,src/_pytest/assertion/util.py,0.7030196189880371,7
pytest-dev__pytest-9359,src/_pytest/pytester.py,0.6165664792060852,17
pytest-dev__pytest-9359,src/_pytest/unittest.py,0.5521534085273743,27
pytest-dev__pytest-9359,src/_pytest/fixtures.py,0.6128658652305603,18
pytest-dev__pytest-9359,testing/test_session.py,0.5152297019958496,34
pytest-dev__pytest-9359,testing/test_warnings.py,0.5675531625747681,24
pytest-dev__pytest-9359,testing/test_doctest.py,0.5308202505111694,31
pytest-dev__pytest-9359,testing/test_nodes.py,0.4355173707008362,47
pytest-dev__pytest-9359,testing/acceptance_test.py,0.49179762601852417,37
pytest-dev__pytest-9359,testing/test_unittest.py,0.49375033378601074,36
pytest-dev__pytest-9359,testing/examples/test_issue519.py,0.4470740258693695,45
pytest-dev__pytest-9359,testing/test_pytester.py,0.4432148039340973,46
pytest-dev__pytest-9359,src/_pytest/reports.py,0.650999903678894,10
pytest-dev__pytest-9359,src/_pytest/_code/source.py,0.6257582902908325,14
pytest-dev__pytest-9359,doc/en/example/assertion/test_failures.py,0.4645129144191742,40
pytest-dev__pytest-9359,testing/conftest.py,0.5230305790901184,32
pytest-dev__pytest-9359,src/_pytest/assertion/truncate.py,0.7135114669799805,5
pytest-dev__pytest-9359,testing/test_debugging.py,0.5132781267166138,35
pytest-dev__pytest-9359,src/_pytest/warning_types.py,0.6165664792060852,17
pytest-dev__pytest-9359,testing/python/show_fixtures_per_test.py,0.454811155796051,44
pytest-dev__pytest-9359,testing/test_warning_types.py,0.37168383598327637,50
pytest-dev__pytest-9359,testing/test_link_resolve.py,0.4050721228122711,49
pytest-dev__pytest-9359,testing/test_mark.py,0.521081268787384,33
pytest-dev__pytest-9359,src/_pytest/outcomes.py,0.5560138821601868,25
pytest-dev__pytest-9359,src/_pytest/hookspec.py,0.5675531625747681,24
pytest-dev__pytest-9359,testing/python/integration.py,0.6420735120773315,12
pytest-dev__pytest-9359,testing/test_capture.py,0.4878930151462555,39
pytest-dev__pytest-9359,src/_pytest/pytester_assertions.py,0.6456562876701355,11
pytest-dev__pytest-9359,testing/test_setupplan.py,0.4625701606273651,41
pytest-dev__pytest-9359,testing/test_skipping.py,0.4586881399154663,42
pytest-dev__pytest-9359,testing/test_compat.py,0.5327655076980591,30
pytest-dev__pytest-9359,src/_pytest/_code/__init__.py,0.7078896164894104,6
pytest-dev__pytest-9359,testing/test_setuponly.py,0.4126248061656952,48
pytest-dev__pytest-9359,testing/python/raises.py,0.454811155796051,44
pytest-dev__pytest-9359,testing/test_pluginmanager.py,0.4878930151462555,39
pytest-dev__pytest-9475,src/_pytest/pytester_assertions.py,0.7850450277328491,1
pytest-dev__pytest-9475,src/_pytest/pytester.py,0.6737070679664612,3
pytest-dev__pytest-9475,testing/test_pytester.py,0.5598676800727844,14
pytest-dev__pytest-9475,testing/test_terminal.py,0.6492228507995605,5
pytest-dev__pytest-9475,testing/test_assertion.py,0.4470740258693695,33
pytest-dev__pytest-9475,testing/test_assertrewrite.py,0.47424158453941345,28
pytest-dev__pytest-9475,src/_pytest/legacypath.py,0.5249791741371155,19
pytest-dev__pytest-9475,testing/test_mark.py,0.6147178411483765,7
pytest-dev__pytest-9475,testing/test_unittest.py,0.5405358076095581,16
pytest-dev__pytest-9475,src/_pytest/assertion/__init__.py,0.5093739032745361,22
pytest-dev__pytest-9475,testing/examples/test_issue519.py,0.5656346678733826,12
pytest-dev__pytest-9475,src/_pytest/assertion/rewrite.py,0.5015625357627869,23
pytest-dev__pytest-9475,doc/en/example/assertion/failure_demo.py,0.41641688346862793,41
pytest-dev__pytest-9475,src/_pytest/deprecated.py,0.5904014110565186,9
pytest-dev__pytest-9475,testing/test_entry_points.py,0.32904666662216187,50
pytest-dev__pytest-9475,testing/test_session.py,0.7214292883872986,2
pytest-dev__pytest-9475,testing/acceptance_test.py,0.49765628576278687,25
pytest-dev__pytest-9475,src/_pytest/hookspec.py,0.5366528630256653,17
pytest-dev__pytest-9475,src/_pytest/outcomes.py,0.6420735120773315,6
pytest-dev__pytest-9475,src/_pytest/unittest.py,0.454811155796051,32
pytest-dev__pytest-9475,testing/test_doctest.py,0.43936243653297424,39
pytest-dev__pytest-9475,testing/test_runner.py,0.43936243653297424,39
pytest-dev__pytest-9475,testing/test_error_diffs.py,0.3790105879306793,46
pytest-dev__pytest-9475,testing/test_stepwise.py,0.49960941076278687,24
pytest-dev__pytest-9475,testing/test_helpconfig.py,0.3680422008037567,47
pytest-dev__pytest-9475,testing/deprecated_test.py,0.4898451566696167,27
pytest-dev__pytest-9475,testing/test_collection.py,0.5713839530944824,11
pytest-dev__pytest-9475,src/pytest/__init__.py,0.5598676800727844,14
pytest-dev__pytest-9475,testing/python/collect.py,0.5288740992546082,18
pytest-dev__pytest-9475,testing/test_warnings.py,0.43936243653297424,39
pytest-dev__pytest-9475,src/_pytest/doctest.py,0.40131235122680664,44
pytest-dev__pytest-9475,testing/python/integration.py,0.4432148039340973,36
pytest-dev__pytest-9475,doc/en/example/assertion/test_failures.py,0.4432148039340973,36
pytest-dev__pytest-9475,testing/test_conftest.py,0.38269495964050293,45
pytest-dev__pytest-9475,testing/test_cacheprovider.py,0.650999903678894,4
pytest-dev__pytest-9475,testing/test_nose.py,0.4432148039340973,36
pytest-dev__pytest-9475,testing/test_legacypath.py,0.49375033378601074,26
pytest-dev__pytest-9475,testing/test_config.py,0.47229403257369995,29
pytest-dev__pytest-9475,testing/test_skipping.py,0.5732962489128113,10
pytest-dev__pytest-9475,testing/test_pastebin.py,0.4278508424758911,40
pytest-dev__pytest-9475,testing/python/approx.py,0.40131235122680664,44
pytest-dev__pytest-9475,testing/test_debugging.py,0.4703473448753357,31
pytest-dev__pytest-9475,testing/example_scripts/config/collect_pytest_prefix/conftest.py,0.34651920199394226,48
pytest-dev__pytest-9475,src/_pytest/runner.py,0.5113261938095093,21
pytest-dev__pytest-9475,testing/conftest.py,0.4703473448753357,31
pytest-dev__pytest-9475,testing/example_scripts/doctest/main_py/__main__.py,0.332505464553833,49
pytest-dev__pytest-9475,src/_pytest/stepwise.py,0.5904014110565186,9
pytest-dev__pytest-9475,testing/python/raises.py,0.4126248061656952,42
pytest-dev__pytest-9475,src/_pytest/skipping.py,0.5191313028335571,20
pytest-dev__pytest-9475,testing/test_reports.py,0.5424755215644836,15
pytest-dev__pytest-9624,testing/python/collect.py,0.5922893285751343,12
pytest-dev__pytest-9624,testing/test_runner.py,0.5847217440605164,13
pytest-dev__pytest-9624,testing/examples/test_issue519.py,0.5405358076095581,29
pytest-dev__pytest-9624,src/_pytest/reports.py,0.5998133420944214,10
pytest-dev__pytest-9624,testing/test_terminal.py,0.5771140456199646,18
pytest-dev__pytest-9624,src/_pytest/pytester.py,0.6035580039024353,9
pytest-dev__pytest-9624,testing/acceptance_test.py,0.5752062797546387,19
pytest-dev__pytest-9624,testing/test_unittest.py,0.5366528630256653,31
pytest-dev__pytest-9624,testing/test_pytester.py,0.5521534085273743,25
pytest-dev__pytest-9624,src/_pytest/unittest.py,0.5960569977760315,11
pytest-dev__pytest-9624,src/_pytest/runner.py,0.6754221320152283,1
pytest-dev__pytest-9624,src/_pytest/hookspec.py,0.6545414924621582,2
pytest-dev__pytest-9624,testing/test_session.py,0.5809227228164673,16
pytest-dev__pytest-9624,testing/test_collection.py,0.5249791741371155,39
pytest-dev__pytest-9624,src/_pytest/config/__init__.py,0.6239269375801086,5
pytest-dev__pytest-9624,testing/test_conftest.py,0.5113261938095093,42
pytest-dev__pytest-9624,testing/test_faulthandler.py,0.5035156011581421,43
pytest-dev__pytest-9624,doc/en/example/assertion/test_failures.py,0.4839898645877838,47
pytest-dev__pytest-9624,testing/test_cacheprovider.py,0.5132781267166138,41
pytest-dev__pytest-9624,testing/example_scripts/config/collect_pytest_prefix/conftest.py,0.5288740992546082,36
pytest-dev__pytest-9624,src/_pytest/_code/code.py,0.6239269375801086,5
pytest-dev__pytest-9624,testing/python/fixtures.py,0.5308202505111694,34
pytest-dev__pytest-9624,src/_pytest/nodes.py,0.6147178411483765,7
pytest-dev__pytest-9624,testing/test_pastebin.py,0.5249791741371155,39
pytest-dev__pytest-9624,testing/test_assertion.py,0.5405358076095581,29
pytest-dev__pytest-9624,testing/test_unraisableexception.py,0.4957032799720764,45
pytest-dev__pytest-9624,src/_pytest/legacypath.py,0.5809227228164673,16
pytest-dev__pytest-9624,src/_pytest/python.py,0.6492228507995605,3
pytest-dev__pytest-9624,testing/test_capture.py,0.47424158453941345,48
pytest-dev__pytest-9624,src/_pytest/assertion/rewrite.py,0.5288740992546082,36
pytest-dev__pytest-9624,src/_pytest/stepwise.py,0.5560138821601868,24
pytest-dev__pytest-9624,src/_pytest/config/exceptions.py,0.454811155796051,50
pytest-dev__pytest-9624,testing/python/integration.py,0.5694696307182312,21
pytest-dev__pytest-9624,src/_pytest/outcomes.py,0.6202536225318909,6
pytest-dev__pytest-9624,testing/test_threadexception.py,0.49960941076278687,44
pytest-dev__pytest-9624,testing/test_debugging.py,0.5828235149383545,14
pytest-dev__pytest-9624,testing/test_assertrewrite.py,0.5269270539283752,37
pytest-dev__pytest-9624,testing/conftest.py,0.5502207279205322,26
pytest-dev__pytest-9624,src/pytest/__main__.py,0.5308202505111694,34
pytest-dev__pytest-9624,testing/code/test_excinfo.py,0.47229403257369995,49
pytest-dev__pytest-9624,testing/test_reports.py,0.5191313028335571,40
pytest-dev__pytest-9624,src/_pytest/logging.py,0.5713839530944824,20
pytest-dev__pytest-9624,src/_pytest/debugging.py,0.5444138646125793,27
pytest-dev__pytest-9624,doc/en/example/assertion/global_testmodule_config/conftest.py,0.4839898645877838,47
pytest-dev__pytest-9624,testing/test_runner_xunit.py,0.5366528630256653,31
pytest-dev__pytest-9624,src/_pytest/faulthandler.py,0.5771140456199646,18
pytest-dev__pytest-9624,src/_pytest/pastebin.py,0.5308202505111694,34
pytest-dev__pytest-9624,src/_pytest/fixtures.py,0.5675531625747681,22
pytest-dev__pytest-9624,src/_pytest/assertion/__init__.py,0.6054258346557617,8
pytest-dev__pytest-9624,src/_pytest/deprecated.py,0.5560138821601868,24
pytest-dev__pytest-9646,testing/test_warnings.py,0.7582242488861084,2
pytest-dev__pytest-9646,src/_pytest/deprecated.py,0.6737070679664612,10
pytest-dev__pytest-9646,testing/test_config.py,0.6805390119552612,9
pytest-dev__pytest-9646,src/_pytest/pytester.py,0.6402760744094849,19
pytest-dev__pytest-9646,src/_pytest/warning_types.py,0.6972792148590088,6
pytest-dev__pytest-9646,src/_pytest/warnings.py,0.7837237119674683,1
pytest-dev__pytest-9646,testing/deprecated_test.py,0.7553483247756958,3
pytest-dev__pytest-9646,testing/test_warning_types.py,0.5713839530944824,29
pytest-dev__pytest-9646,src/_pytest/legacypath.py,0.6492228507995605,18
pytest-dev__pytest-9646,src/pytest/__init__.py,0.6923092603683472,7
pytest-dev__pytest-9646,testing/test_pytester.py,0.5424755215644836,34
pytest-dev__pytest-9646,testing/python/collect.py,0.5713839530944824,29
pytest-dev__pytest-9646,testing/acceptance_test.py,0.6054258346557617,22
pytest-dev__pytest-9646,testing/test_entry_points.py,0.4278508424758911,49
pytest-dev__pytest-9646,testing/conftest.py,0.5598676800727844,32
pytest-dev__pytest-9646,testing/test_collection.py,0.5771140456199646,26
pytest-dev__pytest-9646,testing/test_session.py,0.6580659747123718,16
pytest-dev__pytest-9646,src/_pytest/config/__init__.py,0.650999903678894,17
pytest-dev__pytest-9646,testing/test_meta.py,0.4781389832496643,44
pytest-dev__pytest-9646,src/_pytest/hookspec.py,0.6615731120109558,15
pytest-dev__pytest-9646,testing/test_conftest.py,0.5385949611663818,35
pytest-dev__pytest-9646,testing/test_assertrewrite.py,0.5752062797546387,27
pytest-dev__pytest-9646,testing/test_terminal.py,0.5093739032745361,41
pytest-dev__pytest-9646,src/_pytest/main.py,0.6615731120109558,15
pytest-dev__pytest-9646,testing/test_helpconfig.py,0.5015625357627869,42
pytest-dev__pytest-9646,testing/examples/test_issue519.py,0.4509396255016327,47
pytest-dev__pytest-9646,testing/test_pluginmanager.py,0.5866175889968872,24
pytest-dev__pytest-9646,testing/test_assertion.py,0.5424755215644836,34
pytest-dev__pytest-9646,testing/example_scripts/config/collect_pytest_prefix/conftest.py,0.4240303635597229,50
pytest-dev__pytest-9646,testing/python/show_fixtures_per_test.py,0.5269270539283752,38
pytest-dev__pytest-9646,testing/test_findpaths.py,0.5866175889968872,24
pytest-dev__pytest-9646,testing/test_nodes.py,0.7376120686531067,4
pytest-dev__pytest-9646,testing/test_recwarn.py,0.6989257335662842,5
pytest-dev__pytest-9646,src/_pytest/recwarn.py,0.6685341000556946,11
pytest-dev__pytest-9646,testing/test_unraisableexception.py,0.6184117794036865,21
pytest-dev__pytest-9646,testing/test_junitxml.py,0.5308202505111694,37
pytest-dev__pytest-9646,testing/test_python_path.py,0.49960941076278687,43
pytest-dev__pytest-9646,src/_pytest/python.py,0.6650626063346863,12
pytest-dev__pytest-9646,testing/example_scripts/warnings/test_group_warnings_by_message_summary/test_1.py,0.47229403257369995,45
pytest-dev__pytest-9646,testing/python/fixtures.py,0.4470740258693695,48
pytest-dev__pytest-9646,testing/test_cacheprovider.py,0.6856127977371216,8
pytest-dev__pytest-9646,src/_pytest/doctest.py,0.5113261938095093,40
pytest-dev__pytest-9646,doc/en/example/conftest.py,0.6366694569587708,20
pytest-dev__pytest-9646,testing/test_doctest.py,0.5347096920013428,36
pytest-dev__pytest-9646,testing/test_runner.py,0.5230305790901184,39
pytest-dev__pytest-9646,doc/en/conf.py,0.5637142658233643,31
pytest-dev__pytest-9646,src/_pytest/freeze_support.py,0.46645671129226685,46
pytest-dev__pytest-9646,src/_pytest/compat.py,0.6633201241493225,13
pytest-dev__pytest-9646,src/_pytest/assertion/rewrite.py,0.5771140456199646,26
pytest-dev__pytest-9646,src/_pytest/cacheprovider.py,0.5694696307182312,30
pytest-dev__pytest-9681,testing/test_collection.py,0.5617918968200684,17
pytest-dev__pytest-9681,src/_pytest/pathlib.py,0.7947674989700317,1
pytest-dev__pytest-9681,testing/test_pathlib.py,0.6128658652305603,11
pytest-dev__pytest-9681,testing/python/collect.py,0.5656346678733826,16
pytest-dev__pytest-9681,testing/test_python_path.py,0.6165664792060852,9
pytest-dev__pytest-9681,testing/acceptance_test.py,0.5752062797546387,14
pytest-dev__pytest-9681,src/_pytest/python.py,0.6702630519866943,4
pytest-dev__pytest-9681,src/_pytest/config/__init__.py,0.650999903678894,6
pytest-dev__pytest-9681,testing/test_config.py,0.47618991136550903,32
pytest-dev__pytest-9681,testing/test_assertrewrite.py,0.47424158453941345,33
pytest-dev__pytest-9681,testing/test_conftest.py,0.6147178411483765,10
pytest-dev__pytest-9681,testing/test_meta.py,0.47229403257369995,34
pytest-dev__pytest-9681,testing/test_pluginmanager.py,0.5074213147163391,24
pytest-dev__pytest-9681,src/_pytest/main.py,0.6239269375801086,8
pytest-dev__pytest-9681,testing/test_legacypath.py,0.5366528630256653,19
pytest-dev__pytest-9681,testing/example_scripts/collect/package_infinite_recursion/conftest.py,0.40131235122680664,49
pytest-dev__pytest-9681,src/_pytest/pytester.py,0.49179762601852417,28
pytest-dev__pytest-9681,testing/test_entry_points.py,0.43168002367019653,46
pytest-dev__pytest-9681,testing/test_assertion.py,0.4586881399154663,38
pytest-dev__pytest-9681,testing/test_warnings.py,0.4839898645877838,31
pytest-dev__pytest-9681,testing/test_pytester.py,0.4839898645877838,31
pytest-dev__pytest-9681,src/_pytest/python_path.py,0.6822351217269897,2
pytest-dev__pytest-9681,testing/test_runner.py,0.49960941076278687,27
pytest-dev__pytest-9681,src/_pytest/assertion/rewrite.py,0.5904014110565186,13
pytest-dev__pytest-9681,testing/test_session.py,0.5694696307182312,15
pytest-dev__pytest-9681,testing/test_link_resolve.py,0.4432148039340973,44
pytest-dev__pytest-9681,src/_pytest/doctest.py,0.48594123125076294,29
pytest-dev__pytest-9681,testing/test_findpaths.py,0.5171807408332825,22
pytest-dev__pytest-9681,src/pytest/__init__.py,0.454811155796051,42
pytest-dev__pytest-9681,testing/python/fixtures.py,0.5249791741371155,21
pytest-dev__pytest-9681,testing/test_doctest.py,0.5113261938095093,23
pytest-dev__pytest-9681,src/_pytest/legacypath.py,0.6474416255950928,7
pytest-dev__pytest-9681,src/_pytest/deprecated.py,0.5249791741371155,21
pytest-dev__pytest-9681,src/_pytest/config/compat.py,0.6072905659675598,12
pytest-dev__pytest-9681,src/_pytest/monkeypatch.py,0.6754221320152283,3
pytest-dev__pytest-9681,testing/code/test_excinfo.py,0.454811155796051,42
pytest-dev__pytest-9681,src/_pytest/freeze_support.py,0.5540844202041626,18
pytest-dev__pytest-9681,testing/deprecated_test.py,0.454811155796051,42
pytest-dev__pytest-9681,src/_pytest/cacheprovider.py,0.49960941076278687,27
pytest-dev__pytest-9681,testing/test_main.py,0.49960941076278687,27
pytest-dev__pytest-9681,testing/test_cacheprovider.py,0.4645129144191742,35
pytest-dev__pytest-9681,testing/test_debugging.py,0.4470740258693695,43
pytest-dev__pytest-9681,testing/example_scripts/fixtures/custom_item/conftest.py,0.393827885389328,50
pytest-dev__pytest-9681,src/_pytest/config/findpaths.py,0.6633201241493225,5
pytest-dev__pytest-9681,doc/en/example/assertion/global_testmodule_config/conftest.py,0.43168002367019653,46
pytest-dev__pytest-9681,testing/test_monkeypatch.py,0.4625701606273651,36
pytest-dev__pytest-9681,testing/examples/test_issue519.py,0.4126248061656952,48
pytest-dev__pytest-9681,doc/en/example/assertion/test_failures.py,0.4126248061656952,48
pytest-dev__pytest-9681,testing/python/integration.py,0.4586881399154663,38
pytest-dev__pytest-9681,testing/test_tmpdir.py,0.454811155796051,42
pytest-dev__pytest-9709,src/_pytest/python_api.py,0.822246253490448,1
pytest-dev__pytest-9709,testing/python/approx.py,0.6906425356864929,2
pytest-dev__pytest-9709,testing/test_assertion.py,0.5866175889968872,6
pytest-dev__pytest-9709,testing/test_error_diffs.py,0.6615731120109558,3
pytest-dev__pytest-9709,src/_pytest/assertion/util.py,0.6438668966293335,4
pytest-dev__pytest-9709,src/_pytest/doctest.py,0.4278508424758911,25
pytest-dev__pytest-9709,testing/test_session.py,0.4050721228122711,34
pytest-dev__pytest-9709,doc/en/example/assertion/failure_demo.py,0.5230305790901184,8
pytest-dev__pytest-9709,testing/test_unittest.py,0.3790105879306793,41
pytest-dev__pytest-9709,testing/test_assertrewrite.py,0.4586881399154663,18
pytest-dev__pytest-9709,testing/python/fixtures.py,0.37168383598327637,43
pytest-dev__pytest-9709,testing/test_pytester.py,0.49960941076278687,10
pytest-dev__pytest-9709,testing/test_collection.py,0.3680422008037567,44
pytest-dev__pytest-9709,src/_pytest/mark/structures.py,0.4781389832496643,13
pytest-dev__pytest-9709,src/_pytest/pytester.py,0.46840155124664307,16
pytest-dev__pytest-9709,src/_pytest/pytester_assertions.py,0.4820389747619629,12
pytest-dev__pytest-9709,testing/conftest.py,0.3901040256023407,37
pytest-dev__pytest-9709,testing/python/collect.py,0.47424158453941345,14
pytest-dev__pytest-9709,testing/python/integration.py,0.41641688346862793,31
pytest-dev__pytest-9709,src/_pytest/unittest.py,0.41641688346862793,31
pytest-dev__pytest-9709,src/_pytest/python.py,0.42021888494491577,29
pytest-dev__pytest-9709,testing/test_runner.py,0.4126248061656952,32
pytest-dev__pytest-9709,src/_pytest/runner.py,0.43936243653297424,22
pytest-dev__pytest-9709,src/_pytest/assertion/rewrite.py,0.43936243653297424,22
pytest-dev__pytest-9709,testing/examples/test_issue519.py,0.38269495964050293,39
pytest-dev__pytest-9709,src/pytest/__init__.py,0.6054258346557617,5
pytest-dev__pytest-9709,src/_pytest/assertion/__init__.py,0.5132781267166138,9
pytest-dev__pytest-9709,src/_pytest/cacheprovider.py,0.4278508424758911,25
pytest-dev__pytest-9709,src/_pytest/hookspec.py,0.5366528630256653,7
pytest-dev__pytest-9709,testing/test_reports.py,0.42021888494491577,29
pytest-dev__pytest-9709,src/_pytest/scope.py,0.42021888494491577,29
pytest-dev__pytest-9709,testing/test_setupplan.py,0.33947718143463135,47
pytest-dev__pytest-9709,src/_pytest/legacypath.py,0.4820389747619629,12
pytest-dev__pytest-9709,testing/test_scope.py,0.332505464553833,49
pytest-dev__pytest-9709,src/_pytest/reports.py,0.4703473448753357,15
pytest-dev__pytest-9709,testing/test_doctest.py,0.4240303635597229,26
pytest-dev__pytest-9709,testing/test_compat.py,0.40131235122680664,35
pytest-dev__pytest-9709,src/_pytest/fixtures.py,0.4625701606273651,17
pytest-dev__pytest-9709,testing/test_entry_points.py,0.33598238229751587,48
pytest-dev__pytest-9709,testing/python/raises.py,0.36080431938171387,45
pytest-dev__pytest-9709,doc/en/example/nonpython/conftest.py,0.35006579756736755,46
pytest-dev__pytest-9709,testing/test_conftest.py,0.3256063163280487,50
pytest-dev__pytest-9709,testing/test_terminal.py,0.37168383598327637,43
pytest-dev__pytest-9709,testing/test_monkeypatch.py,0.4432148039340973,19
pytest-dev__pytest-9709,testing/test_mark.py,0.4050721228122711,34
pytest-dev__pytest-9709,testing/python/metafunc.py,0.4278508424758911,25
pytest-dev__pytest-9709,src/_pytest/nodes.py,0.3790105879306793,41
pytest-dev__pytest-9709,src/_pytest/config/__init__.py,0.3863929510116577,38
pytest-dev__pytest-9709,testing/example_scripts/dataclasses/test_compare_dataclasses_field_comparison_off.py,0.3901040256023407,37
pytest-dev__pytest-9709,src/_pytest/main.py,0.43936243653297424,22
pytest-dev__pytest-9780,testing/test_config.py,0.37168383598327637,23
pytest-dev__pytest-9780,testing/test_warnings.py,0.37168383598327637,23
pytest-dev__pytest-9780,testing/test_mark.py,0.5366528630256653,3
pytest-dev__pytest-9780,src/_pytest/deprecated.py,0.4898451566696167,8
pytest-dev__pytest-9780,testing/test_helpconfig.py,0.36080431938171387,26
pytest-dev__pytest-9780,src/pytest/__init__.py,0.49960941076278687,6
pytest-dev__pytest-9780,src/_pytest/mark/structures.py,0.6348603367805481,1
pytest-dev__pytest-9780,testing/deprecated_test.py,0.49375033378601074,7
pytest-dev__pytest-9780,src/_pytest/config/__init__.py,0.5230305790901184,5
pytest-dev__pytest-9780,testing/test_entry_points.py,0.332505464553833,35
pytest-dev__pytest-9780,testing/acceptance_test.py,0.393827885389328,20
pytest-dev__pytest-9780,src/_pytest/skipping.py,0.41641688346862793,16
pytest-dev__pytest-9780,src/_pytest/outcomes.py,0.5385949611663818,2
pytest-dev__pytest-9780,testing/test_conftest.py,0.34298956394195557,32
pytest-dev__pytest-9780,src/_pytest/legacypath.py,0.4278508424758911,14
pytest-dev__pytest-9780,testing/test_unittest.py,0.393827885389328,20
pytest-dev__pytest-9780,testing/test_pluginmanager.py,0.3680422008037567,25
pytest-dev__pytest-9780,testing/example_scripts/config/collect_pytest_prefix/conftest.py,0.29551446437835693,48
pytest-dev__pytest-9780,extra/setup-py.test/setup.py,0.332505464553833,35
pytest-dev__pytest-9780,testing/python/integration.py,0.32904666662216187,36
pytest-dev__pytest-9780,testing/conftest.py,0.4470740258693695,10
pytest-dev__pytest-9780,src/_pytest/pytester.py,0.35006579756736755,30
pytest-dev__pytest-9780,testing/examples/test_issue519.py,0.29551446437835693,48
pytest-dev__pytest-9780,testing/test_meta.py,0.47618991136550903,9
pytest-dev__pytest-9780,src/_pytest/stepwise.py,0.3086901903152466,42
pytest-dev__pytest-9780,testing/test_pytester.py,0.3020615577697754,44
pytest-dev__pytest-9780,src/_pytest/python.py,0.4432148039340973,12
pytest-dev__pytest-9780,src/_pytest/mark/__init__.py,0.5269270539283752,4
pytest-dev__pytest-9780,doc/en/conf.py,0.4050721228122711,17
pytest-dev__pytest-9780,src/_pytest/helpconfig.py,0.41641688346862793,16
pytest-dev__pytest-9780,src/_pytest/hookspec.py,0.40131235122680664,18
pytest-dev__pytest-9780,testing/test_cacheprovider.py,0.332505464553833,35
pytest-dev__pytest-9780,testing/example_scripts/conftest_usageerror/conftest.py,0.3020615577697754,44
pytest-dev__pytest-9780,src/_pytest/warning_types.py,0.3680422008037567,25
pytest-dev__pytest-9780,testing/test_skipping.py,0.35362908244132996,27
pytest-dev__pytest-9780,testing/python/collect.py,0.29551446437835693,48
pytest-dev__pytest-9780,testing/test_stepwise.py,0.3086901903152466,42
pytest-dev__pytest-9780,testing/test_junitxml.py,0.2987777292728424,45
pytest-dev__pytest-9780,testing/test_setupplan.py,0.3086901903152466,42
pytest-dev__pytest-9780,testing/test_runner.py,0.2858501672744751,49
pytest-dev__pytest-9780,testing/test_nose.py,0.27017202973365784,50
pytest-dev__pytest-9780,testing/test_assertion.py,0.31539851427078247,38
pytest-dev__pytest-9780,testing/test_session.py,0.35006579756736755,30
pytest-dev__pytest-9780,testing/test_terminal.py,0.34651920199394226,31
pytest-dev__pytest-9780,testing/example_scripts/warnings/test_group_warnings_by_message_summary/test_1.py,0.3187819719314575,37
pytest-dev__pytest-9780,src/_pytest/warnings.py,0.4278508424758911,14
pytest-dev__pytest-9780,testing/test_assertrewrite.py,0.38269495964050293,21
pytest-dev__pytest-9780,testing/test_findpaths.py,0.4432148039340973,12
pytest-dev__pytest-9780,testing/test_collection.py,0.35006579756736755,30
pytest-dev__pytest-9780,testing/python/metafunc.py,0.3120344877243042,39
pytest-dev__pytest-9798,testing/python/approx.py,0.8167573809623718,2
pytest-dev__pytest-9798,src/_pytest/python_api.py,0.832699716091156,1
pytest-dev__pytest-9798,src/_pytest/assertion/__init__.py,0.7922071814537048,4
pytest-dev__pytest-9798,testing/test_runner.py,0.5598676800727844,28
pytest-dev__pytest-9798,testing/test_collection.py,0.5713839530944824,26
pytest-dev__pytest-9798,testing/test_assertion.py,0.5922893285751343,19
pytest-dev__pytest-9798,testing/test_pluginmanager.py,0.5866175889968872,20
pytest-dev__pytest-9798,testing/python/integration.py,0.5752062797546387,25
pytest-dev__pytest-9798,src/_pytest/assertion/rewrite.py,0.7553483247756958,5
pytest-dev__pytest-9798,testing/test_assertrewrite.py,0.5502207279205322,30
pytest-dev__pytest-9798,testing/python/collect.py,0.5579416155815125,29
pytest-dev__pytest-9798,doc/en/example/assertion/test_failures.py,0.4625701606273651,47
pytest-dev__pytest-9798,src/_pytest/outcomes.py,0.7198565006256104,7
pytest-dev__pytest-9798,src/_pytest/nodes.py,0.7276659607887268,6
pytest-dev__pytest-9798,testing/test_warning_types.py,0.4355173707008362,48
pytest-dev__pytest-9798,testing/test_terminal.py,0.5847217440605164,21
pytest-dev__pytest-9798,testing/test_unittest.py,0.5152297019958496,37
pytest-dev__pytest-9798,testing/code/test_excinfo.py,0.5771140456199646,24
pytest-dev__pytest-9798,testing/test_session.py,0.5979365706443787,16
pytest-dev__pytest-9798,testing/test_meta.py,0.5035156011581421,40
pytest-dev__pytest-9798,doc/en/example/assertion/failure_demo.py,0.5960569977760315,18
pytest-dev__pytest-9798,src/_pytest/config/__init__.py,0.6239269375801086,13
pytest-dev__pytest-9798,testing/python/raises.py,0.49375033378601074,43
pytest-dev__pytest-9798,src/_pytest/doctest.py,0.5444138646125793,32
pytest-dev__pytest-9798,testing/test_warnings.py,0.5809227228164673,22
pytest-dev__pytest-9798,src/_pytest/assertion/util.py,0.8032355308532715,3
pytest-dev__pytest-9798,testing/acceptance_test.py,0.5366528630256653,33
pytest-dev__pytest-9798,src/pytest/__init__.py,0.5054685473442078,39
pytest-dev__pytest-9798,src/_pytest/pytester.py,0.5960569977760315,18
pytest-dev__pytest-9798,testing/test_pytester.py,0.4703473448753357,46
pytest-dev__pytest-9798,doc/en/example/xfail_demo.py,0.49375033378601074,43
pytest-dev__pytest-9798,testing/test_doctest.py,0.5637142658233643,27
pytest-dev__pytest-9798,testing/python/fixtures.py,0.49375033378601074,43
pytest-dev__pytest-9798,src/_pytest/warning_types.py,0.5771140456199646,24
pytest-dev__pytest-9798,testing/test_skipping.py,0.5249791741371155,36
pytest-dev__pytest-9798,testing/examples/test_issue519.py,0.48008865118026733,44
pytest-dev__pytest-9798,src/_pytest/hookspec.py,0.6889709234237671,9
pytest-dev__pytest-9798,src/_pytest/python.py,0.633047342300415,11
pytest-dev__pytest-9798,src/_pytest/_code/code.py,0.6257582902908325,12
pytest-dev__pytest-9798,testing/test_faulthandler.py,0.5132781267166138,38
pytest-dev__pytest-9798,src/_pytest/deprecated.py,0.4703473448753357,46
pytest-dev__pytest-9798,testing/example_scripts/conftest_usageerror/conftest.py,0.41641688346862793,50
pytest-dev__pytest-9798,src/_pytest/unittest.py,0.6184117794036865,15
pytest-dev__pytest-9798,testing/test_helpconfig.py,0.5308202505111694,35
pytest-dev__pytest-9798,src/_pytest/skipping.py,0.5482865571975708,31
pytest-dev__pytest-9798,src/_pytest/unraisableexception.py,0.6184117794036865,15
pytest-dev__pytest-9798,src/_pytest/pytester_assertions.py,0.6598217487335205,10
pytest-dev__pytest-9798,testing/test_nodes.py,0.43168002367019653,49
pytest-dev__pytest-9798,testing/test_error_diffs.py,0.7005671858787537,8
pytest-dev__pytest-9798,testing/test_config.py,0.5308202505111694,35
pytest-dev__pytest-9911,testing/python/raises.py,0.6456562876701355,3
pytest-dev__pytest-9911,src/_pytest/recwarn.py,0.6972792148590088,2
pytest-dev__pytest-9911,src/_pytest/python_api.py,0.7070811986923218,1
pytest-dev__pytest-9911,testing/test_recwarn.py,0.6366694569587708,4
pytest-dev__pytest-9911,testing/test_assertion.py,0.48594123125076294,22
pytest-dev__pytest-9911,testing/test_warnings.py,0.5308202505111694,12
pytest-dev__pytest-9911,src/_pytest/warning_types.py,0.4509396255016327,34
pytest-dev__pytest-9911,testing/test_warning_types.py,0.3790105879306793,49
pytest-dev__pytest-9911,testing/test_nodes.py,0.5015625357627869,17
pytest-dev__pytest-9911,doc/en/example/xfail_demo.py,0.5960569977760315,5
pytest-dev__pytest-9911,src/_pytest/outcomes.py,0.54635089635849,8
pytest-dev__pytest-9911,testing/test_unittest.py,0.4898451566696167,21
pytest-dev__pytest-9911,testing/typing_checks.py,0.49179762601852417,19
pytest-dev__pytest-9911,testing/test_skipping.py,0.5093739032745361,16
pytest-dev__pytest-9911,testing/test_assertrewrite.py,0.4432148039340973,36
pytest-dev__pytest-9911,src/_pytest/mark/structures.py,0.5771140456199646,6
pytest-dev__pytest-9911,testing/test_runner.py,0.3863929510116577,48
pytest-dev__pytest-9911,doc/en/example/assertion/failure_demo.py,0.4509396255016327,34
pytest-dev__pytest-9911,testing/example_scripts/warnings/test_group_warnings_by_message.py,0.393827885389328,47
pytest-dev__pytest-9911,src/_pytest/deprecated.py,0.4278508424758911,41
pytest-dev__pytest-9911,src/_pytest/_code/code.py,0.5598676800727844,7
pytest-dev__pytest-9911,testing/test_pytester.py,0.5132781267166138,15
pytest-dev__pytest-9911,testing/example_scripts/warnings/test_group_warnings_by_message_summary/test_1.py,0.3975641429424286,46
pytest-dev__pytest-9911,testing/test_unraisableexception.py,0.5444138646125793,10
pytest-dev__pytest-9911,src/_pytest/skipping.py,0.5347096920013428,11
pytest-dev__pytest-9911,testing/code/test_excinfo.py,0.4625701606273651,31
pytest-dev__pytest-9911,src/_pytest/config/exceptions.py,0.4278508424758911,41
pytest-dev__pytest-9911,testing/python/approx.py,0.4586881399154663,32
pytest-dev__pytest-9911,testing/test_config.py,0.47229403257369995,25
pytest-dev__pytest-9911,testing/acceptance_test.py,0.40131235122680664,45
pytest-dev__pytest-9911,testing/test_compat.py,0.43936243653297424,38
pytest-dev__pytest-9911,testing/test_session.py,0.5288740992546082,14
pytest-dev__pytest-9911,testing/test_threadexception.py,0.4781389832496643,23
pytest-dev__pytest-9911,src/_pytest/unraisableexception.py,0.5288740992546082,14
pytest-dev__pytest-9911,testing/test_mark_expression.py,0.41641688346862793,42
pytest-dev__pytest-9911,src/_pytest/assertion/rewrite.py,0.4645129144191742,28
pytest-dev__pytest-9911,src/_pytest/hookspec.py,0.4898451566696167,21
pytest-dev__pytest-9911,testing/test_doctest.py,0.4050721228122711,44
pytest-dev__pytest-9911,testing/python/collect.py,0.4432148039340973,36
pytest-dev__pytest-9911,testing/test_mark.py,0.43936243653297424,38
pytest-dev__pytest-9911,testing/examples/test_issue519.py,0.3680422008037567,50
pytest-dev__pytest-9911,testing/test_nose.py,0.4625701606273651,31
pytest-dev__pytest-9911,src/_pytest/warnings.py,0.4957032799720764,18
pytest-dev__pytest-9911,src/_pytest/pytester_assertions.py,0.4703473448753357,26
pytest-dev__pytest-9911,testing/test_error_diffs.py,0.4625701606273651,31
pytest-dev__pytest-9911,testing/deprecated_test.py,0.5444138646125793,10
pytest-dev__pytest-9911,src/pytest/__init__.py,0.4126248061656952,43
pytest-dev__pytest-9911,src/_pytest/assertion/__init__.py,0.4645129144191742,28
pytest-dev__pytest-9911,testing/python/metafunc.py,0.47424158453941345,24
pytest-dev__pytest-9911,testing/test_junitxml.py,0.4355173707008362,39
pytest-dev__pytest-9956,testing/example_scripts/warnings/test_group_warnings_by_message.py,0.5444138646125793,8
pytest-dev__pytest-9956,testing/example_scripts/warnings/test_group_warnings_by_message_summary/test_1.py,0.5132781267166138,14
pytest-dev__pytest-9956,testing/acceptance_test.py,0.4839898645877838,19
pytest-dev__pytest-9956,doc/en/example/assertion/failure_demo.py,0.5617918968200684,5
pytest-dev__pytest-9956,testing/typing_checks.py,0.5308202505111694,11
pytest-dev__pytest-9956,testing/test_assertion.py,0.5366528630256653,9
pytest-dev__pytest-9956,testing/test_runner.py,0.47424158453941345,22
pytest-dev__pytest-9956,testing/test_pytester.py,0.43168002367019653,35
pytest-dev__pytest-9956,src/_pytest/pytester_assertions.py,0.4509396255016327,28
pytest-dev__pytest-9956,testing/python/raises.py,0.48008865118026733,20
pytest-dev__pytest-9956,testing/test_warnings.py,0.5093739032745361,15
pytest-dev__pytest-9956,src/_pytest/recwarn.py,0.5847217440605164,4
pytest-dev__pytest-9956,testing/test_unittest.py,0.43168002367019653,35
pytest-dev__pytest-9956,testing/example_scripts/doctest/main_py/__main__.py,0.36080431938171387,49
pytest-dev__pytest-9956,testing/test_mark.py,0.43168002367019653,35
pytest-dev__pytest-9956,testing/python/collect.py,0.4645129144191742,23
pytest-dev__pytest-9956,src/_pytest/python.py,0.5444138646125793,8
pytest-dev__pytest-9956,testing/test_terminal.py,0.3680422008037567,46
pytest-dev__pytest-9956,doc/en/example/assertion/test_failures.py,0.3863929510116577,44
pytest-dev__pytest-9956,testing/test_warning_types.py,0.3901040256023407,43
pytest-dev__pytest-9956,testing/test_nose.py,0.40131235122680664,38
pytest-dev__pytest-9956,src/_pytest/outcomes.py,0.5132781267166138,14
pytest-dev__pytest-9956,testing/test_recwarn.py,0.4586881399154663,27
pytest-dev__pytest-9956,testing/python/fixtures.py,0.34651920199394226,50
pytest-dev__pytest-9956,testing/test_assertrewrite.py,0.49765628576278687,17
pytest-dev__pytest-9956,testing/examples/test_issue519.py,0.3901040256023407,43
pytest-dev__pytest-9956,testing/plugins_integration/simple_integration.py,0.4586881399154663,27
pytest-dev__pytest-9956,testing/python/metafunc.py,0.4050721228122711,37
pytest-dev__pytest-9956,testing/python/integration.py,0.43936243653297424,31
pytest-dev__pytest-9956,src/_pytest/assertion/__init__.py,0.5288740992546082,12
pytest-dev__pytest-9956,testing/test_compat.py,0.43936243653297424,31
pytest-dev__pytest-9956,src/_pytest/deprecated.py,0.5598676800727844,6
pytest-dev__pytest-9956,testing/test_stepwise.py,0.36441558599472046,48
pytest-dev__pytest-9956,testing/example_scripts/fixtures/fill_fixtures/test_funcarg_basic.py,0.43168002367019653,35
pytest-dev__pytest-9956,doc/en/example/xfail_demo.py,0.5885108113288879,2
pytest-dev__pytest-9956,testing/test_doctest.py,0.393827885389328,40
pytest-dev__pytest-9956,testing/example_scripts/fixtures/fill_fixtures/test_funcarg_lookupfails.py,0.4586881399154663,27
pytest-dev__pytest-9956,testing/test_threadexception.py,0.43936243653297424,31
pytest-dev__pytest-9956,testing/example_scripts/unittest/test_unittest_plain_async.py,0.3975641429424286,39
pytest-dev__pytest-9956,src/_pytest/python_api.py,0.49375033378601074,18
pytest-dev__pytest-9956,testing/example_scripts/fixtures/fill_fixtures/test_funcarg_lookup_modulelevel.py,0.3753400444984436,45
pytest-dev__pytest-9956,testing/example_scripts/unittest/test_unittest_asyncio.py,0.36441558599472046,48
pytest-dev__pytest-9956,testing/test_skipping.py,0.4586881399154663,27
pytest-dev__pytest-9956,src/_pytest/warning_types.py,0.5847217440605164,4
pytest-dev__pytest-9956,testing/test_unraisableexception.py,0.6016871333122253,1
pytest-dev__pytest-9956,src/_pytest/mark/structures.py,0.5327655076980591,10
pytest-dev__pytest-9956,src/_pytest/doctest.py,0.41641688346862793,36
pytest-dev__pytest-9956,src/_pytest/fixtures.py,0.5035156011581421,16
pytest-dev__pytest-9956,testing/test_setuponly.py,0.3901040256023407,43
pytest-dev__pytest-9956,src/_pytest/assertion/rewrite.py,0.47618991136550903,21
